model,seed_block,coverage,profile,balanced_accuracy,object_motion_false_positive_rate,self_rotation_sensitivity,auc
MOTION_ONLY,410100,0.6,PATTERNED_STATIC,0.5125,0.425,0.45,0.5090625
MOTION_ONLY,410100,0.6,UNIFORM_STATIC,0.525,0.475,0.525,0.5471874999999999
MOTION_ONLY,410100,0.6,FLICKERING_BACKGROUND,0.44999999999999996,0.575,0.475,0.4140625
MOTION_ONLY,410100,0.75,PATTERNED_STATIC,0.44999999999999996,0.575,0.475,0.3925
MOTION_ONLY,410100,0.75,UNIFORM_STATIC,0.5375000000000001,0.475,0.55,0.5590625
MOTION_ONLY,410100,0.75,FLICKERING_BACKGROUND,0.55,0.5,0.6,0.5690624999999999
MOTION_ONLY,410100,0.9,PATTERNED_STATIC,0.5125,0.5,0.525,0.521875
MOTION_ONLY,410100,0.9,UNIFORM_STATIC,0.475,0.475,0.425,0.46624999999999994
MOTION_ONLY,410100,0.9,FLICKERING_BACKGROUND,0.5,0.475,0.475,0.45999999999999996
MOTION_ONLY,410101,0.6,PATTERNED_STATIC,0.55,0.425,0.525,0.5762499999999999
MOTION_ONLY,410101,0.6,UNIFORM_STATIC,0.5375000000000001,0.45,0.525,0.5356249999999999
MOTION_ONLY,410101,0.6,FLICKERING_BACKGROUND,0.5,0.425,0.425,0.4565625
MOTION_ONLY,410101,0.75,PATTERNED_STATIC,0.55,0.475,0.575,0.549375
MOTION_ONLY,410101,0.75,UNIFORM_STATIC,0.5625,0.45,0.575,0.5824999999999999
MOTION_ONLY,410101,0.75,FLICKERING_BACKGROUND,0.475,0.525,0.475,0.45656250000000004
MOTION_ONLY,410101,0.9,PATTERNED_STATIC,0.5,0.525,0.525,0.5153125000000001
MOTION_ONLY,410101,0.9,UNIFORM_STATIC,0.5874999999999999,0.525,0.7,0.583125
MOTION_ONLY,410101,0.9,FLICKERING_BACKGROUND,0.4625,0.6,0.525,0.4390625
MOTION_ONLY,410102,0.6,PATTERNED_STATIC,0.6125,0.375,0.6,0.6165625
MOTION_ONLY,410102,0.6,UNIFORM_STATIC,0.55,0.45,0.55,0.54125
MOTION_ONLY,410102,0.6,FLICKERING_BACKGROUND,0.48750000000000004,0.55,0.525,0.43531249999999994
MOTION_ONLY,410102,0.75,PATTERNED_STATIC,0.5125,0.4,0.425,0.5343749999999999
MOTION_ONLY,410102,0.75,UNIFORM_STATIC,0.5,0.45,0.45,0.49218750000000006
MOTION_ONLY,410102,0.75,FLICKERING_BACKGROUND,0.475,0.575,0.525,0.4665625
MOTION_ONLY,410102,0.9,PATTERNED_STATIC,0.4375,0.55,0.425,0.4284375
MOTION_ONLY,410102,0.9,UNIFORM_STATIC,0.475,0.4,0.35,0.5421875
MOTION_ONLY,410102,0.9,FLICKERING_BACKGROUND,0.4375,0.55,0.425,0.4203125
MOTION_ONLY,410103,0.6,PATTERNED_STATIC,0.5375,0.5,0.575,0.5462500000000001
MOTION_ONLY,410103,0.6,UNIFORM_STATIC,0.5375,0.4,0.475,0.4921875
MOTION_ONLY,410103,0.6,FLICKERING_BACKGROUND,0.5249999999999999,0.525,0.575,0.5571875
MOTION_ONLY,410103,0.75,PATTERNED_STATIC,0.575,0.3,0.45,0.5840625
MOTION_ONLY,410103,0.75,UNIFORM_STATIC,0.575,0.4,0.55,0.574375
MOTION_ONLY,410103,0.75,FLICKERING_BACKGROUND,0.44999999999999996,0.575,0.475,0.4475
MOTION_ONLY,410103,0.9,PATTERNED_STATIC,0.5,0.4,0.4,0.5071875
MOTION_ONLY,410103,0.9,UNIFORM_STATIC,0.4125,0.525,0.35,0.445625
MOTION_ONLY,410103,0.9,FLICKERING_BACKGROUND,0.38749999999999996,0.525,0.3,0.40937500000000004
MOTION_ONLY,410104,0.6,PATTERNED_STATIC,0.5375,0.375,0.45,0.5662499999999999
MOTION_ONLY,410104,0.6,UNIFORM_STATIC,0.55,0.4,0.5,0.49718750000000006
MOTION_ONLY,410104,0.6,FLICKERING_BACKGROUND,0.3625,0.575,0.3,0.39187500000000003
MOTION_ONLY,410104,0.75,PATTERNED_STATIC,0.5,0.625,0.625,0.525625
MOTION_ONLY,410104,0.75,UNIFORM_STATIC,0.5375000000000001,0.45,0.525,0.5615625
MOTION_ONLY,410104,0.75,FLICKERING_BACKGROUND,0.48750000000000004,0.475,0.45,0.4125
MOTION_ONLY,410104,0.9,PATTERNED_STATIC,0.5,0.575,0.575,0.5025
MOTION_ONLY,410104,0.9,UNIFORM_STATIC,0.5125,0.375,0.4,0.4384375
MOTION_ONLY,410104,0.9,FLICKERING_BACKGROUND,0.55,0.425,0.525,0.5665625
MOTION_ONLY,410105,0.6,PATTERNED_STATIC,0.4625,0.575,0.5,0.42656250000000007
MOTION_ONLY,410105,0.6,UNIFORM_STATIC,0.475,0.4,0.35,0.4078124999999999
MOTION_ONLY,410105,0.6,FLICKERING_BACKGROUND,0.4,0.625,0.425,0.42437499999999995
MOTION_ONLY,410105,0.75,PATTERNED_STATIC,0.55,0.525,0.625,0.6231249999999999
MOTION_ONLY,410105,0.75,UNIFORM_STATIC,0.55,0.4,0.5,0.5065625
MOTION_ONLY,410105,0.75,FLICKERING_BACKGROUND,0.475,0.5,0.45,0.454375
MOTION_ONLY,410105,0.9,PATTERNED_STATIC,0.46249999999999997,0.425,0.35,0.49718750000000006
MOTION_ONLY,410105,0.9,UNIFORM_STATIC,0.4125,0.55,0.375,0.46843750000000006
MOTION_ONLY,410105,0.9,FLICKERING_BACKGROUND,0.5375000000000001,0.325,0.4,0.6034375
MOTION_ONLY,410106,0.6,PATTERNED_STATIC,0.45,0.55,0.45,0.42375
MOTION_ONLY,410106,0.6,UNIFORM_STATIC,0.5,0.475,0.475,0.53
MOTION_ONLY,410106,0.6,FLICKERING_BACKGROUND,0.5875,0.475,0.65,0.610625
MOTION_ONLY,410106,0.75,PATTERNED_STATIC,0.47500000000000003,0.45,0.4,0.39218749999999997
MOTION_ONLY,410106,0.75,UNIFORM_STATIC,0.475,0.525,0.475,0.4546875000000001
MOTION_ONLY,410106,0.75,FLICKERING_BACKGROUND,0.5,0.45,0.45,0.5184375
MOTION_ONLY,410106,0.9,PATTERNED_STATIC,0.5249999999999999,0.425,0.475,0.5321875
MOTION_ONLY,410106,0.9,UNIFORM_STATIC,0.5375000000000001,0.45,0.525,0.5228125
MOTION_ONLY,410106,0.9,FLICKERING_BACKGROUND,0.5875,0.2,0.375,0.6343749999999999
MOTION_ONLY,410107,0.6,PATTERNED_STATIC,0.525,0.4,0.45,0.5359375
MOTION_ONLY,410107,0.6,UNIFORM_STATIC,0.45,0.475,0.375,0.4559375
MOTION_ONLY,410107,0.6,FLICKERING_BACKGROUND,0.5,0.475,0.475,0.58
MOTION_ONLY,410107,0.75,PATTERNED_STATIC,0.5,0.425,0.425,0.5128125
MOTION_ONLY,410107,0.75,UNIFORM_STATIC,0.5125,0.425,0.45,0.55125
MOTION_ONLY,410107,0.75,FLICKERING_BACKGROUND,0.42500000000000004,0.55,0.4,0.458125
MOTION_ONLY,410107,0.9,PATTERNED_STATIC,0.575,0.375,0.525,0.61625
MOTION_ONLY,410107,0.9,UNIFORM_STATIC,0.48750000000000004,0.45,0.425,0.5
MOTION_ONLY,410107,0.9,FLICKERING_BACKGROUND,0.4625,0.475,0.4,0.481875
MOTION_ONLY,410108,0.6,PATTERNED_STATIC,0.5249999999999999,0.425,0.475,0.5753125
MOTION_ONLY,410108,0.6,UNIFORM_STATIC,0.5125,0.5,0.525,0.53625
MOTION_ONLY,410108,0.6,FLICKERING_BACKGROUND,0.4375,0.55,0.425,0.43093750000000003
MOTION_ONLY,410108,0.75,PATTERNED_STATIC,0.45,0.5,0.4,0.5231250000000001
MOTION_ONLY,410108,0.75,UNIFORM_STATIC,0.5125,0.425,0.45,0.525
MOTION_ONLY,410108,0.75,FLICKERING_BACKGROUND,0.5125,0.475,0.5,0.515
MOTION_ONLY,410108,0.9,PATTERNED_STATIC,0.5,0.55,0.55,0.5071875
MOTION_ONLY,410108,0.9,UNIFORM_STATIC,0.425,0.625,0.475,0.39
MOTION_ONLY,410108,0.9,FLICKERING_BACKGROUND,0.5125,0.575,0.6,0.5275
MOTION_ONLY,410109,0.6,PATTERNED_STATIC,0.55,0.425,0.525,0.55
MOTION_ONLY,410109,0.6,UNIFORM_STATIC,0.4625,0.5,0.425,0.4134375
MOTION_ONLY,410109,0.6,FLICKERING_BACKGROUND,0.5,0.5,0.5,0.4825
MOTION_ONLY,410109,0.75,PATTERNED_STATIC,0.5375,0.55,0.625,0.5040625000000001
MOTION_ONLY,410109,0.75,UNIFORM_STATIC,0.5375,0.425,0.5,0.5346875
MOTION_ONLY,410109,0.75,FLICKERING_BACKGROUND,0.425,0.5,0.35,0.39187500000000003
MOTION_ONLY,410109,0.9,PATTERNED_STATIC,0.5,0.5,0.5,0.519375
MOTION_ONLY,410109,0.9,UNIFORM_STATIC,0.475,0.575,0.525,0.46375
MOTION_ONLY,410109,0.9,FLICKERING_BACKGROUND,0.5625,0.375,0.5,0.5912499999999999
MOTION_ONLY,410110,0.6,PATTERNED_STATIC,0.4,0.6,0.4,0.3928125
MOTION_ONLY,410110,0.6,UNIFORM_STATIC,0.575,0.575,0.725,0.584375
MOTION_ONLY,410110,0.6,FLICKERING_BACKGROUND,0.55,0.4,0.5,0.4418750000000001
MOTION_ONLY,410110,0.75,PATTERNED_STATIC,0.55,0.4,0.5,0.57125
MOTION_ONLY,410110,0.75,UNIFORM_STATIC,0.5875,0.375,0.55,0.6553125
MOTION_ONLY,410110,0.75,FLICKERING_BACKGROUND,0.4625,0.45,0.375,0.40781249999999997
MOTION_ONLY,410110,0.9,PATTERNED_STATIC,0.55,0.475,0.575,0.536875
MOTION_ONLY,410110,0.9,UNIFORM_STATIC,0.5375000000000001,0.45,0.525,0.5487500000000001
MOTION_ONLY,410110,0.9,FLICKERING_BACKGROUND,0.4375,0.55,0.425,0.45437500000000003
MOTION_ONLY,410111,0.6,PATTERNED_STATIC,0.45,0.475,0.375,0.45687500000000003
MOTION_ONLY,410111,0.6,UNIFORM_STATIC,0.5125,0.475,0.5,0.528125
MOTION_ONLY,410111,0.6,FLICKERING_BACKGROUND,0.5125,0.575,0.6,0.5253125000000001
MOTION_ONLY,410111,0.75,PATTERNED_STATIC,0.5625,0.45,0.575,0.5484375
MOTION_ONLY,410111,0.75,UNIFORM_STATIC,0.5125,0.45,0.475,0.49687499999999996
MOTION_ONLY,410111,0.75,FLICKERING_BACKGROUND,0.38749999999999996,0.525,0.3,0.34125000000000005
MOTION_ONLY,410111,0.9,PATTERNED_STATIC,0.5,0.45,0.45,0.47281249999999997
MOTION_ONLY,410111,0.9,UNIFORM_STATIC,0.5,0.5,0.5,0.58875
MOTION_ONLY,410111,0.9,FLICKERING_BACKGROUND,0.475,0.575,0.525,0.4809375
MOTION_ONLY,410112,0.6,PATTERNED_STATIC,0.5,0.55,0.55,0.5215625
MOTION_ONLY,410112,0.6,UNIFORM_STATIC,0.5375000000000001,0.45,0.525,0.5734375
MOTION_ONLY,410112,0.6,FLICKERING_BACKGROUND,0.35,0.725,0.425,0.3353125
MOTION_ONLY,410112,0.75,PATTERNED_STATIC,0.5249999999999999,0.425,0.475,0.45625000000000004
MOTION_ONLY,410112,0.75,UNIFORM_STATIC,0.4875,0.4,0.375,0.45218749999999996
MOTION_ONLY,410112,0.75,FLICKERING_BACKGROUND,0.5125,0.4,0.425,0.4574999999999999
MOTION_ONLY,410112,0.9,PATTERNED_STATIC,0.5125,0.425,0.45,0.48750000000000004
MOTION_ONLY,410112,0.9,UNIFORM_STATIC,0.6125,0.325,0.55,0.6071875
MOTION_ONLY,410112,0.9,FLICKERING_BACKGROUND,0.5,0.425,0.425,0.5009375
MOTION_ONLY,410113,0.6,PATTERNED_STATIC,0.5,0.5,0.5,0.4674999999999999
MOTION_ONLY,410113,0.6,UNIFORM_STATIC,0.5125,0.5,0.525,0.5071875
MOTION_ONLY,410113,0.6,FLICKERING_BACKGROUND,0.4125,0.575,0.4,0.42625
MOTION_ONLY,410113,0.75,PATTERNED_STATIC,0.525,0.45,0.5,0.56625
MOTION_ONLY,410113,0.75,UNIFORM_STATIC,0.5125,0.475,0.5,0.4359375
MOTION_ONLY,410113,0.75,FLICKERING_BACKGROUND,0.5125,0.5,0.525,0.54
MOTION_ONLY,410113,0.9,PATTERNED_STATIC,0.4625,0.5,0.425,0.455
MOTION_ONLY,410113,0.9,UNIFORM_STATIC,0.4875,0.525,0.5,0.44906250000000003
MOTION_ONLY,410113,0.9,FLICKERING_BACKGROUND,0.4125,0.6,0.425,0.39125
MOTION_ONLY,410114,0.6,PATTERNED_STATIC,0.575,0.475,0.625,0.5878125000000001
MOTION_ONLY,410114,0.6,UNIFORM_STATIC,0.4625,0.475,0.4,0.4628125
MOTION_ONLY,410114,0.6,FLICKERING_BACKGROUND,0.42500000000000004,0.55,0.4,0.39937500000000004
MOTION_ONLY,410114,0.75,PATTERNED_STATIC,0.4125,0.65,0.475,0.453125
MOTION_ONLY,410114,0.75,UNIFORM_STATIC,0.525,0.375,0.425,0.4634375000000001
MOTION_ONLY,410114,0.75,FLICKERING_BACKGROUND,0.4875,0.425,0.4,0.48312499999999997
MOTION_ONLY,410114,0.9,PATTERNED_STATIC,0.4375,0.575,0.45,0.425625
MOTION_ONLY,410114,0.9,UNIFORM_STATIC,0.5625,0.375,0.5,0.5240625000000001
MOTION_ONLY,410114,0.9,FLICKERING_BACKGROUND,0.5125,0.5,0.525,0.52125
MOTION_ONLY,410115,0.6,PATTERNED_STATIC,0.55,0.475,0.575,0.5262499999999999
MOTION_ONLY,410115,0.6,UNIFORM_STATIC,0.4625,0.475,0.4,0.4659375
MOTION_ONLY,410115,0.6,FLICKERING_BACKGROUND,0.5625,0.375,0.5,0.5428124999999999
MOTION_ONLY,410115,0.75,PATTERNED_STATIC,0.4375,0.45,0.325,0.465625
MOTION_ONLY,410115,0.75,UNIFORM_STATIC,0.5,0.525,0.525,0.5165625
MOTION_ONLY,410115,0.75,FLICKERING_BACKGROUND,0.5,0.6,0.6,0.49187499999999995
MOTION_ONLY,410115,0.9,PATTERNED_STATIC,0.525,0.4,0.45,0.5621875000000001
MOTION_ONLY,410115,0.9,UNIFORM_STATIC,0.475,0.5,0.45,0.47343749999999996
MOTION_ONLY,410115,0.9,FLICKERING_BACKGROUND,0.4625,0.625,0.55,0.4175
MOTION_ONLY,410116,0.6,PATTERNED_STATIC,0.45,0.55,0.45,0.46625000000000005
MOTION_ONLY,410116,0.6,UNIFORM_STATIC,0.55,0.4,0.5,0.5287499999999999
MOTION_ONLY,410116,0.6,FLICKERING_BACKGROUND,0.45,0.55,0.45,0.4134375
MOTION_ONLY,410116,0.75,PATTERNED_STATIC,0.5375,0.4,0.475,0.514375
MOTION_ONLY,410116,0.75,UNIFORM_STATIC,0.6000000000000001,0.35,0.55,0.5584375
MOTION_ONLY,410116,0.75,FLICKERING_BACKGROUND,0.525,0.4,0.45,0.49875
MOTION_ONLY,410116,0.9,PATTERNED_STATIC,0.55,0.45,0.55,0.5815625
MOTION_ONLY,410116,0.9,UNIFORM_STATIC,0.5125,0.5,0.525,0.551875
MOTION_ONLY,410116,0.9,FLICKERING_BACKGROUND,0.525,0.4,0.45,0.5259375000000001
MOTION_ONLY,410117,0.6,PATTERNED_STATIC,0.45,0.55,0.45,0.480625
MOTION_ONLY,410117,0.6,UNIFORM_STATIC,0.47500000000000003,0.45,0.4,0.44437499999999996
MOTION_ONLY,410117,0.6,FLICKERING_BACKGROUND,0.5,0.475,0.475,0.545
MOTION_ONLY,410117,0.75,PATTERNED_STATIC,0.5,0.55,0.55,0.5584375
MOTION_ONLY,410117,0.75,UNIFORM_STATIC,0.55,0.425,0.525,0.5384374999999999
MOTION_ONLY,410117,0.75,FLICKERING_BACKGROUND,0.48750000000000004,0.55,0.525,0.44906250000000003
MOTION_ONLY,410117,0.9,PATTERNED_STATIC,0.6125,0.3,0.525,0.6353125
MOTION_ONLY,410117,0.9,UNIFORM_STATIC,0.575,0.525,0.675,0.551875
MOTION_ONLY,410117,0.9,FLICKERING_BACKGROUND,0.575,0.425,0.575,0.54125
MOTION_ONLY,410118,0.6,PATTERNED_STATIC,0.5375,0.375,0.45,0.5453125000000001
MOTION_ONLY,410118,0.6,UNIFORM_STATIC,0.475,0.5,0.45,0.48125
MOTION_ONLY,410118,0.6,FLICKERING_BACKGROUND,0.4,0.575,0.375,0.401875
MOTION_ONLY,410118,0.75,PATTERNED_STATIC,0.4625,0.55,0.475,0.3653125
MOTION_ONLY,410118,0.75,UNIFORM_STATIC,0.4375,0.55,0.425,0.4875000000000001
MOTION_ONLY,410118,0.75,FLICKERING_BACKGROUND,0.45,0.45,0.35,0.46062499999999995
MOTION_ONLY,410118,0.9,PATTERNED_STATIC,0.5375000000000001,0.475,0.55,0.5393749999999999
MOTION_ONLY,410118,0.9,UNIFORM_STATIC,0.5,0.55,0.55,0.48500000000000004
MOTION_ONLY,410118,0.9,FLICKERING_BACKGROUND,0.4625,0.575,0.5,0.43562500000000004
MOTION_ONLY,410119,0.6,PATTERNED_STATIC,0.42500000000000004,0.6,0.45,0.3946875
MOTION_ONLY,410119,0.6,UNIFORM_STATIC,0.5,0.525,0.525,0.4962500000000001
MOTION_ONLY,410119,0.6,FLICKERING_BACKGROUND,0.5,0.525,0.525,0.525
MOTION_ONLY,410119,0.75,PATTERNED_STATIC,0.475,0.525,0.475,0.4453125
MOTION_ONLY,410119,0.75,UNIFORM_STATIC,0.38749999999999996,0.65,0.425,0.4571875
MOTION_ONLY,410119,0.75,FLICKERING_BACKGROUND,0.4875,0.6,0.575,0.53625
MOTION_ONLY,410119,0.9,PATTERNED_STATIC,0.5625,0.425,0.55,0.6053124999999999
MOTION_ONLY,410119,0.9,UNIFORM_STATIC,0.45,0.6,0.5,0.498125
MOTION_ONLY,410119,0.9,FLICKERING_BACKGROUND,0.42500000000000004,0.475,0.325,0.41500000000000004
MOTION_ONLY,410120,0.6,PATTERNED_STATIC,0.4625,0.575,0.5,0.520625
MOTION_ONLY,410120,0.6,UNIFORM_STATIC,0.6125,0.275,0.5,0.6224999999999999
MOTION_ONLY,410120,0.6,FLICKERING_BACKGROUND,0.5,0.475,0.475,0.5240625000000001
MOTION_ONLY,410120,0.75,PATTERNED_STATIC,0.475,0.525,0.475,0.498125
MOTION_ONLY,410120,0.75,UNIFORM_STATIC,0.48750000000000004,0.45,0.425,0.45625
MOTION_ONLY,410120,0.75,FLICKERING_BACKGROUND,0.525,0.475,0.525,0.52875
MOTION_ONLY,410120,0.9,PATTERNED_STATIC,0.5249999999999999,0.425,0.475,0.574375
MOTION_ONLY,410120,0.9,UNIFORM_STATIC,0.5125,0.4,0.425,0.46187500000000004
MOTION_ONLY,410120,0.9,FLICKERING_BACKGROUND,0.5375,0.5,0.575,0.601875
MOTION_ONLY,410121,0.6,PATTERNED_STATIC,0.4375,0.575,0.45,0.45062500000000005
MOTION_ONLY,410121,0.6,UNIFORM_STATIC,0.47500000000000003,0.45,0.4,0.43218750000000006
MOTION_ONLY,410121,0.6,FLICKERING_BACKGROUND,0.575,0.325,0.475,0.5625
MOTION_ONLY,410121,0.75,PATTERNED_STATIC,0.5875,0.35,0.525,0.608125
MOTION_ONLY,410121,0.75,UNIFORM_STATIC,0.48750000000000004,0.55,0.525,0.46562499999999996
MOTION_ONLY,410121,0.75,FLICKERING_BACKGROUND,0.4625,0.45,0.375,0.45125
MOTION_ONLY,410121,0.9,PATTERNED_STATIC,0.475,0.425,0.375,0.5037499999999999
MOTION_ONLY,410121,0.9,UNIFORM_STATIC,0.5875,0.35,0.525,0.5396875
MOTION_ONLY,410121,0.9,FLICKERING_BACKGROUND,0.5125,0.425,0.45,0.48749999999999993
MOTION_ONLY,410122,0.6,PATTERNED_STATIC,0.5625,0.525,0.65,0.6325
MOTION_ONLY,410122,0.6,UNIFORM_STATIC,0.4625,0.5,0.425,0.4453125
MOTION_ONLY,410122,0.6,FLICKERING_BACKGROUND,0.4125,0.5,0.325,0.39125
MOTION_ONLY,410122,0.75,PATTERNED_STATIC,0.6625,0.275,0.6,0.66875
MOTION_ONLY,410122,0.75,UNIFORM_STATIC,0.475,0.425,0.375,0.495
MOTION_ONLY,410122,0.75,FLICKERING_BACKGROUND,0.44999999999999996,0.525,0.425,0.47437499999999994
MOTION_ONLY,410122,0.9,PATTERNED_STATIC,0.48750000000000004,0.575,0.55,0.46937500000000004
MOTION_ONLY,410122,0.9,UNIFORM_STATIC,0.3375,0.575,0.25,0.329375
MOTION_ONLY,410122,0.9,FLICKERING_BACKGROUND,0.5625,0.475,0.6,0.5684375
MOTION_ONLY,410123,0.6,PATTERNED_STATIC,0.425,0.4,0.25,0.455625
MOTION_ONLY,410123,0.6,UNIFORM_STATIC,0.5875,0.475,0.65,0.5396875
MOTION_ONLY,410123,0.6,FLICKERING_BACKGROUND,0.6125,0.3,0.525,0.604375
MOTION_ONLY,410123,0.75,PATTERNED_STATIC,0.4625,0.5,0.425,0.4284375
MOTION_ONLY,410123,0.75,UNIFORM_STATIC,0.6625,0.3,0.625,0.6059375
MOTION_ONLY,410123,0.75,FLICKERING_BACKGROUND,0.48750000000000004,0.575,0.55,0.5121875
MOTION_ONLY,410123,0.9,PATTERNED_STATIC,0.5625,0.375,0.5,0.5712499999999999
MOTION_ONLY,410123,0.9,UNIFORM_STATIC,0.48750000000000004,0.475,0.45,0.45968749999999997
MOTION_ONLY,410123,0.9,FLICKERING_BACKGROUND,0.35,0.55,0.25,0.32625000000000004
MOTION_ONLY,410124,0.6,PATTERNED_STATIC,0.575,0.325,0.475,0.54875
MOTION_ONLY,410124,0.6,UNIFORM_STATIC,0.48750000000000004,0.55,0.525,0.47406250000000005
MOTION_ONLY,410124,0.6,FLICKERING_BACKGROUND,0.375,0.625,0.375,0.3671875
MOTION_ONLY,410124,0.75,PATTERNED_STATIC,0.4625,0.5,0.425,0.4425
MOTION_ONLY,410124,0.75,UNIFORM_STATIC,0.5,0.45,0.45,0.473125
MOTION_ONLY,410124,0.75,FLICKERING_BACKGROUND,0.5625,0.4,0.525,0.531875
MOTION_ONLY,410124,0.9,PATTERNED_STATIC,0.5874999999999999,0.4,0.575,0.5715625
MOTION_ONLY,410124,0.9,UNIFORM_STATIC,0.5625,0.45,0.575,0.5921875
MOTION_ONLY,410124,0.9,FLICKERING_BACKGROUND,0.45,0.6,0.5,0.49781250000000005
MOTION_ONLY,410125,0.6,PATTERNED_STATIC,0.4625,0.45,0.375,0.458125
MOTION_ONLY,410125,0.6,UNIFORM_STATIC,0.575,0.325,0.475,0.5875
MOTION_ONLY,410125,0.6,FLICKERING_BACKGROUND,0.5,0.475,0.475,0.4903125
MOTION_ONLY,410125,0.75,PATTERNED_STATIC,0.5,0.45,0.45,0.52375
MOTION_ONLY,410125,0.75,UNIFORM_STATIC,0.55,0.475,0.575,0.5609375
MOTION_ONLY,410125,0.75,FLICKERING_BACKGROUND,0.475,0.525,0.475,0.41000000000000003
MOTION_ONLY,410125,0.9,PATTERNED_STATIC,0.5625,0.425,0.55,0.509375
MOTION_ONLY,410125,0.9,UNIFORM_STATIC,0.5,0.425,0.425,0.4715625
MOTION_ONLY,410125,0.9,FLICKERING_BACKGROUND,0.45,0.475,0.375,0.4290625
MOTION_ONLY,410126,0.6,PATTERNED_STATIC,0.5125,0.525,0.55,0.4753125
MOTION_ONLY,410126,0.6,UNIFORM_STATIC,0.45,0.5,0.4,0.4228125
MOTION_ONLY,410126,0.6,FLICKERING_BACKGROUND,0.4,0.65,0.45,0.400625
MOTION_ONLY,410126,0.75,PATTERNED_STATIC,0.5125,0.325,0.35,0.46406250000000004
MOTION_ONLY,410126,0.75,UNIFORM_STATIC,0.4125,0.525,0.35,0.44218749999999996
MOTION_ONLY,410126,0.75,FLICKERING_BACKGROUND,0.55,0.325,0.425,0.5725
MOTION_ONLY,410126,0.9,PATTERNED_STATIC,0.5249999999999999,0.425,0.475,0.48375
MOTION_ONLY,410126,0.9,UNIFORM_STATIC,0.5125,0.425,0.45,0.49906249999999996
MOTION_ONLY,410126,0.9,FLICKERING_BACKGROUND,0.5,0.5,0.5,0.5609375
MOTION_ONLY,410127,0.6,PATTERNED_STATIC,0.475,0.425,0.375,0.5349999999999999
MOTION_ONLY,410127,0.6,UNIFORM_STATIC,0.475,0.5,0.45,0.43156249999999996
MOTION_ONLY,410127,0.6,FLICKERING_BACKGROUND,0.4625,0.4,0.325,0.453125
MOTION_ONLY,410127,0.75,PATTERNED_STATIC,0.5,0.4,0.4,0.4625
MOTION_ONLY,410127,0.75,UNIFORM_STATIC,0.55,0.525,0.625,0.5231250000000001
MOTION_ONLY,410127,0.75,FLICKERING_BACKGROUND,0.5,0.5,0.5,0.515
MOTION_ONLY,410127,0.9,PATTERNED_STATIC,0.4125,0.55,0.375,0.3925
MOTION_ONLY,410127,0.9,UNIFORM_STATIC,0.4625,0.625,0.55,0.4987499999999999
MOTION_ONLY,410127,0.9,FLICKERING_BACKGROUND,0.5375000000000001,0.475,0.55,0.5359375
MOTION_ONLY,410128,0.6,PATTERNED_STATIC,0.475,0.55,0.5,0.49125
MOTION_ONLY,410128,0.6,UNIFORM_STATIC,0.475,0.475,0.425,0.40437500000000004
MOTION_ONLY,410128,0.6,FLICKERING_BACKGROUND,0.5,0.5,0.5,0.5093750000000001
MOTION_ONLY,410128,0.75,PATTERNED_STATIC,0.575,0.4,0.55,0.5443749999999999
MOTION_ONLY,410128,0.75,UNIFORM_STATIC,0.475,0.525,0.475,0.4865625
MOTION_ONLY,410128,0.75,FLICKERING_BACKGROUND,0.5874999999999999,0.3,0.475,0.5393749999999999
MOTION_ONLY,410128,0.9,PATTERNED_STATIC,0.4,0.575,0.375,0.3728125
MOTION_ONLY,410128,0.9,UNIFORM_STATIC,0.4875,0.5,0.475,0.48000000000000004
MOTION_ONLY,410128,0.9,FLICKERING_BACKGROUND,0.4375,0.625,0.5,0.4756250000000001
MOTION_ONLY,410129,0.6,PATTERNED_STATIC,0.5625,0.4,0.525,0.548125
MOTION_ONLY,410129,0.6,UNIFORM_STATIC,0.44999999999999996,0.525,0.425,0.4040625
MOTION_ONLY,410129,0.6,FLICKERING_BACKGROUND,0.44999999999999996,0.525,0.425,0.385
MOTION_ONLY,410129,0.75,PATTERNED_STATIC,0.5375,0.375,0.45,0.4790625
MOTION_ONLY,410129,0.75,UNIFORM_STATIC,0.5875,0.375,0.55,0.625
MOTION_ONLY,410129,0.75,FLICKERING_BACKGROUND,0.575,0.425,0.575,0.546875
MOTION_ONLY,410129,0.9,PATTERNED_STATIC,0.375,0.625,0.375,0.39187500000000003
MOTION_ONLY,410129,0.9,UNIFORM_STATIC,0.5,0.475,0.475,0.463125
MOTION_ONLY,410129,0.9,FLICKERING_BACKGROUND,0.475,0.55,0.5,0.46562499999999996
MOTION_ONLY,410130,0.6,PATTERNED_STATIC,0.5125,0.425,0.45,0.48062499999999997
MOTION_ONLY,410130,0.6,UNIFORM_STATIC,0.48750000000000004,0.475,0.45,0.47875
MOTION_ONLY,410130,0.6,FLICKERING_BACKGROUND,0.4625,0.55,0.475,0.41125
MOTION_ONLY,410130,0.75,PATTERNED_STATIC,0.5125,0.425,0.45,0.48375000000000007
MOTION_ONLY,410130,0.75,UNIFORM_STATIC,0.45,0.55,0.45,0.44781249999999995
MOTION_ONLY,410130,0.75,FLICKERING_BACKGROUND,0.5125,0.425,0.45,0.5006250000000001
MOTION_ONLY,410130,0.9,PATTERNED_STATIC,0.4375,0.625,0.5,0.390625
MOTION_ONLY,410130,0.9,UNIFORM_STATIC,0.4375,0.525,0.4,0.445625
MOTION_ONLY,410130,0.9,FLICKERING_BACKGROUND,0.5,0.475,0.475,0.51625
MOTION_ONLY,410131,0.6,PATTERNED_STATIC,0.5125,0.475,0.5,0.48562500000000003
MOTION_ONLY,410131,0.6,UNIFORM_STATIC,0.4875,0.425,0.4,0.5415625
MOTION_ONLY,410131,0.6,FLICKERING_BACKGROUND,0.4,0.5,0.3,0.365
MOTION_ONLY,410131,0.75,PATTERNED_STATIC,0.4875,0.525,0.5,0.484375
MOTION_ONLY,410131,0.75,UNIFORM_STATIC,0.48750000000000004,0.475,0.45,0.44781250000000006
MOTION_ONLY,410131,0.75,FLICKERING_BACKGROUND,0.5125,0.5,0.525,0.5034375
MOTION_ONLY,410131,0.9,PATTERNED_STATIC,0.4125,0.55,0.375,0.42093749999999996
MOTION_ONLY,410131,0.9,UNIFORM_STATIC,0.5,0.425,0.425,0.4284375
MOTION_ONLY,410131,0.9,FLICKERING_BACKGROUND,0.5375000000000001,0.475,0.55,0.4809375
MOTION_ONLY,410132,0.6,PATTERNED_STATIC,0.5125,0.475,0.5,0.5165625
MOTION_ONLY,410132,0.6,UNIFORM_STATIC,0.425,0.5,0.35,0.47093749999999995
MOTION_ONLY,410132,0.6,FLICKERING_BACKGROUND,0.5375000000000001,0.475,0.55,0.526875
MOTION_ONLY,410132,0.75,PATTERNED_STATIC,0.45,0.6,0.5,0.460625
MOTION_ONLY,410132,0.75,UNIFORM_STATIC,0.5,0.575,0.575,0.5053124999999999
MOTION_ONLY,410132,0.75,FLICKERING_BACKGROUND,0.475,0.425,0.375,0.43562499999999993
MOTION_ONLY,410132,0.9,PATTERNED_STATIC,0.5625,0.475,0.6,0.5584375
MOTION_ONLY,410132,0.9,UNIFORM_STATIC,0.45,0.55,0.45,0.4209375
MOTION_ONLY,410132,0.9,FLICKERING_BACKGROUND,0.525,0.475,0.525,0.50625
MOTION_ONLY,410133,0.6,PATTERNED_STATIC,0.575,0.4,0.55,0.5846875
MOTION_ONLY,410133,0.6,UNIFORM_STATIC,0.55,0.4,0.5,0.518125
MOTION_ONLY,410133,0.6,FLICKERING_BACKGROUND,0.575,0.425,0.575,0.534375
MOTION_ONLY,410133,0.75,PATTERNED_STATIC,0.4125,0.525,0.35,0.4025
MOTION_ONLY,410133,0.75,UNIFORM_STATIC,0.5125,0.45,0.475,0.5678124999999999
MOTION_ONLY,410133,0.75,FLICKERING_BACKGROUND,0.5249999999999999,0.525,0.575,0.5699999999999998
MOTION_ONLY,410133,0.9,PATTERNED_STATIC,0.5,0.525,0.525,0.5128125
MOTION_ONLY,410133,0.9,UNIFORM_STATIC,0.45,0.375,0.275,0.5103125000000001
MOTION_ONLY,410133,0.9,FLICKERING_BACKGROUND,0.5375,0.525,0.6,0.5671875000000001
MOTION_ONLY,410134,0.6,PATTERNED_STATIC,0.5249999999999999,0.425,0.475,0.5046875
MOTION_ONLY,410134,0.6,UNIFORM_STATIC,0.5125,0.35,0.375,0.5028124999999999
MOTION_ONLY,410134,0.6,FLICKERING_BACKGROUND,0.5375000000000001,0.475,0.55,0.520625
MOTION_ONLY,410134,0.75,PATTERNED_STATIC,0.5249999999999999,0.425,0.475,0.6096874999999999
MOTION_ONLY,410134,0.75,UNIFORM_STATIC,0.5375,0.55,0.625,0.5784374999999999
MOTION_ONLY,410134,0.75,FLICKERING_BACKGROUND,0.6125,0.4,0.625,0.5771875
MOTION_ONLY,410134,0.9,PATTERNED_STATIC,0.6,0.375,0.575,0.6299999999999999
MOTION_ONLY,410134,0.9,UNIFORM_STATIC,0.575,0.4,0.55,0.5309375000000001
MOTION_ONLY,410134,0.9,FLICKERING_BACKGROUND,0.5375000000000001,0.475,0.55,0.4928125
MOTION_ONLY,410135,0.6,PATTERNED_STATIC,0.4875,0.5,0.475,0.4775
MOTION_ONLY,410135,0.6,UNIFORM_STATIC,0.5625,0.35,0.475,0.56625
MOTION_ONLY,410135,0.6,FLICKERING_BACKGROUND,0.5125,0.475,0.5,0.533125
MOTION_ONLY,410135,0.75,PATTERNED_STATIC,0.5625,0.425,0.55,0.574375
MOTION_ONLY,410135,0.75,UNIFORM_STATIC,0.55,0.425,0.525,0.5956250000000001
MOTION_ONLY,410135,0.75,FLICKERING_BACKGROUND,0.6375,0.35,0.625,0.671875
MOTION_ONLY,410135,0.9,PATTERNED_STATIC,0.5,0.5,0.5,0.5434375
MOTION_ONLY,410135,0.9,UNIFORM_STATIC,0.5125,0.45,0.475,0.56375
MOTION_ONLY,410135,0.9,FLICKERING_BACKGROUND,0.5125,0.45,0.475,0.5421875
MOTION_ONLY,410136,0.6,PATTERNED_STATIC,0.525,0.35,0.4,0.4509375
MOTION_ONLY,410136,0.6,UNIFORM_STATIC,0.475,0.525,0.475,0.459375
MOTION_ONLY,410136,0.6,FLICKERING_BACKGROUND,0.5375000000000001,0.475,0.55,0.5856250000000001
MOTION_ONLY,410136,0.75,PATTERNED_STATIC,0.525,0.375,0.425,0.4984375
MOTION_ONLY,410136,0.75,UNIFORM_STATIC,0.42500000000000004,0.55,0.4,0.4434375
MOTION_ONLY,410136,0.75,FLICKERING_BACKGROUND,0.525,0.4,0.45,0.6090625
MOTION_ONLY,410136,0.9,PATTERNED_STATIC,0.5625,0.525,0.65,0.49937500000000007
MOTION_ONLY,410136,0.9,UNIFORM_STATIC,0.4625,0.5,0.425,0.39312499999999995
MOTION_ONLY,410136,0.9,FLICKERING_BACKGROUND,0.48750000000000004,0.475,0.45,0.4731250000000001
MOTION_ONLY,410137,0.6,PATTERNED_STATIC,0.575,0.525,0.675,0.59375
MOTION_ONLY,410137,0.6,UNIFORM_STATIC,0.575,0.35,0.5,0.5590625
MOTION_ONLY,410137,0.6,FLICKERING_BACKGROUND,0.6375,0.325,0.6,0.6375
MOTION_ONLY,410137,0.75,PATTERNED_STATIC,0.4625,0.5,0.425,0.5003124999999999
MOTION_ONLY,410137,0.75,UNIFORM_STATIC,0.5,0.45,0.45,0.53625
MOTION_ONLY,410137,0.75,FLICKERING_BACKGROUND,0.47500000000000003,0.6,0.55,0.5509375
MOTION_ONLY,410137,0.9,PATTERNED_STATIC,0.4625,0.525,0.45,0.45624999999999993
MOTION_ONLY,410137,0.9,UNIFORM_STATIC,0.475,0.55,0.5,0.5140625000000001
MOTION_ONLY,410137,0.9,FLICKERING_BACKGROUND,0.44999999999999996,0.575,0.475,0.5162500000000001
MOTION_ONLY,410138,0.6,PATTERNED_STATIC,0.475,0.475,0.425,0.5187499999999999
MOTION_ONLY,410138,0.6,UNIFORM_STATIC,0.525,0.4,0.45,0.579375
MOTION_ONLY,410138,0.6,FLICKERING_BACKGROUND,0.5,0.525,0.525,0.51125
MOTION_ONLY,410138,0.75,PATTERNED_STATIC,0.575,0.3,0.45,0.536875
MOTION_ONLY,410138,0.75,UNIFORM_STATIC,0.5125,0.525,0.55,0.531875
MOTION_ONLY,410138,0.75,FLICKERING_BACKGROUND,0.525,0.6,0.65,0.5253125000000001
MOTION_ONLY,410138,0.9,PATTERNED_STATIC,0.525,0.375,0.425,0.51125
MOTION_ONLY,410138,0.9,UNIFORM_STATIC,0.5125,0.55,0.575,0.5656249999999999
MOTION_ONLY,410138,0.9,FLICKERING_BACKGROUND,0.5375000000000001,0.475,0.55,0.48
MOTION_ONLY,410139,0.6,PATTERNED_STATIC,0.6375,0.425,0.7,0.6721875
MOTION_ONLY,410139,0.6,UNIFORM_STATIC,0.5,0.5,0.5,0.4525
MOTION_ONLY,410139,0.6,FLICKERING_BACKGROUND,0.48750000000000004,0.45,0.425,0.46906249999999994
MOTION_ONLY,410139,0.75,PATTERNED_STATIC,0.4625,0.525,0.45,0.45
MOTION_ONLY,410139,0.75,UNIFORM_STATIC,0.4625,0.375,0.3,0.5262499999999999
MOTION_ONLY,410139,0.75,FLICKERING_BACKGROUND,0.44999999999999996,0.525,0.425,0.4784375
MOTION_ONLY,410139,0.9,PATTERNED_STATIC,0.4625,0.475,0.4,0.4309375
MOTION_ONLY,410139,0.9,UNIFORM_STATIC,0.4625,0.575,0.5,0.4425
MOTION_ONLY,410139,0.9,FLICKERING_BACKGROUND,0.625,0.375,0.625,0.610625
MOTION_ONLY,410140,0.6,PATTERNED_STATIC,0.5125,0.375,0.4,0.5090625
MOTION_ONLY,410140,0.6,UNIFORM_STATIC,0.5625,0.4,0.525,0.56
MOTION_ONLY,410140,0.6,FLICKERING_BACKGROUND,0.4625,0.475,0.4,0.46593750000000006
MOTION_ONLY,410140,0.75,PATTERNED_STATIC,0.4625,0.55,0.475,0.46875
MOTION_ONLY,410140,0.75,UNIFORM_STATIC,0.5375,0.4,0.475,0.54125
MOTION_ONLY,410140,0.75,FLICKERING_BACKGROUND,0.48750000000000004,0.45,0.425,0.464375
MOTION_ONLY,410140,0.9,PATTERNED_STATIC,0.5375,0.525,0.6,0.49875
MOTION_ONLY,410140,0.9,UNIFORM_STATIC,0.4625,0.5,0.425,0.47781250000000003
MOTION_ONLY,410140,0.9,FLICKERING_BACKGROUND,0.5249999999999999,0.425,0.475,0.48687499999999995
MOTION_ONLY,410141,0.6,PATTERNED_STATIC,0.475,0.55,0.5,0.49468750000000006
MOTION_ONLY,410141,0.6,UNIFORM_STATIC,0.4625,0.575,0.5,0.478125
MOTION_ONLY,410141,0.6,FLICKERING_BACKGROUND,0.6000000000000001,0.35,0.55,0.6428125
MOTION_ONLY,410141,0.75,PATTERNED_STATIC,0.4625,0.4,0.325,0.468125
MOTION_ONLY,410141,0.75,UNIFORM_STATIC,0.5,0.5,0.5,0.5118750000000001
MOTION_ONLY,410141,0.75,FLICKERING_BACKGROUND,0.4625,0.55,0.475,0.44968749999999996
MOTION_ONLY,410141,0.9,PATTERNED_STATIC,0.525,0.375,0.425,0.4971875
MOTION_ONLY,410141,0.9,UNIFORM_STATIC,0.5375000000000001,0.45,0.525,0.58875
MOTION_ONLY,410141,0.9,FLICKERING_BACKGROUND,0.4125,0.6,0.425,0.39656250000000004
MOTION_ONLY,410142,0.6,PATTERNED_STATIC,0.5,0.475,0.475,0.4806250000000001
MOTION_ONLY,410142,0.6,UNIFORM_STATIC,0.525,0.5,0.55,0.52375
MOTION_ONLY,410142,0.6,FLICKERING_BACKGROUND,0.48750000000000004,0.45,0.425,0.4546875
MOTION_ONLY,410142,0.75,PATTERNED_STATIC,0.475,0.475,0.425,0.4771875
MOTION_ONLY,410142,0.75,UNIFORM_STATIC,0.5,0.4,0.4,0.5125
MOTION_ONLY,410142,0.75,FLICKERING_BACKGROUND,0.4875,0.5,0.475,0.47187499999999993
MOTION_ONLY,410142,0.9,PATTERNED_STATIC,0.4625,0.575,0.5,0.4425
MOTION_ONLY,410142,0.9,UNIFORM_STATIC,0.65,0.325,0.625,0.6165625
MOTION_ONLY,410142,0.9,FLICKERING_BACKGROUND,0.4375,0.575,0.45,0.49125
MOTION_ONLY,410143,0.6,PATTERNED_STATIC,0.5125,0.45,0.475,0.535
MOTION_ONLY,410143,0.6,UNIFORM_STATIC,0.525,0.45,0.5,0.5175
MOTION_ONLY,410143,0.6,FLICKERING_BACKGROUND,0.5125,0.5,0.525,0.5225
MOTION_ONLY,410143,0.75,PATTERNED_STATIC,0.5125,0.475,0.5,0.5065625
MOTION_ONLY,410143,0.75,UNIFORM_STATIC,0.4625,0.55,0.475,0.46375
MOTION_ONLY,410143,0.75,FLICKERING_BACKGROUND,0.5375,0.425,0.5,0.501875
MOTION_ONLY,410143,0.9,PATTERNED_STATIC,0.375,0.675,0.425,0.39343749999999994
MOTION_ONLY,410143,0.9,UNIFORM_STATIC,0.55,0.375,0.475,0.570625
MOTION_ONLY,410143,0.9,FLICKERING_BACKGROUND,0.525,0.5,0.55,0.5346875
MOTION_ONLY,410144,0.6,PATTERNED_STATIC,0.5125,0.425,0.45,0.4653125
MOTION_ONLY,410144,0.6,UNIFORM_STATIC,0.55,0.425,0.525,0.545
MOTION_ONLY,410144,0.6,FLICKERING_BACKGROUND,0.6000000000000001,0.35,0.55,0.6384375
MOTION_ONLY,410144,0.75,PATTERNED_STATIC,0.5375,0.425,0.5,0.5065625
MOTION_ONLY,410144,0.75,UNIFORM_STATIC,0.525,0.475,0.525,0.4821875
MOTION_ONLY,410144,0.75,FLICKERING_BACKGROUND,0.4375,0.475,0.35,0.383125
MOTION_ONLY,410144,0.9,PATTERNED_STATIC,0.525,0.4,0.45,0.471875
MOTION_ONLY,410144,0.9,UNIFORM_STATIC,0.4125,0.575,0.4,0.4059375
MOTION_ONLY,410144,0.9,FLICKERING_BACKGROUND,0.55,0.425,0.525,0.5221875
MOTION_ONLY,410145,0.6,PATTERNED_STATIC,0.55,0.4,0.5,0.5153125000000001
MOTION_ONLY,410145,0.6,UNIFORM_STATIC,0.6125,0.375,0.6,0.6203125
MOTION_ONLY,410145,0.6,FLICKERING_BACKGROUND,0.575,0.375,0.525,0.566875
MOTION_ONLY,410145,0.75,PATTERNED_STATIC,0.4625,0.525,0.45,0.401875
MOTION_ONLY,410145,0.75,UNIFORM_STATIC,0.55,0.375,0.475,0.536875
MOTION_ONLY,410145,0.75,FLICKERING_BACKGROUND,0.4125,0.625,0.45,0.44718749999999996
MOTION_ONLY,410145,0.9,PATTERNED_STATIC,0.425,0.625,0.475,0.424375
MOTION_ONLY,410145,0.9,UNIFORM_STATIC,0.5249999999999999,0.525,0.575,0.5596875
MOTION_ONLY,410145,0.9,FLICKERING_BACKGROUND,0.475,0.55,0.5,0.523125
MOTION_ONLY,410146,0.6,PATTERNED_STATIC,0.5125,0.425,0.45,0.5115624999999999
MOTION_ONLY,410146,0.6,UNIFORM_STATIC,0.45,0.5,0.4,0.40437499999999993
MOTION_ONLY,410146,0.6,FLICKERING_BACKGROUND,0.5,0.475,0.475,0.49875
MOTION_ONLY,410146,0.75,PATTERNED_STATIC,0.44999999999999996,0.525,0.425,0.4884375
MOTION_ONLY,410146,0.75,UNIFORM_STATIC,0.4625,0.575,0.5,0.44937499999999997
MOTION_ONLY,410146,0.75,FLICKERING_BACKGROUND,0.45,0.5,0.4,0.4412500000000001
MOTION_ONLY,410146,0.9,PATTERNED_STATIC,0.4125,0.575,0.4,0.405625
MOTION_ONLY,410146,0.9,UNIFORM_STATIC,0.5125,0.5,0.525,0.524375
MOTION_ONLY,410146,0.9,FLICKERING_BACKGROUND,0.475,0.575,0.525,0.42937499999999995
MOTION_ONLY,410147,0.6,PATTERNED_STATIC,0.5125,0.45,0.475,0.51125
MOTION_ONLY,410147,0.6,UNIFORM_STATIC,0.5874999999999999,0.3,0.475,0.574375
MOTION_ONLY,410147,0.6,FLICKERING_BACKGROUND,0.5125,0.4,0.425,0.496875
MOTION_ONLY,410147,0.75,PATTERNED_STATIC,0.5625,0.4,0.525,0.5953124999999999
MOTION_ONLY,410147,0.75,UNIFORM_STATIC,0.5625,0.3,0.425,0.5856250000000001
MOTION_ONLY,410147,0.75,FLICKERING_BACKGROUND,0.5,0.425,0.425,0.509375
MOTION_ONLY,410147,0.9,PATTERNED_STATIC,0.38749999999999996,0.65,0.425,0.3940625
MOTION_ONLY,410147,0.9,UNIFORM_STATIC,0.5625,0.375,0.5,0.5287499999999999
MOTION_ONLY,410147,0.9,FLICKERING_BACKGROUND,0.375,0.7,0.45,0.38656250000000003
MOTION_ONLY,410148,0.6,PATTERNED_STATIC,0.5125,0.375,0.4,0.47625000000000006
MOTION_ONLY,410148,0.6,UNIFORM_STATIC,0.525,0.45,0.5,0.5378125
MOTION_ONLY,410148,0.6,FLICKERING_BACKGROUND,0.4125,0.6,0.425,0.44187499999999996
MOTION_ONLY,410148,0.75,PATTERNED_STATIC,0.5,0.375,0.375,0.49843750000000003
MOTION_ONLY,410148,0.75,UNIFORM_STATIC,0.575,0.4,0.55,0.5584375
MOTION_ONLY,410148,0.75,FLICKERING_BACKGROUND,0.4875,0.5,0.475,0.5140625
MOTION_ONLY,410148,0.9,PATTERNED_STATIC,0.4625,0.625,0.55,0.5087499999999999
MOTION_ONLY,410148,0.9,UNIFORM_STATIC,0.48750000000000004,0.475,0.45,0.49562500000000004
MOTION_ONLY,410148,0.9,FLICKERING_BACKGROUND,0.4625,0.525,0.45,0.4415625
MOTION_ONLY,410149,0.6,PATTERNED_STATIC,0.55,0.425,0.525,0.5625
MOTION_ONLY,410149,0.6,UNIFORM_STATIC,0.5625,0.375,0.5,0.5378125
MOTION_ONLY,410149,0.6,FLICKERING_BACKGROUND,0.44999999999999996,0.425,0.325,0.3840625
MOTION_ONLY,410149,0.75,PATTERNED_STATIC,0.575,0.45,0.6,0.5359375000000001
MOTION_ONLY,410149,0.75,UNIFORM_STATIC,0.4625,0.6,0.525,0.42562500000000003
MOTION_ONLY,410149,0.75,FLICKERING_BACKGROUND,0.4375,0.475,0.35,0.4171875
MOTION_ONLY,410149,0.9,PATTERNED_STATIC,0.5625,0.55,0.675,0.5918749999999999
MOTION_ONLY,410149,0.9,UNIFORM_STATIC,0.5,0.475,0.475,0.4934375
MOTION_ONLY,410149,0.9,FLICKERING_BACKGROUND,0.4125,0.5,0.325,0.44281250000000005
MOTION_ONLY,410150,0.6,PATTERNED_STATIC,0.475,0.525,0.475,0.48281250000000003
MOTION_ONLY,410150,0.6,UNIFORM_STATIC,0.5249999999999999,0.425,0.475,0.51
MOTION_ONLY,410150,0.6,FLICKERING_BACKGROUND,0.5125,0.475,0.5,0.4871875
MOTION_ONLY,410150,0.75,PATTERNED_STATIC,0.5874999999999999,0.4,0.575,0.5815624999999999
MOTION_ONLY,410150,0.75,UNIFORM_STATIC,0.5375,0.375,0.45,0.5146875
MOTION_ONLY,410150,0.75,FLICKERING_BACKGROUND,0.5125,0.45,0.475,0.5246875
MOTION_ONLY,410150,0.9,PATTERNED_STATIC,0.45,0.5,0.4,0.46374999999999994
MOTION_ONLY,410150,0.9,UNIFORM_STATIC,0.475,0.475,0.425,0.4465625
MOTION_ONLY,410150,0.9,FLICKERING_BACKGROUND,0.44999999999999996,0.525,0.425,0.46125
MOTION_ONLY,410151,0.6,PATTERNED_STATIC,0.4375,0.6,0.475,0.40906250000000005
MOTION_ONLY,410151,0.6,UNIFORM_STATIC,0.475,0.525,0.475,0.4403125
MOTION_ONLY,410151,0.6,FLICKERING_BACKGROUND,0.575,0.425,0.575,0.58
MOTION_ONLY,410151,0.75,PATTERNED_STATIC,0.5125,0.4,0.425,0.489375
MOTION_ONLY,410151,0.75,UNIFORM_STATIC,0.5375,0.425,0.5,0.5903125
MOTION_ONLY,410151,0.75,FLICKERING_BACKGROUND,0.4625,0.5,0.425,0.46
MOTION_ONLY,410151,0.9,PATTERNED_STATIC,0.4875,0.525,0.5,0.5328125
MOTION_ONLY,410151,0.9,UNIFORM_STATIC,0.5125,0.5,0.525,0.503125
MOTION_ONLY,410151,0.9,FLICKERING_BACKGROUND,0.6125,0.4,0.625,0.6746875
MOTION_ONLY,410152,0.6,PATTERNED_STATIC,0.55,0.45,0.55,0.514375
MOTION_ONLY,410152,0.6,UNIFORM_STATIC,0.5125,0.425,0.45,0.45812500000000006
MOTION_ONLY,410152,0.6,FLICKERING_BACKGROUND,0.45,0.5,0.4,0.46
MOTION_ONLY,410152,0.75,PATTERNED_STATIC,0.5625,0.4,0.525,0.5878125
MOTION_ONLY,410152,0.75,UNIFORM_STATIC,0.5125,0.425,0.45,0.5275
MOTION_ONLY,410152,0.75,FLICKERING_BACKGROUND,0.45,0.5,0.4,0.4753125
MOTION_ONLY,410152,0.9,PATTERNED_STATIC,0.5375000000000001,0.45,0.525,0.5625
MOTION_ONLY,410152,0.9,UNIFORM_STATIC,0.425,0.575,0.425,0.374375
MOTION_ONLY,410152,0.9,FLICKERING_BACKGROUND,0.6125,0.4,0.625,0.6096875
MOTION_ONLY,410153,0.6,PATTERNED_STATIC,0.475,0.475,0.425,0.490625
MOTION_ONLY,410153,0.6,UNIFORM_STATIC,0.35,0.575,0.275,0.353125
MOTION_ONLY,410153,0.6,FLICKERING_BACKGROUND,0.425,0.575,0.425,0.48437500000000006
MOTION_ONLY,410153,0.75,PATTERNED_STATIC,0.55,0.325,0.425,0.5515625
MOTION_ONLY,410153,0.75,UNIFORM_STATIC,0.5,0.45,0.45,0.538125
MOTION_ONLY,410153,0.75,FLICKERING_BACKGROUND,0.5625,0.45,0.575,0.6056250000000001
MOTION_ONLY,410153,0.9,PATTERNED_STATIC,0.525,0.45,0.5,0.520625
MOTION_ONLY,410153,0.9,UNIFORM_STATIC,0.4875,0.525,0.5,0.465625
MOTION_ONLY,410153,0.9,FLICKERING_BACKGROUND,0.475,0.5,0.45,0.42875
MOTION_ONLY,410154,0.6,PATTERNED_STATIC,0.5375,0.55,0.625,0.48562500000000003
MOTION_ONLY,410154,0.6,UNIFORM_STATIC,0.55,0.475,0.575,0.5700000000000001
MOTION_ONLY,410154,0.6,FLICKERING_BACKGROUND,0.6125,0.35,0.575,0.6174999999999999
MOTION_ONLY,410154,0.75,PATTERNED_STATIC,0.5875,0.35,0.525,0.5909375000000001
MOTION_ONLY,410154,0.75,UNIFORM_STATIC,0.42500000000000004,0.6,0.45,0.37
MOTION_ONLY,410154,0.75,FLICKERING_BACKGROUND,0.5,0.425,0.425,0.493125
MOTION_ONLY,410154,0.9,PATTERNED_STATIC,0.5625,0.4,0.525,0.5503125
MOTION_ONLY,410154,0.9,UNIFORM_STATIC,0.5,0.5,0.5,0.5150000000000001
MOTION_ONLY,410154,0.9,FLICKERING_BACKGROUND,0.4125,0.575,0.4,0.3934375
MOTION_ONLY,410155,0.6,PATTERNED_STATIC,0.4625,0.475,0.4,0.4278125
MOTION_ONLY,410155,0.6,UNIFORM_STATIC,0.4,0.475,0.275,0.3990625
MOTION_ONLY,410155,0.6,FLICKERING_BACKGROUND,0.525,0.475,0.525,0.525625
MOTION_ONLY,410155,0.75,PATTERNED_STATIC,0.525,0.475,0.525,0.5974999999999999
MOTION_ONLY,410155,0.75,UNIFORM_STATIC,0.425,0.575,0.425,0.3834375
MOTION_ONLY,410155,0.75,FLICKERING_BACKGROUND,0.45,0.45,0.35,0.44374999999999987
MOTION_ONLY,410155,0.9,PATTERNED_STATIC,0.55,0.475,0.575,0.4462499999999999
MOTION_ONLY,410155,0.9,UNIFORM_STATIC,0.5249999999999999,0.425,0.475,0.5203125
MOTION_ONLY,410155,0.9,FLICKERING_BACKGROUND,0.3875,0.625,0.4,0.38625
MOTION_ONLY,410156,0.6,PATTERNED_STATIC,0.4625,0.525,0.45,0.4646875
MOTION_ONLY,410156,0.6,UNIFORM_STATIC,0.55,0.425,0.525,0.48812500000000003
MOTION_ONLY,410156,0.6,FLICKERING_BACKGROUND,0.4125,0.575,0.4,0.3946875
MOTION_ONLY,410156,0.75,PATTERNED_STATIC,0.42500000000000004,0.475,0.325,0.42875
MOTION_ONLY,410156,0.75,UNIFORM_STATIC,0.5375000000000001,0.475,0.55,0.5315625
MOTION_ONLY,410156,0.75,FLICKERING_BACKGROUND,0.4875,0.425,0.4,0.5096875000000001
MOTION_ONLY,410156,0.9,PATTERNED_STATIC,0.475,0.5,0.45,0.43093750000000003
MOTION_ONLY,410156,0.9,UNIFORM_STATIC,0.425,0.65,0.5,0.3946875
MOTION_ONLY,410156,0.9,FLICKERING_BACKGROUND,0.4125,0.6,0.425,0.44062500000000004
MOTION_ONLY,410157,0.6,PATTERNED_STATIC,0.525,0.45,0.5,0.48125000000000007
MOTION_ONLY,410157,0.6,UNIFORM_STATIC,0.5,0.475,0.475,0.47875
MOTION_ONLY,410157,0.6,FLICKERING_BACKGROUND,0.5375,0.4,0.475,0.5537500000000001
MOTION_ONLY,410157,0.75,PATTERNED_STATIC,0.3875,0.5,0.275,0.38468750000000007
MOTION_ONLY,410157,0.75,UNIFORM_STATIC,0.4625,0.525,0.45,0.43281250000000004
MOTION_ONLY,410157,0.75,FLICKERING_BACKGROUND,0.525,0.475,0.525,0.489375
MOTION_ONLY,410157,0.9,PATTERNED_STATIC,0.55,0.35,0.45,0.45499999999999996
MOTION_ONLY,410157,0.9,UNIFORM_STATIC,0.5625,0.475,0.6,0.5253125
MOTION_ONLY,410157,0.9,FLICKERING_BACKGROUND,0.55,0.45,0.55,0.5903125
MOTION_ONLY,410158,0.6,PATTERNED_STATIC,0.5375,0.425,0.5,0.5375
MOTION_ONLY,410158,0.6,UNIFORM_STATIC,0.5249999999999999,0.425,0.475,0.573125
MOTION_ONLY,410158,0.6,FLICKERING_BACKGROUND,0.6000000000000001,0.35,0.55,0.6309374999999999
MOTION_ONLY,410158,0.75,PATTERNED_STATIC,0.6,0.375,0.575,0.6190625000000001
MOTION_ONLY,410158,0.75,UNIFORM_STATIC,0.4,0.525,0.325,0.391875
MOTION_ONLY,410158,0.75,FLICKERING_BACKGROUND,0.575,0.35,0.5,0.5578125
MOTION_ONLY,410158,0.9,PATTERNED_STATIC,0.55,0.475,0.575,0.5756249999999999
MOTION_ONLY,410158,0.9,UNIFORM_STATIC,0.5125,0.45,0.475,0.48812500000000003
MOTION_ONLY,410158,0.9,FLICKERING_BACKGROUND,0.5125,0.475,0.5,0.5396875
MOTION_ONLY,410159,0.6,PATTERNED_STATIC,0.48750000000000004,0.475,0.45,0.47437500000000005
MOTION_ONLY,410159,0.6,UNIFORM_STATIC,0.44999999999999996,0.525,0.425,0.419375
MOTION_ONLY,410159,0.6,FLICKERING_BACKGROUND,0.5375,0.5,0.575,0.53
MOTION_ONLY,410159,0.75,PATTERNED_STATIC,0.5375,0.575,0.65,0.5290625
MOTION_ONLY,410159,0.75,UNIFORM_STATIC,0.5625,0.375,0.5,0.6124999999999999
MOTION_ONLY,410159,0.75,FLICKERING_BACKGROUND,0.5125,0.45,0.475,0.5078125
MOTION_ONLY,410159,0.9,PATTERNED_STATIC,0.675,0.275,0.625,0.6921875000000001
MOTION_ONLY,410159,0.9,UNIFORM_STATIC,0.475,0.5,0.45,0.47031249999999997
MOTION_ONLY,410159,0.9,FLICKERING_BACKGROUND,0.4125,0.5,0.325,0.445
MOTION_ONLY,410160,0.6,PATTERNED_STATIC,0.5,0.4,0.4,0.500625
MOTION_ONLY,410160,0.6,UNIFORM_STATIC,0.5,0.55,0.55,0.5415625
MOTION_ONLY,410160,0.6,FLICKERING_BACKGROUND,0.45,0.45,0.35,0.47343750000000007
MOTION_ONLY,410160,0.75,PATTERNED_STATIC,0.5375000000000001,0.475,0.55,0.5521875
MOTION_ONLY,410160,0.75,UNIFORM_STATIC,0.5249999999999999,0.425,0.475,0.5531249999999999
MOTION_ONLY,410160,0.75,FLICKERING_BACKGROUND,0.5625,0.45,0.575,0.550625
MOTION_ONLY,410160,0.9,PATTERNED_STATIC,0.5625,0.475,0.6,0.589375
MOTION_ONLY,410160,0.9,UNIFORM_STATIC,0.5,0.5,0.5,0.5315624999999999
MOTION_ONLY,410160,0.9,FLICKERING_BACKGROUND,0.4625,0.525,0.45,0.45406250000000004
MOTION_ONLY,410161,0.6,PATTERNED_STATIC,0.5375,0.4,0.475,0.525
MOTION_ONLY,410161,0.6,UNIFORM_STATIC,0.5625,0.45,0.575,0.5696875
MOTION_ONLY,410161,0.6,FLICKERING_BACKGROUND,0.4125,0.475,0.3,0.430625
MOTION_ONLY,410161,0.75,PATTERNED_STATIC,0.4,0.625,0.425,0.3896875
MOTION_ONLY,410161,0.75,UNIFORM_STATIC,0.475,0.575,0.525,0.5078125000000001
MOTION_ONLY,410161,0.75,FLICKERING_BACKGROUND,0.5875,0.45,0.625,0.573125
MOTION_ONLY,410161,0.9,PATTERNED_STATIC,0.475,0.575,0.525,0.4296875
MOTION_ONLY,410161,0.9,UNIFORM_STATIC,0.5,0.525,0.525,0.520625
MOTION_ONLY,410161,0.9,FLICKERING_BACKGROUND,0.44999999999999996,0.525,0.425,0.469375
MOTION_ONLY,410162,0.6,PATTERNED_STATIC,0.575,0.35,0.5,0.5509375
MOTION_ONLY,410162,0.6,UNIFORM_STATIC,0.5,0.475,0.475,0.505625
MOTION_ONLY,410162,0.6,FLICKERING_BACKGROUND,0.48750000000000004,0.55,0.525,0.460625
MOTION_ONLY,410162,0.75,PATTERNED_STATIC,0.44999999999999996,0.525,0.425,0.44875
MOTION_ONLY,410162,0.75,UNIFORM_STATIC,0.5125,0.4,0.425,0.509375
MOTION_ONLY,410162,0.75,FLICKERING_BACKGROUND,0.5,0.45,0.45,0.5109375
MOTION_ONLY,410162,0.9,PATTERNED_STATIC,0.5,0.5,0.5,0.5275
MOTION_ONLY,410162,0.9,UNIFORM_STATIC,0.5,0.375,0.375,0.5003125
MOTION_ONLY,410162,0.9,FLICKERING_BACKGROUND,0.4625,0.575,0.5,0.4215625
MOTION_ONLY,410163,0.6,PATTERNED_STATIC,0.42500000000000004,0.475,0.325,0.3909375
MOTION_ONLY,410163,0.6,UNIFORM_STATIC,0.4,0.575,0.375,0.42937500000000006
MOTION_ONLY,410163,0.6,FLICKERING_BACKGROUND,0.5625,0.5,0.625,0.5421874999999999
MOTION_ONLY,410163,0.75,PATTERNED_STATIC,0.4375,0.525,0.4,0.479375
MOTION_ONLY,410163,0.75,UNIFORM_STATIC,0.5125,0.475,0.5,0.4546875
MOTION_ONLY,410163,0.75,FLICKERING_BACKGROUND,0.525,0.4,0.45,0.5421874999999999
MOTION_ONLY,410163,0.9,PATTERNED_STATIC,0.5625,0.425,0.55,0.5565625
MOTION_ONLY,410163,0.9,UNIFORM_STATIC,0.5125,0.525,0.55,0.5784374999999999
MOTION_ONLY,410163,0.9,FLICKERING_BACKGROUND,0.55,0.45,0.55,0.4971875
MOTION_ONLY,410164,0.6,PATTERNED_STATIC,0.45,0.55,0.45,0.43125
MOTION_ONLY,410164,0.6,UNIFORM_STATIC,0.525,0.45,0.5,0.520625
MOTION_ONLY,410164,0.6,FLICKERING_BACKGROUND,0.5,0.4,0.4,0.5353125
MOTION_ONLY,410164,0.75,PATTERNED_STATIC,0.55,0.45,0.55,0.52875
MOTION_ONLY,410164,0.75,UNIFORM_STATIC,0.5,0.55,0.55,0.49593750000000003
MOTION_ONLY,410164,0.75,FLICKERING_BACKGROUND,0.42500000000000004,0.475,0.325,0.36156249999999995
MOTION_ONLY,410164,0.9,PATTERNED_STATIC,0.575,0.45,0.6,0.5909375
MOTION_ONLY,410164,0.9,UNIFORM_STATIC,0.55,0.4,0.5,0.5406249999999999
MOTION_ONLY,410164,0.9,FLICKERING_BACKGROUND,0.5125,0.425,0.45,0.49124999999999996
MOTION_ONLY,410165,0.6,PATTERNED_STATIC,0.5,0.425,0.425,0.45
MOTION_ONLY,410165,0.6,UNIFORM_STATIC,0.5125,0.5,0.525,0.5440625
MOTION_ONLY,410165,0.6,FLICKERING_BACKGROUND,0.5375000000000001,0.45,0.525,0.55875
MOTION_ONLY,410165,0.75,PATTERNED_STATIC,0.4625,0.475,0.4,0.43843750000000004
MOTION_ONLY,410165,0.75,UNIFORM_STATIC,0.4625,0.55,0.475,0.4475
MOTION_ONLY,410165,0.75,FLICKERING_BACKGROUND,0.48750000000000004,0.475,0.45,0.48656249999999995
MOTION_ONLY,410165,0.9,PATTERNED_STATIC,0.4375,0.525,0.4,0.48000000000000004
MOTION_ONLY,410165,0.9,UNIFORM_STATIC,0.44999999999999996,0.425,0.325,0.4478125
MOTION_ONLY,410165,0.9,FLICKERING_BACKGROUND,0.5125,0.45,0.475,0.4465625
MOTION_ONLY,410166,0.6,PATTERNED_STATIC,0.5874999999999999,0.4,0.575,0.57125
MOTION_ONLY,410166,0.6,UNIFORM_STATIC,0.4875,0.5,0.475,0.5253125
MOTION_ONLY,410166,0.6,FLICKERING_BACKGROUND,0.575,0.375,0.525,0.5915625
MOTION_ONLY,410166,0.75,PATTERNED_STATIC,0.475,0.575,0.525,0.4571875
MOTION_ONLY,410166,0.75,UNIFORM_STATIC,0.44999999999999996,0.525,0.425,0.44687499999999997
MOTION_ONLY,410166,0.75,FLICKERING_BACKGROUND,0.475,0.525,0.475,0.45218749999999996
MOTION_ONLY,410166,0.9,PATTERNED_STATIC,0.475,0.525,0.475,0.47468750000000004
MOTION_ONLY,410166,0.9,UNIFORM_STATIC,0.48750000000000004,0.45,0.425,0.4765625
MOTION_ONLY,410166,0.9,FLICKERING_BACKGROUND,0.575,0.425,0.575,0.6421874999999999
MOTION_ONLY,410167,0.6,PATTERNED_STATIC,0.5874999999999999,0.4,0.575,0.5384375000000001
MOTION_ONLY,410167,0.6,UNIFORM_STATIC,0.5874999999999999,0.425,0.6,0.5637499999999999
MOTION_ONLY,410167,0.6,FLICKERING_BACKGROUND,0.4125,0.625,0.45,0.3884375
MOTION_ONLY,410167,0.75,PATTERNED_STATIC,0.44999999999999996,0.425,0.325,0.40218750000000003
MOTION_ONLY,410167,0.75,UNIFORM_STATIC,0.5,0.525,0.525,0.5290625
MOTION_ONLY,410167,0.75,FLICKERING_BACKGROUND,0.47500000000000003,0.45,0.4,0.5137499999999999
MOTION_ONLY,410167,0.9,PATTERNED_STATIC,0.45,0.6,0.5,0.48968749999999994
MOTION_ONLY,410167,0.9,UNIFORM_STATIC,0.44999999999999996,0.425,0.325,0.4203125
MOTION_ONLY,410167,0.9,FLICKERING_BACKGROUND,0.4375,0.575,0.45,0.42
MOTION_ONLY,410168,0.6,PATTERNED_STATIC,0.5874999999999999,0.3,0.475,0.5684375
MOTION_ONLY,410168,0.6,UNIFORM_STATIC,0.475,0.55,0.5,0.5021875
MOTION_ONLY,410168,0.6,FLICKERING_BACKGROUND,0.38749999999999996,0.575,0.35,0.4362500000000001
MOTION_ONLY,410168,0.75,PATTERNED_STATIC,0.5125,0.475,0.5,0.515
MOTION_ONLY,410168,0.75,UNIFORM_STATIC,0.44999999999999996,0.525,0.425,0.5081249999999999
MOTION_ONLY,410168,0.75,FLICKERING_BACKGROUND,0.5125,0.575,0.6,0.475
MOTION_ONLY,410168,0.9,PATTERNED_STATIC,0.4125,0.7,0.525,0.44281250000000005
MOTION_ONLY,410168,0.9,UNIFORM_STATIC,0.625,0.4,0.65,0.6084375
MOTION_ONLY,410168,0.9,FLICKERING_BACKGROUND,0.5875,0.5,0.675,0.5953125
MOTION_ONLY,410169,0.6,PATTERNED_STATIC,0.5625,0.35,0.475,0.561875
MOTION_ONLY,410169,0.6,UNIFORM_STATIC,0.5125,0.475,0.5,0.536875
MOTION_ONLY,410169,0.6,FLICKERING_BACKGROUND,0.5,0.45,0.45,0.4671875
MOTION_ONLY,410169,0.75,PATTERNED_STATIC,0.5125,0.45,0.475,0.551875
MOTION_ONLY,410169,0.75,UNIFORM_STATIC,0.5,0.525,0.525,0.5034375000000001
MOTION_ONLY,410169,0.75,FLICKERING_BACKGROUND,0.6,0.4,0.6,0.5478125
MOTION_ONLY,410169,0.9,PATTERNED_STATIC,0.625,0.45,0.7,0.640625
MOTION_ONLY,410169,0.9,UNIFORM_STATIC,0.4,0.6,0.4,0.3403125
MOTION_ONLY,410169,0.9,FLICKERING_BACKGROUND,0.55,0.5,0.6,0.5065625
MOTION_ONLY,410170,0.6,PATTERNED_STATIC,0.4,0.7,0.5,0.3628125
MOTION_ONLY,410170,0.6,UNIFORM_STATIC,0.525,0.375,0.425,0.5343749999999999
MOTION_ONLY,410170,0.6,FLICKERING_BACKGROUND,0.45,0.55,0.45,0.44437499999999996
MOTION_ONLY,410170,0.75,PATTERNED_STATIC,0.475,0.475,0.425,0.406875
MOTION_ONLY,410170,0.75,UNIFORM_STATIC,0.4375,0.475,0.35,0.45875
MOTION_ONLY,410170,0.75,FLICKERING_BACKGROUND,0.5,0.5,0.5,0.504375
MOTION_ONLY,410170,0.9,PATTERNED_STATIC,0.3875,0.675,0.45,0.344375
MOTION_ONLY,410170,0.9,UNIFORM_STATIC,0.6499999999999999,0.3,0.6,0.6759375
MOTION_ONLY,410170,0.9,FLICKERING_BACKGROUND,0.5375,0.5,0.575,0.5434375
MOTION_ONLY,410171,0.6,PATTERNED_STATIC,0.55,0.375,0.475,0.5653124999999999
MOTION_ONLY,410171,0.6,UNIFORM_STATIC,0.425,0.625,0.475,0.454375
MOTION_ONLY,410171,0.6,FLICKERING_BACKGROUND,0.5125,0.375,0.4,0.5915625
MOTION_ONLY,410171,0.75,PATTERNED_STATIC,0.5375000000000001,0.475,0.55,0.5387500000000001
MOTION_ONLY,410171,0.75,UNIFORM_STATIC,0.525,0.5,0.55,0.4965625
MOTION_ONLY,410171,0.75,FLICKERING_BACKGROUND,0.55,0.425,0.525,0.5778125
MOTION_ONLY,410171,0.9,PATTERNED_STATIC,0.5125,0.425,0.45,0.5271875
MOTION_ONLY,410171,0.9,UNIFORM_STATIC,0.5375,0.525,0.6,0.5790624999999999
MOTION_ONLY,410171,0.9,FLICKERING_BACKGROUND,0.5375,0.5,0.575,0.5940625
MOTION_ONLY,410172,0.6,PATTERNED_STATIC,0.425,0.5,0.35,0.42875
MOTION_ONLY,410172,0.6,UNIFORM_STATIC,0.475,0.55,0.5,0.5190625
MOTION_ONLY,410172,0.6,FLICKERING_BACKGROUND,0.425,0.575,0.425,0.39968750000000003
MOTION_ONLY,410172,0.75,PATTERNED_STATIC,0.4,0.55,0.35,0.4559375
MOTION_ONLY,410172,0.75,UNIFORM_STATIC,0.55,0.325,0.425,0.6303125
MOTION_ONLY,410172,0.75,FLICKERING_BACKGROUND,0.5,0.5,0.5,0.49625
MOTION_ONLY,410172,0.9,PATTERNED_STATIC,0.4625,0.5,0.425,0.4553125
MOTION_ONLY,410172,0.9,UNIFORM_STATIC,0.4625,0.6,0.525,0.4321875
MOTION_ONLY,410172,0.9,FLICKERING_BACKGROUND,0.4375,0.6,0.475,0.41375000000000006
MOTION_ONLY,410173,0.6,PATTERNED_STATIC,0.475,0.4,0.35,0.43281250000000004
MOTION_ONLY,410173,0.6,UNIFORM_STATIC,0.5125,0.425,0.45,0.4871875
MOTION_ONLY,410173,0.6,FLICKERING_BACKGROUND,0.5375000000000001,0.475,0.55,0.55625
MOTION_ONLY,410173,0.75,PATTERNED_STATIC,0.575,0.45,0.6,0.5775
MOTION_ONLY,410173,0.75,UNIFORM_STATIC,0.5875,0.375,0.55,0.5796875
MOTION_ONLY,410173,0.75,FLICKERING_BACKGROUND,0.5375,0.375,0.45,0.5549999999999999
MOTION_ONLY,410173,0.9,PATTERNED_STATIC,0.5125,0.525,0.55,0.513125
MOTION_ONLY,410173,0.9,UNIFORM_STATIC,0.5375,0.5,0.575,0.56625
MOTION_ONLY,410173,0.9,FLICKERING_BACKGROUND,0.4625,0.525,0.45,0.45125
MOTION_ONLY,410174,0.6,PATTERNED_STATIC,0.4625,0.45,0.375,0.49312500000000004
MOTION_ONLY,410174,0.6,UNIFORM_STATIC,0.5125,0.6,0.625,0.46749999999999997
MOTION_ONLY,410174,0.6,FLICKERING_BACKGROUND,0.375,0.65,0.4,0.3246875000000001
MOTION_ONLY,410174,0.75,PATTERNED_STATIC,0.5,0.5,0.5,0.47156250000000005
MOTION_ONLY,410174,0.75,UNIFORM_STATIC,0.4875,0.375,0.35,0.5021875
MOTION_ONLY,410174,0.75,FLICKERING_BACKGROUND,0.475,0.5,0.45,0.47375
MOTION_ONLY,410174,0.9,PATTERNED_STATIC,0.5625,0.45,0.575,0.5953125
MOTION_ONLY,410174,0.9,UNIFORM_STATIC,0.5125,0.375,0.4,0.454375
MOTION_ONLY,410174,0.9,FLICKERING_BACKGROUND,0.5125,0.4,0.425,0.4946875
MOTION_ONLY,410175,0.6,PATTERNED_STATIC,0.475,0.4,0.35,0.44718749999999996
MOTION_ONLY,410175,0.6,UNIFORM_STATIC,0.5,0.45,0.45,0.5540625
MOTION_ONLY,410175,0.6,FLICKERING_BACKGROUND,0.5,0.425,0.425,0.49718749999999995
MOTION_ONLY,410175,0.75,PATTERNED_STATIC,0.44999999999999996,0.575,0.475,0.420625
MOTION_ONLY,410175,0.75,UNIFORM_STATIC,0.42500000000000004,0.55,0.4,0.4578125
MOTION_ONLY,410175,0.75,FLICKERING_BACKGROUND,0.4625,0.525,0.45,0.47625
MOTION_ONLY,410175,0.9,PATTERNED_STATIC,0.4625,0.5,0.425,0.4540625
MOTION_ONLY,410175,0.9,UNIFORM_STATIC,0.475,0.475,0.425,0.49968750000000006
MOTION_ONLY,410175,0.9,FLICKERING_BACKGROUND,0.525,0.55,0.6,0.51375
MOTION_ONLY,410176,0.6,PATTERNED_STATIC,0.41250000000000003,0.45,0.275,0.42468750000000005
MOTION_ONLY,410176,0.6,UNIFORM_STATIC,0.475,0.5,0.45,0.49531250000000004
MOTION_ONLY,410176,0.6,FLICKERING_BACKGROUND,0.48750000000000004,0.55,0.525,0.5131249999999999
MOTION_ONLY,410176,0.75,PATTERNED_STATIC,0.46249999999999997,0.425,0.35,0.4728125
MOTION_ONLY,410176,0.75,UNIFORM_STATIC,0.5125,0.45,0.475,0.521875
MOTION_ONLY,410176,0.75,FLICKERING_BACKGROUND,0.475,0.4,0.35,0.4346875
MOTION_ONLY,410176,0.9,PATTERNED_STATIC,0.5625,0.475,0.6,0.543125
MOTION_ONLY,410176,0.9,UNIFORM_STATIC,0.42500000000000004,0.6,0.45,0.42781250000000004
MOTION_ONLY,410176,0.9,FLICKERING_BACKGROUND,0.5625,0.4,0.525,0.5375
MOTION_ONLY,410177,0.6,PATTERNED_STATIC,0.5249999999999999,0.425,0.475,0.51125
MOTION_ONLY,410177,0.6,UNIFORM_STATIC,0.5,0.45,0.45,0.51875
MOTION_ONLY,410177,0.6,FLICKERING_BACKGROUND,0.5874999999999999,0.4,0.575,0.565625
MOTION_ONLY,410177,0.75,PATTERNED_STATIC,0.525,0.5,0.55,0.58375
MOTION_ONLY,410177,0.75,UNIFORM_STATIC,0.5125,0.45,0.475,0.5240625
MOTION_ONLY,410177,0.75,FLICKERING_BACKGROUND,0.5375,0.375,0.45,0.5559375
MOTION_ONLY,410177,0.9,PATTERNED_STATIC,0.6125,0.4,0.625,0.6778125
MOTION_ONLY,410177,0.9,UNIFORM_STATIC,0.5375,0.525,0.6,0.5449999999999999
MOTION_ONLY,410177,0.9,FLICKERING_BACKGROUND,0.5375000000000001,0.475,0.55,0.5990625
MOTION_ONLY,410178,0.6,PATTERNED_STATIC,0.4875,0.5,0.475,0.5125000000000001
MOTION_ONLY,410178,0.6,UNIFORM_STATIC,0.4375,0.5,0.375,0.4971875
MOTION_ONLY,410178,0.6,FLICKERING_BACKGROUND,0.5125,0.4,0.425,0.51875
MOTION_ONLY,410178,0.75,PATTERNED_STATIC,0.475,0.55,0.5,0.47281249999999997
MOTION_ONLY,410178,0.75,UNIFORM_STATIC,0.5,0.6,0.6,0.4903125
MOTION_ONLY,410178,0.75,FLICKERING_BACKGROUND,0.4875,0.5,0.475,0.5090625
MOTION_ONLY,410178,0.9,PATTERNED_STATIC,0.5125,0.575,0.6,0.5765625
MOTION_ONLY,410178,0.9,UNIFORM_STATIC,0.5125,0.475,0.5,0.5334375
MOTION_ONLY,410178,0.9,FLICKERING_BACKGROUND,0.4125,0.575,0.4,0.449375
MOTION_ONLY,410179,0.6,PATTERNED_STATIC,0.44999999999999996,0.575,0.475,0.45843749999999994
MOTION_ONLY,410179,0.6,UNIFORM_STATIC,0.5375,0.375,0.45,0.5971875
MOTION_ONLY,410179,0.6,FLICKERING_BACKGROUND,0.48750000000000004,0.55,0.525,0.46375000000000005
MOTION_ONLY,410179,0.75,PATTERNED_STATIC,0.5874999999999999,0.3,0.475,0.5365625
MOTION_ONLY,410179,0.75,UNIFORM_STATIC,0.5375,0.35,0.425,0.515625
MOTION_ONLY,410179,0.75,FLICKERING_BACKGROUND,0.475,0.5,0.45,0.5065625
MOTION_ONLY,410179,0.9,PATTERNED_STATIC,0.45,0.45,0.35,0.438125
MOTION_ONLY,410179,0.9,UNIFORM_STATIC,0.475,0.525,0.475,0.53
MOTION_ONLY,410179,0.9,FLICKERING_BACKGROUND,0.42500000000000004,0.6,0.45,0.3765625
MOTION_ONLY,410180,0.6,PATTERNED_STATIC,0.4625,0.475,0.4,0.4165625
MOTION_ONLY,410180,0.6,UNIFORM_STATIC,0.48750000000000004,0.475,0.45,0.5490625
MOTION_ONLY,410180,0.6,FLICKERING_BACKGROUND,0.4625,0.525,0.45,0.42500000000000004
MOTION_ONLY,410180,0.75,PATTERNED_STATIC,0.4375,0.525,0.4,0.4609375
MOTION_ONLY,410180,0.75,UNIFORM_STATIC,0.625,0.325,0.575,0.6409375
MOTION_ONLY,410180,0.75,FLICKERING_BACKGROUND,0.5125,0.475,0.5,0.48374999999999996
MOTION_ONLY,410180,0.9,PATTERNED_STATIC,0.4875,0.525,0.5,0.556875
MOTION_ONLY,410180,0.9,UNIFORM_STATIC,0.4875,0.525,0.5,0.528125
MOTION_ONLY,410180,0.9,FLICKERING_BACKGROUND,0.4,0.625,0.425,0.4234375
MOTION_ONLY,410181,0.6,PATTERNED_STATIC,0.575,0.45,0.6,0.5493750000000001
MOTION_ONLY,410181,0.6,UNIFORM_STATIC,0.4625,0.6,0.525,0.4303125
MOTION_ONLY,410181,0.6,FLICKERING_BACKGROUND,0.575,0.525,0.675,0.6109374999999999
MOTION_ONLY,410181,0.75,PATTERNED_STATIC,0.55,0.375,0.475,0.5118750000000001
MOTION_ONLY,410181,0.75,UNIFORM_STATIC,0.5125,0.375,0.4,0.5378125
MOTION_ONLY,410181,0.75,FLICKERING_BACKGROUND,0.44999999999999996,0.525,0.425,0.4871875
MOTION_ONLY,410181,0.9,PATTERNED_STATIC,0.48750000000000004,0.55,0.525,0.516875
MOTION_ONLY,410181,0.9,UNIFORM_STATIC,0.5625,0.4,0.525,0.541875
MOTION_ONLY,410181,0.9,FLICKERING_BACKGROUND,0.5,0.55,0.55,0.5128125
MOTION_ONLY,410182,0.6,PATTERNED_STATIC,0.475,0.475,0.425,0.45875000000000005
MOTION_ONLY,410182,0.6,UNIFORM_STATIC,0.6000000000000001,0.45,0.65,0.603125
MOTION_ONLY,410182,0.6,FLICKERING_BACKGROUND,0.525,0.375,0.425,0.4987499999999999
MOTION_ONLY,410182,0.75,PATTERNED_STATIC,0.6,0.375,0.575,0.586875
MOTION_ONLY,410182,0.75,UNIFORM_STATIC,0.44999999999999996,0.525,0.425,0.481875
MOTION_ONLY,410182,0.75,FLICKERING_BACKGROUND,0.3625,0.525,0.25,0.33437500000000003
MOTION_ONLY,410182,0.9,PATTERNED_STATIC,0.5,0.475,0.475,0.5375
MOTION_ONLY,410182,0.9,UNIFORM_STATIC,0.5125,0.375,0.4,0.4815625
MOTION_ONLY,410182,0.9,FLICKERING_BACKGROUND,0.5125,0.425,0.45,0.5609375000000001
MOTION_ONLY,410183,0.6,PATTERNED_STATIC,0.5,0.525,0.525,0.47187500000000004
MOTION_ONLY,410183,0.6,UNIFORM_STATIC,0.45,0.55,0.45,0.4609375
MOTION_ONLY,410183,0.6,FLICKERING_BACKGROUND,0.375,0.475,0.225,0.41156250000000005
MOTION_ONLY,410183,0.75,PATTERNED_STATIC,0.5125,0.45,0.475,0.5171874999999999
MOTION_ONLY,410183,0.75,UNIFORM_STATIC,0.475,0.5,0.45,0.46625
MOTION_ONLY,410183,0.75,FLICKERING_BACKGROUND,0.55,0.425,0.525,0.5553125
MOTION_ONLY,410183,0.9,PATTERNED_STATIC,0.4625,0.5,0.425,0.45593750000000005
MOTION_ONLY,410183,0.9,UNIFORM_STATIC,0.5375,0.5,0.575,0.5284375
MOTION_ONLY,410183,0.9,FLICKERING_BACKGROUND,0.45,0.5,0.4,0.4275
MOTION_ONLY,410184,0.6,PATTERNED_STATIC,0.475,0.5,0.45,0.50125
MOTION_ONLY,410184,0.6,UNIFORM_STATIC,0.6375,0.3,0.575,0.653125
MOTION_ONLY,410184,0.6,FLICKERING_BACKGROUND,0.45,0.5,0.4,0.5115625
MOTION_ONLY,410184,0.75,PATTERNED_STATIC,0.55,0.475,0.575,0.545
MOTION_ONLY,410184,0.75,UNIFORM_STATIC,0.55,0.45,0.55,0.5571875000000001
MOTION_ONLY,410184,0.75,FLICKERING_BACKGROUND,0.4625,0.575,0.5,0.42374999999999996
MOTION_ONLY,410184,0.9,PATTERNED_STATIC,0.44999999999999996,0.525,0.425,0.46187500000000004
MOTION_ONLY,410184,0.9,UNIFORM_STATIC,0.575,0.325,0.475,0.5818749999999999
MOTION_ONLY,410184,0.9,FLICKERING_BACKGROUND,0.4625,0.575,0.5,0.4509375
MOTION_ONLY,410185,0.6,PATTERNED_STATIC,0.4125,0.575,0.4,0.4290625
MOTION_ONLY,410185,0.6,UNIFORM_STATIC,0.575,0.35,0.5,0.593125
MOTION_ONLY,410185,0.6,FLICKERING_BACKGROUND,0.5,0.55,0.55,0.48531250000000004
MOTION_ONLY,410185,0.75,PATTERNED_STATIC,0.46249999999999997,0.425,0.35,0.4634375
MOTION_ONLY,410185,0.75,UNIFORM_STATIC,0.525,0.45,0.5,0.5275
MOTION_ONLY,410185,0.75,FLICKERING_BACKGROUND,0.4625,0.525,0.45,0.49000000000000005
MOTION_ONLY,410185,0.9,PATTERNED_STATIC,0.4625,0.45,0.375,0.524375
MOTION_ONLY,410185,0.9,UNIFORM_STATIC,0.4625,0.475,0.4,0.5331250000000001
MOTION_ONLY,410185,0.9,FLICKERING_BACKGROUND,0.4625,0.525,0.45,0.48062499999999997
MOTION_ONLY,410186,0.6,PATTERNED_STATIC,0.425,0.625,0.475,0.458125
MOTION_ONLY,410186,0.6,UNIFORM_STATIC,0.48750000000000004,0.55,0.525,0.5346875000000001
MOTION_ONLY,410186,0.6,FLICKERING_BACKGROUND,0.5375,0.4,0.475,0.5118750000000001
MOTION_ONLY,410186,0.75,PATTERNED_STATIC,0.45,0.45,0.35,0.45281249999999995
MOTION_ONLY,410186,0.75,UNIFORM_STATIC,0.48750000000000004,0.55,0.525,0.47875
MOTION_ONLY,410186,0.75,FLICKERING_BACKGROUND,0.575,0.3,0.45,0.5240625000000001
MOTION_ONLY,410186,0.9,PATTERNED_STATIC,0.4,0.5,0.3,0.36000000000000004
MOTION_ONLY,410186,0.9,UNIFORM_STATIC,0.4625,0.525,0.45,0.43562500000000004
MOTION_ONLY,410186,0.9,FLICKERING_BACKGROUND,0.5125,0.5,0.525,0.489375
MOTION_ONLY,410187,0.6,PATTERNED_STATIC,0.5875,0.375,0.55,0.5881250000000001
MOTION_ONLY,410187,0.6,UNIFORM_STATIC,0.45,0.5,0.4,0.411875
MOTION_ONLY,410187,0.6,FLICKERING_BACKGROUND,0.5125,0.475,0.5,0.44218750000000007
MOTION_ONLY,410187,0.75,PATTERNED_STATIC,0.6125,0.4,0.625,0.60875
MOTION_ONLY,410187,0.75,UNIFORM_STATIC,0.44999999999999996,0.525,0.425,0.426875
MOTION_ONLY,410187,0.75,FLICKERING_BACKGROUND,0.47500000000000003,0.45,0.4,0.47625
MOTION_ONLY,410187,0.9,PATTERNED_STATIC,0.55,0.425,0.525,0.5509375
MOTION_ONLY,410187,0.9,UNIFORM_STATIC,0.425,0.65,0.5,0.4446875
MOTION_ONLY,410187,0.9,FLICKERING_BACKGROUND,0.5625,0.425,0.55,0.6025
MOTION_ONLY,410188,0.6,PATTERNED_STATIC,0.44999999999999996,0.575,0.475,0.5090625
MOTION_ONLY,410188,0.6,UNIFORM_STATIC,0.4125,0.625,0.45,0.40031250000000007
MOTION_ONLY,410188,0.6,FLICKERING_BACKGROUND,0.5,0.525,0.525,0.46437499999999987
MOTION_ONLY,410188,0.75,PATTERNED_STATIC,0.5249999999999999,0.525,0.575,0.5084375
MOTION_ONLY,410188,0.75,UNIFORM_STATIC,0.4875,0.4,0.375,0.518125
MOTION_ONLY,410188,0.75,FLICKERING_BACKGROUND,0.525,0.35,0.4,0.5434375
MOTION_ONLY,410188,0.9,PATTERNED_STATIC,0.525,0.45,0.5,0.5759375000000001
MOTION_ONLY,410188,0.9,UNIFORM_STATIC,0.475,0.575,0.525,0.523125
MOTION_ONLY,410188,0.9,FLICKERING_BACKGROUND,0.4625,0.55,0.475,0.47250000000000003
MOTION_ONLY,410189,0.6,PATTERNED_STATIC,0.5375,0.4,0.475,0.5925
MOTION_ONLY,410189,0.6,UNIFORM_STATIC,0.475,0.575,0.525,0.5165625
MOTION_ONLY,410189,0.6,FLICKERING_BACKGROUND,0.5,0.45,0.45,0.535
MOTION_ONLY,410189,0.75,PATTERNED_STATIC,0.5375,0.425,0.5,0.5534375
MOTION_ONLY,410189,0.75,UNIFORM_STATIC,0.5,0.5,0.5,0.5021874999999999
MOTION_ONLY,410189,0.75,FLICKERING_BACKGROUND,0.48750000000000004,0.475,0.45,0.44906250000000003
MOTION_ONLY,410189,0.9,PATTERNED_STATIC,0.48750000000000004,0.45,0.425,0.489375
MOTION_ONLY,410189,0.9,UNIFORM_STATIC,0.6625,0.25,0.575,0.7146874999999999
MOTION_ONLY,410189,0.9,FLICKERING_BACKGROUND,0.5,0.5,0.5,0.47968750000000004
MOTION_ONLY,410190,0.6,PATTERNED_STATIC,0.4375,0.625,0.5,0.42156250000000006
MOTION_ONLY,410190,0.6,UNIFORM_STATIC,0.5625,0.375,0.5,0.5915625
MOTION_ONLY,410190,0.6,FLICKERING_BACKGROUND,0.5875,0.375,0.55,0.6393749999999999
MOTION_ONLY,410190,0.75,PATTERNED_STATIC,0.4625,0.5,0.425,0.48718749999999994
MOTION_ONLY,410190,0.75,UNIFORM_STATIC,0.48750000000000004,0.55,0.525,0.54875
MOTION_ONLY,410190,0.75,FLICKERING_BACKGROUND,0.45,0.375,0.275,0.4821875
MOTION_ONLY,410190,0.9,PATTERNED_STATIC,0.5375,0.375,0.45,0.505
MOTION_ONLY,410190,0.9,UNIFORM_STATIC,0.525,0.475,0.525,0.5371875
MOTION_ONLY,410190,0.9,FLICKERING_BACKGROUND,0.5125,0.475,0.5,0.4753125
MOTION_ONLY,410191,0.6,PATTERNED_STATIC,0.525,0.475,0.525,0.5521875
MOTION_ONLY,410191,0.6,UNIFORM_STATIC,0.4875,0.425,0.4,0.511875
MOTION_ONLY,410191,0.6,FLICKERING_BACKGROUND,0.5874999999999999,0.4,0.575,0.5737500000000001
MOTION_ONLY,410191,0.75,PATTERNED_STATIC,0.5249999999999999,0.425,0.475,0.50625
MOTION_ONLY,410191,0.75,UNIFORM_STATIC,0.5375000000000001,0.475,0.55,0.5028125
MOTION_ONLY,410191,0.75,FLICKERING_BACKGROUND,0.5125,0.475,0.5,0.47468750000000004
MOTION_ONLY,410191,0.9,PATTERNED_STATIC,0.575,0.35,0.5,0.62125
MOTION_ONLY,410191,0.9,UNIFORM_STATIC,0.475,0.525,0.475,0.4853125
MOTION_ONLY,410191,0.9,FLICKERING_BACKGROUND,0.5249999999999999,0.525,0.575,0.5115624999999999
MOTION_ONLY,410192,0.6,PATTERNED_STATIC,0.4625,0.525,0.45,0.39843750000000006
MOTION_ONLY,410192,0.6,UNIFORM_STATIC,0.55,0.425,0.525,0.531875
MOTION_ONLY,410192,0.6,FLICKERING_BACKGROUND,0.55,0.5,0.6,0.5846875
MOTION_ONLY,410192,0.75,PATTERNED_STATIC,0.5125,0.45,0.475,0.52375
MOTION_ONLY,410192,0.75,UNIFORM_STATIC,0.5375,0.5,0.575,0.5071874999999999
MOTION_ONLY,410192,0.75,FLICKERING_BACKGROUND,0.5625,0.425,0.55,0.5471874999999999
MOTION_ONLY,410192,0.9,PATTERNED_STATIC,0.5,0.45,0.45,0.4721875
MOTION_ONLY,410192,0.9,UNIFORM_STATIC,0.5875,0.45,0.625,0.5746875
MOTION_ONLY,410192,0.9,FLICKERING_BACKGROUND,0.5625,0.475,0.6,0.5603125000000001
MOTION_ONLY,410193,0.6,PATTERNED_STATIC,0.4625,0.6,0.525,0.4984375
MOTION_ONLY,410193,0.6,UNIFORM_STATIC,0.5125,0.5,0.525,0.5215624999999999
MOTION_ONLY,410193,0.6,FLICKERING_BACKGROUND,0.48750000000000004,0.575,0.55,0.573125
MOTION_ONLY,410193,0.75,PATTERNED_STATIC,0.5375,0.35,0.425,0.566875
MOTION_ONLY,410193,0.75,UNIFORM_STATIC,0.4,0.575,0.375,0.420625
MOTION_ONLY,410193,0.75,FLICKERING_BACKGROUND,0.4625,0.5,0.425,0.48187499999999994
MOTION_ONLY,410193,0.9,PATTERNED_STATIC,0.4,0.575,0.375,0.4196875
MOTION_ONLY,410193,0.9,UNIFORM_STATIC,0.575,0.475,0.625,0.57875
MOTION_ONLY,410193,0.9,FLICKERING_BACKGROUND,0.5125,0.5,0.525,0.53625
MOTION_ONLY,410194,0.6,PATTERNED_STATIC,0.475,0.525,0.475,0.46375
MOTION_ONLY,410194,0.6,UNIFORM_STATIC,0.575,0.425,0.575,0.6168750000000001
MOTION_ONLY,410194,0.6,FLICKERING_BACKGROUND,0.4125,0.625,0.45,0.3775
MOTION_ONLY,410194,0.75,PATTERNED_STATIC,0.5125,0.525,0.55,0.5234375
MOTION_ONLY,410194,0.75,UNIFORM_STATIC,0.5125,0.425,0.45,0.47
MOTION_ONLY,410194,0.75,FLICKERING_BACKGROUND,0.5,0.525,0.525,0.50125
MOTION_ONLY,410194,0.9,PATTERNED_STATIC,0.5,0.55,0.55,0.5156249999999999
MOTION_ONLY,410194,0.9,UNIFORM_STATIC,0.5,0.4,0.4,0.47156250000000005
MOTION_ONLY,410194,0.9,FLICKERING_BACKGROUND,0.5249999999999999,0.425,0.475,0.52625
MOTION_ONLY,410195,0.6,PATTERNED_STATIC,0.4125,0.575,0.4,0.43125
MOTION_ONLY,410195,0.6,UNIFORM_STATIC,0.4625,0.525,0.45,0.4209375000000001
MOTION_ONLY,410195,0.6,FLICKERING_BACKGROUND,0.5,0.525,0.525,0.515
MOTION_ONLY,410195,0.75,PATTERNED_STATIC,0.475,0.475,0.425,0.514375
MOTION_ONLY,410195,0.75,UNIFORM_STATIC,0.47500000000000003,0.45,0.4,0.47562499999999996
MOTION_ONLY,410195,0.75,FLICKERING_BACKGROUND,0.475,0.525,0.475,0.45062500000000005
MOTION_ONLY,410195,0.9,PATTERNED_STATIC,0.55,0.475,0.575,0.6000000000000001
MOTION_ONLY,410195,0.9,UNIFORM_STATIC,0.5,0.5,0.5,0.5003125
MOTION_ONLY,410195,0.9,FLICKERING_BACKGROUND,0.525,0.5,0.55,0.506875
MOTION_ONLY,410196,0.6,PATTERNED_STATIC,0.5249999999999999,0.525,0.575,0.5540625
MOTION_ONLY,410196,0.6,UNIFORM_STATIC,0.4375,0.425,0.3,0.42125
MOTION_ONLY,410196,0.6,FLICKERING_BACKGROUND,0.5125,0.5,0.525,0.5090625
MOTION_ONLY,410196,0.75,PATTERNED_STATIC,0.5375,0.525,0.6,0.5528125
MOTION_ONLY,410196,0.75,UNIFORM_STATIC,0.42500000000000004,0.475,0.325,0.4003125
MOTION_ONLY,410196,0.75,FLICKERING_BACKGROUND,0.5,0.45,0.45,0.5046875
MOTION_ONLY,410196,0.9,PATTERNED_STATIC,0.4625,0.525,0.45,0.4634375
MOTION_ONLY,410196,0.9,UNIFORM_STATIC,0.7125,0.325,0.75,0.7284374999999998
MOTION_ONLY,410196,0.9,FLICKERING_BACKGROUND,0.47500000000000003,0.6,0.55,0.44343750000000004
MOTION_ONLY,410197,0.6,PATTERNED_STATIC,0.5,0.525,0.525,0.5315625
MOTION_ONLY,410197,0.6,UNIFORM_STATIC,0.475,0.4,0.35,0.489375
MOTION_ONLY,410197,0.6,FLICKERING_BACKGROUND,0.4375,0.45,0.325,0.439375
MOTION_ONLY,410197,0.75,PATTERNED_STATIC,0.4375,0.575,0.45,0.45500000000000007
MOTION_ONLY,410197,0.75,UNIFORM_STATIC,0.475,0.525,0.475,0.45656250000000004
MOTION_ONLY,410197,0.75,FLICKERING_BACKGROUND,0.575,0.4,0.55,0.514375
MOTION_ONLY,410197,0.9,PATTERNED_STATIC,0.475,0.5,0.45,0.47906250000000006
MOTION_ONLY,410197,0.9,UNIFORM_STATIC,0.4375,0.6,0.475,0.4275
MOTION_ONLY,410197,0.9,FLICKERING_BACKGROUND,0.45,0.5,0.4,0.4650000000000001
MOTION_ONLY,410198,0.6,PATTERNED_STATIC,0.5125,0.475,0.5,0.5003124999999999
MOTION_ONLY,410198,0.6,UNIFORM_STATIC,0.5625,0.35,0.475,0.536875
MOTION_ONLY,410198,0.6,FLICKERING_BACKGROUND,0.48750000000000004,0.475,0.45,0.51
MOTION_ONLY,410198,0.75,PATTERNED_STATIC,0.48750000000000004,0.45,0.425,0.5278125
MOTION_ONLY,410198,0.75,UNIFORM_STATIC,0.5875,0.375,0.55,0.5909375
MOTION_ONLY,410198,0.75,FLICKERING_BACKGROUND,0.5125,0.35,0.375,0.5475
MOTION_ONLY,410198,0.9,PATTERNED_STATIC,0.425,0.625,0.475,0.45593749999999994
MOTION_ONLY,410198,0.9,UNIFORM_STATIC,0.45,0.475,0.375,0.4140625
MOTION_ONLY,410198,0.9,FLICKERING_BACKGROUND,0.48750000000000004,0.575,0.55,0.4903125
MOTION_ONLY,410199,0.6,PATTERNED_STATIC,0.4875,0.525,0.5,0.5225000000000001
MOTION_ONLY,410199,0.6,UNIFORM_STATIC,0.4625,0.6,0.525,0.5040625
MOTION_ONLY,410199,0.6,FLICKERING_BACKGROUND,0.4375,0.65,0.525,0.4209375
MOTION_ONLY,410199,0.75,PATTERNED_STATIC,0.5125,0.325,0.35,0.5387500000000001
MOTION_ONLY,410199,0.75,UNIFORM_STATIC,0.42500000000000004,0.45,0.3,0.4603125
MOTION_ONLY,410199,0.75,FLICKERING_BACKGROUND,0.575,0.4,0.55,0.5903125
MOTION_ONLY,410199,0.9,PATTERNED_STATIC,0.45,0.5,0.4,0.4415625
MOTION_ONLY,410199,0.9,UNIFORM_STATIC,0.475,0.525,0.475,0.5090625
MOTION_ONLY,410199,0.9,FLICKERING_BACKGROUND,0.5,0.55,0.55,0.47124999999999995
ZERO_FLOW_CONTROL,410100,0.6,PATTERNED_STATIC,0.5125,0.425,0.45,0.5090625
ZERO_FLOW_CONTROL,410100,0.6,UNIFORM_STATIC,0.525,0.475,0.525,0.5471874999999999
ZERO_FLOW_CONTROL,410100,0.6,FLICKERING_BACKGROUND,0.44999999999999996,0.575,0.475,0.4140625
ZERO_FLOW_CONTROL,410100,0.75,PATTERNED_STATIC,0.44999999999999996,0.575,0.475,0.39
ZERO_FLOW_CONTROL,410100,0.75,UNIFORM_STATIC,0.5375000000000001,0.475,0.55,0.5603125000000001
ZERO_FLOW_CONTROL,410100,0.75,FLICKERING_BACKGROUND,0.55,0.5,0.6,0.5690624999999999
ZERO_FLOW_CONTROL,410100,0.9,PATTERNED_STATIC,0.5125,0.5,0.525,0.521875
ZERO_FLOW_CONTROL,410100,0.9,UNIFORM_STATIC,0.475,0.475,0.425,0.46624999999999994
ZERO_FLOW_CONTROL,410100,0.9,FLICKERING_BACKGROUND,0.5,0.475,0.475,0.45999999999999996
ZERO_FLOW_CONTROL,410101,0.6,PATTERNED_STATIC,0.55,0.425,0.525,0.575625
ZERO_FLOW_CONTROL,410101,0.6,UNIFORM_STATIC,0.5375000000000001,0.45,0.525,0.5362499999999999
ZERO_FLOW_CONTROL,410101,0.6,FLICKERING_BACKGROUND,0.5,0.425,0.425,0.45656250000000004
ZERO_FLOW_CONTROL,410101,0.75,PATTERNED_STATIC,0.55,0.475,0.575,0.546875
ZERO_FLOW_CONTROL,410101,0.75,UNIFORM_STATIC,0.5625,0.45,0.575,0.581875
ZERO_FLOW_CONTROL,410101,0.75,FLICKERING_BACKGROUND,0.475,0.525,0.475,0.45593750000000005
ZERO_FLOW_CONTROL,410101,0.9,PATTERNED_STATIC,0.5,0.525,0.525,0.5153125000000001
ZERO_FLOW_CONTROL,410101,0.9,UNIFORM_STATIC,0.5874999999999999,0.525,0.7,0.583125
ZERO_FLOW_CONTROL,410101,0.9,FLICKERING_BACKGROUND,0.4625,0.6,0.525,0.4403125
ZERO_FLOW_CONTROL,410102,0.6,PATTERNED_STATIC,0.6125,0.375,0.6,0.6165625
ZERO_FLOW_CONTROL,410102,0.6,UNIFORM_STATIC,0.55,0.45,0.55,0.5425
ZERO_FLOW_CONTROL,410102,0.6,FLICKERING_BACKGROUND,0.48750000000000004,0.55,0.525,0.43218750000000006
ZERO_FLOW_CONTROL,410102,0.75,PATTERNED_STATIC,0.5125,0.4,0.425,0.53375
ZERO_FLOW_CONTROL,410102,0.75,UNIFORM_STATIC,0.5,0.45,0.45,0.49218750000000006
ZERO_FLOW_CONTROL,410102,0.75,FLICKERING_BACKGROUND,0.475,0.575,0.525,0.4665625
ZERO_FLOW_CONTROL,410102,0.9,PATTERNED_STATIC,0.4375,0.55,0.425,0.4284375
ZERO_FLOW_CONTROL,410102,0.9,UNIFORM_STATIC,0.475,0.4,0.35,0.5421875
ZERO_FLOW_CONTROL,410102,0.9,FLICKERING_BACKGROUND,0.4375,0.55,0.425,0.4209375
ZERO_FLOW_CONTROL,410103,0.6,PATTERNED_STATIC,0.5375,0.5,0.575,0.546875
ZERO_FLOW_CONTROL,410103,0.6,UNIFORM_STATIC,0.5375,0.4,0.475,0.49531250000000004
ZERO_FLOW_CONTROL,410103,0.6,FLICKERING_BACKGROUND,0.5249999999999999,0.525,0.575,0.5584375
ZERO_FLOW_CONTROL,410103,0.75,PATTERNED_STATIC,0.575,0.3,0.45,0.5834375
ZERO_FLOW_CONTROL,410103,0.75,UNIFORM_STATIC,0.575,0.4,0.55,0.5750000000000001
ZERO_FLOW_CONTROL,410103,0.75,FLICKERING_BACKGROUND,0.44999999999999996,0.575,0.475,0.4475
ZERO_FLOW_CONTROL,410103,0.9,PATTERNED_STATIC,0.5,0.4,0.4,0.5084375
ZERO_FLOW_CONTROL,410103,0.9,UNIFORM_STATIC,0.4125,0.525,0.35,0.445625
ZERO_FLOW_CONTROL,410103,0.9,FLICKERING_BACKGROUND,0.38749999999999996,0.525,0.3,0.40937500000000004
ZERO_FLOW_CONTROL,410104,0.6,PATTERNED_STATIC,0.5375,0.375,0.45,0.566875
ZERO_FLOW_CONTROL,410104,0.6,UNIFORM_STATIC,0.55,0.4,0.5,0.49718750000000006
ZERO_FLOW_CONTROL,410104,0.6,FLICKERING_BACKGROUND,0.3625,0.575,0.3,0.39187500000000003
ZERO_FLOW_CONTROL,410104,0.75,PATTERNED_STATIC,0.5,0.625,0.625,0.525625
ZERO_FLOW_CONTROL,410104,0.75,UNIFORM_STATIC,0.5375000000000001,0.45,0.525,0.5615625
ZERO_FLOW_CONTROL,410104,0.75,FLICKERING_BACKGROUND,0.48750000000000004,0.475,0.45,0.411875
ZERO_FLOW_CONTROL,410104,0.9,PATTERNED_STATIC,0.5,0.575,0.575,0.50375
ZERO_FLOW_CONTROL,410104,0.9,UNIFORM_STATIC,0.5125,0.375,0.4,0.4390625
ZERO_FLOW_CONTROL,410104,0.9,FLICKERING_BACKGROUND,0.55,0.425,0.525,0.5665625
ZERO_FLOW_CONTROL,410105,0.6,PATTERNED_STATIC,0.4625,0.575,0.5,0.42593749999999997
ZERO_FLOW_CONTROL,410105,0.6,UNIFORM_STATIC,0.475,0.4,0.35,0.4078124999999999
ZERO_FLOW_CONTROL,410105,0.6,FLICKERING_BACKGROUND,0.4,0.625,0.425,0.42437499999999995
ZERO_FLOW_CONTROL,410105,0.75,PATTERNED_STATIC,0.55,0.525,0.625,0.6231249999999999
ZERO_FLOW_CONTROL,410105,0.75,UNIFORM_STATIC,0.55,0.4,0.5,0.5078125
ZERO_FLOW_CONTROL,410105,0.75,FLICKERING_BACKGROUND,0.475,0.5,0.45,0.454375
ZERO_FLOW_CONTROL,410105,0.9,PATTERNED_STATIC,0.46249999999999997,0.425,0.35,0.49781250000000005
ZERO_FLOW_CONTROL,410105,0.9,UNIFORM_STATIC,0.4125,0.55,0.375,0.46843750000000006
ZERO_FLOW_CONTROL,410105,0.9,FLICKERING_BACKGROUND,0.5375000000000001,0.325,0.4,0.6034375
ZERO_FLOW_CONTROL,410106,0.6,PATTERNED_STATIC,0.45,0.55,0.45,0.42375
ZERO_FLOW_CONTROL,410106,0.6,UNIFORM_STATIC,0.5,0.475,0.475,0.531875
ZERO_FLOW_CONTROL,410106,0.6,FLICKERING_BACKGROUND,0.5875,0.475,0.65,0.6100000000000001
ZERO_FLOW_CONTROL,410106,0.75,PATTERNED_STATIC,0.47500000000000003,0.45,0.4,0.39218749999999997
ZERO_FLOW_CONTROL,410106,0.75,UNIFORM_STATIC,0.475,0.525,0.475,0.4546875000000001
ZERO_FLOW_CONTROL,410106,0.75,FLICKERING_BACKGROUND,0.5,0.45,0.45,0.5190625
ZERO_FLOW_CONTROL,410106,0.9,PATTERNED_STATIC,0.5249999999999999,0.425,0.475,0.5321875
ZERO_FLOW_CONTROL,410106,0.9,UNIFORM_STATIC,0.5375000000000001,0.45,0.525,0.5228125
ZERO_FLOW_CONTROL,410106,0.9,FLICKERING_BACKGROUND,0.5875,0.2,0.375,0.635
ZERO_FLOW_CONTROL,410107,0.6,PATTERNED_STATIC,0.525,0.4,0.45,0.5359375
ZERO_FLOW_CONTROL,410107,0.6,UNIFORM_STATIC,0.45,0.475,0.375,0.4559375
ZERO_FLOW_CONTROL,410107,0.6,FLICKERING_BACKGROUND,0.5,0.475,0.475,0.58
ZERO_FLOW_CONTROL,410107,0.75,PATTERNED_STATIC,0.5,0.425,0.425,0.5128125
ZERO_FLOW_CONTROL,410107,0.75,UNIFORM_STATIC,0.5125,0.425,0.45,0.5499999999999999
ZERO_FLOW_CONTROL,410107,0.75,FLICKERING_BACKGROUND,0.42500000000000004,0.55,0.4,0.45562500000000006
ZERO_FLOW_CONTROL,410107,0.9,PATTERNED_STATIC,0.575,0.375,0.525,0.61625
ZERO_FLOW_CONTROL,410107,0.9,UNIFORM_STATIC,0.48750000000000004,0.45,0.425,0.5
ZERO_FLOW_CONTROL,410107,0.9,FLICKERING_BACKGROUND,0.4625,0.475,0.4,0.481875
ZERO_FLOW_CONTROL,410108,0.6,PATTERNED_STATIC,0.5249999999999999,0.425,0.475,0.5746875
ZERO_FLOW_CONTROL,410108,0.6,UNIFORM_STATIC,0.5125,0.5,0.525,0.53625
ZERO_FLOW_CONTROL,410108,0.6,FLICKERING_BACKGROUND,0.4375,0.55,0.425,0.4303125
ZERO_FLOW_CONTROL,410108,0.75,PATTERNED_STATIC,0.45,0.5,0.4,0.5225000000000001
ZERO_FLOW_CONTROL,410108,0.75,UNIFORM_STATIC,0.5125,0.425,0.45,0.525
ZERO_FLOW_CONTROL,410108,0.75,FLICKERING_BACKGROUND,0.5125,0.475,0.5,0.514375
ZERO_FLOW_CONTROL,410108,0.9,PATTERNED_STATIC,0.5,0.55,0.55,0.5078125
ZERO_FLOW_CONTROL,410108,0.9,UNIFORM_STATIC,0.425,0.625,0.475,0.39374999999999993
ZERO_FLOW_CONTROL,410108,0.9,FLICKERING_BACKGROUND,0.5125,0.575,0.6,0.5275
ZERO_FLOW_CONTROL,410109,0.6,PATTERNED_STATIC,0.55,0.425,0.525,0.55
ZERO_FLOW_CONTROL,410109,0.6,UNIFORM_STATIC,0.4625,0.5,0.425,0.4128125
ZERO_FLOW_CONTROL,410109,0.6,FLICKERING_BACKGROUND,0.5,0.5,0.5,0.4825
ZERO_FLOW_CONTROL,410109,0.75,PATTERNED_STATIC,0.5375,0.55,0.625,0.5046875
ZERO_FLOW_CONTROL,410109,0.75,UNIFORM_STATIC,0.5375,0.425,0.5,0.5346875
ZERO_FLOW_CONTROL,410109,0.75,FLICKERING_BACKGROUND,0.425,0.5,0.35,0.390625
ZERO_FLOW_CONTROL,410109,0.9,PATTERNED_STATIC,0.5,0.5,0.5,0.5187499999999999
ZERO_FLOW_CONTROL,410109,0.9,UNIFORM_STATIC,0.475,0.575,0.525,0.46375
ZERO_FLOW_CONTROL,410109,0.9,FLICKERING_BACKGROUND,0.5625,0.375,0.5,0.5912499999999999
ZERO_FLOW_CONTROL,410110,0.6,PATTERNED_STATIC,0.4,0.6,0.4,0.3928125
ZERO_FLOW_CONTROL,410110,0.6,UNIFORM_STATIC,0.575,0.575,0.725,0.585625
ZERO_FLOW_CONTROL,410110,0.6,FLICKERING_BACKGROUND,0.55,0.4,0.5,0.441875
ZERO_FLOW_CONTROL,410110,0.75,PATTERNED_STATIC,0.55,0.4,0.5,0.571875
ZERO_FLOW_CONTROL,410110,0.75,UNIFORM_STATIC,0.5875,0.375,0.55,0.6546875
ZERO_FLOW_CONTROL,410110,0.75,FLICKERING_BACKGROUND,0.4625,0.45,0.375,0.40781249999999997
ZERO_FLOW_CONTROL,410110,0.9,PATTERNED_STATIC,0.55,0.475,0.575,0.536875
ZERO_FLOW_CONTROL,410110,0.9,UNIFORM_STATIC,0.5375000000000001,0.45,0.525,0.548125
ZERO_FLOW_CONTROL,410110,0.9,FLICKERING_BACKGROUND,0.4375,0.55,0.425,0.45437500000000003
ZERO_FLOW_CONTROL,410111,0.6,PATTERNED_STATIC,0.45,0.475,0.375,0.4575
ZERO_FLOW_CONTROL,410111,0.6,UNIFORM_STATIC,0.5125,0.475,0.5,0.528125
ZERO_FLOW_CONTROL,410111,0.6,FLICKERING_BACKGROUND,0.5125,0.575,0.6,0.5253125000000001
ZERO_FLOW_CONTROL,410111,0.75,PATTERNED_STATIC,0.5625,0.45,0.575,0.5490624999999999
ZERO_FLOW_CONTROL,410111,0.75,UNIFORM_STATIC,0.5125,0.45,0.475,0.49687499999999996
ZERO_FLOW_CONTROL,410111,0.75,FLICKERING_BACKGROUND,0.38749999999999996,0.525,0.3,0.34125000000000005
ZERO_FLOW_CONTROL,410111,0.9,PATTERNED_STATIC,0.5,0.45,0.45,0.47281249999999997
ZERO_FLOW_CONTROL,410111,0.9,UNIFORM_STATIC,0.5,0.5,0.5,0.589375
ZERO_FLOW_CONTROL,410111,0.9,FLICKERING_BACKGROUND,0.475,0.575,0.525,0.4809375
ZERO_FLOW_CONTROL,410112,0.6,PATTERNED_STATIC,0.5,0.55,0.55,0.5209375
ZERO_FLOW_CONTROL,410112,0.6,UNIFORM_STATIC,0.5375000000000001,0.45,0.525,0.5746875
ZERO_FLOW_CONTROL,410112,0.6,FLICKERING_BACKGROUND,0.35,0.725,0.425,0.3359375
ZERO_FLOW_CONTROL,410112,0.75,PATTERNED_STATIC,0.5249999999999999,0.425,0.475,0.455
ZERO_FLOW_CONTROL,410112,0.75,UNIFORM_STATIC,0.4875,0.4,0.375,0.45218749999999996
ZERO_FLOW_CONTROL,410112,0.75,FLICKERING_BACKGROUND,0.5125,0.4,0.425,0.4574999999999999
ZERO_FLOW_CONTROL,410112,0.9,PATTERNED_STATIC,0.5125,0.425,0.45,0.48750000000000004
ZERO_FLOW_CONTROL,410112,0.9,UNIFORM_STATIC,0.6125,0.325,0.55,0.6071875
ZERO_FLOW_CONTROL,410112,0.9,FLICKERING_BACKGROUND,0.5,0.425,0.425,0.5009375
ZERO_FLOW_CONTROL,410113,0.6,PATTERNED_STATIC,0.5,0.5,0.5,0.46624999999999994
ZERO_FLOW_CONTROL,410113,0.6,UNIFORM_STATIC,0.5125,0.5,0.525,0.5071875
ZERO_FLOW_CONTROL,410113,0.6,FLICKERING_BACKGROUND,0.4125,0.575,0.4,0.42562500000000003
ZERO_FLOW_CONTROL,410113,0.75,PATTERNED_STATIC,0.525,0.45,0.5,0.566875
ZERO_FLOW_CONTROL,410113,0.75,UNIFORM_STATIC,0.5125,0.475,0.5,0.4359375
ZERO_FLOW_CONTROL,410113,0.75,FLICKERING_BACKGROUND,0.5125,0.5,0.525,0.54
ZERO_FLOW_CONTROL,410113,0.9,PATTERNED_STATIC,0.4625,0.5,0.425,0.455
ZERO_FLOW_CONTROL,410113,0.9,UNIFORM_STATIC,0.4875,0.525,0.5,0.44906250000000003
ZERO_FLOW_CONTROL,410113,0.9,FLICKERING_BACKGROUND,0.4125,0.6,0.425,0.39
ZERO_FLOW_CONTROL,410114,0.6,PATTERNED_STATIC,0.575,0.475,0.625,0.5884375
ZERO_FLOW_CONTROL,410114,0.6,UNIFORM_STATIC,0.4625,0.475,0.4,0.4628125
ZERO_FLOW_CONTROL,410114,0.6,FLICKERING_BACKGROUND,0.42500000000000004,0.55,0.4,0.39875000000000005
ZERO_FLOW_CONTROL,410114,0.75,PATTERNED_STATIC,0.4125,0.65,0.475,0.453125
ZERO_FLOW_CONTROL,410114,0.75,UNIFORM_STATIC,0.525,0.375,0.425,0.46281250000000007
ZERO_FLOW_CONTROL,410114,0.75,FLICKERING_BACKGROUND,0.4875,0.425,0.4,0.48437500000000006
ZERO_FLOW_CONTROL,410114,0.9,PATTERNED_STATIC,0.4375,0.575,0.45,0.425625
ZERO_FLOW_CONTROL,410114,0.9,UNIFORM_STATIC,0.5625,0.375,0.5,0.5240625000000001
ZERO_FLOW_CONTROL,410114,0.9,FLICKERING_BACKGROUND,0.5125,0.5,0.525,0.52125
ZERO_FLOW_CONTROL,410115,0.6,PATTERNED_STATIC,0.55,0.475,0.575,0.525625
ZERO_FLOW_CONTROL,410115,0.6,UNIFORM_STATIC,0.4625,0.475,0.4,0.4659375
ZERO_FLOW_CONTROL,410115,0.6,FLICKERING_BACKGROUND,0.5625,0.375,0.5,0.5428124999999999
ZERO_FLOW_CONTROL,410115,0.75,PATTERNED_STATIC,0.4375,0.45,0.325,0.465625
ZERO_FLOW_CONTROL,410115,0.75,UNIFORM_STATIC,0.5,0.525,0.525,0.5159375
ZERO_FLOW_CONTROL,410115,0.75,FLICKERING_BACKGROUND,0.5,0.6,0.6,0.49250000000000005
ZERO_FLOW_CONTROL,410115,0.9,PATTERNED_STATIC,0.525,0.4,0.45,0.5609375
ZERO_FLOW_CONTROL,410115,0.9,UNIFORM_STATIC,0.475,0.5,0.45,0.47468750000000004
ZERO_FLOW_CONTROL,410115,0.9,FLICKERING_BACKGROUND,0.4625,0.625,0.55,0.4175
ZERO_FLOW_CONTROL,410116,0.6,PATTERNED_STATIC,0.45,0.55,0.45,0.46624999999999994
ZERO_FLOW_CONTROL,410116,0.6,UNIFORM_STATIC,0.55,0.4,0.5,0.5275
ZERO_FLOW_CONTROL,410116,0.6,FLICKERING_BACKGROUND,0.45,0.55,0.45,0.4140625
ZERO_FLOW_CONTROL,410116,0.75,PATTERNED_STATIC,0.5375,0.4,0.475,0.515
ZERO_FLOW_CONTROL,410116,0.75,UNIFORM_STATIC,0.6000000000000001,0.35,0.55,0.5584375
ZERO_FLOW_CONTROL,410116,0.75,FLICKERING_BACKGROUND,0.525,0.4,0.45,0.499375
ZERO_FLOW_CONTROL,410116,0.9,PATTERNED_STATIC,0.55,0.45,0.55,0.5815625
ZERO_FLOW_CONTROL,410116,0.9,UNIFORM_STATIC,0.5125,0.5,0.525,0.551875
ZERO_FLOW_CONTROL,410116,0.9,FLICKERING_BACKGROUND,0.525,0.4,0.45,0.5265625
ZERO_FLOW_CONTROL,410117,0.6,PATTERNED_STATIC,0.45,0.55,0.45,0.4825000000000001
ZERO_FLOW_CONTROL,410117,0.6,UNIFORM_STATIC,0.47500000000000003,0.45,0.4,0.44375000000000003
ZERO_FLOW_CONTROL,410117,0.6,FLICKERING_BACKGROUND,0.5,0.475,0.475,0.545625
ZERO_FLOW_CONTROL,410117,0.75,PATTERNED_STATIC,0.5,0.55,0.55,0.5590625
ZERO_FLOW_CONTROL,410117,0.75,UNIFORM_STATIC,0.55,0.425,0.525,0.5371875
ZERO_FLOW_CONTROL,410117,0.75,FLICKERING_BACKGROUND,0.48750000000000004,0.55,0.525,0.44906250000000003
ZERO_FLOW_CONTROL,410117,0.9,PATTERNED_STATIC,0.6125,0.3,0.525,0.6353125
ZERO_FLOW_CONTROL,410117,0.9,UNIFORM_STATIC,0.575,0.525,0.675,0.5525000000000001
ZERO_FLOW_CONTROL,410117,0.9,FLICKERING_BACKGROUND,0.575,0.425,0.575,0.54125
ZERO_FLOW_CONTROL,410118,0.6,PATTERNED_STATIC,0.5375,0.375,0.45,0.5453125000000001
ZERO_FLOW_CONTROL,410118,0.6,UNIFORM_STATIC,0.475,0.5,0.45,0.48125
ZERO_FLOW_CONTROL,410118,0.6,FLICKERING_BACKGROUND,0.4,0.575,0.375,0.40375
ZERO_FLOW_CONTROL,410118,0.75,PATTERNED_STATIC,0.4625,0.55,0.475,0.3653125
ZERO_FLOW_CONTROL,410118,0.75,UNIFORM_STATIC,0.4375,0.55,0.425,0.4881250000000001
ZERO_FLOW_CONTROL,410118,0.75,FLICKERING_BACKGROUND,0.45,0.45,0.35,0.46062499999999995
ZERO_FLOW_CONTROL,410118,0.9,PATTERNED_STATIC,0.5375000000000001,0.475,0.55,0.5393749999999999
ZERO_FLOW_CONTROL,410118,0.9,UNIFORM_STATIC,0.5,0.55,0.55,0.48500000000000004
ZERO_FLOW_CONTROL,410118,0.9,FLICKERING_BACKGROUND,0.4625,0.575,0.5,0.43562500000000004
ZERO_FLOW_CONTROL,410119,0.6,PATTERNED_STATIC,0.42500000000000004,0.6,0.45,0.39406250000000004
ZERO_FLOW_CONTROL,410119,0.6,UNIFORM_STATIC,0.5,0.525,0.525,0.4962500000000001
ZERO_FLOW_CONTROL,410119,0.6,FLICKERING_BACKGROUND,0.5,0.525,0.525,0.52625
ZERO_FLOW_CONTROL,410119,0.75,PATTERNED_STATIC,0.475,0.525,0.475,0.4453125
ZERO_FLOW_CONTROL,410119,0.75,UNIFORM_STATIC,0.38749999999999996,0.65,0.425,0.45656250000000004
ZERO_FLOW_CONTROL,410119,0.75,FLICKERING_BACKGROUND,0.4875,0.6,0.575,0.53625
ZERO_FLOW_CONTROL,410119,0.9,PATTERNED_STATIC,0.5625,0.425,0.55,0.6053124999999999
ZERO_FLOW_CONTROL,410119,0.9,UNIFORM_STATIC,0.45,0.6,0.5,0.49750000000000005
ZERO_FLOW_CONTROL,410119,0.9,FLICKERING_BACKGROUND,0.42500000000000004,0.475,0.325,0.41500000000000004
ZERO_FLOW_CONTROL,410120,0.6,PATTERNED_STATIC,0.4625,0.575,0.5,0.520625
ZERO_FLOW_CONTROL,410120,0.6,UNIFORM_STATIC,0.6125,0.275,0.5,0.6237499999999999
ZERO_FLOW_CONTROL,410120,0.6,FLICKERING_BACKGROUND,0.5,0.475,0.475,0.5240625000000001
ZERO_FLOW_CONTROL,410120,0.75,PATTERNED_STATIC,0.475,0.525,0.475,0.498125
ZERO_FLOW_CONTROL,410120,0.75,UNIFORM_STATIC,0.48750000000000004,0.45,0.425,0.45625
ZERO_FLOW_CONTROL,410120,0.75,FLICKERING_BACKGROUND,0.525,0.475,0.525,0.52875
ZERO_FLOW_CONTROL,410120,0.9,PATTERNED_STATIC,0.5249999999999999,0.425,0.475,0.574375
ZERO_FLOW_CONTROL,410120,0.9,UNIFORM_STATIC,0.5125,0.4,0.425,0.46187500000000004
ZERO_FLOW_CONTROL,410120,0.9,FLICKERING_BACKGROUND,0.5375,0.5,0.575,0.601875
ZERO_FLOW_CONTROL,410121,0.6,PATTERNED_STATIC,0.4375,0.575,0.45,0.45062500000000005
ZERO_FLOW_CONTROL,410121,0.6,UNIFORM_STATIC,0.47500000000000003,0.45,0.4,0.4315625
ZERO_FLOW_CONTROL,410121,0.6,FLICKERING_BACKGROUND,0.575,0.325,0.475,0.563125
ZERO_FLOW_CONTROL,410121,0.75,PATTERNED_STATIC,0.5875,0.35,0.525,0.609375
ZERO_FLOW_CONTROL,410121,0.75,UNIFORM_STATIC,0.48750000000000004,0.55,0.525,0.46499999999999997
ZERO_FLOW_CONTROL,410121,0.75,FLICKERING_BACKGROUND,0.4625,0.45,0.375,0.45125
ZERO_FLOW_CONTROL,410121,0.9,PATTERNED_STATIC,0.475,0.425,0.375,0.5037499999999999
ZERO_FLOW_CONTROL,410121,0.9,UNIFORM_STATIC,0.5875,0.35,0.525,0.5396875
ZERO_FLOW_CONTROL,410121,0.9,FLICKERING_BACKGROUND,0.5125,0.425,0.45,0.488125
ZERO_FLOW_CONTROL,410122,0.6,PATTERNED_STATIC,0.5625,0.525,0.65,0.6325
ZERO_FLOW_CONTROL,410122,0.6,UNIFORM_STATIC,0.4625,0.5,0.425,0.4446875
ZERO_FLOW_CONTROL,410122,0.6,FLICKERING_BACKGROUND,0.4125,0.5,0.325,0.391875
ZERO_FLOW_CONTROL,410122,0.75,PATTERNED_STATIC,0.6625,0.275,0.6,0.6687500000000001
ZERO_FLOW_CONTROL,410122,0.75,UNIFORM_STATIC,0.475,0.425,0.375,0.49499999999999994
ZERO_FLOW_CONTROL,410122,0.75,FLICKERING_BACKGROUND,0.44999999999999996,0.525,0.425,0.47562499999999996
ZERO_FLOW_CONTROL,410122,0.9,PATTERNED_STATIC,0.48750000000000004,0.575,0.55,0.46937500000000004
ZERO_FLOW_CONTROL,410122,0.9,UNIFORM_STATIC,0.3375,0.575,0.25,0.329375
ZERO_FLOW_CONTROL,410122,0.9,FLICKERING_BACKGROUND,0.5625,0.475,0.6,0.5684375
ZERO_FLOW_CONTROL,410123,0.6,PATTERNED_STATIC,0.425,0.4,0.25,0.45500000000000007
ZERO_FLOW_CONTROL,410123,0.6,UNIFORM_STATIC,0.5875,0.475,0.65,0.5396875
ZERO_FLOW_CONTROL,410123,0.6,FLICKERING_BACKGROUND,0.6125,0.3,0.525,0.601875
ZERO_FLOW_CONTROL,410123,0.75,PATTERNED_STATIC,0.4625,0.5,0.425,0.42781250000000004
ZERO_FLOW_CONTROL,410123,0.75,UNIFORM_STATIC,0.6625,0.3,0.625,0.6059375
ZERO_FLOW_CONTROL,410123,0.75,FLICKERING_BACKGROUND,0.48750000000000004,0.575,0.55,0.5134375
ZERO_FLOW_CONTROL,410123,0.9,PATTERNED_STATIC,0.5625,0.375,0.5,0.571875
ZERO_FLOW_CONTROL,410123,0.9,UNIFORM_STATIC,0.48750000000000004,0.475,0.45,0.45968749999999997
ZERO_FLOW_CONTROL,410123,0.9,FLICKERING_BACKGROUND,0.35,0.55,0.25,0.32562500000000005
ZERO_FLOW_CONTROL,410124,0.6,PATTERNED_STATIC,0.575,0.325,0.475,0.54875
ZERO_FLOW_CONTROL,410124,0.6,UNIFORM_STATIC,0.48750000000000004,0.55,0.525,0.47343750000000007
ZERO_FLOW_CONTROL,410124,0.6,FLICKERING_BACKGROUND,0.375,0.625,0.375,0.3678125
ZERO_FLOW_CONTROL,410124,0.75,PATTERNED_STATIC,0.4625,0.5,0.425,0.4425
ZERO_FLOW_CONTROL,410124,0.75,UNIFORM_STATIC,0.5,0.45,0.45,0.47375000000000006
ZERO_FLOW_CONTROL,410124,0.75,FLICKERING_BACKGROUND,0.5625,0.4,0.525,0.531875
ZERO_FLOW_CONTROL,410124,0.9,PATTERNED_STATIC,0.5874999999999999,0.4,0.575,0.5703124999999999
ZERO_FLOW_CONTROL,410124,0.9,UNIFORM_STATIC,0.5625,0.45,0.575,0.5921875
ZERO_FLOW_CONTROL,410124,0.9,FLICKERING_BACKGROUND,0.45,0.6,0.5,0.49781250000000005
ZERO_FLOW_CONTROL,410125,0.6,PATTERNED_STATIC,0.4625,0.45,0.375,0.459375
ZERO_FLOW_CONTROL,410125,0.6,UNIFORM_STATIC,0.575,0.325,0.475,0.58875
ZERO_FLOW_CONTROL,410125,0.6,FLICKERING_BACKGROUND,0.5,0.475,0.475,0.4896875
ZERO_FLOW_CONTROL,410125,0.75,PATTERNED_STATIC,0.5,0.45,0.45,0.5231250000000001
ZERO_FLOW_CONTROL,410125,0.75,UNIFORM_STATIC,0.55,0.475,0.575,0.5615625
ZERO_FLOW_CONTROL,410125,0.75,FLICKERING_BACKGROUND,0.475,0.525,0.475,0.40937500000000004
ZERO_FLOW_CONTROL,410125,0.9,PATTERNED_STATIC,0.5625,0.425,0.55,0.509375
ZERO_FLOW_CONTROL,410125,0.9,UNIFORM_STATIC,0.5,0.425,0.425,0.4715625
ZERO_FLOW_CONTROL,410125,0.9,FLICKERING_BACKGROUND,0.45,0.475,0.375,0.4290625
ZERO_FLOW_CONTROL,410126,0.6,PATTERNED_STATIC,0.5125,0.525,0.55,0.4753125
ZERO_FLOW_CONTROL,410126,0.6,UNIFORM_STATIC,0.45,0.5,0.4,0.42281250000000004
ZERO_FLOW_CONTROL,410126,0.6,FLICKERING_BACKGROUND,0.4,0.65,0.45,0.400625
ZERO_FLOW_CONTROL,410126,0.75,PATTERNED_STATIC,0.5125,0.325,0.35,0.46406250000000004
ZERO_FLOW_CONTROL,410126,0.75,UNIFORM_STATIC,0.4125,0.525,0.35,0.44218749999999996
ZERO_FLOW_CONTROL,410126,0.75,FLICKERING_BACKGROUND,0.55,0.325,0.425,0.5725
ZERO_FLOW_CONTROL,410126,0.9,PATTERNED_STATIC,0.5249999999999999,0.425,0.475,0.485
ZERO_FLOW_CONTROL,410126,0.9,UNIFORM_STATIC,0.5125,0.425,0.45,0.49906249999999996
ZERO_FLOW_CONTROL,410126,0.9,FLICKERING_BACKGROUND,0.5,0.5,0.5,0.5609375
ZERO_FLOW_CONTROL,410127,0.6,PATTERNED_STATIC,0.475,0.425,0.375,0.5349999999999999
ZERO_FLOW_CONTROL,410127,0.6,UNIFORM_STATIC,0.475,0.5,0.45,0.43156249999999996
ZERO_FLOW_CONTROL,410127,0.6,FLICKERING_BACKGROUND,0.4625,0.4,0.325,0.45624999999999993
ZERO_FLOW_CONTROL,410127,0.75,PATTERNED_STATIC,0.5,0.4,0.4,0.4618749999999999
ZERO_FLOW_CONTROL,410127,0.75,UNIFORM_STATIC,0.55,0.525,0.625,0.5225
ZERO_FLOW_CONTROL,410127,0.75,FLICKERING_BACKGROUND,0.5,0.5,0.5,0.515
ZERO_FLOW_CONTROL,410127,0.9,PATTERNED_STATIC,0.4125,0.55,0.375,0.3925
ZERO_FLOW_CONTROL,410127,0.9,UNIFORM_STATIC,0.4625,0.625,0.55,0.4987499999999999
ZERO_FLOW_CONTROL,410127,0.9,FLICKERING_BACKGROUND,0.5375000000000001,0.475,0.55,0.5353125000000001
ZERO_FLOW_CONTROL,410128,0.6,PATTERNED_STATIC,0.475,0.55,0.5,0.491875
ZERO_FLOW_CONTROL,410128,0.6,UNIFORM_STATIC,0.475,0.475,0.425,0.40437500000000004
ZERO_FLOW_CONTROL,410128,0.6,FLICKERING_BACKGROUND,0.5,0.5,0.5,0.5100000000000001
ZERO_FLOW_CONTROL,410128,0.75,PATTERNED_STATIC,0.575,0.4,0.55,0.5425
ZERO_FLOW_CONTROL,410128,0.75,UNIFORM_STATIC,0.475,0.525,0.475,0.4865625
ZERO_FLOW_CONTROL,410128,0.75,FLICKERING_BACKGROUND,0.5874999999999999,0.3,0.475,0.5393749999999999
ZERO_FLOW_CONTROL,410128,0.9,PATTERNED_STATIC,0.4,0.575,0.375,0.3734375
ZERO_FLOW_CONTROL,410128,0.9,UNIFORM_STATIC,0.4875,0.5,0.475,0.47937499999999994
ZERO_FLOW_CONTROL,410128,0.9,FLICKERING_BACKGROUND,0.4375,0.625,0.5,0.4756250000000001
ZERO_FLOW_CONTROL,410129,0.6,PATTERNED_STATIC,0.5625,0.4,0.525,0.548125
ZERO_FLOW_CONTROL,410129,0.6,UNIFORM_STATIC,0.44999999999999996,0.525,0.425,0.40593749999999995
ZERO_FLOW_CONTROL,410129,0.6,FLICKERING_BACKGROUND,0.44999999999999996,0.525,0.425,0.384375
ZERO_FLOW_CONTROL,410129,0.75,PATTERNED_STATIC,0.5375,0.375,0.45,0.47843749999999996
ZERO_FLOW_CONTROL,410129,0.75,UNIFORM_STATIC,0.5875,0.375,0.55,0.625
ZERO_FLOW_CONTROL,410129,0.75,FLICKERING_BACKGROUND,0.575,0.425,0.575,0.546875
ZERO_FLOW_CONTROL,410129,0.9,PATTERNED_STATIC,0.375,0.625,0.375,0.39187500000000003
ZERO_FLOW_CONTROL,410129,0.9,UNIFORM_STATIC,0.5,0.475,0.475,0.463125
ZERO_FLOW_CONTROL,410129,0.9,FLICKERING_BACKGROUND,0.475,0.55,0.5,0.464375
ZERO_FLOW_CONTROL,410130,0.6,PATTERNED_STATIC,0.5125,0.425,0.45,0.48125000000000007
ZERO_FLOW_CONTROL,410130,0.6,UNIFORM_STATIC,0.48750000000000004,0.475,0.45,0.47875
ZERO_FLOW_CONTROL,410130,0.6,FLICKERING_BACKGROUND,0.4625,0.55,0.475,0.41125
ZERO_FLOW_CONTROL,410130,0.75,PATTERNED_STATIC,0.5125,0.425,0.45,0.483125
ZERO_FLOW_CONTROL,410130,0.75,UNIFORM_STATIC,0.45,0.55,0.45,0.44781249999999995
ZERO_FLOW_CONTROL,410130,0.75,FLICKERING_BACKGROUND,0.5125,0.425,0.45,0.5006250000000001
ZERO_FLOW_CONTROL,410130,0.9,PATTERNED_STATIC,0.4375,0.625,0.5,0.39187500000000003
ZERO_FLOW_CONTROL,410130,0.9,UNIFORM_STATIC,0.4375,0.525,0.4,0.445625
ZERO_FLOW_CONTROL,410130,0.9,FLICKERING_BACKGROUND,0.5,0.475,0.475,0.51625
ZERO_FLOW_CONTROL,410131,0.6,PATTERNED_STATIC,0.5125,0.475,0.5,0.4875
ZERO_FLOW_CONTROL,410131,0.6,UNIFORM_STATIC,0.4875,0.425,0.4,0.5409375000000001
ZERO_FLOW_CONTROL,410131,0.6,FLICKERING_BACKGROUND,0.4,0.5,0.3,0.36562500000000003
ZERO_FLOW_CONTROL,410131,0.75,PATTERNED_STATIC,0.4875,0.525,0.5,0.484375
ZERO_FLOW_CONTROL,410131,0.75,UNIFORM_STATIC,0.48750000000000004,0.475,0.45,0.44843750000000004
ZERO_FLOW_CONTROL,410131,0.75,FLICKERING_BACKGROUND,0.5125,0.5,0.525,0.5028125000000001
ZERO_FLOW_CONTROL,410131,0.9,PATTERNED_STATIC,0.4125,0.55,0.375,0.4203125
ZERO_FLOW_CONTROL,410131,0.9,UNIFORM_STATIC,0.5,0.425,0.425,0.4284375
ZERO_FLOW_CONTROL,410131,0.9,FLICKERING_BACKGROUND,0.5375000000000001,0.475,0.55,0.4809375
ZERO_FLOW_CONTROL,410132,0.6,PATTERNED_STATIC,0.5125,0.475,0.5,0.5165625
ZERO_FLOW_CONTROL,410132,0.6,UNIFORM_STATIC,0.425,0.5,0.35,0.4715625
ZERO_FLOW_CONTROL,410132,0.6,FLICKERING_BACKGROUND,0.5375000000000001,0.475,0.55,0.5262500000000001
ZERO_FLOW_CONTROL,410132,0.75,PATTERNED_STATIC,0.45,0.6,0.5,0.46
ZERO_FLOW_CONTROL,410132,0.75,UNIFORM_STATIC,0.5,0.575,0.575,0.5065625
ZERO_FLOW_CONTROL,410132,0.75,FLICKERING_BACKGROUND,0.475,0.425,0.375,0.43562499999999993
ZERO_FLOW_CONTROL,410132,0.9,PATTERNED_STATIC,0.5625,0.475,0.6,0.5584375
ZERO_FLOW_CONTROL,410132,0.9,UNIFORM_STATIC,0.45,0.55,0.45,0.4209375
ZERO_FLOW_CONTROL,410132,0.9,FLICKERING_BACKGROUND,0.525,0.475,0.525,0.50375
ZERO_FLOW_CONTROL,410133,0.6,PATTERNED_STATIC,0.575,0.4,0.55,0.5840624999999999
ZERO_FLOW_CONTROL,410133,0.6,UNIFORM_STATIC,0.55,0.4,0.5,0.518125
ZERO_FLOW_CONTROL,410133,0.6,FLICKERING_BACKGROUND,0.575,0.425,0.575,0.5349999999999999
ZERO_FLOW_CONTROL,410133,0.75,PATTERNED_STATIC,0.4125,0.525,0.35,0.40312499999999996
ZERO_FLOW_CONTROL,410133,0.75,UNIFORM_STATIC,0.5125,0.45,0.475,0.5684375
ZERO_FLOW_CONTROL,410133,0.75,FLICKERING_BACKGROUND,0.5249999999999999,0.525,0.575,0.5706249999999999
ZERO_FLOW_CONTROL,410133,0.9,PATTERNED_STATIC,0.5,0.525,0.525,0.5128125
ZERO_FLOW_CONTROL,410133,0.9,UNIFORM_STATIC,0.45,0.375,0.275,0.5103125000000001
ZERO_FLOW_CONTROL,410133,0.9,FLICKERING_BACKGROUND,0.5375,0.525,0.6,0.5671875000000001
ZERO_FLOW_CONTROL,410134,0.6,PATTERNED_STATIC,0.5249999999999999,0.425,0.475,0.5040625000000001
ZERO_FLOW_CONTROL,410134,0.6,UNIFORM_STATIC,0.5125,0.35,0.375,0.5028124999999999
ZERO_FLOW_CONTROL,410134,0.6,FLICKERING_BACKGROUND,0.5375000000000001,0.475,0.55,0.519375
ZERO_FLOW_CONTROL,410134,0.75,PATTERNED_STATIC,0.5249999999999999,0.425,0.475,0.6096875
ZERO_FLOW_CONTROL,410134,0.75,UNIFORM_STATIC,0.5375,0.55,0.625,0.5771875000000001
ZERO_FLOW_CONTROL,410134,0.75,FLICKERING_BACKGROUND,0.6125,0.4,0.625,0.5771875
ZERO_FLOW_CONTROL,410134,0.9,PATTERNED_STATIC,0.6,0.375,0.575,0.630625
ZERO_FLOW_CONTROL,410134,0.9,UNIFORM_STATIC,0.575,0.4,0.55,0.5309375000000001
ZERO_FLOW_CONTROL,410134,0.9,FLICKERING_BACKGROUND,0.5375000000000001,0.475,0.55,0.4928125
ZERO_FLOW_CONTROL,410135,0.6,PATTERNED_STATIC,0.4875,0.5,0.475,0.476875
ZERO_FLOW_CONTROL,410135,0.6,UNIFORM_STATIC,0.5625,0.35,0.475,0.56625
ZERO_FLOW_CONTROL,410135,0.6,FLICKERING_BACKGROUND,0.5125,0.475,0.5,0.533125
ZERO_FLOW_CONTROL,410135,0.75,PATTERNED_STATIC,0.5625,0.425,0.55,0.575
ZERO_FLOW_CONTROL,410135,0.75,UNIFORM_STATIC,0.55,0.425,0.525,0.59625
ZERO_FLOW_CONTROL,410135,0.75,FLICKERING_BACKGROUND,0.6375,0.35,0.625,0.671875
ZERO_FLOW_CONTROL,410135,0.9,PATTERNED_STATIC,0.5,0.5,0.5,0.5421875
ZERO_FLOW_CONTROL,410135,0.9,UNIFORM_STATIC,0.5125,0.45,0.475,0.5625
ZERO_FLOW_CONTROL,410135,0.9,FLICKERING_BACKGROUND,0.5125,0.45,0.475,0.5421875
ZERO_FLOW_CONTROL,410136,0.6,PATTERNED_STATIC,0.525,0.35,0.4,0.4503125
ZERO_FLOW_CONTROL,410136,0.6,UNIFORM_STATIC,0.475,0.525,0.475,0.459375
ZERO_FLOW_CONTROL,410136,0.6,FLICKERING_BACKGROUND,0.5375000000000001,0.475,0.55,0.5843750000000001
ZERO_FLOW_CONTROL,410136,0.75,PATTERNED_STATIC,0.525,0.375,0.425,0.49718749999999995
ZERO_FLOW_CONTROL,410136,0.75,UNIFORM_STATIC,0.42500000000000004,0.55,0.4,0.4421875
ZERO_FLOW_CONTROL,410136,0.75,FLICKERING_BACKGROUND,0.525,0.4,0.45,0.6090625
ZERO_FLOW_CONTROL,410136,0.9,PATTERNED_STATIC,0.5625,0.525,0.65,0.49937500000000007
ZERO_FLOW_CONTROL,410136,0.9,UNIFORM_STATIC,0.4625,0.5,0.425,0.39312499999999995
ZERO_FLOW_CONTROL,410136,0.9,FLICKERING_BACKGROUND,0.48750000000000004,0.475,0.45,0.4731250000000001
ZERO_FLOW_CONTROL,410137,0.6,PATTERNED_STATIC,0.575,0.525,0.675,0.59375
ZERO_FLOW_CONTROL,410137,0.6,UNIFORM_STATIC,0.575,0.35,0.5,0.5584374999999999
ZERO_FLOW_CONTROL,410137,0.6,FLICKERING_BACKGROUND,0.6375,0.325,0.6,0.6375
ZERO_FLOW_CONTROL,410137,0.75,PATTERNED_STATIC,0.4625,0.5,0.425,0.5003124999999999
ZERO_FLOW_CONTROL,410137,0.75,UNIFORM_STATIC,0.5,0.45,0.45,0.5387500000000001
ZERO_FLOW_CONTROL,410137,0.75,FLICKERING_BACKGROUND,0.47500000000000003,0.6,0.55,0.5521875
ZERO_FLOW_CONTROL,410137,0.9,PATTERNED_STATIC,0.4625,0.525,0.45,0.45624999999999993
ZERO_FLOW_CONTROL,410137,0.9,UNIFORM_STATIC,0.475,0.55,0.5,0.5140625000000001
ZERO_FLOW_CONTROL,410137,0.9,FLICKERING_BACKGROUND,0.44999999999999996,0.575,0.475,0.5162500000000001
ZERO_FLOW_CONTROL,410138,0.6,PATTERNED_STATIC,0.475,0.475,0.425,0.5187499999999999
ZERO_FLOW_CONTROL,410138,0.6,UNIFORM_STATIC,0.525,0.4,0.45,0.579375
ZERO_FLOW_CONTROL,410138,0.6,FLICKERING_BACKGROUND,0.5,0.525,0.525,0.509375
ZERO_FLOW_CONTROL,410138,0.75,PATTERNED_STATIC,0.575,0.3,0.45,0.534375
ZERO_FLOW_CONTROL,410138,0.75,UNIFORM_STATIC,0.5125,0.525,0.55,0.5337500000000001
ZERO_FLOW_CONTROL,410138,0.75,FLICKERING_BACKGROUND,0.525,0.6,0.65,0.5234375
ZERO_FLOW_CONTROL,410138,0.9,PATTERNED_STATIC,0.525,0.375,0.425,0.5106250000000001
ZERO_FLOW_CONTROL,410138,0.9,UNIFORM_STATIC,0.5125,0.55,0.575,0.565
ZERO_FLOW_CONTROL,410138,0.9,FLICKERING_BACKGROUND,0.5375000000000001,0.475,0.55,0.480625
ZERO_FLOW_CONTROL,410139,0.6,PATTERNED_STATIC,0.6375,0.425,0.7,0.6721875
ZERO_FLOW_CONTROL,410139,0.6,UNIFORM_STATIC,0.5,0.5,0.5,0.4525
ZERO_FLOW_CONTROL,410139,0.6,FLICKERING_BACKGROUND,0.48750000000000004,0.45,0.425,0.46906249999999994
ZERO_FLOW_CONTROL,410139,0.75,PATTERNED_STATIC,0.4625,0.525,0.45,0.45062500000000005
ZERO_FLOW_CONTROL,410139,0.75,UNIFORM_STATIC,0.4625,0.375,0.3,0.52625
ZERO_FLOW_CONTROL,410139,0.75,FLICKERING_BACKGROUND,0.44999999999999996,0.525,0.425,0.47781250000000003
ZERO_FLOW_CONTROL,410139,0.9,PATTERNED_STATIC,0.4625,0.475,0.4,0.4321875
ZERO_FLOW_CONTROL,410139,0.9,UNIFORM_STATIC,0.4625,0.575,0.5,0.44125000000000003
ZERO_FLOW_CONTROL,410139,0.9,FLICKERING_BACKGROUND,0.625,0.375,0.625,0.610625
ZERO_FLOW_CONTROL,410140,0.6,PATTERNED_STATIC,0.5125,0.375,0.4,0.5096875000000001
ZERO_FLOW_CONTROL,410140,0.6,UNIFORM_STATIC,0.5625,0.4,0.525,0.56
ZERO_FLOW_CONTROL,410140,0.6,FLICKERING_BACKGROUND,0.4625,0.475,0.4,0.4653125000000001
ZERO_FLOW_CONTROL,410140,0.75,PATTERNED_STATIC,0.4625,0.55,0.475,0.469375
ZERO_FLOW_CONTROL,410140,0.75,UNIFORM_STATIC,0.5375,0.4,0.475,0.54
ZERO_FLOW_CONTROL,410140,0.75,FLICKERING_BACKGROUND,0.48750000000000004,0.45,0.425,0.464375
ZERO_FLOW_CONTROL,410140,0.9,PATTERNED_STATIC,0.5375,0.525,0.6,0.49875
ZERO_FLOW_CONTROL,410140,0.9,UNIFORM_STATIC,0.4625,0.5,0.425,0.4771875
ZERO_FLOW_CONTROL,410140,0.9,FLICKERING_BACKGROUND,0.5249999999999999,0.425,0.475,0.48687499999999995
ZERO_FLOW_CONTROL,410141,0.6,PATTERNED_STATIC,0.475,0.55,0.5,0.49531250000000004
ZERO_FLOW_CONTROL,410141,0.6,UNIFORM_STATIC,0.4625,0.575,0.5,0.47750000000000004
ZERO_FLOW_CONTROL,410141,0.6,FLICKERING_BACKGROUND,0.6000000000000001,0.35,0.55,0.6434375
ZERO_FLOW_CONTROL,410141,0.75,PATTERNED_STATIC,0.4625,0.4,0.325,0.468125
ZERO_FLOW_CONTROL,410141,0.75,UNIFORM_STATIC,0.5,0.5,0.5,0.514375
ZERO_FLOW_CONTROL,410141,0.75,FLICKERING_BACKGROUND,0.4625,0.55,0.475,0.45218749999999996
ZERO_FLOW_CONTROL,410141,0.9,PATTERNED_STATIC,0.525,0.375,0.425,0.4965625000000001
ZERO_FLOW_CONTROL,410141,0.9,UNIFORM_STATIC,0.5375000000000001,0.45,0.525,0.58875
ZERO_FLOW_CONTROL,410141,0.9,FLICKERING_BACKGROUND,0.4125,0.6,0.425,0.39656250000000004
ZERO_FLOW_CONTROL,410142,0.6,PATTERNED_STATIC,0.5,0.475,0.475,0.48
ZERO_FLOW_CONTROL,410142,0.6,UNIFORM_STATIC,0.525,0.5,0.55,0.525
ZERO_FLOW_CONTROL,410142,0.6,FLICKERING_BACKGROUND,0.48750000000000004,0.45,0.425,0.4546875
ZERO_FLOW_CONTROL,410142,0.75,PATTERNED_STATIC,0.475,0.475,0.425,0.4771875
ZERO_FLOW_CONTROL,410142,0.75,UNIFORM_STATIC,0.5,0.4,0.4,0.5125
ZERO_FLOW_CONTROL,410142,0.75,FLICKERING_BACKGROUND,0.4875,0.5,0.475,0.47187499999999993
ZERO_FLOW_CONTROL,410142,0.9,PATTERNED_STATIC,0.4625,0.575,0.5,0.4425
ZERO_FLOW_CONTROL,410142,0.9,UNIFORM_STATIC,0.65,0.325,0.625,0.6171875
ZERO_FLOW_CONTROL,410142,0.9,FLICKERING_BACKGROUND,0.4375,0.575,0.45,0.49062500000000003
ZERO_FLOW_CONTROL,410143,0.6,PATTERNED_STATIC,0.5125,0.45,0.475,0.5337500000000001
ZERO_FLOW_CONTROL,410143,0.6,UNIFORM_STATIC,0.525,0.45,0.5,0.516875
ZERO_FLOW_CONTROL,410143,0.6,FLICKERING_BACKGROUND,0.5125,0.5,0.525,0.5237499999999999
ZERO_FLOW_CONTROL,410143,0.75,PATTERNED_STATIC,0.5125,0.475,0.5,0.5059374999999999
ZERO_FLOW_CONTROL,410143,0.75,UNIFORM_STATIC,0.4625,0.55,0.475,0.46375
ZERO_FLOW_CONTROL,410143,0.75,FLICKERING_BACKGROUND,0.5375,0.425,0.5,0.501875
ZERO_FLOW_CONTROL,410143,0.9,PATTERNED_STATIC,0.375,0.675,0.425,0.39281249999999995
ZERO_FLOW_CONTROL,410143,0.9,UNIFORM_STATIC,0.55,0.375,0.475,0.57
ZERO_FLOW_CONTROL,410143,0.9,FLICKERING_BACKGROUND,0.525,0.5,0.55,0.5353125
ZERO_FLOW_CONTROL,410144,0.6,PATTERNED_STATIC,0.5125,0.425,0.45,0.4653125
ZERO_FLOW_CONTROL,410144,0.6,UNIFORM_STATIC,0.55,0.425,0.525,0.54625
ZERO_FLOW_CONTROL,410144,0.6,FLICKERING_BACKGROUND,0.6000000000000001,0.35,0.55,0.6384375
ZERO_FLOW_CONTROL,410144,0.75,PATTERNED_STATIC,0.5375,0.425,0.5,0.5046875
ZERO_FLOW_CONTROL,410144,0.75,UNIFORM_STATIC,0.525,0.475,0.525,0.4821875
ZERO_FLOW_CONTROL,410144,0.75,FLICKERING_BACKGROUND,0.4375,0.475,0.35,0.383125
ZERO_FLOW_CONTROL,410144,0.9,PATTERNED_STATIC,0.525,0.4,0.45,0.471875
ZERO_FLOW_CONTROL,410144,0.9,UNIFORM_STATIC,0.4125,0.575,0.4,0.4059375
ZERO_FLOW_CONTROL,410144,0.9,FLICKERING_BACKGROUND,0.55,0.425,0.525,0.5221875
ZERO_FLOW_CONTROL,410145,0.6,PATTERNED_STATIC,0.55,0.4,0.5,0.5159375
ZERO_FLOW_CONTROL,410145,0.6,UNIFORM_STATIC,0.6125,0.375,0.6,0.6203125
ZERO_FLOW_CONTROL,410145,0.6,FLICKERING_BACKGROUND,0.575,0.375,0.525,0.5674999999999999
ZERO_FLOW_CONTROL,410145,0.75,PATTERNED_STATIC,0.4625,0.525,0.45,0.401875
ZERO_FLOW_CONTROL,410145,0.75,UNIFORM_STATIC,0.55,0.375,0.475,0.5375
ZERO_FLOW_CONTROL,410145,0.75,FLICKERING_BACKGROUND,0.4125,0.625,0.45,0.44781249999999995
ZERO_FLOW_CONTROL,410145,0.9,PATTERNED_STATIC,0.425,0.625,0.475,0.424375
ZERO_FLOW_CONTROL,410145,0.9,UNIFORM_STATIC,0.5249999999999999,0.525,0.575,0.5596875
ZERO_FLOW_CONTROL,410145,0.9,FLICKERING_BACKGROUND,0.475,0.55,0.5,0.5237499999999999
ZERO_FLOW_CONTROL,410146,0.6,PATTERNED_STATIC,0.5125,0.425,0.45,0.5121875
ZERO_FLOW_CONTROL,410146,0.6,UNIFORM_STATIC,0.45,0.5,0.4,0.40437499999999993
ZERO_FLOW_CONTROL,410146,0.6,FLICKERING_BACKGROUND,0.5,0.475,0.475,0.5
ZERO_FLOW_CONTROL,410146,0.75,PATTERNED_STATIC,0.44999999999999996,0.525,0.425,0.48781250000000004
ZERO_FLOW_CONTROL,410146,0.75,UNIFORM_STATIC,0.4625,0.575,0.5,0.44875
ZERO_FLOW_CONTROL,410146,0.75,FLICKERING_BACKGROUND,0.45,0.5,0.4,0.44
ZERO_FLOW_CONTROL,410146,0.9,PATTERNED_STATIC,0.4125,0.575,0.4,0.40625
ZERO_FLOW_CONTROL,410146,0.9,UNIFORM_STATIC,0.5125,0.5,0.525,0.525
ZERO_FLOW_CONTROL,410146,0.9,FLICKERING_BACKGROUND,0.475,0.575,0.525,0.42999999999999994
ZERO_FLOW_CONTROL,410147,0.6,PATTERNED_STATIC,0.5125,0.45,0.475,0.511875
ZERO_FLOW_CONTROL,410147,0.6,UNIFORM_STATIC,0.5874999999999999,0.3,0.475,0.574375
ZERO_FLOW_CONTROL,410147,0.6,FLICKERING_BACKGROUND,0.5125,0.4,0.425,0.49749999999999994
ZERO_FLOW_CONTROL,410147,0.75,PATTERNED_STATIC,0.5625,0.4,0.525,0.5946874999999999
ZERO_FLOW_CONTROL,410147,0.75,UNIFORM_STATIC,0.5625,0.3,0.425,0.585625
ZERO_FLOW_CONTROL,410147,0.75,FLICKERING_BACKGROUND,0.5,0.425,0.425,0.508125
ZERO_FLOW_CONTROL,410147,0.9,PATTERNED_STATIC,0.38749999999999996,0.65,0.425,0.3940625
ZERO_FLOW_CONTROL,410147,0.9,UNIFORM_STATIC,0.5625,0.375,0.5,0.5281250000000001
ZERO_FLOW_CONTROL,410147,0.9,FLICKERING_BACKGROUND,0.375,0.7,0.45,0.38593749999999993
ZERO_FLOW_CONTROL,410148,0.6,PATTERNED_STATIC,0.5125,0.375,0.4,0.47687499999999994
ZERO_FLOW_CONTROL,410148,0.6,UNIFORM_STATIC,0.525,0.45,0.5,0.5371875
ZERO_FLOW_CONTROL,410148,0.6,FLICKERING_BACKGROUND,0.4125,0.6,0.425,0.44187499999999996
ZERO_FLOW_CONTROL,410148,0.75,PATTERNED_STATIC,0.5,0.375,0.375,0.49906249999999996
ZERO_FLOW_CONTROL,410148,0.75,UNIFORM_STATIC,0.575,0.4,0.55,0.5584375
ZERO_FLOW_CONTROL,410148,0.75,FLICKERING_BACKGROUND,0.4875,0.5,0.475,0.5146875
ZERO_FLOW_CONTROL,410148,0.9,PATTERNED_STATIC,0.4625,0.625,0.55,0.5087499999999999
ZERO_FLOW_CONTROL,410148,0.9,UNIFORM_STATIC,0.48750000000000004,0.475,0.45,0.49562500000000004
ZERO_FLOW_CONTROL,410148,0.9,FLICKERING_BACKGROUND,0.4625,0.525,0.45,0.4415625
ZERO_FLOW_CONTROL,410149,0.6,PATTERNED_STATIC,0.55,0.425,0.525,0.5631250000000001
ZERO_FLOW_CONTROL,410149,0.6,UNIFORM_STATIC,0.5625,0.375,0.5,0.5378125
ZERO_FLOW_CONTROL,410149,0.6,FLICKERING_BACKGROUND,0.44999999999999996,0.425,0.325,0.3828125
ZERO_FLOW_CONTROL,410149,0.75,PATTERNED_STATIC,0.575,0.45,0.6,0.5359375000000001
ZERO_FLOW_CONTROL,410149,0.75,UNIFORM_STATIC,0.4625,0.6,0.525,0.42562500000000003
ZERO_FLOW_CONTROL,410149,0.75,FLICKERING_BACKGROUND,0.4375,0.475,0.35,0.4159375
ZERO_FLOW_CONTROL,410149,0.9,PATTERNED_STATIC,0.5625,0.55,0.675,0.5918749999999999
ZERO_FLOW_CONTROL,410149,0.9,UNIFORM_STATIC,0.5,0.475,0.475,0.4934375
ZERO_FLOW_CONTROL,410149,0.9,FLICKERING_BACKGROUND,0.4125,0.5,0.325,0.44281250000000005
ZERO_FLOW_CONTROL,410150,0.6,PATTERNED_STATIC,0.475,0.525,0.475,0.4834375
ZERO_FLOW_CONTROL,410150,0.6,UNIFORM_STATIC,0.5249999999999999,0.425,0.475,0.51
ZERO_FLOW_CONTROL,410150,0.6,FLICKERING_BACKGROUND,0.5125,0.475,0.5,0.4878125
ZERO_FLOW_CONTROL,410150,0.75,PATTERNED_STATIC,0.5874999999999999,0.4,0.575,0.5809375
ZERO_FLOW_CONTROL,410150,0.75,UNIFORM_STATIC,0.5375,0.375,0.45,0.5146875
ZERO_FLOW_CONTROL,410150,0.75,FLICKERING_BACKGROUND,0.5125,0.45,0.475,0.5246875000000001
ZERO_FLOW_CONTROL,410150,0.9,PATTERNED_STATIC,0.45,0.5,0.4,0.46374999999999994
ZERO_FLOW_CONTROL,410150,0.9,UNIFORM_STATIC,0.475,0.475,0.425,0.4521875
ZERO_FLOW_CONTROL,410150,0.9,FLICKERING_BACKGROUND,0.44999999999999996,0.525,0.425,0.461875
ZERO_FLOW_CONTROL,410151,0.6,PATTERNED_STATIC,0.4375,0.6,0.475,0.40843750000000006
ZERO_FLOW_CONTROL,410151,0.6,UNIFORM_STATIC,0.475,0.525,0.475,0.4396874999999999
ZERO_FLOW_CONTROL,410151,0.6,FLICKERING_BACKGROUND,0.575,0.425,0.575,0.58
ZERO_FLOW_CONTROL,410151,0.75,PATTERNED_STATIC,0.5125,0.4,0.425,0.48875
ZERO_FLOW_CONTROL,410151,0.75,UNIFORM_STATIC,0.5375,0.425,0.5,0.5903125000000001
ZERO_FLOW_CONTROL,410151,0.75,FLICKERING_BACKGROUND,0.4625,0.5,0.425,0.46
ZERO_FLOW_CONTROL,410151,0.9,PATTERNED_STATIC,0.4875,0.525,0.5,0.5321874999999999
ZERO_FLOW_CONTROL,410151,0.9,UNIFORM_STATIC,0.5125,0.5,0.525,0.503125
ZERO_FLOW_CONTROL,410151,0.9,FLICKERING_BACKGROUND,0.6125,0.4,0.625,0.6746875
ZERO_FLOW_CONTROL,410152,0.6,PATTERNED_STATIC,0.55,0.45,0.55,0.518125
ZERO_FLOW_CONTROL,410152,0.6,UNIFORM_STATIC,0.5125,0.425,0.45,0.4575000000000001
ZERO_FLOW_CONTROL,410152,0.6,FLICKERING_BACKGROUND,0.45,0.5,0.4,0.46
ZERO_FLOW_CONTROL,410152,0.75,PATTERNED_STATIC,0.5625,0.4,0.525,0.5871875
ZERO_FLOW_CONTROL,410152,0.75,UNIFORM_STATIC,0.5125,0.425,0.45,0.5275
ZERO_FLOW_CONTROL,410152,0.75,FLICKERING_BACKGROUND,0.45,0.5,0.4,0.47531249999999997
ZERO_FLOW_CONTROL,410152,0.9,PATTERNED_STATIC,0.5375000000000001,0.45,0.525,0.5625
ZERO_FLOW_CONTROL,410152,0.9,UNIFORM_STATIC,0.425,0.575,0.425,0.374375
ZERO_FLOW_CONTROL,410152,0.9,FLICKERING_BACKGROUND,0.6125,0.4,0.625,0.6103125
ZERO_FLOW_CONTROL,410153,0.6,PATTERNED_STATIC,0.475,0.475,0.425,0.490625
ZERO_FLOW_CONTROL,410153,0.6,UNIFORM_STATIC,0.35,0.575,0.275,0.355625
ZERO_FLOW_CONTROL,410153,0.6,FLICKERING_BACKGROUND,0.425,0.575,0.425,0.484375
ZERO_FLOW_CONTROL,410153,0.75,PATTERNED_STATIC,0.55,0.325,0.425,0.5521875
ZERO_FLOW_CONTROL,410153,0.75,UNIFORM_STATIC,0.5,0.45,0.45,0.538125
ZERO_FLOW_CONTROL,410153,0.75,FLICKERING_BACKGROUND,0.5625,0.45,0.575,0.606875
ZERO_FLOW_CONTROL,410153,0.9,PATTERNED_STATIC,0.525,0.45,0.5,0.520625
ZERO_FLOW_CONTROL,410153,0.9,UNIFORM_STATIC,0.4875,0.525,0.5,0.465625
ZERO_FLOW_CONTROL,410153,0.9,FLICKERING_BACKGROUND,0.475,0.5,0.45,0.42875
ZERO_FLOW_CONTROL,410154,0.6,PATTERNED_STATIC,0.5375,0.55,0.625,0.48562500000000003
ZERO_FLOW_CONTROL,410154,0.6,UNIFORM_STATIC,0.55,0.475,0.575,0.5700000000000001
ZERO_FLOW_CONTROL,410154,0.6,FLICKERING_BACKGROUND,0.6125,0.35,0.575,0.6174999999999999
ZERO_FLOW_CONTROL,410154,0.75,PATTERNED_STATIC,0.5875,0.35,0.525,0.5915625
ZERO_FLOW_CONTROL,410154,0.75,UNIFORM_STATIC,0.42500000000000004,0.6,0.45,0.3712500000000001
ZERO_FLOW_CONTROL,410154,0.75,FLICKERING_BACKGROUND,0.5,0.425,0.425,0.493125
ZERO_FLOW_CONTROL,410154,0.9,PATTERNED_STATIC,0.5625,0.4,0.525,0.5496874999999999
ZERO_FLOW_CONTROL,410154,0.9,UNIFORM_STATIC,0.5,0.5,0.5,0.51625
ZERO_FLOW_CONTROL,410154,0.9,FLICKERING_BACKGROUND,0.4125,0.575,0.4,0.3934375
ZERO_FLOW_CONTROL,410155,0.6,PATTERNED_STATIC,0.4625,0.475,0.4,0.4259375
ZERO_FLOW_CONTROL,410155,0.6,UNIFORM_STATIC,0.4,0.475,0.275,0.3984375
ZERO_FLOW_CONTROL,410155,0.6,FLICKERING_BACKGROUND,0.525,0.475,0.525,0.52625
ZERO_FLOW_CONTROL,410155,0.75,PATTERNED_STATIC,0.525,0.475,0.525,0.5974999999999999
ZERO_FLOW_CONTROL,410155,0.75,UNIFORM_STATIC,0.425,0.575,0.425,0.3834375
ZERO_FLOW_CONTROL,410155,0.75,FLICKERING_BACKGROUND,0.45,0.45,0.35,0.44375
ZERO_FLOW_CONTROL,410155,0.9,PATTERNED_STATIC,0.55,0.475,0.575,0.4462499999999999
ZERO_FLOW_CONTROL,410155,0.9,UNIFORM_STATIC,0.5249999999999999,0.425,0.475,0.5196875
ZERO_FLOW_CONTROL,410155,0.9,FLICKERING_BACKGROUND,0.3875,0.625,0.4,0.38625
ZERO_FLOW_CONTROL,410156,0.6,PATTERNED_STATIC,0.4625,0.525,0.45,0.4659375
ZERO_FLOW_CONTROL,410156,0.6,UNIFORM_STATIC,0.55,0.425,0.525,0.48812500000000003
ZERO_FLOW_CONTROL,410156,0.6,FLICKERING_BACKGROUND,0.4125,0.575,0.4,0.39531250000000007
ZERO_FLOW_CONTROL,410156,0.75,PATTERNED_STATIC,0.42500000000000004,0.475,0.325,0.42874999999999996
ZERO_FLOW_CONTROL,410156,0.75,UNIFORM_STATIC,0.5375000000000001,0.475,0.55,0.5315625
ZERO_FLOW_CONTROL,410156,0.75,FLICKERING_BACKGROUND,0.4875,0.425,0.4,0.5096875000000001
ZERO_FLOW_CONTROL,410156,0.9,PATTERNED_STATIC,0.475,0.5,0.45,0.43093750000000003
ZERO_FLOW_CONTROL,410156,0.9,UNIFORM_STATIC,0.425,0.65,0.5,0.3946875
ZERO_FLOW_CONTROL,410156,0.9,FLICKERING_BACKGROUND,0.4125,0.6,0.425,0.441875
ZERO_FLOW_CONTROL,410157,0.6,PATTERNED_STATIC,0.525,0.45,0.5,0.48250000000000004
ZERO_FLOW_CONTROL,410157,0.6,UNIFORM_STATIC,0.5,0.475,0.475,0.47812499999999997
ZERO_FLOW_CONTROL,410157,0.6,FLICKERING_BACKGROUND,0.5375,0.4,0.475,0.5537500000000001
ZERO_FLOW_CONTROL,410157,0.75,PATTERNED_STATIC,0.3875,0.5,0.275,0.3840625
ZERO_FLOW_CONTROL,410157,0.75,UNIFORM_STATIC,0.4625,0.525,0.45,0.43218750000000006
ZERO_FLOW_CONTROL,410157,0.75,FLICKERING_BACKGROUND,0.525,0.475,0.525,0.489375
ZERO_FLOW_CONTROL,410157,0.9,PATTERNED_STATIC,0.55,0.35,0.45,0.45625
ZERO_FLOW_CONTROL,410157,0.9,UNIFORM_STATIC,0.5625,0.475,0.6,0.5253125
ZERO_FLOW_CONTROL,410157,0.9,FLICKERING_BACKGROUND,0.55,0.45,0.55,0.5890625
ZERO_FLOW_CONTROL,410158,0.6,PATTERNED_STATIC,0.5375,0.425,0.5,0.536875
ZERO_FLOW_CONTROL,410158,0.6,UNIFORM_STATIC,0.5249999999999999,0.425,0.475,0.573125
ZERO_FLOW_CONTROL,410158,0.6,FLICKERING_BACKGROUND,0.6000000000000001,0.35,0.55,0.6321874999999999
ZERO_FLOW_CONTROL,410158,0.75,PATTERNED_STATIC,0.6,0.375,0.575,0.6190625
ZERO_FLOW_CONTROL,410158,0.75,UNIFORM_STATIC,0.4,0.525,0.325,0.39125
ZERO_FLOW_CONTROL,410158,0.75,FLICKERING_BACKGROUND,0.575,0.35,0.5,0.5578125
ZERO_FLOW_CONTROL,410158,0.9,PATTERNED_STATIC,0.55,0.475,0.575,0.5756249999999999
ZERO_FLOW_CONTROL,410158,0.9,UNIFORM_STATIC,0.5125,0.45,0.475,0.48812500000000003
ZERO_FLOW_CONTROL,410158,0.9,FLICKERING_BACKGROUND,0.5125,0.475,0.5,0.5396875
ZERO_FLOW_CONTROL,410159,0.6,PATTERNED_STATIC,0.48750000000000004,0.475,0.45,0.475
ZERO_FLOW_CONTROL,410159,0.6,UNIFORM_STATIC,0.44999999999999996,0.525,0.425,0.420625
ZERO_FLOW_CONTROL,410159,0.6,FLICKERING_BACKGROUND,0.5375,0.5,0.575,0.52875
ZERO_FLOW_CONTROL,410159,0.75,PATTERNED_STATIC,0.5375,0.575,0.65,0.5278125
ZERO_FLOW_CONTROL,410159,0.75,UNIFORM_STATIC,0.5625,0.375,0.5,0.61125
ZERO_FLOW_CONTROL,410159,0.75,FLICKERING_BACKGROUND,0.5125,0.45,0.475,0.5071875
ZERO_FLOW_CONTROL,410159,0.9,PATTERNED_STATIC,0.675,0.275,0.625,0.6921875000000001
ZERO_FLOW_CONTROL,410159,0.9,UNIFORM_STATIC,0.475,0.5,0.45,0.4696875
ZERO_FLOW_CONTROL,410159,0.9,FLICKERING_BACKGROUND,0.4125,0.5,0.325,0.445
ZERO_FLOW_CONTROL,410160,0.6,PATTERNED_STATIC,0.5,0.4,0.4,0.5
ZERO_FLOW_CONTROL,410160,0.6,UNIFORM_STATIC,0.5,0.55,0.55,0.5421875
ZERO_FLOW_CONTROL,410160,0.6,FLICKERING_BACKGROUND,0.45,0.45,0.35,0.47343750000000007
ZERO_FLOW_CONTROL,410160,0.75,PATTERNED_STATIC,0.5375000000000001,0.475,0.55,0.5509375000000001
ZERO_FLOW_CONTROL,410160,0.75,UNIFORM_STATIC,0.5249999999999999,0.425,0.475,0.5531249999999999
ZERO_FLOW_CONTROL,410160,0.75,FLICKERING_BACKGROUND,0.5625,0.45,0.575,0.5525000000000001
ZERO_FLOW_CONTROL,410160,0.9,PATTERNED_STATIC,0.5625,0.475,0.6,0.589375
ZERO_FLOW_CONTROL,410160,0.9,UNIFORM_STATIC,0.5,0.5,0.5,0.5315624999999999
ZERO_FLOW_CONTROL,410160,0.9,FLICKERING_BACKGROUND,0.4625,0.525,0.45,0.4546875
ZERO_FLOW_CONTROL,410161,0.6,PATTERNED_STATIC,0.5375,0.4,0.475,0.525625
ZERO_FLOW_CONTROL,410161,0.6,UNIFORM_STATIC,0.5625,0.45,0.575,0.5696875
ZERO_FLOW_CONTROL,410161,0.6,FLICKERING_BACKGROUND,0.4125,0.475,0.3,0.430625
ZERO_FLOW_CONTROL,410161,0.75,PATTERNED_STATIC,0.4,0.625,0.425,0.3890625
ZERO_FLOW_CONTROL,410161,0.75,UNIFORM_STATIC,0.475,0.575,0.525,0.5078125
ZERO_FLOW_CONTROL,410161,0.75,FLICKERING_BACKGROUND,0.5875,0.45,0.625,0.573125
ZERO_FLOW_CONTROL,410161,0.9,PATTERNED_STATIC,0.475,0.575,0.525,0.4290625
ZERO_FLOW_CONTROL,410161,0.9,UNIFORM_STATIC,0.5,0.525,0.525,0.520625
ZERO_FLOW_CONTROL,410161,0.9,FLICKERING_BACKGROUND,0.44999999999999996,0.525,0.425,0.46875
ZERO_FLOW_CONTROL,410162,0.6,PATTERNED_STATIC,0.575,0.35,0.5,0.5503125
ZERO_FLOW_CONTROL,410162,0.6,UNIFORM_STATIC,0.5,0.475,0.475,0.505
ZERO_FLOW_CONTROL,410162,0.6,FLICKERING_BACKGROUND,0.48750000000000004,0.55,0.525,0.460625
ZERO_FLOW_CONTROL,410162,0.75,PATTERNED_STATIC,0.44999999999999996,0.525,0.425,0.446875
ZERO_FLOW_CONTROL,410162,0.75,UNIFORM_STATIC,0.5125,0.4,0.425,0.509375
ZERO_FLOW_CONTROL,410162,0.75,FLICKERING_BACKGROUND,0.5,0.45,0.45,0.5096875000000001
ZERO_FLOW_CONTROL,410162,0.9,PATTERNED_STATIC,0.5,0.5,0.5,0.526875
ZERO_FLOW_CONTROL,410162,0.9,UNIFORM_STATIC,0.5,0.375,0.375,0.5003125
ZERO_FLOW_CONTROL,410162,0.9,FLICKERING_BACKGROUND,0.4625,0.575,0.5,0.4209375
ZERO_FLOW_CONTROL,410163,0.6,PATTERNED_STATIC,0.42500000000000004,0.475,0.325,0.3909375
ZERO_FLOW_CONTROL,410163,0.6,UNIFORM_STATIC,0.4,0.575,0.375,0.42937500000000006
ZERO_FLOW_CONTROL,410163,0.6,FLICKERING_BACKGROUND,0.5625,0.5,0.625,0.5421874999999999
ZERO_FLOW_CONTROL,410163,0.75,PATTERNED_STATIC,0.4375,0.525,0.4,0.47874999999999995
ZERO_FLOW_CONTROL,410163,0.75,UNIFORM_STATIC,0.5125,0.475,0.5,0.4546875
ZERO_FLOW_CONTROL,410163,0.75,FLICKERING_BACKGROUND,0.525,0.4,0.45,0.5421874999999999
ZERO_FLOW_CONTROL,410163,0.9,PATTERNED_STATIC,0.5625,0.425,0.55,0.5565625
ZERO_FLOW_CONTROL,410163,0.9,UNIFORM_STATIC,0.5125,0.525,0.55,0.5784374999999999
ZERO_FLOW_CONTROL,410163,0.9,FLICKERING_BACKGROUND,0.55,0.45,0.55,0.4971875
ZERO_FLOW_CONTROL,410164,0.6,PATTERNED_STATIC,0.45,0.55,0.45,0.431875
ZERO_FLOW_CONTROL,410164,0.6,UNIFORM_STATIC,0.525,0.45,0.5,0.520625
ZERO_FLOW_CONTROL,410164,0.6,FLICKERING_BACKGROUND,0.5,0.4,0.4,0.5353125
ZERO_FLOW_CONTROL,410164,0.75,PATTERNED_STATIC,0.55,0.45,0.55,0.528125
ZERO_FLOW_CONTROL,410164,0.75,UNIFORM_STATIC,0.5,0.55,0.55,0.49593750000000003
ZERO_FLOW_CONTROL,410164,0.75,FLICKERING_BACKGROUND,0.42500000000000004,0.475,0.325,0.36156249999999995
ZERO_FLOW_CONTROL,410164,0.9,PATTERNED_STATIC,0.575,0.45,0.6,0.5909375
ZERO_FLOW_CONTROL,410164,0.9,UNIFORM_STATIC,0.55,0.4,0.5,0.5399999999999998
ZERO_FLOW_CONTROL,410164,0.9,FLICKERING_BACKGROUND,0.5125,0.425,0.45,0.491875
ZERO_FLOW_CONTROL,410165,0.6,PATTERNED_STATIC,0.5,0.425,0.425,0.45
ZERO_FLOW_CONTROL,410165,0.6,UNIFORM_STATIC,0.5125,0.5,0.525,0.5446875
ZERO_FLOW_CONTROL,410165,0.6,FLICKERING_BACKGROUND,0.5375000000000001,0.45,0.525,0.559375
ZERO_FLOW_CONTROL,410165,0.75,PATTERNED_STATIC,0.4625,0.475,0.4,0.43843750000000004
ZERO_FLOW_CONTROL,410165,0.75,UNIFORM_STATIC,0.4625,0.55,0.475,0.448125
ZERO_FLOW_CONTROL,410165,0.75,FLICKERING_BACKGROUND,0.48750000000000004,0.475,0.45,0.48718749999999994
ZERO_FLOW_CONTROL,410165,0.9,PATTERNED_STATIC,0.4375,0.525,0.4,0.48000000000000004
ZERO_FLOW_CONTROL,410165,0.9,UNIFORM_STATIC,0.44999999999999996,0.425,0.325,0.44656250000000003
ZERO_FLOW_CONTROL,410165,0.9,FLICKERING_BACKGROUND,0.5125,0.45,0.475,0.4465625
ZERO_FLOW_CONTROL,410166,0.6,PATTERNED_STATIC,0.5874999999999999,0.4,0.575,0.57125
ZERO_FLOW_CONTROL,410166,0.6,UNIFORM_STATIC,0.4875,0.5,0.475,0.5246875
ZERO_FLOW_CONTROL,410166,0.6,FLICKERING_BACKGROUND,0.575,0.375,0.525,0.5915625
ZERO_FLOW_CONTROL,410166,0.75,PATTERNED_STATIC,0.475,0.575,0.525,0.4578125
ZERO_FLOW_CONTROL,410166,0.75,UNIFORM_STATIC,0.44999999999999996,0.525,0.425,0.44625
ZERO_FLOW_CONTROL,410166,0.75,FLICKERING_BACKGROUND,0.475,0.525,0.475,0.45218749999999996
ZERO_FLOW_CONTROL,410166,0.9,PATTERNED_STATIC,0.475,0.525,0.475,0.4753125
ZERO_FLOW_CONTROL,410166,0.9,UNIFORM_STATIC,0.48750000000000004,0.45,0.425,0.4765625
ZERO_FLOW_CONTROL,410166,0.9,FLICKERING_BACKGROUND,0.575,0.425,0.575,0.6421875
ZERO_FLOW_CONTROL,410167,0.6,PATTERNED_STATIC,0.5874999999999999,0.4,0.575,0.5384375000000001
ZERO_FLOW_CONTROL,410167,0.6,UNIFORM_STATIC,0.5874999999999999,0.425,0.6,0.564375
ZERO_FLOW_CONTROL,410167,0.6,FLICKERING_BACKGROUND,0.4125,0.625,0.45,0.3878125000000001
ZERO_FLOW_CONTROL,410167,0.75,PATTERNED_STATIC,0.44999999999999996,0.425,0.325,0.40093750000000006
ZERO_FLOW_CONTROL,410167,0.75,UNIFORM_STATIC,0.5,0.525,0.525,0.5296875000000001
ZERO_FLOW_CONTROL,410167,0.75,FLICKERING_BACKGROUND,0.47500000000000003,0.45,0.4,0.5137499999999999
ZERO_FLOW_CONTROL,410167,0.9,PATTERNED_STATIC,0.45,0.6,0.5,0.48968749999999994
ZERO_FLOW_CONTROL,410167,0.9,UNIFORM_STATIC,0.44999999999999996,0.425,0.325,0.42093749999999996
ZERO_FLOW_CONTROL,410167,0.9,FLICKERING_BACKGROUND,0.4375,0.575,0.45,0.420625
ZERO_FLOW_CONTROL,410168,0.6,PATTERNED_STATIC,0.5874999999999999,0.3,0.475,0.5684375
ZERO_FLOW_CONTROL,410168,0.6,UNIFORM_STATIC,0.475,0.55,0.5,0.5028125
ZERO_FLOW_CONTROL,410168,0.6,FLICKERING_BACKGROUND,0.38749999999999996,0.575,0.35,0.4356250000000001
ZERO_FLOW_CONTROL,410168,0.75,PATTERNED_STATIC,0.5125,0.475,0.5,0.5149999999999999
ZERO_FLOW_CONTROL,410168,0.75,UNIFORM_STATIC,0.44999999999999996,0.525,0.425,0.5081249999999999
ZERO_FLOW_CONTROL,410168,0.75,FLICKERING_BACKGROUND,0.5125,0.575,0.6,0.474375
ZERO_FLOW_CONTROL,410168,0.9,PATTERNED_STATIC,0.4125,0.7,0.525,0.44281250000000005
ZERO_FLOW_CONTROL,410168,0.9,UNIFORM_STATIC,0.625,0.4,0.65,0.6090625
ZERO_FLOW_CONTROL,410168,0.9,FLICKERING_BACKGROUND,0.5875,0.5,0.675,0.5946874999999999
ZERO_FLOW_CONTROL,410169,0.6,PATTERNED_STATIC,0.5625,0.35,0.475,0.561875
ZERO_FLOW_CONTROL,410169,0.6,UNIFORM_STATIC,0.5125,0.475,0.5,0.5349999999999999
ZERO_FLOW_CONTROL,410169,0.6,FLICKERING_BACKGROUND,0.5,0.45,0.45,0.46906250000000005
ZERO_FLOW_CONTROL,410169,0.75,PATTERNED_STATIC,0.5125,0.45,0.475,0.551875
ZERO_FLOW_CONTROL,410169,0.75,UNIFORM_STATIC,0.5,0.525,0.525,0.5034375000000001
ZERO_FLOW_CONTROL,410169,0.75,FLICKERING_BACKGROUND,0.6,0.4,0.6,0.5478125
ZERO_FLOW_CONTROL,410169,0.9,PATTERNED_STATIC,0.625,0.45,0.7,0.640625
ZERO_FLOW_CONTROL,410169,0.9,UNIFORM_STATIC,0.4,0.6,0.4,0.3403125
ZERO_FLOW_CONTROL,410169,0.9,FLICKERING_BACKGROUND,0.55,0.5,0.6,0.5071875
ZERO_FLOW_CONTROL,410170,0.6,PATTERNED_STATIC,0.4,0.7,0.5,0.3628125
ZERO_FLOW_CONTROL,410170,0.6,UNIFORM_STATIC,0.525,0.375,0.425,0.53375
ZERO_FLOW_CONTROL,410170,0.6,FLICKERING_BACKGROUND,0.45,0.55,0.45,0.44500000000000006
ZERO_FLOW_CONTROL,410170,0.75,PATTERNED_STATIC,0.475,0.475,0.425,0.406875
ZERO_FLOW_CONTROL,410170,0.75,UNIFORM_STATIC,0.4375,0.475,0.35,0.45875
ZERO_FLOW_CONTROL,410170,0.75,FLICKERING_BACKGROUND,0.5,0.5,0.5,0.50375
ZERO_FLOW_CONTROL,410170,0.9,PATTERNED_STATIC,0.3875,0.675,0.45,0.344375
ZERO_FLOW_CONTROL,410170,0.9,UNIFORM_STATIC,0.6499999999999999,0.3,0.6,0.6759375
ZERO_FLOW_CONTROL,410170,0.9,FLICKERING_BACKGROUND,0.5375,0.5,0.575,0.5440625
ZERO_FLOW_CONTROL,410171,0.6,PATTERNED_STATIC,0.55,0.375,0.475,0.5653124999999999
ZERO_FLOW_CONTROL,410171,0.6,UNIFORM_STATIC,0.425,0.625,0.475,0.454375
ZERO_FLOW_CONTROL,410171,0.6,FLICKERING_BACKGROUND,0.5125,0.375,0.4,0.5915625
ZERO_FLOW_CONTROL,410171,0.75,PATTERNED_STATIC,0.5375000000000001,0.475,0.55,0.5375
ZERO_FLOW_CONTROL,410171,0.75,UNIFORM_STATIC,0.525,0.5,0.55,0.4965625
ZERO_FLOW_CONTROL,410171,0.75,FLICKERING_BACKGROUND,0.55,0.425,0.525,0.5778125
ZERO_FLOW_CONTROL,410171,0.9,PATTERNED_STATIC,0.5125,0.425,0.45,0.5271875
ZERO_FLOW_CONTROL,410171,0.9,UNIFORM_STATIC,0.5375,0.525,0.6,0.5790624999999999
ZERO_FLOW_CONTROL,410171,0.9,FLICKERING_BACKGROUND,0.5375,0.5,0.575,0.5953125
ZERO_FLOW_CONTROL,410172,0.6,PATTERNED_STATIC,0.425,0.5,0.35,0.42875
ZERO_FLOW_CONTROL,410172,0.6,UNIFORM_STATIC,0.475,0.55,0.5,0.5190625
ZERO_FLOW_CONTROL,410172,0.6,FLICKERING_BACKGROUND,0.425,0.575,0.425,0.39968750000000003
ZERO_FLOW_CONTROL,410172,0.75,PATTERNED_STATIC,0.4,0.55,0.35,0.4559375
ZERO_FLOW_CONTROL,410172,0.75,UNIFORM_STATIC,0.55,0.325,0.425,0.6296875
ZERO_FLOW_CONTROL,410172,0.75,FLICKERING_BACKGROUND,0.5,0.5,0.5,0.49625
ZERO_FLOW_CONTROL,410172,0.9,PATTERNED_STATIC,0.4625,0.5,0.425,0.4553125
ZERO_FLOW_CONTROL,410172,0.9,UNIFORM_STATIC,0.4625,0.6,0.525,0.4328125
ZERO_FLOW_CONTROL,410172,0.9,FLICKERING_BACKGROUND,0.4375,0.6,0.475,0.413125
ZERO_FLOW_CONTROL,410173,0.6,PATTERNED_STATIC,0.475,0.4,0.35,0.43281250000000004
ZERO_FLOW_CONTROL,410173,0.6,UNIFORM_STATIC,0.5125,0.425,0.45,0.4871875
ZERO_FLOW_CONTROL,410173,0.6,FLICKERING_BACKGROUND,0.5375000000000001,0.475,0.55,0.55625
ZERO_FLOW_CONTROL,410173,0.75,PATTERNED_STATIC,0.575,0.45,0.6,0.5775
ZERO_FLOW_CONTROL,410173,0.75,UNIFORM_STATIC,0.5875,0.375,0.55,0.5803125
ZERO_FLOW_CONTROL,410173,0.75,FLICKERING_BACKGROUND,0.5375,0.375,0.45,0.5549999999999999
ZERO_FLOW_CONTROL,410173,0.9,PATTERNED_STATIC,0.5125,0.525,0.55,0.513125
ZERO_FLOW_CONTROL,410173,0.9,UNIFORM_STATIC,0.5375,0.5,0.575,0.5675
ZERO_FLOW_CONTROL,410173,0.9,FLICKERING_BACKGROUND,0.4625,0.525,0.45,0.45125
ZERO_FLOW_CONTROL,410174,0.6,PATTERNED_STATIC,0.4625,0.45,0.375,0.49312500000000004
ZERO_FLOW_CONTROL,410174,0.6,UNIFORM_STATIC,0.5125,0.6,0.625,0.46812499999999996
ZERO_FLOW_CONTROL,410174,0.6,FLICKERING_BACKGROUND,0.375,0.65,0.4,0.3246875000000001
ZERO_FLOW_CONTROL,410174,0.75,PATTERNED_STATIC,0.5,0.5,0.5,0.47156250000000005
ZERO_FLOW_CONTROL,410174,0.75,UNIFORM_STATIC,0.4875,0.375,0.35,0.5028124999999999
ZERO_FLOW_CONTROL,410174,0.75,FLICKERING_BACKGROUND,0.475,0.5,0.45,0.47375
ZERO_FLOW_CONTROL,410174,0.9,PATTERNED_STATIC,0.5625,0.45,0.575,0.5971875
ZERO_FLOW_CONTROL,410174,0.9,UNIFORM_STATIC,0.5125,0.375,0.4,0.454375
ZERO_FLOW_CONTROL,410174,0.9,FLICKERING_BACKGROUND,0.5125,0.4,0.425,0.49406249999999996
ZERO_FLOW_CONTROL,410175,0.6,PATTERNED_STATIC,0.475,0.4,0.35,0.44718749999999996
ZERO_FLOW_CONTROL,410175,0.6,UNIFORM_STATIC,0.5,0.45,0.45,0.5534375
ZERO_FLOW_CONTROL,410175,0.6,FLICKERING_BACKGROUND,0.5,0.425,0.425,0.49718749999999995
ZERO_FLOW_CONTROL,410175,0.75,PATTERNED_STATIC,0.44999999999999996,0.575,0.475,0.42125
ZERO_FLOW_CONTROL,410175,0.75,UNIFORM_STATIC,0.42500000000000004,0.55,0.4,0.4578125
ZERO_FLOW_CONTROL,410175,0.75,FLICKERING_BACKGROUND,0.4625,0.525,0.45,0.476875
ZERO_FLOW_CONTROL,410175,0.9,PATTERNED_STATIC,0.4625,0.5,0.425,0.4540625
ZERO_FLOW_CONTROL,410175,0.9,UNIFORM_STATIC,0.475,0.475,0.425,0.49968750000000006
ZERO_FLOW_CONTROL,410175,0.9,FLICKERING_BACKGROUND,0.525,0.55,0.6,0.5125
ZERO_FLOW_CONTROL,410176,0.6,PATTERNED_STATIC,0.41250000000000003,0.45,0.275,0.42468750000000005
ZERO_FLOW_CONTROL,410176,0.6,UNIFORM_STATIC,0.475,0.5,0.45,0.49531250000000004
ZERO_FLOW_CONTROL,410176,0.6,FLICKERING_BACKGROUND,0.48750000000000004,0.55,0.525,0.5137499999999999
ZERO_FLOW_CONTROL,410176,0.75,PATTERNED_STATIC,0.46249999999999997,0.425,0.35,0.47156250000000005
ZERO_FLOW_CONTROL,410176,0.75,UNIFORM_STATIC,0.5125,0.45,0.475,0.521875
ZERO_FLOW_CONTROL,410176,0.75,FLICKERING_BACKGROUND,0.475,0.4,0.35,0.4346875
ZERO_FLOW_CONTROL,410176,0.9,PATTERNED_STATIC,0.5625,0.475,0.6,0.5431250000000001
ZERO_FLOW_CONTROL,410176,0.9,UNIFORM_STATIC,0.42500000000000004,0.6,0.45,0.4271875
ZERO_FLOW_CONTROL,410176,0.9,FLICKERING_BACKGROUND,0.5625,0.4,0.525,0.538125
ZERO_FLOW_CONTROL,410177,0.6,PATTERNED_STATIC,0.5249999999999999,0.425,0.475,0.51125
ZERO_FLOW_CONTROL,410177,0.6,UNIFORM_STATIC,0.5,0.45,0.45,0.5187499999999999
ZERO_FLOW_CONTROL,410177,0.6,FLICKERING_BACKGROUND,0.5874999999999999,0.4,0.575,0.565625
ZERO_FLOW_CONTROL,410177,0.75,PATTERNED_STATIC,0.525,0.5,0.55,0.5825
ZERO_FLOW_CONTROL,410177,0.75,UNIFORM_STATIC,0.5125,0.45,0.475,0.5246875
ZERO_FLOW_CONTROL,410177,0.75,FLICKERING_BACKGROUND,0.5375,0.375,0.45,0.5559375
ZERO_FLOW_CONTROL,410177,0.9,PATTERNED_STATIC,0.6125,0.4,0.625,0.6778125
ZERO_FLOW_CONTROL,410177,0.9,UNIFORM_STATIC,0.5375,0.525,0.6,0.544375
ZERO_FLOW_CONTROL,410177,0.9,FLICKERING_BACKGROUND,0.5375000000000001,0.475,0.55,0.5984375
ZERO_FLOW_CONTROL,410178,0.6,PATTERNED_STATIC,0.4875,0.5,0.475,0.5118750000000001
ZERO_FLOW_CONTROL,410178,0.6,UNIFORM_STATIC,0.4375,0.5,0.375,0.4971875
ZERO_FLOW_CONTROL,410178,0.6,FLICKERING_BACKGROUND,0.5125,0.4,0.425,0.51875
ZERO_FLOW_CONTROL,410178,0.75,PATTERNED_STATIC,0.475,0.55,0.5,0.4721875
ZERO_FLOW_CONTROL,410178,0.75,UNIFORM_STATIC,0.5,0.6,0.6,0.49093749999999997
ZERO_FLOW_CONTROL,410178,0.75,FLICKERING_BACKGROUND,0.4875,0.5,0.475,0.5103125000000001
ZERO_FLOW_CONTROL,410178,0.9,PATTERNED_STATIC,0.5125,0.575,0.6,0.5765625
ZERO_FLOW_CONTROL,410178,0.9,UNIFORM_STATIC,0.5125,0.475,0.5,0.5309375000000001
ZERO_FLOW_CONTROL,410178,0.9,FLICKERING_BACKGROUND,0.4125,0.575,0.4,0.449375
ZERO_FLOW_CONTROL,410179,0.6,PATTERNED_STATIC,0.44999999999999996,0.575,0.475,0.45781249999999996
ZERO_FLOW_CONTROL,410179,0.6,UNIFORM_STATIC,0.5375,0.375,0.45,0.5965625
ZERO_FLOW_CONTROL,410179,0.6,FLICKERING_BACKGROUND,0.48750000000000004,0.55,0.525,0.46499999999999997
ZERO_FLOW_CONTROL,410179,0.75,PATTERNED_STATIC,0.5874999999999999,0.3,0.475,0.5365625
ZERO_FLOW_CONTROL,410179,0.75,UNIFORM_STATIC,0.5375,0.35,0.425,0.5162500000000001
ZERO_FLOW_CONTROL,410179,0.75,FLICKERING_BACKGROUND,0.475,0.5,0.45,0.5084375
ZERO_FLOW_CONTROL,410179,0.9,PATTERNED_STATIC,0.45,0.45,0.35,0.43937499999999996
ZERO_FLOW_CONTROL,410179,0.9,UNIFORM_STATIC,0.475,0.525,0.475,0.53
ZERO_FLOW_CONTROL,410179,0.9,FLICKERING_BACKGROUND,0.42500000000000004,0.6,0.45,0.3778125
ZERO_FLOW_CONTROL,410180,0.6,PATTERNED_STATIC,0.4625,0.475,0.4,0.4165625
ZERO_FLOW_CONTROL,410180,0.6,UNIFORM_STATIC,0.48750000000000004,0.475,0.45,0.5496874999999999
ZERO_FLOW_CONTROL,410180,0.6,FLICKERING_BACKGROUND,0.4625,0.525,0.45,0.42625
ZERO_FLOW_CONTROL,410180,0.75,PATTERNED_STATIC,0.4375,0.525,0.4,0.4609375
ZERO_FLOW_CONTROL,410180,0.75,UNIFORM_STATIC,0.625,0.325,0.575,0.6421874999999999
ZERO_FLOW_CONTROL,410180,0.75,FLICKERING_BACKGROUND,0.5125,0.475,0.5,0.48374999999999996
ZERO_FLOW_CONTROL,410180,0.9,PATTERNED_STATIC,0.4875,0.525,0.5,0.5562499999999999
ZERO_FLOW_CONTROL,410180,0.9,UNIFORM_STATIC,0.4875,0.525,0.5,0.528125
ZERO_FLOW_CONTROL,410180,0.9,FLICKERING_BACKGROUND,0.4,0.625,0.425,0.4240625
ZERO_FLOW_CONTROL,410181,0.6,PATTERNED_STATIC,0.575,0.45,0.6,0.5493750000000001
ZERO_FLOW_CONTROL,410181,0.6,UNIFORM_STATIC,0.4625,0.6,0.525,0.4328125
ZERO_FLOW_CONTROL,410181,0.6,FLICKERING_BACKGROUND,0.575,0.525,0.675,0.6109374999999999
ZERO_FLOW_CONTROL,410181,0.75,PATTERNED_STATIC,0.55,0.375,0.475,0.5118750000000001
ZERO_FLOW_CONTROL,410181,0.75,UNIFORM_STATIC,0.5125,0.375,0.4,0.5371875
ZERO_FLOW_CONTROL,410181,0.75,FLICKERING_BACKGROUND,0.44999999999999996,0.525,0.425,0.4871875
ZERO_FLOW_CONTROL,410181,0.9,PATTERNED_STATIC,0.48750000000000004,0.55,0.525,0.5162499999999999
ZERO_FLOW_CONTROL,410181,0.9,UNIFORM_STATIC,0.5625,0.4,0.525,0.541875
ZERO_FLOW_CONTROL,410181,0.9,FLICKERING_BACKGROUND,0.5,0.55,0.55,0.5128125
ZERO_FLOW_CONTROL,410182,0.6,PATTERNED_STATIC,0.475,0.475,0.425,0.4575
ZERO_FLOW_CONTROL,410182,0.6,UNIFORM_STATIC,0.6000000000000001,0.45,0.65,0.603125
ZERO_FLOW_CONTROL,410182,0.6,FLICKERING_BACKGROUND,0.525,0.375,0.425,0.4987499999999999
ZERO_FLOW_CONTROL,410182,0.75,PATTERNED_STATIC,0.6,0.375,0.575,0.586875
ZERO_FLOW_CONTROL,410182,0.75,UNIFORM_STATIC,0.44999999999999996,0.525,0.425,0.48125
ZERO_FLOW_CONTROL,410182,0.75,FLICKERING_BACKGROUND,0.3625,0.525,0.25,0.33437500000000003
ZERO_FLOW_CONTROL,410182,0.9,PATTERNED_STATIC,0.5,0.475,0.475,0.5375
ZERO_FLOW_CONTROL,410182,0.9,UNIFORM_STATIC,0.5125,0.375,0.4,0.4821875
ZERO_FLOW_CONTROL,410182,0.9,FLICKERING_BACKGROUND,0.5125,0.425,0.45,0.5609375000000001
ZERO_FLOW_CONTROL,410183,0.6,PATTERNED_STATIC,0.5,0.525,0.525,0.47250000000000003
ZERO_FLOW_CONTROL,410183,0.6,UNIFORM_STATIC,0.45,0.55,0.45,0.4615625
ZERO_FLOW_CONTROL,410183,0.6,FLICKERING_BACKGROUND,0.375,0.475,0.225,0.4115625
ZERO_FLOW_CONTROL,410183,0.75,PATTERNED_STATIC,0.5125,0.45,0.475,0.5196875000000001
ZERO_FLOW_CONTROL,410183,0.75,UNIFORM_STATIC,0.475,0.5,0.45,0.46562499999999996
ZERO_FLOW_CONTROL,410183,0.75,FLICKERING_BACKGROUND,0.55,0.425,0.525,0.5546875
ZERO_FLOW_CONTROL,410183,0.9,PATTERNED_STATIC,0.4625,0.5,0.425,0.45593750000000005
ZERO_FLOW_CONTROL,410183,0.9,UNIFORM_STATIC,0.5375,0.5,0.575,0.5290625
ZERO_FLOW_CONTROL,410183,0.9,FLICKERING_BACKGROUND,0.45,0.5,0.4,0.42812500000000003
ZERO_FLOW_CONTROL,410184,0.6,PATTERNED_STATIC,0.475,0.5,0.45,0.500625
ZERO_FLOW_CONTROL,410184,0.6,UNIFORM_STATIC,0.6375,0.3,0.575,0.655625
ZERO_FLOW_CONTROL,410184,0.6,FLICKERING_BACKGROUND,0.45,0.5,0.4,0.5115624999999999
ZERO_FLOW_CONTROL,410184,0.75,PATTERNED_STATIC,0.55,0.475,0.575,0.545
ZERO_FLOW_CONTROL,410184,0.75,UNIFORM_STATIC,0.55,0.45,0.55,0.5578125
ZERO_FLOW_CONTROL,410184,0.75,FLICKERING_BACKGROUND,0.4625,0.575,0.5,0.424375
ZERO_FLOW_CONTROL,410184,0.9,PATTERNED_STATIC,0.44999999999999996,0.525,0.425,0.46187500000000004
ZERO_FLOW_CONTROL,410184,0.9,UNIFORM_STATIC,0.575,0.325,0.475,0.5818749999999999
ZERO_FLOW_CONTROL,410184,0.9,FLICKERING_BACKGROUND,0.4625,0.575,0.5,0.45031249999999995
ZERO_FLOW_CONTROL,410185,0.6,PATTERNED_STATIC,0.4125,0.575,0.4,0.4284375
ZERO_FLOW_CONTROL,410185,0.6,UNIFORM_STATIC,0.575,0.35,0.5,0.593125
ZERO_FLOW_CONTROL,410185,0.6,FLICKERING_BACKGROUND,0.5,0.55,0.55,0.48531250000000004
ZERO_FLOW_CONTROL,410185,0.75,PATTERNED_STATIC,0.46249999999999997,0.425,0.35,0.46281249999999996
ZERO_FLOW_CONTROL,410185,0.75,UNIFORM_STATIC,0.525,0.45,0.5,0.52875
ZERO_FLOW_CONTROL,410185,0.75,FLICKERING_BACKGROUND,0.4625,0.525,0.45,0.49000000000000005
ZERO_FLOW_CONTROL,410185,0.9,PATTERNED_STATIC,0.4625,0.45,0.375,0.525
ZERO_FLOW_CONTROL,410185,0.9,UNIFORM_STATIC,0.4625,0.475,0.4,0.5331250000000001
ZERO_FLOW_CONTROL,410185,0.9,FLICKERING_BACKGROUND,0.4625,0.525,0.45,0.48062499999999997
ZERO_FLOW_CONTROL,410186,0.6,PATTERNED_STATIC,0.425,0.625,0.475,0.45999999999999996
ZERO_FLOW_CONTROL,410186,0.6,UNIFORM_STATIC,0.48750000000000004,0.55,0.525,0.5340625000000001
ZERO_FLOW_CONTROL,410186,0.6,FLICKERING_BACKGROUND,0.5375,0.4,0.475,0.515625
ZERO_FLOW_CONTROL,410186,0.75,PATTERNED_STATIC,0.45,0.45,0.35,0.45281249999999995
ZERO_FLOW_CONTROL,410186,0.75,UNIFORM_STATIC,0.48750000000000004,0.55,0.525,0.47875
ZERO_FLOW_CONTROL,410186,0.75,FLICKERING_BACKGROUND,0.575,0.3,0.45,0.5234375000000001
ZERO_FLOW_CONTROL,410186,0.9,PATTERNED_STATIC,0.4,0.5,0.3,0.36000000000000004
ZERO_FLOW_CONTROL,410186,0.9,UNIFORM_STATIC,0.4625,0.525,0.45,0.43562500000000004
ZERO_FLOW_CONTROL,410186,0.9,FLICKERING_BACKGROUND,0.5125,0.5,0.525,0.489375
ZERO_FLOW_CONTROL,410187,0.6,PATTERNED_STATIC,0.5875,0.375,0.55,0.588125
ZERO_FLOW_CONTROL,410187,0.6,UNIFORM_STATIC,0.45,0.5,0.4,0.41250000000000003
ZERO_FLOW_CONTROL,410187,0.6,FLICKERING_BACKGROUND,0.5125,0.475,0.5,0.44218750000000007
ZERO_FLOW_CONTROL,410187,0.75,PATTERNED_STATIC,0.6125,0.4,0.625,0.60875
ZERO_FLOW_CONTROL,410187,0.75,UNIFORM_STATIC,0.44999999999999996,0.525,0.425,0.42562500000000003
ZERO_FLOW_CONTROL,410187,0.75,FLICKERING_BACKGROUND,0.47500000000000003,0.45,0.4,0.47625
ZERO_FLOW_CONTROL,410187,0.9,PATTERNED_STATIC,0.55,0.425,0.525,0.5490625
ZERO_FLOW_CONTROL,410187,0.9,UNIFORM_STATIC,0.425,0.65,0.5,0.4446875
ZERO_FLOW_CONTROL,410187,0.9,FLICKERING_BACKGROUND,0.5625,0.425,0.55,0.6025
ZERO_FLOW_CONTROL,410188,0.6,PATTERNED_STATIC,0.44999999999999996,0.575,0.475,0.5078125
ZERO_FLOW_CONTROL,410188,0.6,UNIFORM_STATIC,0.4125,0.625,0.45,0.39968750000000003
ZERO_FLOW_CONTROL,410188,0.6,FLICKERING_BACKGROUND,0.5,0.525,0.525,0.46437499999999987
ZERO_FLOW_CONTROL,410188,0.75,PATTERNED_STATIC,0.5249999999999999,0.525,0.575,0.5084375
ZERO_FLOW_CONTROL,410188,0.75,UNIFORM_STATIC,0.4875,0.4,0.375,0.5187499999999999
ZERO_FLOW_CONTROL,410188,0.75,FLICKERING_BACKGROUND,0.525,0.35,0.4,0.5434375
ZERO_FLOW_CONTROL,410188,0.9,PATTERNED_STATIC,0.525,0.45,0.5,0.5759375000000001
ZERO_FLOW_CONTROL,410188,0.9,UNIFORM_STATIC,0.475,0.575,0.525,0.523125
ZERO_FLOW_CONTROL,410188,0.9,FLICKERING_BACKGROUND,0.4625,0.55,0.475,0.47250000000000003
ZERO_FLOW_CONTROL,410189,0.6,PATTERNED_STATIC,0.5375,0.4,0.475,0.590625
ZERO_FLOW_CONTROL,410189,0.6,UNIFORM_STATIC,0.475,0.575,0.525,0.5165625
ZERO_FLOW_CONTROL,410189,0.6,FLICKERING_BACKGROUND,0.5,0.45,0.45,0.534375
ZERO_FLOW_CONTROL,410189,0.75,PATTERNED_STATIC,0.5375,0.425,0.5,0.5484375
ZERO_FLOW_CONTROL,410189,0.75,UNIFORM_STATIC,0.5,0.5,0.5,0.5021874999999999
ZERO_FLOW_CONTROL,410189,0.75,FLICKERING_BACKGROUND,0.48750000000000004,0.475,0.45,0.4503125
ZERO_FLOW_CONTROL,410189,0.9,PATTERNED_STATIC,0.48750000000000004,0.45,0.425,0.489375
ZERO_FLOW_CONTROL,410189,0.9,UNIFORM_STATIC,0.6625,0.25,0.575,0.7165625
ZERO_FLOW_CONTROL,410189,0.9,FLICKERING_BACKGROUND,0.5,0.5,0.5,0.47906249999999995
ZERO_FLOW_CONTROL,410190,0.6,PATTERNED_STATIC,0.4375,0.625,0.5,0.4209375
ZERO_FLOW_CONTROL,410190,0.6,UNIFORM_STATIC,0.5625,0.375,0.5,0.5915625
ZERO_FLOW_CONTROL,410190,0.6,FLICKERING_BACKGROUND,0.5875,0.375,0.55,0.638125
ZERO_FLOW_CONTROL,410190,0.75,PATTERNED_STATIC,0.4625,0.5,0.425,0.4878124999999999
ZERO_FLOW_CONTROL,410190,0.75,UNIFORM_STATIC,0.48750000000000004,0.55,0.525,0.54875
ZERO_FLOW_CONTROL,410190,0.75,FLICKERING_BACKGROUND,0.45,0.375,0.275,0.4840625
ZERO_FLOW_CONTROL,410190,0.9,PATTERNED_STATIC,0.5375,0.375,0.45,0.505
ZERO_FLOW_CONTROL,410190,0.9,UNIFORM_STATIC,0.525,0.475,0.525,0.5365625
ZERO_FLOW_CONTROL,410190,0.9,FLICKERING_BACKGROUND,0.5125,0.475,0.5,0.4753125
ZERO_FLOW_CONTROL,410191,0.6,PATTERNED_STATIC,0.525,0.475,0.525,0.5509375
ZERO_FLOW_CONTROL,410191,0.6,UNIFORM_STATIC,0.4875,0.425,0.4,0.511875
ZERO_FLOW_CONTROL,410191,0.6,FLICKERING_BACKGROUND,0.5874999999999999,0.4,0.575,0.5737500000000001
ZERO_FLOW_CONTROL,410191,0.75,PATTERNED_STATIC,0.5249999999999999,0.425,0.475,0.505625
ZERO_FLOW_CONTROL,410191,0.75,UNIFORM_STATIC,0.5375000000000001,0.475,0.55,0.5028125
ZERO_FLOW_CONTROL,410191,0.75,FLICKERING_BACKGROUND,0.5125,0.475,0.5,0.47468750000000004
ZERO_FLOW_CONTROL,410191,0.9,PATTERNED_STATIC,0.575,0.35,0.5,0.62125
ZERO_FLOW_CONTROL,410191,0.9,UNIFORM_STATIC,0.475,0.525,0.475,0.4853125
ZERO_FLOW_CONTROL,410191,0.9,FLICKERING_BACKGROUND,0.5249999999999999,0.525,0.575,0.5115624999999999
ZERO_FLOW_CONTROL,410192,0.6,PATTERNED_STATIC,0.4625,0.525,0.45,0.39906250000000004
ZERO_FLOW_CONTROL,410192,0.6,UNIFORM_STATIC,0.55,0.425,0.525,0.531875
ZERO_FLOW_CONTROL,410192,0.6,FLICKERING_BACKGROUND,0.55,0.5,0.6,0.5834375
ZERO_FLOW_CONTROL,410192,0.75,PATTERNED_STATIC,0.5125,0.45,0.475,0.524375
ZERO_FLOW_CONTROL,410192,0.75,UNIFORM_STATIC,0.5375,0.5,0.575,0.5071874999999999
ZERO_FLOW_CONTROL,410192,0.75,FLICKERING_BACKGROUND,0.5625,0.425,0.55,0.5471874999999999
ZERO_FLOW_CONTROL,410192,0.9,PATTERNED_STATIC,0.5,0.45,0.45,0.4715625
ZERO_FLOW_CONTROL,410192,0.9,UNIFORM_STATIC,0.5875,0.45,0.625,0.5753125
ZERO_FLOW_CONTROL,410192,0.9,FLICKERING_BACKGROUND,0.5625,0.475,0.6,0.5603125000000001
ZERO_FLOW_CONTROL,410193,0.6,PATTERNED_STATIC,0.4625,0.6,0.525,0.4984375
ZERO_FLOW_CONTROL,410193,0.6,UNIFORM_STATIC,0.5125,0.5,0.525,0.5240625000000001
ZERO_FLOW_CONTROL,410193,0.6,FLICKERING_BACKGROUND,0.48750000000000004,0.575,0.55,0.5731250000000001
ZERO_FLOW_CONTROL,410193,0.75,PATTERNED_STATIC,0.5375,0.35,0.425,0.566875
ZERO_FLOW_CONTROL,410193,0.75,UNIFORM_STATIC,0.4,0.575,0.375,0.420625
ZERO_FLOW_CONTROL,410193,0.75,FLICKERING_BACKGROUND,0.4625,0.5,0.425,0.483125
ZERO_FLOW_CONTROL,410193,0.9,PATTERNED_STATIC,0.4,0.575,0.375,0.4196875
ZERO_FLOW_CONTROL,410193,0.9,UNIFORM_STATIC,0.575,0.475,0.625,0.57875
ZERO_FLOW_CONTROL,410193,0.9,FLICKERING_BACKGROUND,0.5125,0.5,0.525,0.53625
ZERO_FLOW_CONTROL,410194,0.6,PATTERNED_STATIC,0.475,0.525,0.475,0.4625
ZERO_FLOW_CONTROL,410194,0.6,UNIFORM_STATIC,0.575,0.425,0.575,0.6168750000000001
ZERO_FLOW_CONTROL,410194,0.6,FLICKERING_BACKGROUND,0.4125,0.625,0.45,0.3775
ZERO_FLOW_CONTROL,410194,0.75,PATTERNED_STATIC,0.5125,0.525,0.55,0.5240625
ZERO_FLOW_CONTROL,410194,0.75,UNIFORM_STATIC,0.5125,0.425,0.45,0.47
ZERO_FLOW_CONTROL,410194,0.75,FLICKERING_BACKGROUND,0.5,0.525,0.525,0.49812500000000004
ZERO_FLOW_CONTROL,410194,0.9,PATTERNED_STATIC,0.5,0.55,0.55,0.5156249999999999
ZERO_FLOW_CONTROL,410194,0.9,UNIFORM_STATIC,0.5,0.4,0.4,0.47156250000000005
ZERO_FLOW_CONTROL,410194,0.9,FLICKERING_BACKGROUND,0.5249999999999999,0.425,0.475,0.52625
ZERO_FLOW_CONTROL,410195,0.6,PATTERNED_STATIC,0.4125,0.575,0.4,0.4325
ZERO_FLOW_CONTROL,410195,0.6,UNIFORM_STATIC,0.4625,0.525,0.45,0.4209375000000001
ZERO_FLOW_CONTROL,410195,0.6,FLICKERING_BACKGROUND,0.5,0.525,0.525,0.515
ZERO_FLOW_CONTROL,410195,0.75,PATTERNED_STATIC,0.475,0.475,0.425,0.515625
ZERO_FLOW_CONTROL,410195,0.75,UNIFORM_STATIC,0.47500000000000003,0.45,0.4,0.47375
ZERO_FLOW_CONTROL,410195,0.75,FLICKERING_BACKGROUND,0.475,0.525,0.475,0.4493750000000001
ZERO_FLOW_CONTROL,410195,0.9,PATTERNED_STATIC,0.55,0.475,0.575,0.6000000000000001
ZERO_FLOW_CONTROL,410195,0.9,UNIFORM_STATIC,0.5,0.5,0.5,0.5009375
ZERO_FLOW_CONTROL,410195,0.9,FLICKERING_BACKGROUND,0.525,0.5,0.55,0.505625
ZERO_FLOW_CONTROL,410196,0.6,PATTERNED_STATIC,0.5249999999999999,0.525,0.575,0.5528124999999999
ZERO_FLOW_CONTROL,410196,0.6,UNIFORM_STATIC,0.4375,0.425,0.3,0.42000000000000004
ZERO_FLOW_CONTROL,410196,0.6,FLICKERING_BACKGROUND,0.5125,0.5,0.525,0.5071875
ZERO_FLOW_CONTROL,410196,0.75,PATTERNED_STATIC,0.5375,0.525,0.6,0.5509375
ZERO_FLOW_CONTROL,410196,0.75,UNIFORM_STATIC,0.42500000000000004,0.475,0.325,0.4003125
ZERO_FLOW_CONTROL,410196,0.75,FLICKERING_BACKGROUND,0.5,0.45,0.45,0.5040625
ZERO_FLOW_CONTROL,410196,0.9,PATTERNED_STATIC,0.4625,0.525,0.45,0.4634375
ZERO_FLOW_CONTROL,410196,0.9,UNIFORM_STATIC,0.7125,0.325,0.75,0.7290625
ZERO_FLOW_CONTROL,410196,0.9,FLICKERING_BACKGROUND,0.47500000000000003,0.6,0.55,0.44343750000000004
ZERO_FLOW_CONTROL,410197,0.6,PATTERNED_STATIC,0.5,0.525,0.525,0.5353125
ZERO_FLOW_CONTROL,410197,0.6,UNIFORM_STATIC,0.475,0.4,0.35,0.48875
ZERO_FLOW_CONTROL,410197,0.6,FLICKERING_BACKGROUND,0.4375,0.45,0.325,0.440625
ZERO_FLOW_CONTROL,410197,0.75,PATTERNED_STATIC,0.4375,0.575,0.45,0.45562500000000006
ZERO_FLOW_CONTROL,410197,0.75,UNIFORM_STATIC,0.475,0.525,0.475,0.4546875000000001
ZERO_FLOW_CONTROL,410197,0.75,FLICKERING_BACKGROUND,0.575,0.4,0.55,0.5149999999999999
ZERO_FLOW_CONTROL,410197,0.9,PATTERNED_STATIC,0.475,0.5,0.45,0.47906250000000006
ZERO_FLOW_CONTROL,410197,0.9,UNIFORM_STATIC,0.4375,0.6,0.475,0.4275
ZERO_FLOW_CONTROL,410197,0.9,FLICKERING_BACKGROUND,0.45,0.5,0.4,0.4650000000000001
ZERO_FLOW_CONTROL,410198,0.6,PATTERNED_STATIC,0.5125,0.475,0.5,0.5003124999999999
ZERO_FLOW_CONTROL,410198,0.6,UNIFORM_STATIC,0.5625,0.35,0.475,0.536875
ZERO_FLOW_CONTROL,410198,0.6,FLICKERING_BACKGROUND,0.48750000000000004,0.475,0.45,0.51
ZERO_FLOW_CONTROL,410198,0.75,PATTERNED_STATIC,0.48750000000000004,0.45,0.425,0.5278125
ZERO_FLOW_CONTROL,410198,0.75,UNIFORM_STATIC,0.5875,0.375,0.55,0.5909375
ZERO_FLOW_CONTROL,410198,0.75,FLICKERING_BACKGROUND,0.5125,0.35,0.375,0.5475
ZERO_FLOW_CONTROL,410198,0.9,PATTERNED_STATIC,0.425,0.625,0.475,0.4559375
ZERO_FLOW_CONTROL,410198,0.9,UNIFORM_STATIC,0.45,0.475,0.375,0.4146875
ZERO_FLOW_CONTROL,410198,0.9,FLICKERING_BACKGROUND,0.48750000000000004,0.575,0.55,0.4896875
ZERO_FLOW_CONTROL,410199,0.6,PATTERNED_STATIC,0.4875,0.525,0.5,0.52125
ZERO_FLOW_CONTROL,410199,0.6,UNIFORM_STATIC,0.4625,0.6,0.525,0.5034375
ZERO_FLOW_CONTROL,410199,0.6,FLICKERING_BACKGROUND,0.4375,0.65,0.525,0.4209375
ZERO_FLOW_CONTROL,410199,0.75,PATTERNED_STATIC,0.5125,0.325,0.35,0.54
ZERO_FLOW_CONTROL,410199,0.75,UNIFORM_STATIC,0.42500000000000004,0.45,0.3,0.4590625
ZERO_FLOW_CONTROL,410199,0.75,FLICKERING_BACKGROUND,0.575,0.4,0.55,0.5903125
ZERO_FLOW_CONTROL,410199,0.9,PATTERNED_STATIC,0.45,0.5,0.4,0.4421875
ZERO_FLOW_CONTROL,410199,0.9,UNIFORM_STATIC,0.475,0.525,0.475,0.5090625
ZERO_FLOW_CONTROL,410199,0.9,FLICKERING_BACKGROUND,0.5,0.55,0.55,0.47124999999999995
COUNTEREVIDENCE,410100,0.6,PATTERNED_STATIC,1.0,0.0,1.0,1.0
COUNTEREVIDENCE,410100,0.6,UNIFORM_STATIC,0.5,1.0,1.0,0.46781249999999996
COUNTEREVIDENCE,410100,0.6,FLICKERING_BACKGROUND,0.4875,1.0,0.975,0.5037499999999999
COUNTEREVIDENCE,410100,0.75,PATTERNED_STATIC,1.0,0.0,1.0,1.0
COUNTEREVIDENCE,410100,0.75,UNIFORM_STATIC,0.4875,1.0,0.975,0.4390625
COUNTEREVIDENCE,410100,0.75,FLICKERING_BACKGROUND,0.4875,0.975,0.95,0.5706249999999999
COUNTEREVIDENCE,410100,0.9,PATTERNED_STATIC,1.0,0.0,1.0,1.0
COUNTEREVIDENCE,410100,0.9,UNIFORM_STATIC,0.5,1.0,1.0,0.5046875
COUNTEREVIDENCE,410100,0.9,FLICKERING_BACKGROUND,0.5,1.0,1.0,0.436875
COUNTEREVIDENCE,410101,0.6,PATTERNED_STATIC,1.0,0.0,1.0,1.0
COUNTEREVIDENCE,410101,0.6,UNIFORM_STATIC,0.5,1.0,1.0,0.48
COUNTEREVIDENCE,410101,0.6,FLICKERING_BACKGROUND,0.5125,0.975,1.0,0.52
COUNTEREVIDENCE,410101,0.75,PATTERNED_STATIC,1.0,0.0,1.0,1.0
COUNTEREVIDENCE,410101,0.75,UNIFORM_STATIC,0.5,1.0,1.0,0.355
COUNTEREVIDENCE,410101,0.75,FLICKERING_BACKGROUND,0.5125,0.975,1.0,0.48687499999999995
COUNTEREVIDENCE,410101,0.9,PATTERNED_STATIC,0.9875,0.025,1.0,1.0
COUNTEREVIDENCE,410101,0.9,UNIFORM_STATIC,0.5,1.0,1.0,0.6056250000000001
COUNTEREVIDENCE,410101,0.9,FLICKERING_BACKGROUND,0.525,0.95,1.0,0.549375
COUNTEREVIDENCE,410102,0.6,PATTERNED_STATIC,1.0,0.0,1.0,1.0
COUNTEREVIDENCE,410102,0.6,UNIFORM_STATIC,0.4875,1.0,0.975,0.44499999999999995
COUNTEREVIDENCE,410102,0.6,FLICKERING_BACKGROUND,0.5,1.0,1.0,0.505625
COUNTEREVIDENCE,410102,0.75,PATTERNED_STATIC,1.0,0.0,1.0,1.0
COUNTEREVIDENCE,410102,0.75,UNIFORM_STATIC,0.5,1.0,1.0,0.46531249999999996
COUNTEREVIDENCE,410102,0.75,FLICKERING_BACKGROUND,0.5,1.0,1.0,0.5628124999999999
COUNTEREVIDENCE,410102,0.9,PATTERNED_STATIC,0.9875,0.025,1.0,1.0
COUNTEREVIDENCE,410102,0.9,UNIFORM_STATIC,0.4875,1.0,0.975,0.555625
COUNTEREVIDENCE,410102,0.9,FLICKERING_BACKGROUND,0.5,1.0,1.0,0.5121875
COUNTEREVIDENCE,410103,0.6,PATTERNED_STATIC,1.0,0.0,1.0,1.0
COUNTEREVIDENCE,410103,0.6,UNIFORM_STATIC,0.4625,1.0,0.925,0.3584375
COUNTEREVIDENCE,410103,0.6,FLICKERING_BACKGROUND,0.5,1.0,1.0,0.526875
COUNTEREVIDENCE,410103,0.75,PATTERNED_STATIC,0.9875,0.0,0.975,1.0
COUNTEREVIDENCE,410103,0.75,UNIFORM_STATIC,0.5,1.0,1.0,0.49624999999999997
COUNTEREVIDENCE,410103,0.75,FLICKERING_BACKGROUND,0.4875,1.0,0.975,0.44500000000000006
COUNTEREVIDENCE,410103,0.9,PATTERNED_STATIC,1.0,0.0,1.0,1.0
COUNTEREVIDENCE,410103,0.9,UNIFORM_STATIC,0.5,1.0,1.0,0.39156250000000004
COUNTEREVIDENCE,410103,0.9,FLICKERING_BACKGROUND,0.5,1.0,1.0,0.47937499999999994
COUNTEREVIDENCE,410104,0.6,PATTERNED_STATIC,1.0,0.0,1.0,1.0
COUNTEREVIDENCE,410104,0.6,UNIFORM_STATIC,0.5,1.0,1.0,0.38406250000000003
COUNTEREVIDENCE,410104,0.6,FLICKERING_BACKGROUND,0.5125,0.975,1.0,0.5275000000000001
COUNTEREVIDENCE,410104,0.75,PATTERNED_STATIC,1.0,0.0,1.0,1.0
COUNTEREVIDENCE,410104,0.75,UNIFORM_STATIC,0.5,1.0,1.0,0.46281249999999996
COUNTEREVIDENCE,410104,0.75,FLICKERING_BACKGROUND,0.5125,0.975,1.0,0.3671875
COUNTEREVIDENCE,410104,0.9,PATTERNED_STATIC,0.9875,0.0,0.975,1.0
COUNTEREVIDENCE,410104,0.9,UNIFORM_STATIC,0.5,1.0,1.0,0.48875
COUNTEREVIDENCE,410104,0.9,FLICKERING_BACKGROUND,0.5,1.0,1.0,0.6525000000000001
COUNTEREVIDENCE,410105,0.6,PATTERNED_STATIC,1.0,0.0,1.0,1.0
COUNTEREVIDENCE,410105,0.6,UNIFORM_STATIC,0.5,1.0,1.0,0.2984375
COUNTEREVIDENCE,410105,0.6,FLICKERING_BACKGROUND,0.5,1.0,1.0,0.5134375
COUNTEREVIDENCE,410105,0.75,PATTERNED_STATIC,1.0,0.0,1.0,1.0
COUNTEREVIDENCE,410105,0.75,UNIFORM_STATIC,0.5,1.0,1.0,0.43156249999999996
COUNTEREVIDENCE,410105,0.75,FLICKERING_BACKGROUND,0.5125,0.975,1.0,0.49937499999999996
COUNTEREVIDENCE,410105,0.9,PATTERNED_STATIC,1.0,0.0,1.0,1.0
COUNTEREVIDENCE,410105,0.9,UNIFORM_STATIC,0.5,1.0,1.0,0.44562500000000005
COUNTEREVIDENCE,410105,0.9,FLICKERING_BACKGROUND,0.5,1.0,1.0,0.635625
COUNTEREVIDENCE,410106,0.6,PATTERNED_STATIC,1.0,0.0,1.0,1.0
COUNTEREVIDENCE,410106,0.6,UNIFORM_STATIC,0.4875,1.0,0.975,0.45625000000000004
COUNTEREVIDENCE,410106,0.6,FLICKERING_BACKGROUND,0.5375,0.925,1.0,0.6546875
COUNTEREVIDENCE,410106,0.75,PATTERNED_STATIC,1.0,0.0,1.0,1.0
COUNTEREVIDENCE,410106,0.75,UNIFORM_STATIC,0.5,1.0,1.0,0.4584375
COUNTEREVIDENCE,410106,0.75,FLICKERING_BACKGROUND,0.5125,0.975,1.0,0.5834375
COUNTEREVIDENCE,410106,0.9,PATTERNED_STATIC,0.9875,0.0,0.975,1.0
COUNTEREVIDENCE,410106,0.9,UNIFORM_STATIC,0.5125,0.975,1.0,0.5309375000000001
COUNTEREVIDENCE,410106,0.9,FLICKERING_BACKGROUND,0.5,1.0,1.0,0.6287500000000001
COUNTEREVIDENCE,410107,0.6,PATTERNED_STATIC,1.0,0.0,1.0,1.0
COUNTEREVIDENCE,410107,0.6,UNIFORM_STATIC,0.4875,1.0,0.975,0.43812500000000004
COUNTEREVIDENCE,410107,0.6,FLICKERING_BACKGROUND,0.4625,1.0,0.925,0.495625
COUNTEREVIDENCE,410107,0.75,PATTERNED_STATIC,1.0,0.0,1.0,1.0
COUNTEREVIDENCE,410107,0.75,UNIFORM_STATIC,0.5,1.0,1.0,0.4271875
COUNTEREVIDENCE,410107,0.75,FLICKERING_BACKGROUND,0.4875,1.0,0.975,0.5146875
COUNTEREVIDENCE,410107,0.9,PATTERNED_STATIC,1.0,0.0,1.0,1.0
COUNTEREVIDENCE,410107,0.9,UNIFORM_STATIC,0.5,1.0,1.0,0.4990625
COUNTEREVIDENCE,410107,0.9,FLICKERING_BACKGROUND,0.4875,1.0,0.975,0.41656249999999995
COUNTEREVIDENCE,410108,0.6,PATTERNED_STATIC,0.9875,0.0,0.975,1.0
COUNTEREVIDENCE,410108,0.6,UNIFORM_STATIC,0.5,1.0,1.0,0.4509375
COUNTEREVIDENCE,410108,0.6,FLICKERING_BACKGROUND,0.5125,0.975,1.0,0.48124999999999996
COUNTEREVIDENCE,410108,0.75,PATTERNED_STATIC,1.0,0.0,1.0,1.0
COUNTEREVIDENCE,410108,0.75,UNIFORM_STATIC,0.5,1.0,1.0,0.5650000000000001
COUNTEREVIDENCE,410108,0.75,FLICKERING_BACKGROUND,0.525,0.95,1.0,0.5700000000000001
COUNTEREVIDENCE,410108,0.9,PATTERNED_STATIC,1.0,0.0,1.0,1.0
COUNTEREVIDENCE,410108,0.9,UNIFORM_STATIC,0.5,1.0,1.0,0.4284375
COUNTEREVIDENCE,410108,0.9,FLICKERING_BACKGROUND,0.5,1.0,1.0,0.53125
COUNTEREVIDENCE,410109,0.6,PATTERNED_STATIC,1.0,0.0,1.0,1.0
COUNTEREVIDENCE,410109,0.6,UNIFORM_STATIC,0.4875,1.0,0.975,0.2828125
COUNTEREVIDENCE,410109,0.6,FLICKERING_BACKGROUND,0.4875,1.0,0.975,0.514375
COUNTEREVIDENCE,410109,0.75,PATTERNED_STATIC,1.0,0.0,1.0,1.0
COUNTEREVIDENCE,410109,0.75,UNIFORM_STATIC,0.5,1.0,1.0,0.481875
COUNTEREVIDENCE,410109,0.75,FLICKERING_BACKGROUND,0.5,1.0,1.0,0.47750000000000004
COUNTEREVIDENCE,410109,0.9,PATTERNED_STATIC,1.0,0.0,1.0,1.0
COUNTEREVIDENCE,410109,0.9,UNIFORM_STATIC,0.4875,1.0,0.975,0.42937500000000006
COUNTEREVIDENCE,410109,0.9,FLICKERING_BACKGROUND,0.5125,0.975,1.0,0.5821875000000001
COUNTEREVIDENCE,410110,0.6,PATTERNED_STATIC,1.0,0.0,1.0,1.0
COUNTEREVIDENCE,410110,0.6,UNIFORM_STATIC,0.5,1.0,1.0,0.49531250000000004
COUNTEREVIDENCE,410110,0.6,FLICKERING_BACKGROUND,0.5125,0.975,1.0,0.395625
COUNTEREVIDENCE,410110,0.75,PATTERNED_STATIC,0.9875,0.0,0.975,1.0
COUNTEREVIDENCE,410110,0.75,UNIFORM_STATIC,0.4875,1.0,0.975,0.6278125
COUNTEREVIDENCE,410110,0.75,FLICKERING_BACKGROUND,0.4875,1.0,0.975,0.414375
COUNTEREVIDENCE,410110,0.9,PATTERNED_STATIC,1.0,0.0,1.0,1.0
COUNTEREVIDENCE,410110,0.9,UNIFORM_STATIC,0.5,1.0,1.0,0.5453125000000001
COUNTEREVIDENCE,410110,0.9,FLICKERING_BACKGROUND,0.4875,1.0,0.975,0.45906250000000004
COUNTEREVIDENCE,410111,0.6,PATTERNED_STATIC,0.9875,0.0,0.975,1.0
COUNTEREVIDENCE,410111,0.6,UNIFORM_STATIC,0.5,1.0,1.0,0.4603125
COUNTEREVIDENCE,410111,0.6,FLICKERING_BACKGROUND,0.4875,1.0,0.975,0.500625
COUNTEREVIDENCE,410111,0.75,PATTERNED_STATIC,1.0,0.0,1.0,1.0
COUNTEREVIDENCE,410111,0.75,UNIFORM_STATIC,0.5,0.975,0.975,0.37812500000000004
COUNTEREVIDENCE,410111,0.75,FLICKERING_BACKGROUND,0.5,0.975,0.975,0.38093750000000004
COUNTEREVIDENCE,410111,0.9,PATTERNED_STATIC,1.0,0.0,1.0,1.0
COUNTEREVIDENCE,410111,0.9,UNIFORM_STATIC,0.5,1.0,1.0,0.53375
COUNTEREVIDENCE,410111,0.9,FLICKERING_BACKGROUND,0.5,1.0,1.0,0.44812499999999994
COUNTEREVIDENCE,410112,0.6,PATTERNED_STATIC,1.0,0.0,1.0,1.0
COUNTEREVIDENCE,410112,0.6,UNIFORM_STATIC,0.4875,1.0,0.975,0.5178125
COUNTEREVIDENCE,410112,0.6,FLICKERING_BACKGROUND,0.5,1.0,1.0,0.4865625
COUNTEREVIDENCE,410112,0.75,PATTERNED_STATIC,1.0,0.0,1.0,1.0
COUNTEREVIDENCE,410112,0.75,UNIFORM_STATIC,0.5,1.0,1.0,0.3890625
COUNTEREVIDENCE,410112,0.75,FLICKERING_BACKGROUND,0.5,1.0,1.0,0.513125
COUNTEREVIDENCE,410112,0.9,PATTERNED_STATIC,1.0,0.0,1.0,1.0
COUNTEREVIDENCE,410112,0.9,UNIFORM_STATIC,0.5,1.0,1.0,0.5878125
COUNTEREVIDENCE,410112,0.9,FLICKERING_BACKGROUND,0.5,1.0,1.0,0.525625
COUNTEREVIDENCE,410113,0.6,PATTERNED_STATIC,1.0,0.0,1.0,1.0
COUNTEREVIDENCE,410113,0.6,UNIFORM_STATIC,0.5,1.0,1.0,0.39250000000000007
COUNTEREVIDENCE,410113,0.6,FLICKERING_BACKGROUND,0.5,1.0,1.0,0.6006250000000001
COUNTEREVIDENCE,410113,0.75,PATTERNED_STATIC,1.0,0.0,1.0,1.0
COUNTEREVIDENCE,410113,0.75,UNIFORM_STATIC,0.5,1.0,1.0,0.43375
COUNTEREVIDENCE,410113,0.75,FLICKERING_BACKGROUND,0.5,1.0,1.0,0.66375
COUNTEREVIDENCE,410113,0.9,PATTERNED_STATIC,1.0,0.0,1.0,1.0
COUNTEREVIDENCE,410113,0.9,UNIFORM_STATIC,0.5,1.0,1.0,0.4421875
COUNTEREVIDENCE,410113,0.9,FLICKERING_BACKGROUND,0.5,1.0,1.0,0.51
COUNTEREVIDENCE,410114,0.6,PATTERNED_STATIC,1.0,0.0,1.0,1.0
COUNTEREVIDENCE,410114,0.6,UNIFORM_STATIC,0.475,1.0,0.95,0.34343750000000006
COUNTEREVIDENCE,410114,0.6,FLICKERING_BACKGROUND,0.475,1.0,0.95,0.46187500000000004
COUNTEREVIDENCE,410114,0.75,PATTERNED_STATIC,1.0,0.0,1.0,1.0
COUNTEREVIDENCE,410114,0.75,UNIFORM_STATIC,0.5,1.0,1.0,0.4403125
COUNTEREVIDENCE,410114,0.75,FLICKERING_BACKGROUND,0.4875,1.0,0.975,0.48999999999999994
COUNTEREVIDENCE,410114,0.9,PATTERNED_STATIC,1.0,0.0,1.0,1.0
COUNTEREVIDENCE,410114,0.9,UNIFORM_STATIC,0.5,1.0,1.0,0.48124999999999996
COUNTEREVIDENCE,410114,0.9,FLICKERING_BACKGROUND,0.5,1.0,1.0,0.5334375
COUNTEREVIDENCE,410115,0.6,PATTERNED_STATIC,1.0,0.0,1.0,1.0
COUNTEREVIDENCE,410115,0.6,UNIFORM_STATIC,0.475,1.0,0.95,0.43718749999999995
COUNTEREVIDENCE,410115,0.6,FLICKERING_BACKGROUND,0.5,1.0,1.0,0.6525000000000001
COUNTEREVIDENCE,410115,0.75,PATTERNED_STATIC,1.0,0.0,1.0,1.0
COUNTEREVIDENCE,410115,0.75,UNIFORM_STATIC,0.5,1.0,1.0,0.4521875000000001
COUNTEREVIDENCE,410115,0.75,FLICKERING_BACKGROUND,0.5,1.0,1.0,0.50625
COUNTEREVIDENCE,410115,0.9,PATTERNED_STATIC,0.9875,0.025,1.0,1.0
COUNTEREVIDENCE,410115,0.9,UNIFORM_STATIC,0.5,1.0,1.0,0.48562500000000003
COUNTEREVIDENCE,410115,0.9,FLICKERING_BACKGROUND,0.5,1.0,1.0,0.4340625
COUNTEREVIDENCE,410116,0.6,PATTERNED_STATIC,1.0,0.0,1.0,1.0
COUNTEREVIDENCE,410116,0.6,UNIFORM_STATIC,0.5125,0.975,1.0,0.46624999999999994
COUNTEREVIDENCE,410116,0.6,FLICKERING_BACKGROUND,0.4625,1.0,0.925,0.5228124999999999
COUNTEREVIDENCE,410116,0.75,PATTERNED_STATIC,0.9875,0.0,0.975,1.0
COUNTEREVIDENCE,410116,0.75,UNIFORM_STATIC,0.5,1.0,1.0,0.48968750000000005
COUNTEREVIDENCE,410116,0.75,FLICKERING_BACKGROUND,0.5,1.0,1.0,0.5278125
COUNTEREVIDENCE,410116,0.9,PATTERNED_STATIC,1.0,0.0,1.0,1.0
COUNTEREVIDENCE,410116,0.9,UNIFORM_STATIC,0.4875,1.0,0.975,0.5096875
COUNTEREVIDENCE,410116,0.9,FLICKERING_BACKGROUND,0.5125,0.975,1.0,0.5834374999999999
COUNTEREVIDENCE,410117,0.6,PATTERNED_STATIC,1.0,0.0,1.0,1.0
COUNTEREVIDENCE,410117,0.6,UNIFORM_STATIC,0.5,1.0,1.0,0.32312500000000005
COUNTEREVIDENCE,410117,0.6,FLICKERING_BACKGROUND,0.475,1.0,0.95,0.46687500000000004
COUNTEREVIDENCE,410117,0.75,PATTERNED_STATIC,1.0,0.0,1.0,1.0
COUNTEREVIDENCE,410117,0.75,UNIFORM_STATIC,0.5,1.0,1.0,0.494375
COUNTEREVIDENCE,410117,0.75,FLICKERING_BACKGROUND,0.5,1.0,1.0,0.47781250000000003
COUNTEREVIDENCE,410117,0.9,PATTERNED_STATIC,0.9875,0.0,0.975,1.0
COUNTEREVIDENCE,410117,0.9,UNIFORM_STATIC,0.5,1.0,1.0,0.5103125
COUNTEREVIDENCE,410117,0.9,FLICKERING_BACKGROUND,0.5,1.0,1.0,0.50375
COUNTEREVIDENCE,410118,0.6,PATTERNED_STATIC,1.0,0.0,1.0,1.0
COUNTEREVIDENCE,410118,0.6,UNIFORM_STATIC,0.4875,1.0,0.975,0.478125
COUNTEREVIDENCE,410118,0.6,FLICKERING_BACKGROUND,0.5,1.0,1.0,0.42218750000000005
COUNTEREVIDENCE,410118,0.75,PATTERNED_STATIC,0.9625,0.0,0.925,1.0
COUNTEREVIDENCE,410118,0.75,UNIFORM_STATIC,0.5,1.0,1.0,0.490625
COUNTEREVIDENCE,410118,0.75,FLICKERING_BACKGROUND,0.525,0.95,1.0,0.4484375
COUNTEREVIDENCE,410118,0.9,PATTERNED_STATIC,0.9875,0.025,1.0,1.0
COUNTEREVIDENCE,410118,0.9,UNIFORM_STATIC,0.4875,1.0,0.975,0.46343749999999995
COUNTEREVIDENCE,410118,0.9,FLICKERING_BACKGROUND,0.4875,1.0,0.975,0.4365625000000001
COUNTEREVIDENCE,410119,0.6,PATTERNED_STATIC,1.0,0.0,1.0,1.0
COUNTEREVIDENCE,410119,0.6,UNIFORM_STATIC,0.5,1.0,1.0,0.34500000000000003
COUNTEREVIDENCE,410119,0.6,FLICKERING_BACKGROUND,0.5125,0.975,1.0,0.5371875
COUNTEREVIDENCE,410119,0.75,PATTERNED_STATIC,0.9875,0.0,0.975,1.0
COUNTEREVIDENCE,410119,0.75,UNIFORM_STATIC,0.5,1.0,1.0,0.45468749999999997
COUNTEREVIDENCE,410119,0.75,FLICKERING_BACKGROUND,0.4875,1.0,0.975,0.626875
COUNTEREVIDENCE,410119,0.9,PATTERNED_STATIC,1.0,0.0,1.0,1.0
COUNTEREVIDENCE,410119,0.9,UNIFORM_STATIC,0.5,1.0,1.0,0.48843749999999997
COUNTEREVIDENCE,410119,0.9,FLICKERING_BACKGROUND,0.5,1.0,1.0,0.4446875
COUNTEREVIDENCE,410120,0.6,PATTERNED_STATIC,1.0,0.0,1.0,1.0
COUNTEREVIDENCE,410120,0.6,UNIFORM_STATIC,0.5,1.0,1.0,0.48281250000000003
COUNTEREVIDENCE,410120,0.6,FLICKERING_BACKGROUND,0.4875,0.975,0.95,0.5309375000000001
COUNTEREVIDENCE,410120,0.75,PATTERNED_STATIC,1.0,0.0,1.0,1.0
COUNTEREVIDENCE,410120,0.75,UNIFORM_STATIC,0.5,1.0,1.0,0.53875
COUNTEREVIDENCE,410120,0.75,FLICKERING_BACKGROUND,0.5125,0.975,1.0,0.5040625000000001
COUNTEREVIDENCE,410120,0.9,PATTERNED_STATIC,1.0,0.0,1.0,1.0
COUNTEREVIDENCE,410120,0.9,UNIFORM_STATIC,0.5,1.0,1.0,0.43562499999999993
COUNTEREVIDENCE,410120,0.9,FLICKERING_BACKGROUND,0.5,1.0,1.0,0.5131249999999999
COUNTEREVIDENCE,410121,0.6,PATTERNED_STATIC,1.0,0.0,1.0,1.0
COUNTEREVIDENCE,410121,0.6,UNIFORM_STATIC,0.5,1.0,1.0,0.38937499999999997
COUNTEREVIDENCE,410121,0.6,FLICKERING_BACKGROUND,0.4875,1.0,0.975,0.5962500000000001
COUNTEREVIDENCE,410121,0.75,PATTERNED_STATIC,1.0,0.0,1.0,1.0
COUNTEREVIDENCE,410121,0.75,UNIFORM_STATIC,0.5125,0.975,1.0,0.43500000000000005
COUNTEREVIDENCE,410121,0.75,FLICKERING_BACKGROUND,0.5,0.975,0.975,0.5449999999999999
COUNTEREVIDENCE,410121,0.9,PATTERNED_STATIC,1.0,0.0,1.0,1.0
COUNTEREVIDENCE,410121,0.9,UNIFORM_STATIC,0.4875,1.0,0.975,0.5231250000000001
COUNTEREVIDENCE,410121,0.9,FLICKERING_BACKGROUND,0.5,1.0,1.0,0.5115625
COUNTEREVIDENCE,410122,0.6,PATTERNED_STATIC,1.0,0.0,1.0,1.0
COUNTEREVIDENCE,410122,0.6,UNIFORM_STATIC,0.5,1.0,1.0,0.26125
COUNTEREVIDENCE,410122,0.6,FLICKERING_BACKGROUND,0.5,1.0,1.0,0.49812500000000004
COUNTEREVIDENCE,410122,0.75,PATTERNED_STATIC,1.0,0.0,1.0,1.0
COUNTEREVIDENCE,410122,0.75,UNIFORM_STATIC,0.5,1.0,1.0,0.41781250000000003
COUNTEREVIDENCE,410122,0.75,FLICKERING_BACKGROUND,0.5,1.0,1.0,0.39562500000000006
COUNTEREVIDENCE,410122,0.9,PATTERNED_STATIC,1.0,0.0,1.0,1.0
COUNTEREVIDENCE,410122,0.9,UNIFORM_STATIC,0.5,1.0,1.0,0.3209375
COUNTEREVIDENCE,410122,0.9,FLICKERING_BACKGROUND,0.5,1.0,1.0,0.5375
COUNTEREVIDENCE,410123,0.6,PATTERNED_STATIC,1.0,0.0,1.0,1.0
COUNTEREVIDENCE,410123,0.6,UNIFORM_STATIC,0.4875,1.0,0.975,0.3734375
COUNTEREVIDENCE,410123,0.6,FLICKERING_BACKGROUND,0.525,0.95,1.0,0.5209375
COUNTEREVIDENCE,410123,0.75,PATTERNED_STATIC,0.9875,0.0,0.975,1.0
COUNTEREVIDENCE,410123,0.75,UNIFORM_STATIC,0.5,0.975,0.975,0.45062500000000005
COUNTEREVIDENCE,410123,0.75,FLICKERING_BACKGROUND,0.5,1.0,1.0,0.5865625
COUNTEREVIDENCE,410123,0.9,PATTERNED_STATIC,1.0,0.0,1.0,1.0
COUNTEREVIDENCE,410123,0.9,UNIFORM_STATIC,0.5,1.0,1.0,0.4734375
COUNTEREVIDENCE,410123,0.9,FLICKERING_BACKGROUND,0.4875,1.0,0.975,0.316875
COUNTEREVIDENCE,410124,0.6,PATTERNED_STATIC,1.0,0.0,1.0,1.0
COUNTEREVIDENCE,410124,0.6,UNIFORM_STATIC,0.4875,1.0,0.975,0.4178125
COUNTEREVIDENCE,410124,0.6,FLICKERING_BACKGROUND,0.5,1.0,1.0,0.4484375
COUNTEREVIDENCE,410124,0.75,PATTERNED_STATIC,0.9875,0.0,0.975,1.0
COUNTEREVIDENCE,410124,0.75,UNIFORM_STATIC,0.5,1.0,1.0,0.38312500000000005
COUNTEREVIDENCE,410124,0.75,FLICKERING_BACKGROUND,0.5125,0.95,0.975,0.5053124999999999
COUNTEREVIDENCE,410124,0.9,PATTERNED_STATIC,1.0,0.0,1.0,1.0
COUNTEREVIDENCE,410124,0.9,UNIFORM_STATIC,0.5,1.0,1.0,0.49812500000000004
COUNTEREVIDENCE,410124,0.9,FLICKERING_BACKGROUND,0.5,1.0,1.0,0.493125
COUNTEREVIDENCE,410125,0.6,PATTERNED_STATIC,0.9875,0.0,0.975,1.0
COUNTEREVIDENCE,410125,0.6,UNIFORM_STATIC,0.5,1.0,1.0,0.54
COUNTEREVIDENCE,410125,0.6,FLICKERING_BACKGROUND,0.5125,0.975,1.0,0.5646875
COUNTEREVIDENCE,410125,0.75,PATTERNED_STATIC,1.0,0.0,1.0,1.0
COUNTEREVIDENCE,410125,0.75,UNIFORM_STATIC,0.5,1.0,1.0,0.47687499999999994
COUNTEREVIDENCE,410125,0.75,FLICKERING_BACKGROUND,0.5,1.0,1.0,0.49531250000000004
COUNTEREVIDENCE,410125,0.9,PATTERNED_STATIC,1.0,0.0,1.0,1.0
COUNTEREVIDENCE,410125,0.9,UNIFORM_STATIC,0.5,1.0,1.0,0.5065625
COUNTEREVIDENCE,410125,0.9,FLICKERING_BACKGROUND,0.4875,1.0,0.975,0.42812500000000003
COUNTEREVIDENCE,410126,0.6,PATTERNED_STATIC,1.0,0.0,1.0,1.0
COUNTEREVIDENCE,410126,0.6,UNIFORM_STATIC,0.5,1.0,1.0,0.443125
COUNTEREVIDENCE,410126,0.6,FLICKERING_BACKGROUND,0.5125,0.975,1.0,0.5109375
COUNTEREVIDENCE,410126,0.75,PATTERNED_STATIC,0.9875,0.0,0.975,1.0
COUNTEREVIDENCE,410126,0.75,UNIFORM_STATIC,0.5,0.975,0.975,0.41031249999999997
COUNTEREVIDENCE,410126,0.75,FLICKERING_BACKGROUND,0.5125,0.975,1.0,0.5365625
COUNTEREVIDENCE,410126,0.9,PATTERNED_STATIC,1.0,0.0,1.0,1.0
COUNTEREVIDENCE,410126,0.9,UNIFORM_STATIC,0.5,1.0,1.0,0.45843749999999994
COUNTEREVIDENCE,410126,0.9,FLICKERING_BACKGROUND,0.5,1.0,1.0,0.556875
COUNTEREVIDENCE,410127,0.6,PATTERNED_STATIC,1.0,0.0,1.0,1.0
COUNTEREVIDENCE,410127,0.6,UNIFORM_STATIC,0.4875,0.975,0.95,0.43281250000000004
COUNTEREVIDENCE,410127,0.6,FLICKERING_BACKGROUND,0.5,1.0,1.0,0.50625
COUNTEREVIDENCE,410127,0.75,PATTERNED_STATIC,0.9875,0.0,0.975,1.0
COUNTEREVIDENCE,410127,0.75,UNIFORM_STATIC,0.5125,0.975,1.0,0.42781250000000004
COUNTEREVIDENCE,410127,0.75,FLICKERING_BACKGROUND,0.5,1.0,1.0,0.6128125
COUNTEREVIDENCE,410127,0.9,PATTERNED_STATIC,1.0,0.0,1.0,1.0
COUNTEREVIDENCE,410127,0.9,UNIFORM_STATIC,0.5,1.0,1.0,0.43781250000000005
COUNTEREVIDENCE,410127,0.9,FLICKERING_BACKGROUND,0.5,1.0,1.0,0.568125
COUNTEREVIDENCE,410128,0.6,PATTERNED_STATIC,1.0,0.0,1.0,1.0
COUNTEREVIDENCE,410128,0.6,UNIFORM_STATIC,0.5,1.0,1.0,0.38249999999999995
COUNTEREVIDENCE,410128,0.6,FLICKERING_BACKGROUND,0.525,0.95,1.0,0.5053125
COUNTEREVIDENCE,410128,0.75,PATTERNED_STATIC,0.9875,0.0,0.975,1.0
COUNTEREVIDENCE,410128,0.75,UNIFORM_STATIC,0.5,1.0,1.0,0.36968749999999995
COUNTEREVIDENCE,410128,0.75,FLICKERING_BACKGROUND,0.5,1.0,1.0,0.526875
COUNTEREVIDENCE,410128,0.9,PATTERNED_STATIC,1.0,0.0,1.0,1.0
COUNTEREVIDENCE,410128,0.9,UNIFORM_STATIC,0.5,1.0,1.0,0.43687499999999996
COUNTEREVIDENCE,410128,0.9,FLICKERING_BACKGROUND,0.5,1.0,1.0,0.4475
COUNTEREVIDENCE,410129,0.6,PATTERNED_STATIC,0.9875,0.0,0.975,1.0
COUNTEREVIDENCE,410129,0.6,UNIFORM_STATIC,0.5,1.0,1.0,0.43906249999999997
COUNTEREVIDENCE,410129,0.6,FLICKERING_BACKGROUND,0.4875,1.0,0.975,0.48874999999999996
COUNTEREVIDENCE,410129,0.75,PATTERNED_STATIC,1.0,0.0,1.0,1.0
COUNTEREVIDENCE,410129,0.75,UNIFORM_STATIC,0.4875,1.0,0.975,0.4843749999999999
COUNTEREVIDENCE,410129,0.75,FLICKERING_BACKGROUND,0.525,0.95,1.0,0.5521874999999999
COUNTEREVIDENCE,410129,0.9,PATTERNED_STATIC,0.9875,0.025,1.0,0.9974999999999999
COUNTEREVIDENCE,410129,0.9,UNIFORM_STATIC,0.5,1.0,1.0,0.458125
COUNTEREVIDENCE,410129,0.9,FLICKERING_BACKGROUND,0.5,1.0,1.0,0.483125
COUNTEREVIDENCE,410130,0.6,PATTERNED_STATIC,1.0,0.0,1.0,1.0
COUNTEREVIDENCE,410130,0.6,UNIFORM_STATIC,0.5,1.0,1.0,0.4184375
COUNTEREVIDENCE,410130,0.6,FLICKERING_BACKGROUND,0.4875,1.0,0.975,0.429375
COUNTEREVIDENCE,410130,0.75,PATTERNED_STATIC,1.0,0.0,1.0,1.0
COUNTEREVIDENCE,410130,0.75,UNIFORM_STATIC,0.5,1.0,1.0,0.32875
COUNTEREVIDENCE,410130,0.75,FLICKERING_BACKGROUND,0.5,1.0,1.0,0.49187499999999995
COUNTEREVIDENCE,410130,0.9,PATTERNED_STATIC,1.0,0.0,1.0,1.0
COUNTEREVIDENCE,410130,0.9,UNIFORM_STATIC,0.5,1.0,1.0,0.4190625
COUNTEREVIDENCE,410130,0.9,FLICKERING_BACKGROUND,0.5,1.0,1.0,0.510625
COUNTEREVIDENCE,410131,0.6,PATTERNED_STATIC,0.9875,0.0,0.975,1.0
COUNTEREVIDENCE,410131,0.6,UNIFORM_STATIC,0.5,1.0,1.0,0.44375
COUNTEREVIDENCE,410131,0.6,FLICKERING_BACKGROUND,0.5125,0.975,1.0,0.486875
COUNTEREVIDENCE,410131,0.75,PATTERNED_STATIC,1.0,0.0,1.0,1.0
COUNTEREVIDENCE,410131,0.75,UNIFORM_STATIC,0.4875,1.0,0.975,0.43875000000000003
COUNTEREVIDENCE,410131,0.75,FLICKERING_BACKGROUND,0.5125,0.975,1.0,0.57
COUNTEREVIDENCE,410131,0.9,PATTERNED_STATIC,1.0,0.0,1.0,1.0
COUNTEREVIDENCE,410131,0.9,UNIFORM_STATIC,0.4875,1.0,0.975,0.42343749999999997
COUNTEREVIDENCE,410131,0.9,FLICKERING_BACKGROUND,0.5,1.0,1.0,0.484375
COUNTEREVIDENCE,410132,0.6,PATTERNED_STATIC,1.0,0.0,1.0,0.9999999999999999
COUNTEREVIDENCE,410132,0.6,UNIFORM_STATIC,0.5,1.0,1.0,0.535
COUNTEREVIDENCE,410132,0.6,FLICKERING_BACKGROUND,0.4875,1.0,0.975,0.5603125
COUNTEREVIDENCE,410132,0.75,PATTERNED_STATIC,1.0,0.0,1.0,1.0
COUNTEREVIDENCE,410132,0.75,UNIFORM_STATIC,0.5,1.0,1.0,0.5090625
COUNTEREVIDENCE,410132,0.75,FLICKERING_BACKGROUND,0.5,1.0,1.0,0.5090625000000001
COUNTEREVIDENCE,410132,0.9,PATTERNED_STATIC,1.0,0.0,1.0,1.0
COUNTEREVIDENCE,410132,0.9,UNIFORM_STATIC,0.4875,1.0,0.975,0.38499999999999995
COUNTEREVIDENCE,410132,0.9,FLICKERING_BACKGROUND,0.5,1.0,1.0,0.54375
COUNTEREVIDENCE,410133,0.6,PATTERNED_STATIC,1.0,0.0,1.0,1.0
COUNTEREVIDENCE,410133,0.6,UNIFORM_STATIC,0.5,1.0,1.0,0.3503125
COUNTEREVIDENCE,410133,0.6,FLICKERING_BACKGROUND,0.5,1.0,1.0,0.6
COUNTEREVIDENCE,410133,0.75,PATTERNED_STATIC,1.0,0.0,1.0,1.0
COUNTEREVIDENCE,410133,0.75,UNIFORM_STATIC,0.4875,1.0,0.975,0.47000000000000003
COUNTEREVIDENCE,410133,0.75,FLICKERING_BACKGROUND,0.5,1.0,1.0,0.6246875000000001
COUNTEREVIDENCE,410133,0.9,PATTERNED_STATIC,1.0,0.0,1.0,1.0
COUNTEREVIDENCE,410133,0.9,UNIFORM_STATIC,0.5,1.0,1.0,0.490625
COUNTEREVIDENCE,410133,0.9,FLICKERING_BACKGROUND,0.5,1.0,1.0,0.586875
COUNTEREVIDENCE,410134,0.6,PATTERNED_STATIC,0.9875,0.0,0.975,1.0
COUNTEREVIDENCE,410134,0.6,UNIFORM_STATIC,0.4875,1.0,0.975,0.3728125
COUNTEREVIDENCE,410134,0.6,FLICKERING_BACKGROUND,0.5125,0.975,1.0,0.464375
COUNTEREVIDENCE,410134,0.75,PATTERNED_STATIC,1.0,0.0,1.0,1.0
COUNTEREVIDENCE,410134,0.75,UNIFORM_STATIC,0.5,1.0,1.0,0.573125
COUNTEREVIDENCE,410134,0.75,FLICKERING_BACKGROUND,0.5,1.0,1.0,0.5946875
COUNTEREVIDENCE,410134,0.9,PATTERNED_STATIC,1.0,0.0,1.0,1.0
COUNTEREVIDENCE,410134,0.9,UNIFORM_STATIC,0.5,1.0,1.0,0.50625
COUNTEREVIDENCE,410134,0.9,FLICKERING_BACKGROUND,0.5,1.0,1.0,0.53625
COUNTEREVIDENCE,410135,0.6,PATTERNED_STATIC,1.0,0.0,1.0,1.0
COUNTEREVIDENCE,410135,0.6,UNIFORM_STATIC,0.4875,1.0,0.975,0.5484375
COUNTEREVIDENCE,410135,0.6,FLICKERING_BACKGROUND,0.5,0.975,0.975,0.6109374999999999
COUNTEREVIDENCE,410135,0.75,PATTERNED_STATIC,1.0,0.0,1.0,1.0
COUNTEREVIDENCE,410135,0.75,UNIFORM_STATIC,0.5,1.0,1.0,0.48187500000000005
COUNTEREVIDENCE,410135,0.75,FLICKERING_BACKGROUND,0.4875,1.0,0.975,0.6306250000000001
COUNTEREVIDENCE,410135,0.9,PATTERNED_STATIC,1.0,0.0,1.0,1.0
COUNTEREVIDENCE,410135,0.9,UNIFORM_STATIC,0.5125,0.975,1.0,0.5903125
COUNTEREVIDENCE,410135,0.9,FLICKERING_BACKGROUND,0.5125,0.975,1.0,0.54125
COUNTEREVIDENCE,410136,0.6,PATTERNED_STATIC,1.0,0.0,1.0,1.0
COUNTEREVIDENCE,410136,0.6,UNIFORM_STATIC,0.5,1.0,1.0,0.4525
COUNTEREVIDENCE,410136,0.6,FLICKERING_BACKGROUND,0.5125,0.975,1.0,0.5834375
COUNTEREVIDENCE,410136,0.75,PATTERNED_STATIC,1.0,0.0,1.0,1.0
COUNTEREVIDENCE,410136,0.75,UNIFORM_STATIC,0.5,1.0,1.0,0.449375
COUNTEREVIDENCE,410136,0.75,FLICKERING_BACKGROUND,0.5,1.0,1.0,0.6290625000000001
COUNTEREVIDENCE,410136,0.9,PATTERNED_STATIC,1.0,0.0,1.0,1.0
COUNTEREVIDENCE,410136,0.9,UNIFORM_STATIC,0.5,1.0,1.0,0.3971875
COUNTEREVIDENCE,410136,0.9,FLICKERING_BACKGROUND,0.5,1.0,1.0,0.5
COUNTEREVIDENCE,410137,0.6,PATTERNED_STATIC,1.0,0.0,1.0,1.0
COUNTEREVIDENCE,410137,0.6,UNIFORM_STATIC,0.475,1.0,0.95,0.374375
COUNTEREVIDENCE,410137,0.6,FLICKERING_BACKGROUND,0.4875,0.975,0.95,0.620625
COUNTEREVIDENCE,410137,0.75,PATTERNED_STATIC,1.0,0.0,1.0,1.0
COUNTEREVIDENCE,410137,0.75,UNIFORM_STATIC,0.5,1.0,1.0,0.4371875
COUNTEREVIDENCE,410137,0.75,FLICKERING_BACKGROUND,0.4875,1.0,0.975,0.6146875
COUNTEREVIDENCE,410137,0.9,PATTERNED_STATIC,0.975,0.025,0.975,0.99875
COUNTEREVIDENCE,410137,0.9,UNIFORM_STATIC,0.5,1.0,1.0,0.5190625
COUNTEREVIDENCE,410137,0.9,FLICKERING_BACKGROUND,0.5,1.0,1.0,0.4925
COUNTEREVIDENCE,410138,0.6,PATTERNED_STATIC,0.9875,0.0,0.975,1.0
COUNTEREVIDENCE,410138,0.6,UNIFORM_STATIC,0.5,1.0,1.0,0.43875000000000003
COUNTEREVIDENCE,410138,0.6,FLICKERING_BACKGROUND,0.5,1.0,1.0,0.561875
COUNTEREVIDENCE,410138,0.75,PATTERNED_STATIC,0.9875,0.0,0.975,1.0
COUNTEREVIDENCE,410138,0.75,UNIFORM_STATIC,0.5,1.0,1.0,0.44031250000000005
COUNTEREVIDENCE,410138,0.75,FLICKERING_BACKGROUND,0.5,1.0,1.0,0.573125
COUNTEREVIDENCE,410138,0.9,PATTERNED_STATIC,0.9875,0.025,1.0,1.0
COUNTEREVIDENCE,410138,0.9,UNIFORM_STATIC,0.5,1.0,1.0,0.56375
COUNTEREVIDENCE,410138,0.9,FLICKERING_BACKGROUND,0.5,1.0,1.0,0.5521875
COUNTEREVIDENCE,410139,0.6,PATTERNED_STATIC,0.9875,0.0,0.975,1.0
COUNTEREVIDENCE,410139,0.6,UNIFORM_STATIC,0.5125,0.95,0.975,0.42625
COUNTEREVIDENCE,410139,0.6,FLICKERING_BACKGROUND,0.5,0.975,0.975,0.5528125
COUNTEREVIDENCE,410139,0.75,PATTERNED_STATIC,1.0,0.0,1.0,1.0
COUNTEREVIDENCE,410139,0.75,UNIFORM_STATIC,0.5,1.0,1.0,0.569375
COUNTEREVIDENCE,410139,0.75,FLICKERING_BACKGROUND,0.5,1.0,1.0,0.59125
COUNTEREVIDENCE,410139,0.9,PATTERNED_STATIC,0.9875,0.025,1.0,1.0
COUNTEREVIDENCE,410139,0.9,UNIFORM_STATIC,0.5,1.0,1.0,0.48031250000000003
COUNTEREVIDENCE,410139,0.9,FLICKERING_BACKGROUND,0.5,1.0,1.0,0.62
COUNTEREVIDENCE,410140,0.6,PATTERNED_STATIC,1.0,0.0,1.0,1.0
COUNTEREVIDENCE,410140,0.6,UNIFORM_STATIC,0.5,1.0,1.0,0.4428125
COUNTEREVIDENCE,410140,0.6,FLICKERING_BACKGROUND,0.475,1.0,0.95,0.43437499999999996
COUNTEREVIDENCE,410140,0.75,PATTERNED_STATIC,1.0,0.0,1.0,1.0
COUNTEREVIDENCE,410140,0.75,UNIFORM_STATIC,0.4875,1.0,0.975,0.4290625
COUNTEREVIDENCE,410140,0.75,FLICKERING_BACKGROUND,0.4875,1.0,0.975,0.476875
COUNTEREVIDENCE,410140,0.9,PATTERNED_STATIC,1.0,0.0,1.0,1.0
COUNTEREVIDENCE,410140,0.9,UNIFORM_STATIC,0.5,1.0,1.0,0.45999999999999996
COUNTEREVIDENCE,410140,0.9,FLICKERING_BACKGROUND,0.5,1.0,1.0,0.513125
COUNTEREVIDENCE,410141,0.6,PATTERNED_STATIC,0.9625,0.0,0.925,1.0
COUNTEREVIDENCE,410141,0.6,UNIFORM_STATIC,0.4875,1.0,0.975,0.355
COUNTEREVIDENCE,410141,0.6,FLICKERING_BACKGROUND,0.5,1.0,1.0,0.5815625
COUNTEREVIDENCE,410141,0.75,PATTERNED_STATIC,1.0,0.0,1.0,1.0
COUNTEREVIDENCE,410141,0.75,UNIFORM_STATIC,0.4875,1.0,0.975,0.5118750000000001
COUNTEREVIDENCE,410141,0.75,FLICKERING_BACKGROUND,0.5,1.0,1.0,0.49624999999999997
COUNTEREVIDENCE,410141,0.9,PATTERNED_STATIC,1.0,0.0,1.0,1.0
COUNTEREVIDENCE,410141,0.9,UNIFORM_STATIC,0.5,1.0,1.0,0.5140625000000001
COUNTEREVIDENCE,410141,0.9,FLICKERING_BACKGROUND,0.5,1.0,1.0,0.4475
COUNTEREVIDENCE,410142,0.6,PATTERNED_STATIC,1.0,0.0,1.0,1.0
COUNTEREVIDENCE,410142,0.6,UNIFORM_STATIC,0.5,0.975,0.975,0.37593750000000004
COUNTEREVIDENCE,410142,0.6,FLICKERING_BACKGROUND,0.5125,0.975,1.0,0.5275
COUNTEREVIDENCE,410142,0.75,PATTERNED_STATIC,1.0,0.0,1.0,1.0
COUNTEREVIDENCE,410142,0.75,UNIFORM_STATIC,0.5,1.0,1.0,0.474375
COUNTEREVIDENCE,410142,0.75,FLICKERING_BACKGROUND,0.5125,0.975,1.0,0.478125
COUNTEREVIDENCE,410142,0.9,PATTERNED_STATIC,1.0,0.0,1.0,1.0
COUNTEREVIDENCE,410142,0.9,UNIFORM_STATIC,0.5125,0.975,1.0,0.536875
COUNTEREVIDENCE,410142,0.9,FLICKERING_BACKGROUND,0.5,1.0,1.0,0.5096875000000001
COUNTEREVIDENCE,410143,0.6,PATTERNED_STATIC,1.0,0.0,1.0,1.0
COUNTEREVIDENCE,410143,0.6,UNIFORM_STATIC,0.4875,1.0,0.975,0.46687500000000004
COUNTEREVIDENCE,410143,0.6,FLICKERING_BACKGROUND,0.4875,1.0,0.975,0.474375
COUNTEREVIDENCE,410143,0.75,PATTERNED_STATIC,1.0,0.0,1.0,1.0
COUNTEREVIDENCE,410143,0.75,UNIFORM_STATIC,0.5,1.0,1.0,0.4596875
COUNTEREVIDENCE,410143,0.75,FLICKERING_BACKGROUND,0.4875,1.0,0.975,0.47781250000000003
COUNTEREVIDENCE,410143,0.9,PATTERNED_STATIC,1.0,0.0,1.0,1.0
COUNTEREVIDENCE,410143,0.9,UNIFORM_STATIC,0.5,1.0,1.0,0.5346875
COUNTEREVIDENCE,410143,0.9,FLICKERING_BACKGROUND,0.5,1.0,1.0,0.5409375
COUNTEREVIDENCE,410144,0.6,PATTERNED_STATIC,1.0,0.0,1.0,1.0
COUNTEREVIDENCE,410144,0.6,UNIFORM_STATIC,0.5,1.0,1.0,0.34562500000000007
COUNTEREVIDENCE,410144,0.6,FLICKERING_BACKGROUND,0.5,0.975,0.975,0.5396875
COUNTEREVIDENCE,410144,0.75,PATTERNED_STATIC,1.0,0.0,1.0,1.0
COUNTEREVIDENCE,410144,0.75,UNIFORM_STATIC,0.5,1.0,1.0,0.348125
COUNTEREVIDENCE,410144,0.75,FLICKERING_BACKGROUND,0.5,1.0,1.0,0.531875
COUNTEREVIDENCE,410144,0.9,PATTERNED_STATIC,1.0,0.0,1.0,1.0
COUNTEREVIDENCE,410144,0.9,UNIFORM_STATIC,0.5,1.0,1.0,0.4075
COUNTEREVIDENCE,410144,0.9,FLICKERING_BACKGROUND,0.5,1.0,1.0,0.5196875000000001
COUNTEREVIDENCE,410145,0.6,PATTERNED_STATIC,1.0,0.0,1.0,1.0
COUNTEREVIDENCE,410145,0.6,UNIFORM_STATIC,0.5,1.0,1.0,0.47718750000000004
COUNTEREVIDENCE,410145,0.6,FLICKERING_BACKGROUND,0.5,0.975,0.975,0.48437499999999994
COUNTEREVIDENCE,410145,0.75,PATTERNED_STATIC,0.9875,0.0,0.975,1.0
COUNTEREVIDENCE,410145,0.75,UNIFORM_STATIC,0.475,1.0,0.95,0.46625000000000005
COUNTEREVIDENCE,410145,0.75,FLICKERING_BACKGROUND,0.5,1.0,1.0,0.5521874999999999
COUNTEREVIDENCE,410145,0.9,PATTERNED_STATIC,1.0,0.0,1.0,1.0
COUNTEREVIDENCE,410145,0.9,UNIFORM_STATIC,0.5,1.0,1.0,0.546875
COUNTEREVIDENCE,410145,0.9,FLICKERING_BACKGROUND,0.4875,1.0,0.975,0.5553125
COUNTEREVIDENCE,410146,0.6,PATTERNED_STATIC,1.0,0.0,1.0,1.0
COUNTEREVIDENCE,410146,0.6,UNIFORM_STATIC,0.4875,1.0,0.975,0.29781250000000004
COUNTEREVIDENCE,410146,0.6,FLICKERING_BACKGROUND,0.5,0.975,0.975,0.571875
COUNTEREVIDENCE,410146,0.75,PATTERNED_STATIC,1.0,0.0,1.0,1.0
COUNTEREVIDENCE,410146,0.75,UNIFORM_STATIC,0.5,1.0,1.0,0.3846875
COUNTEREVIDENCE,410146,0.75,FLICKERING_BACKGROUND,0.4875,0.975,0.95,0.519375
COUNTEREVIDENCE,410146,0.9,PATTERNED_STATIC,1.0,0.0,1.0,1.0
COUNTEREVIDENCE,410146,0.9,UNIFORM_STATIC,0.5,1.0,1.0,0.5159375
COUNTEREVIDENCE,410146,0.9,FLICKERING_BACKGROUND,0.5,1.0,1.0,0.47875
COUNTEREVIDENCE,410147,0.6,PATTERNED_STATIC,1.0,0.0,1.0,1.0
COUNTEREVIDENCE,410147,0.6,UNIFORM_STATIC,0.4875,1.0,0.975,0.4859375
COUNTEREVIDENCE,410147,0.6,FLICKERING_BACKGROUND,0.4875,1.0,0.975,0.530625
COUNTEREVIDENCE,410147,0.75,PATTERNED_STATIC,0.975,0.0,0.95,1.0
COUNTEREVIDENCE,410147,0.75,UNIFORM_STATIC,0.5,1.0,1.0,0.4965625
COUNTEREVIDENCE,410147,0.75,FLICKERING_BACKGROUND,0.4875,1.0,0.975,0.5765625000000001
COUNTEREVIDENCE,410147,0.9,PATTERNED_STATIC,1.0,0.0,1.0,1.0
COUNTEREVIDENCE,410147,0.9,UNIFORM_STATIC,0.5,1.0,1.0,0.5353125
COUNTEREVIDENCE,410147,0.9,FLICKERING_BACKGROUND,0.5125,0.975,1.0,0.385625
COUNTEREVIDENCE,410148,0.6,PATTERNED_STATIC,0.975,0.0,0.95,1.0
COUNTEREVIDENCE,410148,0.6,UNIFORM_STATIC,0.5,1.0,1.0,0.4465625
COUNTEREVIDENCE,410148,0.6,FLICKERING_BACKGROUND,0.5,0.975,0.975,0.47374999999999995
COUNTEREVIDENCE,410148,0.75,PATTERNED_STATIC,1.0,0.0,1.0,1.0
COUNTEREVIDENCE,410148,0.75,UNIFORM_STATIC,0.5,1.0,1.0,0.591875
COUNTEREVIDENCE,410148,0.75,FLICKERING_BACKGROUND,0.525,0.95,1.0,0.615
COUNTEREVIDENCE,410148,0.9,PATTERNED_STATIC,1.0,0.0,1.0,1.0
COUNTEREVIDENCE,410148,0.9,UNIFORM_STATIC,0.5,1.0,1.0,0.53875
COUNTEREVIDENCE,410148,0.9,FLICKERING_BACKGROUND,0.5,1.0,1.0,0.453125
COUNTEREVIDENCE,410149,0.6,PATTERNED_STATIC,0.9875,0.0,0.975,1.0
COUNTEREVIDENCE,410149,0.6,UNIFORM_STATIC,0.5,1.0,1.0,0.3278125
COUNTEREVIDENCE,410149,0.6,FLICKERING_BACKGROUND,0.4875,0.975,0.95,0.43500000000000005
COUNTEREVIDENCE,410149,0.75,PATTERNED_STATIC,1.0,0.0,1.0,1.0
COUNTEREVIDENCE,410149,0.75,UNIFORM_STATIC,0.5,1.0,1.0,0.37906249999999997
COUNTEREVIDENCE,410149,0.75,FLICKERING_BACKGROUND,0.475,1.0,0.95,0.38375000000000004
COUNTEREVIDENCE,410149,0.9,PATTERNED_STATIC,1.0,0.0,1.0,1.0
COUNTEREVIDENCE,410149,0.9,UNIFORM_STATIC,0.5,1.0,1.0,0.4675
COUNTEREVIDENCE,410149,0.9,FLICKERING_BACKGROUND,0.5,1.0,1.0,0.42500000000000004
COUNTEREVIDENCE,410150,0.6,PATTERNED_STATIC,0.9875,0.0,0.975,1.0
COUNTEREVIDENCE,410150,0.6,UNIFORM_STATIC,0.5,1.0,1.0,0.3646875
COUNTEREVIDENCE,410150,0.6,FLICKERING_BACKGROUND,0.5125,0.975,1.0,0.4896875
COUNTEREVIDENCE,410150,0.75,PATTERNED_STATIC,1.0,0.0,1.0,1.0
COUNTEREVIDENCE,410150,0.75,UNIFORM_STATIC,0.5,1.0,1.0,0.5078125
COUNTEREVIDENCE,410150,0.75,FLICKERING_BACKGROUND,0.525,0.95,1.0,0.5834374999999999
COUNTEREVIDENCE,410150,0.9,PATTERNED_STATIC,1.0,0.0,1.0,1.0
COUNTEREVIDENCE,410150,0.9,UNIFORM_STATIC,0.5,1.0,1.0,0.43562500000000004
COUNTEREVIDENCE,410150,0.9,FLICKERING_BACKGROUND,0.5,1.0,1.0,0.455625
COUNTEREVIDENCE,410151,0.6,PATTERNED_STATIC,1.0,0.0,1.0,1.0
COUNTEREVIDENCE,410151,0.6,UNIFORM_STATIC,0.5,1.0,1.0,0.3665625
COUNTEREVIDENCE,410151,0.6,FLICKERING_BACKGROUND,0.5,0.975,0.975,0.5490625
COUNTEREVIDENCE,410151,0.75,PATTERNED_STATIC,1.0,0.0,1.0,1.0
COUNTEREVIDENCE,410151,0.75,UNIFORM_STATIC,0.5,1.0,1.0,0.5184374999999999
COUNTEREVIDENCE,410151,0.75,FLICKERING_BACKGROUND,0.5125,0.975,1.0,0.5696874999999999
COUNTEREVIDENCE,410151,0.9,PATTERNED_STATIC,1.0,0.0,1.0,1.0
COUNTEREVIDENCE,410151,0.9,UNIFORM_STATIC,0.5,1.0,1.0,0.43
COUNTEREVIDENCE,410151,0.9,FLICKERING_BACKGROUND,0.5125,0.975,1.0,0.6562499999999999
COUNTEREVIDENCE,410152,0.6,PATTERNED_STATIC,1.0,0.0,1.0,1.0
COUNTEREVIDENCE,410152,0.6,UNIFORM_STATIC,0.4875,0.975,0.95,0.4040625
COUNTEREVIDENCE,410152,0.6,FLICKERING_BACKGROUND,0.4875,1.0,0.975,0.4903125
COUNTEREVIDENCE,410152,0.75,PATTERNED_STATIC,1.0,0.0,1.0,1.0
COUNTEREVIDENCE,410152,0.75,UNIFORM_STATIC,0.5,1.0,1.0,0.505625
COUNTEREVIDENCE,410152,0.75,FLICKERING_BACKGROUND,0.5,1.0,1.0,0.50625
COUNTEREVIDENCE,410152,0.9,PATTERNED_STATIC,1.0,0.0,1.0,1.0
COUNTEREVIDENCE,410152,0.9,UNIFORM_STATIC,0.4875,1.0,0.975,0.365
COUNTEREVIDENCE,410152,0.9,FLICKERING_BACKGROUND,0.5,1.0,1.0,0.5384375
COUNTEREVIDENCE,410153,0.6,PATTERNED_STATIC,1.0,0.0,1.0,1.0
COUNTEREVIDENCE,410153,0.6,UNIFORM_STATIC,0.4375,1.0,0.875,0.32875000000000004
COUNTEREVIDENCE,410153,0.6,FLICKERING_BACKGROUND,0.5125,0.975,1.0,0.515
COUNTEREVIDENCE,410153,0.75,PATTERNED_STATIC,1.0,0.0,1.0,1.0
COUNTEREVIDENCE,410153,0.75,UNIFORM_STATIC,0.5,1.0,1.0,0.3834375
COUNTEREVIDENCE,410153,0.75,FLICKERING_BACKGROUND,0.5,1.0,1.0,0.58375
COUNTEREVIDENCE,410153,0.9,PATTERNED_STATIC,0.9875,0.025,1.0,0.996875
COUNTEREVIDENCE,410153,0.9,UNIFORM_STATIC,0.5,1.0,1.0,0.4140625
COUNTEREVIDENCE,410153,0.9,FLICKERING_BACKGROUND,0.5,1.0,1.0,0.37687499999999996
COUNTEREVIDENCE,410154,0.6,PATTERNED_STATIC,1.0,0.0,1.0,1.0
COUNTEREVIDENCE,410154,0.6,UNIFORM_STATIC,0.5,1.0,1.0,0.51375
COUNTEREVIDENCE,410154,0.6,FLICKERING_BACKGROUND,0.475,1.0,0.95,0.45468749999999997
COUNTEREVIDENCE,410154,0.75,PATTERNED_STATIC,1.0,0.0,1.0,1.0
COUNTEREVIDENCE,410154,0.75,UNIFORM_STATIC,0.5,1.0,1.0,0.2778125
COUNTEREVIDENCE,410154,0.75,FLICKERING_BACKGROUND,0.5,1.0,1.0,0.5734374999999999
COUNTEREVIDENCE,410154,0.9,PATTERNED_STATIC,1.0,0.0,1.0,1.0
COUNTEREVIDENCE,410154,0.9,UNIFORM_STATIC,0.5,1.0,1.0,0.44749999999999995
COUNTEREVIDENCE,410154,0.9,FLICKERING_BACKGROUND,0.5,1.0,1.0,0.45437500000000003
COUNTEREVIDENCE,410155,0.6,PATTERNED_STATIC,1.0,0.0,1.0,1.0
COUNTEREVIDENCE,410155,0.6,UNIFORM_STATIC,0.4875,1.0,0.975,0.43281250000000004
COUNTEREVIDENCE,410155,0.6,FLICKERING_BACKGROUND,0.4875,1.0,0.975,0.6456250000000001
COUNTEREVIDENCE,410155,0.75,PATTERNED_STATIC,1.0,0.0,1.0,1.0
COUNTEREVIDENCE,410155,0.75,UNIFORM_STATIC,0.5,1.0,1.0,0.3153125
COUNTEREVIDENCE,410155,0.75,FLICKERING_BACKGROUND,0.4875,1.0,0.975,0.44218749999999996
COUNTEREVIDENCE,410155,0.9,PATTERNED_STATIC,1.0,0.0,1.0,1.0
COUNTEREVIDENCE,410155,0.9,UNIFORM_STATIC,0.5,1.0,1.0,0.43499999999999994
COUNTEREVIDENCE,410155,0.9,FLICKERING_BACKGROUND,0.5,1.0,1.0,0.4253125
COUNTEREVIDENCE,410156,0.6,PATTERNED_STATIC,1.0,0.0,1.0,1.0
COUNTEREVIDENCE,410156,0.6,UNIFORM_STATIC,0.5,1.0,1.0,0.3359375
COUNTEREVIDENCE,410156,0.6,FLICKERING_BACKGROUND,0.5,1.0,1.0,0.4990625
COUNTEREVIDENCE,410156,0.75,PATTERNED_STATIC,0.9875,0.0,0.975,1.0
COUNTEREVIDENCE,410156,0.75,UNIFORM_STATIC,0.5,1.0,1.0,0.44875
COUNTEREVIDENCE,410156,0.75,FLICKERING_BACKGROUND,0.5125,0.975,1.0,0.5553125
COUNTEREVIDENCE,410156,0.9,PATTERNED_STATIC,1.0,0.0,1.0,1.0
COUNTEREVIDENCE,410156,0.9,UNIFORM_STATIC,0.5,1.0,1.0,0.41812499999999997
COUNTEREVIDENCE,410156,0.9,FLICKERING_BACKGROUND,0.5,1.0,1.0,0.47437500000000005
COUNTEREVIDENCE,410157,0.6,PATTERNED_STATIC,1.0,0.0,1.0,1.0
COUNTEREVIDENCE,410157,0.6,UNIFORM_STATIC,0.4875,1.0,0.975,0.35062499999999996
COUNTEREVIDENCE,410157,0.6,FLICKERING_BACKGROUND,0.5125,0.975,1.0,0.49281250000000004
COUNTEREVIDENCE,410157,0.75,PATTERNED_STATIC,1.0,0.0,1.0,1.0
COUNTEREVIDENCE,410157,0.75,UNIFORM_STATIC,0.4875,1.0,0.975,0.39593750000000005
COUNTEREVIDENCE,410157,0.75,FLICKERING_BACKGROUND,0.5125,0.95,0.975,0.514375
COUNTEREVIDENCE,410157,0.9,PATTERNED_STATIC,1.0,0.0,1.0,1.0
COUNTEREVIDENCE,410157,0.9,UNIFORM_STATIC,0.5,1.0,1.0,0.50625
COUNTEREVIDENCE,410157,0.9,FLICKERING_BACKGROUND,0.5,1.0,1.0,0.5590625
COUNTEREVIDENCE,410158,0.6,PATTERNED_STATIC,1.0,0.0,1.0,1.0
COUNTEREVIDENCE,410158,0.6,UNIFORM_STATIC,0.4875,1.0,0.975,0.4003125
COUNTEREVIDENCE,410158,0.6,FLICKERING_BACKGROUND,0.5,1.0,1.0,0.516875
COUNTEREVIDENCE,410158,0.75,PATTERNED_STATIC,1.0,0.0,1.0,1.0
COUNTEREVIDENCE,410158,0.75,UNIFORM_STATIC,0.5,1.0,1.0,0.405625
COUNTEREVIDENCE,410158,0.75,FLICKERING_BACKGROUND,0.5,1.0,1.0,0.49593750000000003
COUNTEREVIDENCE,410158,0.9,PATTERNED_STATIC,0.9875,0.025,1.0,1.0
COUNTEREVIDENCE,410158,0.9,UNIFORM_STATIC,0.5,1.0,1.0,0.464375
COUNTEREVIDENCE,410158,0.9,FLICKERING_BACKGROUND,0.5,1.0,1.0,0.6309375
COUNTEREVIDENCE,410159,0.6,PATTERNED_STATIC,1.0,0.0,1.0,1.0
COUNTEREVIDENCE,410159,0.6,UNIFORM_STATIC,0.475,1.0,0.95,0.4040625
COUNTEREVIDENCE,410159,0.6,FLICKERING_BACKGROUND,0.5125,0.95,0.975,0.5578125
COUNTEREVIDENCE,410159,0.75,PATTERNED_STATIC,0.9875,0.0,0.975,1.0
COUNTEREVIDENCE,410159,0.75,UNIFORM_STATIC,0.5,1.0,1.0,0.5765625
COUNTEREVIDENCE,410159,0.75,FLICKERING_BACKGROUND,0.525,0.95,1.0,0.6196875000000001
COUNTEREVIDENCE,410159,0.9,PATTERNED_STATIC,1.0,0.0,1.0,1.0
COUNTEREVIDENCE,410159,0.9,UNIFORM_STATIC,0.5,1.0,1.0,0.4471875
COUNTEREVIDENCE,410159,0.9,FLICKERING_BACKGROUND,0.5,1.0,1.0,0.47218750000000004
COUNTEREVIDENCE,410160,0.6,PATTERNED_STATIC,0.975,0.0,0.95,1.0
COUNTEREVIDENCE,410160,0.6,UNIFORM_STATIC,0.5125,0.975,1.0,0.4287500000000001
COUNTEREVIDENCE,410160,0.6,FLICKERING_BACKGROUND,0.4875,0.975,0.95,0.603125
COUNTEREVIDENCE,410160,0.75,PATTERNED_STATIC,1.0,0.0,1.0,1.0
COUNTEREVIDENCE,410160,0.75,UNIFORM_STATIC,0.5,1.0,1.0,0.5059375
COUNTEREVIDENCE,410160,0.75,FLICKERING_BACKGROUND,0.5,1.0,1.0,0.6287499999999999
COUNTEREVIDENCE,410160,0.9,PATTERNED_STATIC,0.9875,0.025,1.0,1.0
COUNTEREVIDENCE,410160,0.9,UNIFORM_STATIC,0.4875,1.0,0.975,0.4671875
COUNTEREVIDENCE,410160,0.9,FLICKERING_BACKGROUND,0.5,1.0,1.0,0.4065625
COUNTEREVIDENCE,410161,0.6,PATTERNED_STATIC,1.0,0.0,1.0,1.0
COUNTEREVIDENCE,410161,0.6,UNIFORM_STATIC,0.4875,1.0,0.975,0.47625
COUNTEREVIDENCE,410161,0.6,FLICKERING_BACKGROUND,0.525,0.95,1.0,0.5240625
COUNTEREVIDENCE,410161,0.75,PATTERNED_STATIC,1.0,0.0,1.0,1.0
COUNTEREVIDENCE,410161,0.75,UNIFORM_STATIC,0.5,1.0,1.0,0.5190625
COUNTEREVIDENCE,410161,0.75,FLICKERING_BACKGROUND,0.5,1.0,1.0,0.5190625
COUNTEREVIDENCE,410161,0.9,PATTERNED_STATIC,1.0,0.0,1.0,1.0
COUNTEREVIDENCE,410161,0.9,UNIFORM_STATIC,0.5,1.0,1.0,0.48750000000000004
COUNTEREVIDENCE,410161,0.9,FLICKERING_BACKGROUND,0.5,1.0,1.0,0.5331250000000001
COUNTEREVIDENCE,410162,0.6,PATTERNED_STATIC,1.0,0.0,1.0,1.0
COUNTEREVIDENCE,410162,0.6,UNIFORM_STATIC,0.5,1.0,1.0,0.44625
COUNTEREVIDENCE,410162,0.6,FLICKERING_BACKGROUND,0.5125,0.975,1.0,0.42812500000000003
COUNTEREVIDENCE,410162,0.75,PATTERNED_STATIC,1.0,0.0,1.0,1.0
COUNTEREVIDENCE,410162,0.75,UNIFORM_STATIC,0.5,1.0,1.0,0.5384375
COUNTEREVIDENCE,410162,0.75,FLICKERING_BACKGROUND,0.5,1.0,1.0,0.5678125
COUNTEREVIDENCE,410162,0.9,PATTERNED_STATIC,1.0,0.0,1.0,1.0
COUNTEREVIDENCE,410162,0.9,UNIFORM_STATIC,0.5,1.0,1.0,0.52625
COUNTEREVIDENCE,410162,0.9,FLICKERING_BACKGROUND,0.5,1.0,1.0,0.4440625
COUNTEREVIDENCE,410163,0.6,PATTERNED_STATIC,1.0,0.0,1.0,1.0
COUNTEREVIDENCE,410163,0.6,UNIFORM_STATIC,0.5,1.0,1.0,0.2546875
COUNTEREVIDENCE,410163,0.6,FLICKERING_BACKGROUND,0.525,0.95,1.0,0.5103125
COUNTEREVIDENCE,410163,0.75,PATTERNED_STATIC,1.0,0.0,1.0,1.0
COUNTEREVIDENCE,410163,0.75,UNIFORM_STATIC,0.5,1.0,1.0,0.345625
COUNTEREVIDENCE,410163,0.75,FLICKERING_BACKGROUND,0.5,1.0,1.0,0.454375
COUNTEREVIDENCE,410163,0.9,PATTERNED_STATIC,0.9875,0.025,1.0,0.999375
COUNTEREVIDENCE,410163,0.9,UNIFORM_STATIC,0.5,1.0,1.0,0.48375
COUNTEREVIDENCE,410163,0.9,FLICKERING_BACKGROUND,0.5,1.0,1.0,0.551875
COUNTEREVIDENCE,410164,0.6,PATTERNED_STATIC,1.0,0.0,1.0,1.0
COUNTEREVIDENCE,410164,0.6,UNIFORM_STATIC,0.5,1.0,1.0,0.454375
COUNTEREVIDENCE,410164,0.6,FLICKERING_BACKGROUND,0.5,1.0,1.0,0.49687500000000007
COUNTEREVIDENCE,410164,0.75,PATTERNED_STATIC,1.0,0.0,1.0,1.0
COUNTEREVIDENCE,410164,0.75,UNIFORM_STATIC,0.5,1.0,1.0,0.3696875
COUNTEREVIDENCE,410164,0.75,FLICKERING_BACKGROUND,0.525,0.95,1.0,0.485
COUNTEREVIDENCE,410164,0.9,PATTERNED_STATIC,1.0,0.0,1.0,1.0
COUNTEREVIDENCE,410164,0.9,UNIFORM_STATIC,0.5,1.0,1.0,0.5221875
COUNTEREVIDENCE,410164,0.9,FLICKERING_BACKGROUND,0.5125,0.975,1.0,0.49968749999999995
COUNTEREVIDENCE,410165,0.6,PATTERNED_STATIC,0.9875,0.0,0.975,1.0
COUNTEREVIDENCE,410165,0.6,UNIFORM_STATIC,0.4875,1.0,0.975,0.4159375
COUNTEREVIDENCE,410165,0.6,FLICKERING_BACKGROUND,0.5,1.0,1.0,0.5084375
COUNTEREVIDENCE,410165,0.75,PATTERNED_STATIC,1.0,0.0,1.0,1.0
COUNTEREVIDENCE,410165,0.75,UNIFORM_STATIC,0.5,1.0,1.0,0.364375
COUNTEREVIDENCE,410165,0.75,FLICKERING_BACKGROUND,0.5125,0.975,1.0,0.48843749999999997
COUNTEREVIDENCE,410165,0.9,PATTERNED_STATIC,1.0,0.0,1.0,1.0
COUNTEREVIDENCE,410165,0.9,UNIFORM_STATIC,0.5,1.0,1.0,0.458125
COUNTEREVIDENCE,410165,0.9,FLICKERING_BACKGROUND,0.5,1.0,1.0,0.5134375
COUNTEREVIDENCE,410166,0.6,PATTERNED_STATIC,0.9875,0.0,0.975,1.0
COUNTEREVIDENCE,410166,0.6,UNIFORM_STATIC,0.4875,1.0,0.975,0.46812499999999996
COUNTEREVIDENCE,410166,0.6,FLICKERING_BACKGROUND,0.5,1.0,1.0,0.56125
COUNTEREVIDENCE,410166,0.75,PATTERNED_STATIC,1.0,0.0,1.0,1.0
COUNTEREVIDENCE,410166,0.75,UNIFORM_STATIC,0.4875,1.0,0.975,0.44562500000000005
COUNTEREVIDENCE,410166,0.75,FLICKERING_BACKGROUND,0.5,0.975,0.975,0.45125000000000004
COUNTEREVIDENCE,410166,0.9,PATTERNED_STATIC,1.0,0.0,1.0,1.0
COUNTEREVIDENCE,410166,0.9,UNIFORM_STATIC,0.5,1.0,1.0,0.43406249999999996
COUNTEREVIDENCE,410166,0.9,FLICKERING_BACKGROUND,0.5,1.0,1.0,0.6368750000000001
COUNTEREVIDENCE,410167,0.6,PATTERNED_STATIC,0.9875,0.0,0.975,1.0
COUNTEREVIDENCE,410167,0.6,UNIFORM_STATIC,0.5,1.0,1.0,0.53125
COUNTEREVIDENCE,410167,0.6,FLICKERING_BACKGROUND,0.5,1.0,1.0,0.42093749999999996
COUNTEREVIDENCE,410167,0.75,PATTERNED_STATIC,0.9875,0.0,0.975,1.0
COUNTEREVIDENCE,410167,0.75,UNIFORM_STATIC,0.5,1.0,1.0,0.4684375
COUNTEREVIDENCE,410167,0.75,FLICKERING_BACKGROUND,0.475,1.0,0.95,0.5696875
COUNTEREVIDENCE,410167,0.9,PATTERNED_STATIC,1.0,0.0,1.0,1.0
COUNTEREVIDENCE,410167,0.9,UNIFORM_STATIC,0.5,1.0,1.0,0.454375
COUNTEREVIDENCE,410167,0.9,FLICKERING_BACKGROUND,0.5,1.0,1.0,0.48375
COUNTEREVIDENCE,410168,0.6,PATTERNED_STATIC,1.0,0.0,1.0,1.0
COUNTEREVIDENCE,410168,0.6,UNIFORM_STATIC,0.5,1.0,1.0,0.38062500000000005
COUNTEREVIDENCE,410168,0.6,FLICKERING_BACKGROUND,0.5,1.0,1.0,0.5246875
COUNTEREVIDENCE,410168,0.75,PATTERNED_STATIC,1.0,0.0,1.0,1.0
COUNTEREVIDENCE,410168,0.75,UNIFORM_STATIC,0.5,1.0,1.0,0.4825
COUNTEREVIDENCE,410168,0.75,FLICKERING_BACKGROUND,0.4875,1.0,0.975,0.4475
COUNTEREVIDENCE,410168,0.9,PATTERNED_STATIC,0.9875,0.0,0.975,1.0
COUNTEREVIDENCE,410168,0.9,UNIFORM_STATIC,0.5,1.0,1.0,0.5659375000000001
COUNTEREVIDENCE,410168,0.9,FLICKERING_BACKGROUND,0.5,1.0,1.0,0.6074999999999999
COUNTEREVIDENCE,410169,0.6,PATTERNED_STATIC,1.0,0.0,1.0,1.0
COUNTEREVIDENCE,410169,0.6,UNIFORM_STATIC,0.5,1.0,1.0,0.46843749999999995
COUNTEREVIDENCE,410169,0.6,FLICKERING_BACKGROUND,0.5,0.975,0.975,0.5921875
COUNTEREVIDENCE,410169,0.75,PATTERNED_STATIC,0.9875,0.0,0.975,1.0
COUNTEREVIDENCE,410169,0.75,UNIFORM_STATIC,0.4875,1.0,0.975,0.3778125
COUNTEREVIDENCE,410169,0.75,FLICKERING_BACKGROUND,0.5125,0.95,0.975,0.5956250000000001
COUNTEREVIDENCE,410169,0.9,PATTERNED_STATIC,1.0,0.0,1.0,1.0
COUNTEREVIDENCE,410169,0.9,UNIFORM_STATIC,0.5,1.0,1.0,0.30562500000000004
COUNTEREVIDENCE,410169,0.9,FLICKERING_BACKGROUND,0.5,1.0,1.0,0.5800000000000001
COUNTEREVIDENCE,410170,0.6,PATTERNED_STATIC,1.0,0.0,1.0,1.0
COUNTEREVIDENCE,410170,0.6,UNIFORM_STATIC,0.5,1.0,1.0,0.3834375
COUNTEREVIDENCE,410170,0.6,FLICKERING_BACKGROUND,0.5,1.0,1.0,0.55
COUNTEREVIDENCE,410170,0.75,PATTERNED_STATIC,0.9875,0.0,0.975,1.0
COUNTEREVIDENCE,410170,0.75,UNIFORM_STATIC,0.5,1.0,1.0,0.5371875
COUNTEREVIDENCE,410170,0.75,FLICKERING_BACKGROUND,0.5125,0.975,1.0,0.5715625
COUNTEREVIDENCE,410170,0.9,PATTERNED_STATIC,0.975,0.0,0.95,1.0
COUNTEREVIDENCE,410170,0.9,UNIFORM_STATIC,0.5,1.0,1.0,0.5825
COUNTEREVIDENCE,410170,0.9,FLICKERING_BACKGROUND,0.5,1.0,1.0,0.5478125
COUNTEREVIDENCE,410171,0.6,PATTERNED_STATIC,0.9875,0.0,0.975,1.0
COUNTEREVIDENCE,410171,0.6,UNIFORM_STATIC,0.5,1.0,1.0,0.435625
COUNTEREVIDENCE,410171,0.6,FLICKERING_BACKGROUND,0.5,0.975,0.975,0.4509375
COUNTEREVIDENCE,410171,0.75,PATTERNED_STATIC,1.0,0.0,1.0,1.0
COUNTEREVIDENCE,410171,0.75,UNIFORM_STATIC,0.5,1.0,1.0,0.46531249999999996
COUNTEREVIDENCE,410171,0.75,FLICKERING_BACKGROUND,0.475,1.0,0.95,0.5390625
COUNTEREVIDENCE,410171,0.9,PATTERNED_STATIC,1.0,0.0,1.0,1.0
COUNTEREVIDENCE,410171,0.9,UNIFORM_STATIC,0.5,1.0,1.0,0.5478125
COUNTEREVIDENCE,410171,0.9,FLICKERING_BACKGROUND,0.5,1.0,1.0,0.661875
COUNTEREVIDENCE,410172,0.6,PATTERNED_STATIC,1.0,0.0,1.0,1.0
COUNTEREVIDENCE,410172,0.6,UNIFORM_STATIC,0.5,1.0,1.0,0.4465625
COUNTEREVIDENCE,410172,0.6,FLICKERING_BACKGROUND,0.4875,1.0,0.975,0.45
COUNTEREVIDENCE,410172,0.75,PATTERNED_STATIC,1.0,0.0,1.0,1.0
COUNTEREVIDENCE,410172,0.75,UNIFORM_STATIC,0.5,0.975,0.975,0.5228124999999999
COUNTEREVIDENCE,410172,0.75,FLICKERING_BACKGROUND,0.5,1.0,1.0,0.5440625
COUNTEREVIDENCE,410172,0.9,PATTERNED_STATIC,1.0,0.0,1.0,1.0
COUNTEREVIDENCE,410172,0.9,UNIFORM_STATIC,0.4875,1.0,0.975,0.4425
COUNTEREVIDENCE,410172,0.9,FLICKERING_BACKGROUND,0.5,1.0,1.0,0.4559375
COUNTEREVIDENCE,410173,0.6,PATTERNED_STATIC,1.0,0.0,1.0,1.0
COUNTEREVIDENCE,410173,0.6,UNIFORM_STATIC,0.5,1.0,1.0,0.39125
COUNTEREVIDENCE,410173,0.6,FLICKERING_BACKGROUND,0.5125,0.975,1.0,0.5784374999999999
COUNTEREVIDENCE,410173,0.75,PATTERNED_STATIC,1.0,0.0,1.0,1.0
COUNTEREVIDENCE,410173,0.75,UNIFORM_STATIC,0.5,1.0,1.0,0.45375
COUNTEREVIDENCE,410173,0.75,FLICKERING_BACKGROUND,0.4875,1.0,0.975,0.525
COUNTEREVIDENCE,410173,0.9,PATTERNED_STATIC,1.0,0.0,1.0,1.0
COUNTEREVIDENCE,410173,0.9,UNIFORM_STATIC,0.5,1.0,1.0,0.531875
COUNTEREVIDENCE,410173,0.9,FLICKERING_BACKGROUND,0.5125,0.975,1.0,0.5284375
COUNTEREVIDENCE,410174,0.6,PATTERNED_STATIC,0.9875,0.0,0.975,1.0
COUNTEREVIDENCE,410174,0.6,UNIFORM_STATIC,0.4875,1.0,0.975,0.426875
COUNTEREVIDENCE,410174,0.6,FLICKERING_BACKGROUND,0.5125,0.975,1.0,0.41656249999999995
COUNTEREVIDENCE,410174,0.75,PATTERNED_STATIC,0.9875,0.0,0.975,1.0
COUNTEREVIDENCE,410174,0.75,UNIFORM_STATIC,0.525,0.95,1.0,0.5290625
COUNTEREVIDENCE,410174,0.75,FLICKERING_BACKGROUND,0.5125,0.975,1.0,0.505
COUNTEREVIDENCE,410174,0.9,PATTERNED_STATIC,1.0,0.0,1.0,1.0
COUNTEREVIDENCE,410174,0.9,UNIFORM_STATIC,0.5,1.0,1.0,0.41625
COUNTEREVIDENCE,410174,0.9,FLICKERING_BACKGROUND,0.5125,0.975,1.0,0.5575
COUNTEREVIDENCE,410175,0.6,PATTERNED_STATIC,0.9875,0.0,0.975,1.0
COUNTEREVIDENCE,410175,0.6,UNIFORM_STATIC,0.525,0.95,1.0,0.5065625
COUNTEREVIDENCE,410175,0.6,FLICKERING_BACKGROUND,0.5,1.0,1.0,0.4593750000000001
COUNTEREVIDENCE,410175,0.75,PATTERNED_STATIC,1.0,0.0,1.0,1.0
COUNTEREVIDENCE,410175,0.75,UNIFORM_STATIC,0.4875,1.0,0.975,0.46
COUNTEREVIDENCE,410175,0.75,FLICKERING_BACKGROUND,0.5,1.0,1.0,0.46906250000000005
COUNTEREVIDENCE,410175,0.9,PATTERNED_STATIC,0.9875,0.025,1.0,1.0
COUNTEREVIDENCE,410175,0.9,UNIFORM_STATIC,0.5,1.0,1.0,0.4703125
COUNTEREVIDENCE,410175,0.9,FLICKERING_BACKGROUND,0.5,1.0,1.0,0.5728125
COUNTEREVIDENCE,410176,0.6,PATTERNED_STATIC,1.0,0.0,1.0,1.0
COUNTEREVIDENCE,410176,0.6,UNIFORM_STATIC,0.5,1.0,1.0,0.3728125
COUNTEREVIDENCE,410176,0.6,FLICKERING_BACKGROUND,0.4875,1.0,0.975,0.5815625000000001
COUNTEREVIDENCE,410176,0.75,PATTERNED_STATIC,1.0,0.0,1.0,1.0
COUNTEREVIDENCE,410176,0.75,UNIFORM_STATIC,0.5,1.0,1.0,0.5793749999999999
COUNTEREVIDENCE,410176,0.75,FLICKERING_BACKGROUND,0.5,1.0,1.0,0.45406250000000004
COUNTEREVIDENCE,410176,0.9,PATTERNED_STATIC,1.0,0.0,1.0,1.0
COUNTEREVIDENCE,410176,0.9,UNIFORM_STATIC,0.5,1.0,1.0,0.36968750000000006
COUNTEREVIDENCE,410176,0.9,FLICKERING_BACKGROUND,0.5,1.0,1.0,0.5528125
COUNTEREVIDENCE,410177,0.6,PATTERNED_STATIC,0.9875,0.0,0.975,1.0
COUNTEREVIDENCE,410177,0.6,UNIFORM_STATIC,0.5,1.0,1.0,0.41312499999999996
COUNTEREVIDENCE,410177,0.6,FLICKERING_BACKGROUND,0.5,0.975,0.975,0.5834375
COUNTEREVIDENCE,410177,0.75,PATTERNED_STATIC,1.0,0.0,1.0,1.0
COUNTEREVIDENCE,410177,0.75,UNIFORM_STATIC,0.5,1.0,1.0,0.5059375
COUNTEREVIDENCE,410177,0.75,FLICKERING_BACKGROUND,0.525,0.95,1.0,0.5856250000000001
COUNTEREVIDENCE,410177,0.9,PATTERNED_STATIC,1.0,0.0,1.0,1.0
COUNTEREVIDENCE,410177,0.9,UNIFORM_STATIC,0.5,1.0,1.0,0.4946875
COUNTEREVIDENCE,410177,0.9,FLICKERING_BACKGROUND,0.5,1.0,1.0,0.5690625
COUNTEREVIDENCE,410178,0.6,PATTERNED_STATIC,1.0,0.0,1.0,1.0
COUNTEREVIDENCE,410178,0.6,UNIFORM_STATIC,0.5,1.0,1.0,0.40531249999999996
COUNTEREVIDENCE,410178,0.6,FLICKERING_BACKGROUND,0.525,0.95,1.0,0.450625
COUNTEREVIDENCE,410178,0.75,PATTERNED_STATIC,1.0,0.0,1.0,1.0
COUNTEREVIDENCE,410178,0.75,UNIFORM_STATIC,0.5,1.0,1.0,0.459375
COUNTEREVIDENCE,410178,0.75,FLICKERING_BACKGROUND,0.4875,1.0,0.975,0.534375
COUNTEREVIDENCE,410178,0.9,PATTERNED_STATIC,1.0,0.0,1.0,1.0
COUNTEREVIDENCE,410178,0.9,UNIFORM_STATIC,0.5,1.0,1.0,0.544375
COUNTEREVIDENCE,410178,0.9,FLICKERING_BACKGROUND,0.5,1.0,1.0,0.48656249999999995
COUNTEREVIDENCE,410179,0.6,PATTERNED_STATIC,1.0,0.0,1.0,1.0
COUNTEREVIDENCE,410179,0.6,UNIFORM_STATIC,0.475,1.0,0.95,0.42593749999999997
COUNTEREVIDENCE,410179,0.6,FLICKERING_BACKGROUND,0.5,0.975,0.975,0.5290625
COUNTEREVIDENCE,410179,0.75,PATTERNED_STATIC,1.0,0.0,1.0,1.0
COUNTEREVIDENCE,410179,0.75,UNIFORM_STATIC,0.5,1.0,1.0,0.49656249999999996
COUNTEREVIDENCE,410179,0.75,FLICKERING_BACKGROUND,0.5125,0.975,1.0,0.41187499999999994
COUNTEREVIDENCE,410179,0.9,PATTERNED_STATIC,1.0,0.0,1.0,1.0
COUNTEREVIDENCE,410179,0.9,UNIFORM_STATIC,0.5125,0.975,1.0,0.489375
COUNTEREVIDENCE,410179,0.9,FLICKERING_BACKGROUND,0.5125,0.975,1.0,0.40031250000000007
COUNTEREVIDENCE,410180,0.6,PATTERNED_STATIC,1.0,0.0,1.0,1.0
COUNTEREVIDENCE,410180,0.6,UNIFORM_STATIC,0.4875,1.0,0.975,0.42000000000000004
COUNTEREVIDENCE,410180,0.6,FLICKERING_BACKGROUND,0.475,1.0,0.95,0.5534375
COUNTEREVIDENCE,410180,0.75,PATTERNED_STATIC,1.0,0.0,1.0,1.0
COUNTEREVIDENCE,410180,0.75,UNIFORM_STATIC,0.5,1.0,1.0,0.5353125000000001
COUNTEREVIDENCE,410180,0.75,FLICKERING_BACKGROUND,0.5,1.0,1.0,0.48750000000000004
COUNTEREVIDENCE,410180,0.9,PATTERNED_STATIC,1.0,0.0,1.0,1.0
COUNTEREVIDENCE,410180,0.9,UNIFORM_STATIC,0.5,1.0,1.0,0.5325
COUNTEREVIDENCE,410180,0.9,FLICKERING_BACKGROUND,0.5,1.0,1.0,0.45687500000000003
COUNTEREVIDENCE,410181,0.6,PATTERNED_STATIC,1.0,0.0,1.0,1.0
COUNTEREVIDENCE,410181,0.6,UNIFORM_STATIC,0.5,1.0,1.0,0.33749999999999997
COUNTEREVIDENCE,410181,0.6,FLICKERING_BACKGROUND,0.5125,0.975,1.0,0.6615625
COUNTEREVIDENCE,410181,0.75,PATTERNED_STATIC,1.0,0.0,1.0,1.0
COUNTEREVIDENCE,410181,0.75,UNIFORM_STATIC,0.5,1.0,1.0,0.47968750000000004
COUNTEREVIDENCE,410181,0.75,FLICKERING_BACKGROUND,0.5,1.0,1.0,0.5928125
COUNTEREVIDENCE,410181,0.9,PATTERNED_STATIC,0.9875,0.0,0.975,1.0
COUNTEREVIDENCE,410181,0.9,UNIFORM_STATIC,0.5,1.0,1.0,0.47750000000000004
COUNTEREVIDENCE,410181,0.9,FLICKERING_BACKGROUND,0.5,1.0,1.0,0.544375
COUNTEREVIDENCE,410182,0.6,PATTERNED_STATIC,1.0,0.0,1.0,1.0
COUNTEREVIDENCE,410182,0.6,UNIFORM_STATIC,0.4875,1.0,0.975,0.5031249999999999
COUNTEREVIDENCE,410182,0.6,FLICKERING_BACKGROUND,0.525,0.95,1.0,0.581875
COUNTEREVIDENCE,410182,0.75,PATTERNED_STATIC,1.0,0.0,1.0,1.0
COUNTEREVIDENCE,410182,0.75,UNIFORM_STATIC,0.5,1.0,1.0,0.4021875
COUNTEREVIDENCE,410182,0.75,FLICKERING_BACKGROUND,0.5,1.0,1.0,0.46312499999999995
COUNTEREVIDENCE,410182,0.9,PATTERNED_STATIC,0.9875,0.025,1.0,1.0
COUNTEREVIDENCE,410182,0.9,UNIFORM_STATIC,0.5125,0.975,1.0,0.519375
COUNTEREVIDENCE,410182,0.9,FLICKERING_BACKGROUND,0.5,1.0,1.0,0.5146875
COUNTEREVIDENCE,410183,0.6,PATTERNED_STATIC,1.0,0.0,1.0,1.0
COUNTEREVIDENCE,410183,0.6,UNIFORM_STATIC,0.5,1.0,1.0,0.473125
COUNTEREVIDENCE,410183,0.6,FLICKERING_BACKGROUND,0.5125,0.975,1.0,0.4503125
COUNTEREVIDENCE,410183,0.75,PATTERNED_STATIC,1.0,0.0,1.0,1.0
COUNTEREVIDENCE,410183,0.75,UNIFORM_STATIC,0.5,1.0,1.0,0.526875
COUNTEREVIDENCE,410183,0.75,FLICKERING_BACKGROUND,0.475,1.0,0.95,0.4909374999999999
COUNTEREVIDENCE,410183,0.9,PATTERNED_STATIC,1.0,0.0,1.0,1.0
COUNTEREVIDENCE,410183,0.9,UNIFORM_STATIC,0.5,1.0,1.0,0.5134375
COUNTEREVIDENCE,410183,0.9,FLICKERING_BACKGROUND,0.5,1.0,1.0,0.484375
COUNTEREVIDENCE,410184,0.6,PATTERNED_STATIC,1.0,0.0,1.0,1.0
COUNTEREVIDENCE,410184,0.6,UNIFORM_STATIC,0.5125,0.975,1.0,0.48531250000000004
COUNTEREVIDENCE,410184,0.6,FLICKERING_BACKGROUND,0.5125,0.975,1.0,0.5240625000000001
COUNTEREVIDENCE,410184,0.75,PATTERNED_STATIC,1.0,0.0,1.0,1.0
COUNTEREVIDENCE,410184,0.75,UNIFORM_STATIC,0.4875,1.0,0.975,0.45343750000000005
COUNTEREVIDENCE,410184,0.75,FLICKERING_BACKGROUND,0.5,1.0,1.0,0.3978125
COUNTEREVIDENCE,410184,0.9,PATTERNED_STATIC,1.0,0.0,1.0,1.0
COUNTEREVIDENCE,410184,0.9,UNIFORM_STATIC,0.5,1.0,1.0,0.5337500000000001
COUNTEREVIDENCE,410184,0.9,FLICKERING_BACKGROUND,0.5,1.0,1.0,0.4296875
COUNTEREVIDENCE,410185,0.6,PATTERNED_STATIC,0.9875,0.0,0.975,1.0
COUNTEREVIDENCE,410185,0.6,UNIFORM_STATIC,0.4875,1.0,0.975,0.39968750000000003
COUNTEREVIDENCE,410185,0.6,FLICKERING_BACKGROUND,0.5125,0.95,0.975,0.5653125000000001
COUNTEREVIDENCE,410185,0.75,PATTERNED_STATIC,1.0,0.0,1.0,1.0
COUNTEREVIDENCE,410185,0.75,UNIFORM_STATIC,0.5125,0.975,1.0,0.43249999999999994
COUNTEREVIDENCE,410185,0.75,FLICKERING_BACKGROUND,0.5,1.0,1.0,0.5690625
COUNTEREVIDENCE,410185,0.9,PATTERNED_STATIC,1.0,0.0,1.0,1.0
COUNTEREVIDENCE,410185,0.9,UNIFORM_STATIC,0.5,1.0,1.0,0.619375
COUNTEREVIDENCE,410185,0.9,FLICKERING_BACKGROUND,0.5,1.0,1.0,0.49875
COUNTEREVIDENCE,410186,0.6,PATTERNED_STATIC,1.0,0.0,1.0,1.0
COUNTEREVIDENCE,410186,0.6,UNIFORM_STATIC,0.475,1.0,0.95,0.4575
COUNTEREVIDENCE,410186,0.6,FLICKERING_BACKGROUND,0.5,1.0,1.0,0.5215624999999999
COUNTEREVIDENCE,410186,0.75,PATTERNED_STATIC,1.0,0.0,1.0,1.0
COUNTEREVIDENCE,410186,0.75,UNIFORM_STATIC,0.4875,1.0,0.975,0.3715625
COUNTEREVIDENCE,410186,0.75,FLICKERING_BACKGROUND,0.5,1.0,1.0,0.4890625
COUNTEREVIDENCE,410186,0.9,PATTERNED_STATIC,0.9875,0.0,0.975,1.0
COUNTEREVIDENCE,410186,0.9,UNIFORM_STATIC,0.5,1.0,1.0,0.47250000000000003
COUNTEREVIDENCE,410186,0.9,FLICKERING_BACKGROUND,0.5,1.0,1.0,0.506875
COUNTEREVIDENCE,410187,0.6,PATTERNED_STATIC,0.9625,0.0,0.925,1.0
COUNTEREVIDENCE,410187,0.6,UNIFORM_STATIC,0.4875,1.0,0.975,0.47187500000000004
COUNTEREVIDENCE,410187,0.6,FLICKERING_BACKGROUND,0.4875,1.0,0.975,0.4653125
COUNTEREVIDENCE,410187,0.75,PATTERNED_STATIC,1.0,0.0,1.0,1.0
COUNTEREVIDENCE,410187,0.75,UNIFORM_STATIC,0.5,1.0,1.0,0.3950000000000001
COUNTEREVIDENCE,410187,0.75,FLICKERING_BACKGROUND,0.5,1.0,1.0,0.513125
COUNTEREVIDENCE,410187,0.9,PATTERNED_STATIC,1.0,0.0,1.0,1.0
COUNTEREVIDENCE,410187,0.9,UNIFORM_STATIC,0.5,1.0,1.0,0.42500000000000004
COUNTEREVIDENCE,410187,0.9,FLICKERING_BACKGROUND,0.5,1.0,1.0,0.5996874999999999
COUNTEREVIDENCE,410188,0.6,PATTERNED_STATIC,0.9875,0.0,0.975,1.0
COUNTEREVIDENCE,410188,0.6,UNIFORM_STATIC,0.4875,1.0,0.975,0.3159375
COUNTEREVIDENCE,410188,0.6,FLICKERING_BACKGROUND,0.5125,0.975,1.0,0.4340625
COUNTEREVIDENCE,410188,0.75,PATTERNED_STATIC,1.0,0.0,1.0,1.0
COUNTEREVIDENCE,410188,0.75,UNIFORM_STATIC,0.5,1.0,1.0,0.4546875000000001
COUNTEREVIDENCE,410188,0.75,FLICKERING_BACKGROUND,0.4875,1.0,0.975,0.5621875000000001
COUNTEREVIDENCE,410188,0.9,PATTERNED_STATIC,0.9625,0.075,1.0,0.999375
COUNTEREVIDENCE,410188,0.9,UNIFORM_STATIC,0.5,1.0,1.0,0.546875
COUNTEREVIDENCE,410188,0.9,FLICKERING_BACKGROUND,0.5,1.0,1.0,0.525
COUNTEREVIDENCE,410189,0.6,PATTERNED_STATIC,0.975,0.0,0.95,1.0
COUNTEREVIDENCE,410189,0.6,UNIFORM_STATIC,0.5125,0.975,1.0,0.540625
COUNTEREVIDENCE,410189,0.6,FLICKERING_BACKGROUND,0.5,1.0,1.0,0.5403125
COUNTEREVIDENCE,410189,0.75,PATTERNED_STATIC,1.0,0.0,1.0,1.0
COUNTEREVIDENCE,410189,0.75,UNIFORM_STATIC,0.5,1.0,1.0,0.43156249999999996
COUNTEREVIDENCE,410189,0.75,FLICKERING_BACKGROUND,0.5,1.0,1.0,0.5221875
COUNTEREVIDENCE,410189,0.9,PATTERNED_STATIC,0.9875,0.025,1.0,1.0
COUNTEREVIDENCE,410189,0.9,UNIFORM_STATIC,0.5,1.0,1.0,0.65875
COUNTEREVIDENCE,410189,0.9,FLICKERING_BACKGROUND,0.5,1.0,1.0,0.5421874999999999
COUNTEREVIDENCE,410190,0.6,PATTERNED_STATIC,1.0,0.0,1.0,1.0
COUNTEREVIDENCE,410190,0.6,UNIFORM_STATIC,0.4875,1.0,0.975,0.524375
COUNTEREVIDENCE,410190,0.6,FLICKERING_BACKGROUND,0.4875,1.0,0.975,0.5662499999999999
COUNTEREVIDENCE,410190,0.75,PATTERNED_STATIC,1.0,0.0,1.0,1.0
COUNTEREVIDENCE,410190,0.75,UNIFORM_STATIC,0.5,0.975,0.975,0.49906249999999996
COUNTEREVIDENCE,410190,0.75,FLICKERING_BACKGROUND,0.5,0.975,0.975,0.416875
COUNTEREVIDENCE,410190,0.9,PATTERNED_STATIC,1.0,0.0,1.0,1.0
COUNTEREVIDENCE,410190,0.9,UNIFORM_STATIC,0.5,1.0,1.0,0.5546875
COUNTEREVIDENCE,410190,0.9,FLICKERING_BACKGROUND,0.5,1.0,1.0,0.48875
COUNTEREVIDENCE,410191,0.6,PATTERNED_STATIC,1.0,0.0,1.0,1.0
COUNTEREVIDENCE,410191,0.6,UNIFORM_STATIC,0.5125,0.975,1.0,0.4496875
COUNTEREVIDENCE,410191,0.6,FLICKERING_BACKGROUND,0.5,1.0,1.0,0.4971875
COUNTEREVIDENCE,410191,0.75,PATTERNED_STATIC,0.9875,0.0,0.975,1.0
COUNTEREVIDENCE,410191,0.75,UNIFORM_STATIC,0.475,1.0,0.95,0.458125
COUNTEREVIDENCE,410191,0.75,FLICKERING_BACKGROUND,0.5125,0.975,1.0,0.5371874999999999
COUNTEREVIDENCE,410191,0.9,PATTERNED_STATIC,1.0,0.0,1.0,1.0
COUNTEREVIDENCE,410191,0.9,UNIFORM_STATIC,0.5,1.0,1.0,0.45
COUNTEREVIDENCE,410191,0.9,FLICKERING_BACKGROUND,0.5,1.0,1.0,0.47
COUNTEREVIDENCE,410192,0.6,PATTERNED_STATIC,0.9875,0.0,0.975,1.0
COUNTEREVIDENCE,410192,0.6,UNIFORM_STATIC,0.5,1.0,1.0,0.390625
COUNTEREVIDENCE,410192,0.6,FLICKERING_BACKGROUND,0.5125,0.95,0.975,0.64875
COUNTEREVIDENCE,410192,0.75,PATTERNED_STATIC,1.0,0.0,1.0,1.0
COUNTEREVIDENCE,410192,0.75,UNIFORM_STATIC,0.5,1.0,1.0,0.528125
COUNTEREVIDENCE,410192,0.75,FLICKERING_BACKGROUND,0.5,1.0,1.0,0.548125
COUNTEREVIDENCE,410192,0.9,PATTERNED_STATIC,0.9875,0.025,1.0,1.0
COUNTEREVIDENCE,410192,0.9,UNIFORM_STATIC,0.5,1.0,1.0,0.53875
COUNTEREVIDENCE,410192,0.9,FLICKERING_BACKGROUND,0.5,1.0,1.0,0.5078125
COUNTEREVIDENCE,410193,0.6,PATTERNED_STATIC,1.0,0.0,1.0,1.0
COUNTEREVIDENCE,410193,0.6,UNIFORM_STATIC,0.5,1.0,1.0,0.53625
COUNTEREVIDENCE,410193,0.6,FLICKERING_BACKGROUND,0.4875,1.0,0.975,0.6443750000000001
COUNTEREVIDENCE,410193,0.75,PATTERNED_STATIC,0.9875,0.0,0.975,1.0
COUNTEREVIDENCE,410193,0.75,UNIFORM_STATIC,0.5,1.0,1.0,0.4128125
COUNTEREVIDENCE,410193,0.75,FLICKERING_BACKGROUND,0.5125,0.975,1.0,0.4471875
COUNTEREVIDENCE,410193,0.9,PATTERNED_STATIC,1.0,0.0,1.0,1.0
COUNTEREVIDENCE,410193,0.9,UNIFORM_STATIC,0.5,1.0,1.0,0.5359375
COUNTEREVIDENCE,410193,0.9,FLICKERING_BACKGROUND,0.5,1.0,1.0,0.531875
COUNTEREVIDENCE,410194,0.6,PATTERNED_STATIC,1.0,0.0,1.0,1.0
COUNTEREVIDENCE,410194,0.6,UNIFORM_STATIC,0.5,1.0,1.0,0.34875
COUNTEREVIDENCE,410194,0.6,FLICKERING_BACKGROUND,0.4875,1.0,0.975,0.3925
COUNTEREVIDENCE,410194,0.75,PATTERNED_STATIC,1.0,0.0,1.0,1.0
COUNTEREVIDENCE,410194,0.75,UNIFORM_STATIC,0.475,1.0,0.95,0.4140625
COUNTEREVIDENCE,410194,0.75,FLICKERING_BACKGROUND,0.5,1.0,1.0,0.5153125000000001
COUNTEREVIDENCE,410194,0.9,PATTERNED_STATIC,1.0,0.0,1.0,1.0
COUNTEREVIDENCE,410194,0.9,UNIFORM_STATIC,0.5,1.0,1.0,0.48343749999999996
COUNTEREVIDENCE,410194,0.9,FLICKERING_BACKGROUND,0.5,1.0,1.0,0.535
COUNTEREVIDENCE,410195,0.6,PATTERNED_STATIC,1.0,0.0,1.0,1.0
COUNTEREVIDENCE,410195,0.6,UNIFORM_STATIC,0.5,1.0,1.0,0.375625
COUNTEREVIDENCE,410195,0.6,FLICKERING_BACKGROUND,0.5125,0.975,1.0,0.5471875
COUNTEREVIDENCE,410195,0.75,PATTERNED_STATIC,1.0,0.0,1.0,1.0
COUNTEREVIDENCE,410195,0.75,UNIFORM_STATIC,0.5,1.0,1.0,0.4675
COUNTEREVIDENCE,410195,0.75,FLICKERING_BACKGROUND,0.5,1.0,1.0,0.5218750000000001
COUNTEREVIDENCE,410195,0.9,PATTERNED_STATIC,1.0,0.0,1.0,1.0
COUNTEREVIDENCE,410195,0.9,UNIFORM_STATIC,0.4875,1.0,0.975,0.52
COUNTEREVIDENCE,410195,0.9,FLICKERING_BACKGROUND,0.5,1.0,1.0,0.5509375
COUNTEREVIDENCE,410196,0.6,PATTERNED_STATIC,1.0,0.0,1.0,1.0
COUNTEREVIDENCE,410196,0.6,UNIFORM_STATIC,0.4875,1.0,0.975,0.37093750000000003
COUNTEREVIDENCE,410196,0.6,FLICKERING_BACKGROUND,0.5,0.975,0.975,0.538125
COUNTEREVIDENCE,410196,0.75,PATTERNED_STATIC,1.0,0.0,1.0,1.0
COUNTEREVIDENCE,410196,0.75,UNIFORM_STATIC,0.4875,1.0,0.975,0.334375
COUNTEREVIDENCE,410196,0.75,FLICKERING_BACKGROUND,0.5,1.0,1.0,0.5478124999999999
COUNTEREVIDENCE,410196,0.9,PATTERNED_STATIC,1.0,0.0,1.0,1.0
COUNTEREVIDENCE,410196,0.9,UNIFORM_STATIC,0.5,1.0,1.0,0.63
COUNTEREVIDENCE,410196,0.9,FLICKERING_BACKGROUND,0.5,1.0,1.0,0.446875
COUNTEREVIDENCE,410197,0.6,PATTERNED_STATIC,1.0,0.0,1.0,1.0
COUNTEREVIDENCE,410197,0.6,UNIFORM_STATIC,0.5125,0.975,1.0,0.4465625
COUNTEREVIDENCE,410197,0.6,FLICKERING_BACKGROUND,0.5,0.975,0.975,0.42656250000000007
COUNTEREVIDENCE,410197,0.75,PATTERNED_STATIC,1.0,0.0,1.0,1.0
COUNTEREVIDENCE,410197,0.75,UNIFORM_STATIC,0.5,1.0,1.0,0.44062500000000004
COUNTEREVIDENCE,410197,0.75,FLICKERING_BACKGROUND,0.5,1.0,1.0,0.4171875
COUNTEREVIDENCE,410197,0.9,PATTERNED_STATIC,1.0,0.0,1.0,1.0
COUNTEREVIDENCE,410197,0.9,UNIFORM_STATIC,0.5,1.0,1.0,0.40156250000000004
COUNTEREVIDENCE,410197,0.9,FLICKERING_BACKGROUND,0.5,1.0,1.0,0.4725
COUNTEREVIDENCE,410198,0.6,PATTERNED_STATIC,1.0,0.0,1.0,1.0
COUNTEREVIDENCE,410198,0.6,UNIFORM_STATIC,0.5,1.0,1.0,0.44375
COUNTEREVIDENCE,410198,0.6,FLICKERING_BACKGROUND,0.525,0.95,1.0,0.5275
COUNTEREVIDENCE,410198,0.75,PATTERNED_STATIC,0.9875,0.0,0.975,1.0
COUNTEREVIDENCE,410198,0.75,UNIFORM_STATIC,0.5,1.0,1.0,0.57375
COUNTEREVIDENCE,410198,0.75,FLICKERING_BACKGROUND,0.5,1.0,1.0,0.5549999999999999
COUNTEREVIDENCE,410198,0.9,PATTERNED_STATIC,0.9875,0.0,0.975,1.0
COUNTEREVIDENCE,410198,0.9,UNIFORM_STATIC,0.5,1.0,1.0,0.384375
COUNTEREVIDENCE,410198,0.9,FLICKERING_BACKGROUND,0.525,0.95,1.0,0.48249999999999993
COUNTEREVIDENCE,410199,0.6,PATTERNED_STATIC,0.9875,0.0,0.975,1.0
COUNTEREVIDENCE,410199,0.6,UNIFORM_STATIC,0.5,1.0,1.0,0.4671875
COUNTEREVIDENCE,410199,0.6,FLICKERING_BACKGROUND,0.5,1.0,1.0,0.4346875
COUNTEREVIDENCE,410199,0.75,PATTERNED_STATIC,1.0,0.0,1.0,1.0
COUNTEREVIDENCE,410199,0.75,UNIFORM_STATIC,0.5,1.0,1.0,0.4365625
COUNTEREVIDENCE,410199,0.75,FLICKERING_BACKGROUND,0.5,1.0,1.0,0.5525
COUNTEREVIDENCE,410199,0.9,PATTERNED_STATIC,1.0,0.0,1.0,1.0
COUNTEREVIDENCE,410199,0.9,UNIFORM_STATIC,0.5,1.0,1.0,0.5296875000000001
COUNTEREVIDENCE,410199,0.9,FLICKERING_BACKGROUND,0.4875,1.0,0.975,0.5525
SHUFFLED_COUNTEREVIDENCE,410100,0.6,PATTERNED_STATIC,0.4875,0.375,0.35,0.49906249999999996
SHUFFLED_COUNTEREVIDENCE,410100,0.6,UNIFORM_STATIC,0.5,0.55,0.55,0.54125
SHUFFLED_COUNTEREVIDENCE,410100,0.6,FLICKERING_BACKGROUND,0.48750000000000004,0.575,0.55,0.4190625
SHUFFLED_COUNTEREVIDENCE,410100,0.75,PATTERNED_STATIC,0.425,0.525,0.375,0.3903125
SHUFFLED_COUNTEREVIDENCE,410100,0.75,UNIFORM_STATIC,0.525,0.5,0.55,0.5603125
SHUFFLED_COUNTEREVIDENCE,410100,0.75,FLICKERING_BACKGROUND,0.55,0.5,0.6,0.5671875
SHUFFLED_COUNTEREVIDENCE,410100,0.9,PATTERNED_STATIC,0.5125,0.5,0.525,0.5140625
SHUFFLED_COUNTEREVIDENCE,410100,0.9,UNIFORM_STATIC,0.475,0.475,0.425,0.46406250000000004
SHUFFLED_COUNTEREVIDENCE,410100,0.9,FLICKERING_BACKGROUND,0.5,0.475,0.475,0.4590625000000001
SHUFFLED_COUNTEREVIDENCE,410101,0.6,PATTERNED_STATIC,0.5625,0.4,0.525,0.5478125
SHUFFLED_COUNTEREVIDENCE,410101,0.6,UNIFORM_STATIC,0.5375000000000001,0.475,0.55,0.5315625
SHUFFLED_COUNTEREVIDENCE,410101,0.6,FLICKERING_BACKGROUND,0.475,0.5,0.45,0.45312499999999994
SHUFFLED_COUNTEREVIDENCE,410101,0.75,PATTERNED_STATIC,0.5375,0.425,0.5,0.5428125
SHUFFLED_COUNTEREVIDENCE,410101,0.75,UNIFORM_STATIC,0.575,0.45,0.6,0.5834374999999999
SHUFFLED_COUNTEREVIDENCE,410101,0.75,FLICKERING_BACKGROUND,0.4625,0.55,0.475,0.455
SHUFFLED_COUNTEREVIDENCE,410101,0.9,PATTERNED_STATIC,0.5,0.525,0.525,0.5096875
SHUFFLED_COUNTEREVIDENCE,410101,0.9,UNIFORM_STATIC,0.5874999999999999,0.525,0.7,0.5853125
SHUFFLED_COUNTEREVIDENCE,410101,0.9,FLICKERING_BACKGROUND,0.4625,0.6,0.525,0.44062500000000004
SHUFFLED_COUNTEREVIDENCE,410102,0.6,PATTERNED_STATIC,0.5625,0.3,0.425,0.5890624999999999
SHUFFLED_COUNTEREVIDENCE,410102,0.6,UNIFORM_STATIC,0.5625,0.525,0.65,0.54375
SHUFFLED_COUNTEREVIDENCE,410102,0.6,FLICKERING_BACKGROUND,0.475,0.625,0.575,0.42875
SHUFFLED_COUNTEREVIDENCE,410102,0.75,PATTERNED_STATIC,0.5375000000000001,0.325,0.4,0.531875
SHUFFLED_COUNTEREVIDENCE,410102,0.75,UNIFORM_STATIC,0.5,0.45,0.45,0.49062500000000003
SHUFFLED_COUNTEREVIDENCE,410102,0.75,FLICKERING_BACKGROUND,0.475,0.575,0.525,0.46625
SHUFFLED_COUNTEREVIDENCE,410102,0.9,PATTERNED_STATIC,0.4625,0.5,0.425,0.43812500000000004
SHUFFLED_COUNTEREVIDENCE,410102,0.9,UNIFORM_STATIC,0.475,0.4,0.35,0.5415625
SHUFFLED_COUNTEREVIDENCE,410102,0.9,FLICKERING_BACKGROUND,0.4375,0.55,0.425,0.420625
SHUFFLED_COUNTEREVIDENCE,410103,0.6,PATTERNED_STATIC,0.525,0.45,0.5,0.5484375
SHUFFLED_COUNTEREVIDENCE,410103,0.6,UNIFORM_STATIC,0.5125,0.5,0.525,0.49406250000000007
SHUFFLED_COUNTEREVIDENCE,410103,0.6,FLICKERING_BACKGROUND,0.5125,0.6,0.625,0.5571875
SHUFFLED_COUNTEREVIDENCE,410103,0.75,PATTERNED_STATIC,0.5625,0.3,0.425,0.58125
SHUFFLED_COUNTEREVIDENCE,410103,0.75,UNIFORM_STATIC,0.5874999999999999,0.4,0.575,0.575625
SHUFFLED_COUNTEREVIDENCE,410103,0.75,FLICKERING_BACKGROUND,0.44999999999999996,0.575,0.475,0.449375
SHUFFLED_COUNTEREVIDENCE,410103,0.9,PATTERNED_STATIC,0.5125,0.35,0.375,0.5134375000000001
SHUFFLED_COUNTEREVIDENCE,410103,0.9,UNIFORM_STATIC,0.4125,0.525,0.35,0.44406249999999997
SHUFFLED_COUNTEREVIDENCE,410103,0.9,FLICKERING_BACKGROUND,0.38749999999999996,0.525,0.3,0.4099999999999999
SHUFFLED_COUNTEREVIDENCE,410104,0.6,PATTERNED_STATIC,0.6125,0.225,0.45,0.6046874999999999
SHUFFLED_COUNTEREVIDENCE,410104,0.6,UNIFORM_STATIC,0.525,0.475,0.525,0.494375
SHUFFLED_COUNTEREVIDENCE,410104,0.6,FLICKERING_BACKGROUND,0.3375,0.65,0.325,0.3953125
SHUFFLED_COUNTEREVIDENCE,410104,0.75,PATTERNED_STATIC,0.5125,0.6,0.625,0.543125
SHUFFLED_COUNTEREVIDENCE,410104,0.75,UNIFORM_STATIC,0.5375000000000001,0.45,0.525,0.5606249999999999
SHUFFLED_COUNTEREVIDENCE,410104,0.75,FLICKERING_BACKGROUND,0.48750000000000004,0.475,0.45,0.406875
SHUFFLED_COUNTEREVIDENCE,410104,0.9,PATTERNED_STATIC,0.4875,0.6,0.575,0.5056249999999999
SHUFFLED_COUNTEREVIDENCE,410104,0.9,UNIFORM_STATIC,0.5125,0.375,0.4,0.435625
SHUFFLED_COUNTEREVIDENCE,410104,0.9,FLICKERING_BACKGROUND,0.55,0.425,0.525,0.565
SHUFFLED_COUNTEREVIDENCE,410105,0.6,PATTERNED_STATIC,0.4625,0.5,0.425,0.443125
SHUFFLED_COUNTEREVIDENCE,410105,0.6,UNIFORM_STATIC,0.47500000000000003,0.45,0.4,0.40874999999999995
SHUFFLED_COUNTEREVIDENCE,410105,0.6,FLICKERING_BACKGROUND,0.425,0.625,0.475,0.4265625
SHUFFLED_COUNTEREVIDENCE,410105,0.75,PATTERNED_STATIC,0.5625,0.475,0.6,0.6268750000000001
SHUFFLED_COUNTEREVIDENCE,410105,0.75,UNIFORM_STATIC,0.55,0.4,0.5,0.5034375
SHUFFLED_COUNTEREVIDENCE,410105,0.75,FLICKERING_BACKGROUND,0.475,0.5,0.45,0.455625
SHUFFLED_COUNTEREVIDENCE,410105,0.9,PATTERNED_STATIC,0.4875,0.375,0.35,0.5025
SHUFFLED_COUNTEREVIDENCE,410105,0.9,UNIFORM_STATIC,0.4125,0.55,0.375,0.4678125000000001
SHUFFLED_COUNTEREVIDENCE,410105,0.9,FLICKERING_BACKGROUND,0.5375000000000001,0.325,0.4,0.605
SHUFFLED_COUNTEREVIDENCE,410106,0.6,PATTERNED_STATIC,0.5,0.45,0.45,0.46906250000000005
SHUFFLED_COUNTEREVIDENCE,410106,0.6,UNIFORM_STATIC,0.575,0.475,0.625,0.5284375
SHUFFLED_COUNTEREVIDENCE,410106,0.6,FLICKERING_BACKGROUND,0.5875,0.475,0.65,0.6084375
SHUFFLED_COUNTEREVIDENCE,410106,0.75,PATTERNED_STATIC,0.475,0.425,0.375,0.3934375
SHUFFLED_COUNTEREVIDENCE,410106,0.75,UNIFORM_STATIC,0.475,0.525,0.475,0.455625
SHUFFLED_COUNTEREVIDENCE,410106,0.75,FLICKERING_BACKGROUND,0.5,0.45,0.45,0.5215624999999999
SHUFFLED_COUNTEREVIDENCE,410106,0.9,PATTERNED_STATIC,0.5249999999999999,0.425,0.475,0.5303125000000001
SHUFFLED_COUNTEREVIDENCE,410106,0.9,UNIFORM_STATIC,0.5375000000000001,0.45,0.525,0.5206249999999999
SHUFFLED_COUNTEREVIDENCE,410106,0.9,FLICKERING_BACKGROUND,0.5875,0.2,0.375,0.635625
SHUFFLED_COUNTEREVIDENCE,410107,0.6,PATTERNED_STATIC,0.575,0.275,0.425,0.5553125
SHUFFLED_COUNTEREVIDENCE,410107,0.6,UNIFORM_STATIC,0.475,0.475,0.425,0.46125
SHUFFLED_COUNTEREVIDENCE,410107,0.6,FLICKERING_BACKGROUND,0.5249999999999999,0.525,0.575,0.5831250000000001
SHUFFLED_COUNTEREVIDENCE,410107,0.75,PATTERNED_STATIC,0.4875,0.4,0.375,0.5096875
SHUFFLED_COUNTEREVIDENCE,410107,0.75,UNIFORM_STATIC,0.5125,0.425,0.45,0.5540625
SHUFFLED_COUNTEREVIDENCE,410107,0.75,FLICKERING_BACKGROUND,0.4,0.6,0.4,0.4565625
SHUFFLED_COUNTEREVIDENCE,410107,0.9,PATTERNED_STATIC,0.5875,0.35,0.525,0.6153125
SHUFFLED_COUNTEREVIDENCE,410107,0.9,UNIFORM_STATIC,0.48750000000000004,0.45,0.425,0.5003125
SHUFFLED_COUNTEREVIDENCE,410107,0.9,FLICKERING_BACKGROUND,0.4625,0.475,0.4,0.48500000000000004
SHUFFLED_COUNTEREVIDENCE,410108,0.6,PATTERNED_STATIC,0.5125,0.4,0.425,0.5812499999999999
SHUFFLED_COUNTEREVIDENCE,410108,0.6,UNIFORM_STATIC,0.5,0.575,0.575,0.5315625
SHUFFLED_COUNTEREVIDENCE,410108,0.6,FLICKERING_BACKGROUND,0.44999999999999996,0.575,0.475,0.4315625
SHUFFLED_COUNTEREVIDENCE,410108,0.75,PATTERNED_STATIC,0.475,0.425,0.375,0.5103125000000001
SHUFFLED_COUNTEREVIDENCE,410108,0.75,UNIFORM_STATIC,0.5125,0.425,0.45,0.5240625
SHUFFLED_COUNTEREVIDENCE,410108,0.75,FLICKERING_BACKGROUND,0.5125,0.475,0.5,0.51375
SHUFFLED_COUNTEREVIDENCE,410108,0.9,PATTERNED_STATIC,0.48750000000000004,0.55,0.525,0.5081249999999999
SHUFFLED_COUNTEREVIDENCE,410108,0.9,UNIFORM_STATIC,0.425,0.625,0.475,0.39031250000000006
SHUFFLED_COUNTEREVIDENCE,410108,0.9,FLICKERING_BACKGROUND,0.5125,0.575,0.6,0.528125
SHUFFLED_COUNTEREVIDENCE,410109,0.6,PATTERNED_STATIC,0.6125,0.275,0.5,0.5728125
SHUFFLED_COUNTEREVIDENCE,410109,0.6,UNIFORM_STATIC,0.4125,0.6,0.425,0.4131250000000001
SHUFFLED_COUNTEREVIDENCE,410109,0.6,FLICKERING_BACKGROUND,0.4625,0.6,0.525,0.48406249999999995
SHUFFLED_COUNTEREVIDENCE,410109,0.75,PATTERNED_STATIC,0.5249999999999999,0.525,0.575,0.503125
SHUFFLED_COUNTEREVIDENCE,410109,0.75,UNIFORM_STATIC,0.5375,0.425,0.5,0.535
SHUFFLED_COUNTEREVIDENCE,410109,0.75,FLICKERING_BACKGROUND,0.4375,0.5,0.375,0.38875000000000004
SHUFFLED_COUNTEREVIDENCE,410109,0.9,PATTERNED_STATIC,0.5125,0.475,0.5,0.5253125000000001
SHUFFLED_COUNTEREVIDENCE,410109,0.9,UNIFORM_STATIC,0.475,0.575,0.525,0.46343749999999995
SHUFFLED_COUNTEREVIDENCE,410109,0.9,FLICKERING_BACKGROUND,0.5625,0.375,0.5,0.5921875000000001
SHUFFLED_COUNTEREVIDENCE,410110,0.6,PATTERNED_STATIC,0.3625,0.525,0.25,0.365625
SHUFFLED_COUNTEREVIDENCE,410110,0.6,UNIFORM_STATIC,0.5375,0.65,0.725,0.5875
SHUFFLED_COUNTEREVIDENCE,410110,0.6,FLICKERING_BACKGROUND,0.55,0.45,0.55,0.44375
SHUFFLED_COUNTEREVIDENCE,410110,0.75,PATTERNED_STATIC,0.5375,0.4,0.475,0.58875
SHUFFLED_COUNTEREVIDENCE,410110,0.75,UNIFORM_STATIC,0.5874999999999999,0.4,0.575,0.6553125
SHUFFLED_COUNTEREVIDENCE,410110,0.75,FLICKERING_BACKGROUND,0.4625,0.45,0.375,0.40968750000000004
SHUFFLED_COUNTEREVIDENCE,410110,0.9,PATTERNED_STATIC,0.575,0.425,0.575,0.544375
SHUFFLED_COUNTEREVIDENCE,410110,0.9,UNIFORM_STATIC,0.5375000000000001,0.45,0.525,0.5490625
SHUFFLED_COUNTEREVIDENCE,410110,0.9,FLICKERING_BACKGROUND,0.4375,0.55,0.425,0.4559375
SHUFFLED_COUNTEREVIDENCE,410111,0.6,PATTERNED_STATIC,0.4375,0.4,0.275,0.43343750000000003
SHUFFLED_COUNTEREVIDENCE,410111,0.6,UNIFORM_STATIC,0.475,0.575,0.525,0.5246875
SHUFFLED_COUNTEREVIDENCE,410111,0.6,FLICKERING_BACKGROUND,0.5125,0.575,0.6,0.51875
SHUFFLED_COUNTEREVIDENCE,410111,0.75,PATTERNED_STATIC,0.5874999999999999,0.4,0.575,0.548125
SHUFFLED_COUNTEREVIDENCE,410111,0.75,UNIFORM_STATIC,0.5125,0.45,0.475,0.498125
SHUFFLED_COUNTEREVIDENCE,410111,0.75,FLICKERING_BACKGROUND,0.38749999999999996,0.525,0.3,0.3440625
SHUFFLED_COUNTEREVIDENCE,410111,0.9,PATTERNED_STATIC,0.48750000000000004,0.45,0.425,0.47624999999999995
SHUFFLED_COUNTEREVIDENCE,410111,0.9,UNIFORM_STATIC,0.5,0.5,0.5,0.591875
SHUFFLED_COUNTEREVIDENCE,410111,0.9,FLICKERING_BACKGROUND,0.475,0.575,0.525,0.47843749999999996
SHUFFLED_COUNTEREVIDENCE,410112,0.6,PATTERNED_STATIC,0.5125,0.475,0.5,0.5118750000000001
SHUFFLED_COUNTEREVIDENCE,410112,0.6,UNIFORM_STATIC,0.5,0.575,0.575,0.570625
SHUFFLED_COUNTEREVIDENCE,410112,0.6,FLICKERING_BACKGROUND,0.35,0.775,0.475,0.334375
SHUFFLED_COUNTEREVIDENCE,410112,0.75,PATTERNED_STATIC,0.525,0.4,0.45,0.4603125
SHUFFLED_COUNTEREVIDENCE,410112,0.75,UNIFORM_STATIC,0.4875,0.4,0.375,0.45156250000000003
SHUFFLED_COUNTEREVIDENCE,410112,0.75,FLICKERING_BACKGROUND,0.5125,0.4,0.425,0.4590625
SHUFFLED_COUNTEREVIDENCE,410112,0.9,PATTERNED_STATIC,0.5,0.425,0.425,0.48406250000000006
SHUFFLED_COUNTEREVIDENCE,410112,0.9,UNIFORM_STATIC,0.6000000000000001,0.35,0.55,0.6071875
SHUFFLED_COUNTEREVIDENCE,410112,0.9,FLICKERING_BACKGROUND,0.5,0.425,0.425,0.49968749999999995
SHUFFLED_COUNTEREVIDENCE,410113,0.6,PATTERNED_STATIC,0.4875,0.425,0.4,0.49250000000000005
SHUFFLED_COUNTEREVIDENCE,410113,0.6,UNIFORM_STATIC,0.5249999999999999,0.525,0.575,0.5081249999999999
SHUFFLED_COUNTEREVIDENCE,410113,0.6,FLICKERING_BACKGROUND,0.425,0.625,0.475,0.42124999999999996
SHUFFLED_COUNTEREVIDENCE,410113,0.75,PATTERNED_STATIC,0.5,0.45,0.45,0.56375
SHUFFLED_COUNTEREVIDENCE,410113,0.75,UNIFORM_STATIC,0.525,0.475,0.525,0.4409374999999999
SHUFFLED_COUNTEREVIDENCE,410113,0.75,FLICKERING_BACKGROUND,0.5125,0.5,0.525,0.5403125000000001
SHUFFLED_COUNTEREVIDENCE,410113,0.9,PATTERNED_STATIC,0.4625,0.5,0.425,0.45375000000000004
SHUFFLED_COUNTEREVIDENCE,410113,0.9,UNIFORM_STATIC,0.4875,0.525,0.5,0.44875
SHUFFLED_COUNTEREVIDENCE,410113,0.9,FLICKERING_BACKGROUND,0.4125,0.6,0.425,0.391875
SHUFFLED_COUNTEREVIDENCE,410114,0.6,PATTERNED_STATIC,0.5875,0.375,0.55,0.6124999999999999
SHUFFLED_COUNTEREVIDENCE,410114,0.6,UNIFORM_STATIC,0.5249999999999999,0.525,0.575,0.46218750000000003
SHUFFLED_COUNTEREVIDENCE,410114,0.6,FLICKERING_BACKGROUND,0.45,0.55,0.45,0.4021875
SHUFFLED_COUNTEREVIDENCE,410114,0.75,PATTERNED_STATIC,0.475,0.5,0.45,0.455
SHUFFLED_COUNTEREVIDENCE,410114,0.75,UNIFORM_STATIC,0.5125,0.4,0.425,0.4618749999999999
SHUFFLED_COUNTEREVIDENCE,410114,0.75,FLICKERING_BACKGROUND,0.4875,0.425,0.4,0.48156250000000006
SHUFFLED_COUNTEREVIDENCE,410114,0.9,PATTERNED_STATIC,0.4375,0.55,0.425,0.430625
SHUFFLED_COUNTEREVIDENCE,410114,0.9,UNIFORM_STATIC,0.5625,0.375,0.5,0.525625
SHUFFLED_COUNTEREVIDENCE,410114,0.9,FLICKERING_BACKGROUND,0.5125,0.5,0.525,0.5221875
SHUFFLED_COUNTEREVIDENCE,410115,0.6,PATTERNED_STATIC,0.5,0.5,0.5,0.53625
SHUFFLED_COUNTEREVIDENCE,410115,0.6,UNIFORM_STATIC,0.475,0.55,0.5,0.47187499999999993
SHUFFLED_COUNTEREVIDENCE,410115,0.6,FLICKERING_BACKGROUND,0.5375000000000001,0.45,0.525,0.5384375
SHUFFLED_COUNTEREVIDENCE,410115,0.75,PATTERNED_STATIC,0.4625,0.4,0.325,0.46875
SHUFFLED_COUNTEREVIDENCE,410115,0.75,UNIFORM_STATIC,0.5,0.525,0.525,0.5134375
SHUFFLED_COUNTEREVIDENCE,410115,0.75,FLICKERING_BACKGROUND,0.4875,0.625,0.6,0.48750000000000004
SHUFFLED_COUNTEREVIDENCE,410115,0.9,PATTERNED_STATIC,0.5125,0.4,0.425,0.5684374999999999
SHUFFLED_COUNTEREVIDENCE,410115,0.9,UNIFORM_STATIC,0.475,0.5,0.45,0.47218750000000004
SHUFFLED_COUNTEREVIDENCE,410115,0.9,FLICKERING_BACKGROUND,0.4625,0.625,0.55,0.418125
SHUFFLED_COUNTEREVIDENCE,410116,0.6,PATTERNED_STATIC,0.45,0.475,0.375,0.4443750000000001
SHUFFLED_COUNTEREVIDENCE,410116,0.6,UNIFORM_STATIC,0.5125,0.5,0.525,0.535625
SHUFFLED_COUNTEREVIDENCE,410116,0.6,FLICKERING_BACKGROUND,0.45,0.6,0.5,0.41156250000000005
SHUFFLED_COUNTEREVIDENCE,410116,0.75,PATTERNED_STATIC,0.525,0.35,0.4,0.5178125
SHUFFLED_COUNTEREVIDENCE,410116,0.75,UNIFORM_STATIC,0.6000000000000001,0.35,0.55,0.5621875000000001
SHUFFLED_COUNTEREVIDENCE,410116,0.75,FLICKERING_BACKGROUND,0.525,0.4,0.45,0.4978125
SHUFFLED_COUNTEREVIDENCE,410116,0.9,PATTERNED_STATIC,0.5625,0.425,0.55,0.578125
SHUFFLED_COUNTEREVIDENCE,410116,0.9,UNIFORM_STATIC,0.5125,0.5,0.525,0.5515625000000001
SHUFFLED_COUNTEREVIDENCE,410116,0.9,FLICKERING_BACKGROUND,0.525,0.4,0.45,0.526875
SHUFFLED_COUNTEREVIDENCE,410117,0.6,PATTERNED_STATIC,0.48750000000000004,0.475,0.45,0.484375
SHUFFLED_COUNTEREVIDENCE,410117,0.6,UNIFORM_STATIC,0.44999999999999996,0.525,0.425,0.44625
SHUFFLED_COUNTEREVIDENCE,410117,0.6,FLICKERING_BACKGROUND,0.5,0.525,0.525,0.546875
SHUFFLED_COUNTEREVIDENCE,410117,0.75,PATTERNED_STATIC,0.55,0.45,0.55,0.5543750000000001
SHUFFLED_COUNTEREVIDENCE,410117,0.75,UNIFORM_STATIC,0.5375000000000001,0.45,0.525,0.5378125
SHUFFLED_COUNTEREVIDENCE,410117,0.75,FLICKERING_BACKGROUND,0.475,0.575,0.525,0.4484375
SHUFFLED_COUNTEREVIDENCE,410117,0.9,PATTERNED_STATIC,0.6125,0.3,0.525,0.6287499999999999
SHUFFLED_COUNTEREVIDENCE,410117,0.9,UNIFORM_STATIC,0.575,0.525,0.675,0.5553125000000001
SHUFFLED_COUNTEREVIDENCE,410117,0.9,FLICKERING_BACKGROUND,0.575,0.425,0.575,0.54
SHUFFLED_COUNTEREVIDENCE,410118,0.6,PATTERNED_STATIC,0.5375,0.35,0.425,0.5425
SHUFFLED_COUNTEREVIDENCE,410118,0.6,UNIFORM_STATIC,0.425,0.625,0.475,0.47750000000000004
SHUFFLED_COUNTEREVIDENCE,410118,0.6,FLICKERING_BACKGROUND,0.4,0.625,0.425,0.40249999999999997
SHUFFLED_COUNTEREVIDENCE,410118,0.75,PATTERNED_STATIC,0.4375,0.55,0.425,0.3703125
SHUFFLED_COUNTEREVIDENCE,410118,0.75,UNIFORM_STATIC,0.4375,0.575,0.45,0.49062500000000003
SHUFFLED_COUNTEREVIDENCE,410118,0.75,FLICKERING_BACKGROUND,0.45,0.45,0.35,0.460625
SHUFFLED_COUNTEREVIDENCE,410118,0.9,PATTERNED_STATIC,0.525,0.45,0.5,0.5396875
SHUFFLED_COUNTEREVIDENCE,410118,0.9,UNIFORM_STATIC,0.5,0.55,0.55,0.4853125
SHUFFLED_COUNTEREVIDENCE,410118,0.9,FLICKERING_BACKGROUND,0.4625,0.575,0.5,0.436875
SHUFFLED_COUNTEREVIDENCE,410119,0.6,PATTERNED_STATIC,0.5375,0.35,0.425,0.4225000000000001
SHUFFLED_COUNTEREVIDENCE,410119,0.6,UNIFORM_STATIC,0.475,0.575,0.525,0.49750000000000005
SHUFFLED_COUNTEREVIDENCE,410119,0.6,FLICKERING_BACKGROUND,0.5125,0.55,0.575,0.5309375000000001
SHUFFLED_COUNTEREVIDENCE,410119,0.75,PATTERNED_STATIC,0.44999999999999996,0.525,0.425,0.4503125
SHUFFLED_COUNTEREVIDENCE,410119,0.75,UNIFORM_STATIC,0.4,0.65,0.45,0.4584375
SHUFFLED_COUNTEREVIDENCE,410119,0.75,FLICKERING_BACKGROUND,0.4875,0.6,0.575,0.5378125
SHUFFLED_COUNTEREVIDENCE,410119,0.9,PATTERNED_STATIC,0.575,0.4,0.55,0.608125
SHUFFLED_COUNTEREVIDENCE,410119,0.9,UNIFORM_STATIC,0.45,0.6,0.5,0.49812500000000004
SHUFFLED_COUNTEREVIDENCE,410119,0.9,FLICKERING_BACKGROUND,0.42500000000000004,0.475,0.325,0.41656249999999995
SHUFFLED_COUNTEREVIDENCE,410120,0.6,PATTERNED_STATIC,0.5125,0.425,0.45,0.5303125
SHUFFLED_COUNTEREVIDENCE,410120,0.6,UNIFORM_STATIC,0.6000000000000001,0.35,0.55,0.6271875
SHUFFLED_COUNTEREVIDENCE,410120,0.6,FLICKERING_BACKGROUND,0.48750000000000004,0.55,0.525,0.5215624999999999
SHUFFLED_COUNTEREVIDENCE,410120,0.75,PATTERNED_STATIC,0.4875,0.5,0.475,0.49625
SHUFFLED_COUNTEREVIDENCE,410120,0.75,UNIFORM_STATIC,0.48750000000000004,0.45,0.425,0.45656250000000004
SHUFFLED_COUNTEREVIDENCE,410120,0.75,FLICKERING_BACKGROUND,0.525,0.475,0.525,0.5240625000000001
SHUFFLED_COUNTEREVIDENCE,410120,0.9,PATTERNED_STATIC,0.5249999999999999,0.425,0.475,0.565625
SHUFFLED_COUNTEREVIDENCE,410120,0.9,UNIFORM_STATIC,0.5125,0.4,0.425,0.4609375
SHUFFLED_COUNTEREVIDENCE,410120,0.9,FLICKERING_BACKGROUND,0.5375,0.5,0.575,0.6043750000000001
SHUFFLED_COUNTEREVIDENCE,410121,0.6,PATTERNED_STATIC,0.45,0.45,0.35,0.459375
SHUFFLED_COUNTEREVIDENCE,410121,0.6,UNIFORM_STATIC,0.4875,0.525,0.5,0.42750000000000005
SHUFFLED_COUNTEREVIDENCE,410121,0.6,FLICKERING_BACKGROUND,0.5375,0.4,0.475,0.5659375
SHUFFLED_COUNTEREVIDENCE,410121,0.75,PATTERNED_STATIC,0.5875,0.35,0.525,0.6118750000000001
SHUFFLED_COUNTEREVIDENCE,410121,0.75,UNIFORM_STATIC,0.48750000000000004,0.55,0.525,0.464375
SHUFFLED_COUNTEREVIDENCE,410121,0.75,FLICKERING_BACKGROUND,0.4625,0.45,0.375,0.450625
SHUFFLED_COUNTEREVIDENCE,410121,0.9,PATTERNED_STATIC,0.475,0.425,0.375,0.5040625
SHUFFLED_COUNTEREVIDENCE,410121,0.9,UNIFORM_STATIC,0.5875,0.35,0.525,0.5399999999999999
SHUFFLED_COUNTEREVIDENCE,410121,0.9,FLICKERING_BACKGROUND,0.5125,0.425,0.45,0.4875
SHUFFLED_COUNTEREVIDENCE,410122,0.6,PATTERNED_STATIC,0.6125,0.425,0.65,0.6421875
SHUFFLED_COUNTEREVIDENCE,410122,0.6,UNIFORM_STATIC,0.4625,0.5,0.425,0.448125
SHUFFLED_COUNTEREVIDENCE,410122,0.6,FLICKERING_BACKGROUND,0.4125,0.55,0.375,0.38875
SHUFFLED_COUNTEREVIDENCE,410122,0.75,PATTERNED_STATIC,0.6625,0.275,0.6,0.6590624999999999
SHUFFLED_COUNTEREVIDENCE,410122,0.75,UNIFORM_STATIC,0.4875,0.425,0.4,0.4937499999999999
SHUFFLED_COUNTEREVIDENCE,410122,0.75,FLICKERING_BACKGROUND,0.44999999999999996,0.525,0.425,0.475
SHUFFLED_COUNTEREVIDENCE,410122,0.9,PATTERNED_STATIC,0.48750000000000004,0.575,0.55,0.48312499999999997
SHUFFLED_COUNTEREVIDENCE,410122,0.9,UNIFORM_STATIC,0.3375,0.575,0.25,0.330625
SHUFFLED_COUNTEREVIDENCE,410122,0.9,FLICKERING_BACKGROUND,0.5625,0.475,0.6,0.5665625
SHUFFLED_COUNTEREVIDENCE,410123,0.6,PATTERNED_STATIC,0.4125,0.375,0.2,0.428125
SHUFFLED_COUNTEREVIDENCE,410123,0.6,UNIFORM_STATIC,0.575,0.5,0.65,0.5415625
SHUFFLED_COUNTEREVIDENCE,410123,0.6,FLICKERING_BACKGROUND,0.5874999999999999,0.4,0.575,0.599375
SHUFFLED_COUNTEREVIDENCE,410123,0.75,PATTERNED_STATIC,0.45,0.475,0.375,0.4403125
SHUFFLED_COUNTEREVIDENCE,410123,0.75,UNIFORM_STATIC,0.675,0.3,0.65,0.6059374999999999
SHUFFLED_COUNTEREVIDENCE,410123,0.75,FLICKERING_BACKGROUND,0.48750000000000004,0.575,0.55,0.5090625000000001
SHUFFLED_COUNTEREVIDENCE,410123,0.9,PATTERNED_STATIC,0.55,0.375,0.475,0.5740625
SHUFFLED_COUNTEREVIDENCE,410123,0.9,UNIFORM_STATIC,0.48750000000000004,0.475,0.45,0.46093750000000006
SHUFFLED_COUNTEREVIDENCE,410123,0.9,FLICKERING_BACKGROUND,0.35,0.55,0.25,0.32625000000000004
SHUFFLED_COUNTEREVIDENCE,410124,0.6,PATTERNED_STATIC,0.55,0.325,0.425,0.54
SHUFFLED_COUNTEREVIDENCE,410124,0.6,UNIFORM_STATIC,0.525,0.575,0.625,0.4771875000000001
SHUFFLED_COUNTEREVIDENCE,410124,0.6,FLICKERING_BACKGROUND,0.38749999999999996,0.7,0.475,0.36531250000000004
SHUFFLED_COUNTEREVIDENCE,410124,0.75,PATTERNED_STATIC,0.4625,0.475,0.4,0.45062500000000005
SHUFFLED_COUNTEREVIDENCE,410124,0.75,UNIFORM_STATIC,0.5,0.45,0.45,0.47000000000000003
SHUFFLED_COUNTEREVIDENCE,410124,0.75,FLICKERING_BACKGROUND,0.5625,0.4,0.525,0.5321875
SHUFFLED_COUNTEREVIDENCE,410124,0.9,PATTERNED_STATIC,0.5875,0.375,0.55,0.5665625000000001
SHUFFLED_COUNTEREVIDENCE,410124,0.9,UNIFORM_STATIC,0.5625,0.45,0.575,0.5959375
SHUFFLED_COUNTEREVIDENCE,410124,0.9,FLICKERING_BACKGROUND,0.45,0.6,0.5,0.496875
SHUFFLED_COUNTEREVIDENCE,410125,0.6,PATTERNED_STATIC,0.4875,0.4,0.375,0.4728125
SHUFFLED_COUNTEREVIDENCE,410125,0.6,UNIFORM_STATIC,0.55,0.4,0.5,0.585625
SHUFFLED_COUNTEREVIDENCE,410125,0.6,FLICKERING_BACKGROUND,0.5,0.525,0.525,0.4865624999999999
SHUFFLED_COUNTEREVIDENCE,410125,0.75,PATTERNED_STATIC,0.525,0.35,0.4,0.52625
SHUFFLED_COUNTEREVIDENCE,410125,0.75,UNIFORM_STATIC,0.55,0.475,0.575,0.5653124999999999
SHUFFLED_COUNTEREVIDENCE,410125,0.75,FLICKERING_BACKGROUND,0.44999999999999996,0.575,0.475,0.40625
SHUFFLED_COUNTEREVIDENCE,410125,0.9,PATTERNED_STATIC,0.5625,0.425,0.55,0.5134375000000001
SHUFFLED_COUNTEREVIDENCE,410125,0.9,UNIFORM_STATIC,0.5,0.425,0.425,0.47062499999999996
SHUFFLED_COUNTEREVIDENCE,410125,0.9,FLICKERING_BACKGROUND,0.45,0.475,0.375,0.42906249999999996
SHUFFLED_COUNTEREVIDENCE,410126,0.6,PATTERNED_STATIC,0.5,0.45,0.45,0.4771875
SHUFFLED_COUNTEREVIDENCE,410126,0.6,UNIFORM_STATIC,0.4375,0.55,0.425,0.42625
SHUFFLED_COUNTEREVIDENCE,410126,0.6,FLICKERING_BACKGROUND,0.35,0.8,0.5,0.40249999999999997
SHUFFLED_COUNTEREVIDENCE,410126,0.75,PATTERNED_STATIC,0.5125,0.3,0.325,0.47187499999999993
SHUFFLED_COUNTEREVIDENCE,410126,0.75,UNIFORM_STATIC,0.4,0.55,0.35,0.44
SHUFFLED_COUNTEREVIDENCE,410126,0.75,FLICKERING_BACKGROUND,0.5625,0.325,0.45,0.5734375
SHUFFLED_COUNTEREVIDENCE,410126,0.9,PATTERNED_STATIC,0.5375,0.375,0.45,0.4859375
SHUFFLED_COUNTEREVIDENCE,410126,0.9,UNIFORM_STATIC,0.5125,0.425,0.45,0.5021875
SHUFFLED_COUNTEREVIDENCE,410126,0.9,FLICKERING_BACKGROUND,0.5,0.5,0.5,0.5618749999999999
SHUFFLED_COUNTEREVIDENCE,410127,0.6,PATTERNED_STATIC,0.4875,0.425,0.4,0.5090625
SHUFFLED_COUNTEREVIDENCE,410127,0.6,UNIFORM_STATIC,0.475,0.525,0.475,0.43906249999999997
SHUFFLED_COUNTEREVIDENCE,410127,0.6,FLICKERING_BACKGROUND,0.4625,0.475,0.4,0.45968749999999997
SHUFFLED_COUNTEREVIDENCE,410127,0.75,PATTERNED_STATIC,0.5,0.375,0.375,0.46812499999999996
SHUFFLED_COUNTEREVIDENCE,410127,0.75,UNIFORM_STATIC,0.575,0.525,0.675,0.5171875
SHUFFLED_COUNTEREVIDENCE,410127,0.75,FLICKERING_BACKGROUND,0.5,0.5,0.5,0.5146875
SHUFFLED_COUNTEREVIDENCE,410127,0.9,PATTERNED_STATIC,0.4125,0.55,0.375,0.37687499999999996
SHUFFLED_COUNTEREVIDENCE,410127,0.9,UNIFORM_STATIC,0.4625,0.625,0.55,0.4978125
SHUFFLED_COUNTEREVIDENCE,410127,0.9,FLICKERING_BACKGROUND,0.5375000000000001,0.475,0.55,0.5334375
SHUFFLED_COUNTEREVIDENCE,410128,0.6,PATTERNED_STATIC,0.4625,0.55,0.475,0.49562500000000004
SHUFFLED_COUNTEREVIDENCE,410128,0.6,UNIFORM_STATIC,0.4625,0.525,0.45,0.4084375
SHUFFLED_COUNTEREVIDENCE,410128,0.6,FLICKERING_BACKGROUND,0.5125,0.525,0.55,0.510625
SHUFFLED_COUNTEREVIDENCE,410128,0.75,PATTERNED_STATIC,0.5875,0.375,0.55,0.5428124999999999
SHUFFLED_COUNTEREVIDENCE,410128,0.75,UNIFORM_STATIC,0.475,0.525,0.475,0.484375
SHUFFLED_COUNTEREVIDENCE,410128,0.75,FLICKERING_BACKGROUND,0.5874999999999999,0.3,0.475,0.5434375
SHUFFLED_COUNTEREVIDENCE,410128,0.9,PATTERNED_STATIC,0.38749999999999996,0.575,0.35,0.373125
SHUFFLED_COUNTEREVIDENCE,410128,0.9,UNIFORM_STATIC,0.4875,0.5,0.475,0.48125000000000007
SHUFFLED_COUNTEREVIDENCE,410128,0.9,FLICKERING_BACKGROUND,0.4375,0.625,0.5,0.4759375
SHUFFLED_COUNTEREVIDENCE,410129,0.6,PATTERNED_STATIC,0.55,0.35,0.45,0.5684375
SHUFFLED_COUNTEREVIDENCE,410129,0.6,UNIFORM_STATIC,0.425,0.575,0.425,0.4096875
SHUFFLED_COUNTEREVIDENCE,410129,0.6,FLICKERING_BACKGROUND,0.42500000000000004,0.6,0.45,0.39093749999999994
SHUFFLED_COUNTEREVIDENCE,410129,0.75,PATTERNED_STATIC,0.525,0.375,0.425,0.470625
SHUFFLED_COUNTEREVIDENCE,410129,0.75,UNIFORM_STATIC,0.5875,0.375,0.55,0.626875
SHUFFLED_COUNTEREVIDENCE,410129,0.75,FLICKERING_BACKGROUND,0.575,0.425,0.575,0.5528125
SHUFFLED_COUNTEREVIDENCE,410129,0.9,PATTERNED_STATIC,0.3875,0.6,0.375,0.390625
SHUFFLED_COUNTEREVIDENCE,410129,0.9,UNIFORM_STATIC,0.5,0.475,0.475,0.46375000000000005
SHUFFLED_COUNTEREVIDENCE,410129,0.9,FLICKERING_BACKGROUND,0.475,0.55,0.5,0.468125
SHUFFLED_COUNTEREVIDENCE,410130,0.6,PATTERNED_STATIC,0.45,0.45,0.35,0.4615625
SHUFFLED_COUNTEREVIDENCE,410130,0.6,UNIFORM_STATIC,0.4625,0.525,0.45,0.4828125
SHUFFLED_COUNTEREVIDENCE,410130,0.6,FLICKERING_BACKGROUND,0.45,0.625,0.525,0.41375000000000006
SHUFFLED_COUNTEREVIDENCE,410130,0.75,PATTERNED_STATIC,0.5,0.425,0.425,0.47343749999999996
SHUFFLED_COUNTEREVIDENCE,410130,0.75,UNIFORM_STATIC,0.45,0.55,0.45,0.45187499999999997
SHUFFLED_COUNTEREVIDENCE,410130,0.75,FLICKERING_BACKGROUND,0.5,0.45,0.45,0.49687499999999996
SHUFFLED_COUNTEREVIDENCE,410130,0.9,PATTERNED_STATIC,0.44999999999999996,0.575,0.475,0.3928125
SHUFFLED_COUNTEREVIDENCE,410130,0.9,UNIFORM_STATIC,0.4375,0.525,0.4,0.44343749999999993
SHUFFLED_COUNTEREVIDENCE,410130,0.9,FLICKERING_BACKGROUND,0.5,0.475,0.475,0.5184375
SHUFFLED_COUNTEREVIDENCE,410131,0.6,PATTERNED_STATIC,0.5125,0.475,0.5,0.47750000000000004
SHUFFLED_COUNTEREVIDENCE,410131,0.6,UNIFORM_STATIC,0.5249999999999999,0.425,0.475,0.5446875
SHUFFLED_COUNTEREVIDENCE,410131,0.6,FLICKERING_BACKGROUND,0.4,0.55,0.35,0.3640625
SHUFFLED_COUNTEREVIDENCE,410131,0.75,PATTERNED_STATIC,0.48750000000000004,0.475,0.45,0.4803125
SHUFFLED_COUNTEREVIDENCE,410131,0.75,UNIFORM_STATIC,0.48750000000000004,0.475,0.45,0.446875
SHUFFLED_COUNTEREVIDENCE,410131,0.75,FLICKERING_BACKGROUND,0.5125,0.5,0.525,0.5015624999999999
SHUFFLED_COUNTEREVIDENCE,410131,0.9,PATTERNED_STATIC,0.425,0.525,0.375,0.42156250000000006
SHUFFLED_COUNTEREVIDENCE,410131,0.9,UNIFORM_STATIC,0.5,0.425,0.425,0.428125
SHUFFLED_COUNTEREVIDENCE,410131,0.9,FLICKERING_BACKGROUND,0.5375000000000001,0.475,0.55,0.48156250000000006
SHUFFLED_COUNTEREVIDENCE,410132,0.6,PATTERNED_STATIC,0.5125,0.4,0.425,0.5275
SHUFFLED_COUNTEREVIDENCE,410132,0.6,UNIFORM_STATIC,0.475,0.525,0.475,0.47187500000000004
SHUFFLED_COUNTEREVIDENCE,410132,0.6,FLICKERING_BACKGROUND,0.55,0.5,0.6,0.5265625
SHUFFLED_COUNTEREVIDENCE,410132,0.75,PATTERNED_STATIC,0.4,0.575,0.375,0.44499999999999995
SHUFFLED_COUNTEREVIDENCE,410132,0.75,UNIFORM_STATIC,0.4875,0.6,0.575,0.5028125
SHUFFLED_COUNTEREVIDENCE,410132,0.75,FLICKERING_BACKGROUND,0.4625,0.45,0.375,0.4365625
SHUFFLED_COUNTEREVIDENCE,410132,0.9,PATTERNED_STATIC,0.55,0.45,0.55,0.5571875
SHUFFLED_COUNTEREVIDENCE,410132,0.9,UNIFORM_STATIC,0.45,0.55,0.45,0.41625
SHUFFLED_COUNTEREVIDENCE,410132,0.9,FLICKERING_BACKGROUND,0.525,0.475,0.525,0.5046875
SHUFFLED_COUNTEREVIDENCE,410133,0.6,PATTERNED_STATIC,0.5125,0.45,0.475,0.590625
SHUFFLED_COUNTEREVIDENCE,410133,0.6,UNIFORM_STATIC,0.55,0.45,0.55,0.5181250000000001
SHUFFLED_COUNTEREVIDENCE,410133,0.6,FLICKERING_BACKGROUND,0.5625,0.45,0.575,0.531875
SHUFFLED_COUNTEREVIDENCE,410133,0.75,PATTERNED_STATIC,0.4125,0.525,0.35,0.40375000000000005
SHUFFLED_COUNTEREVIDENCE,410133,0.75,UNIFORM_STATIC,0.525,0.45,0.5,0.5653125
SHUFFLED_COUNTEREVIDENCE,410133,0.75,FLICKERING_BACKGROUND,0.5249999999999999,0.525,0.575,0.57
SHUFFLED_COUNTEREVIDENCE,410133,0.9,PATTERNED_STATIC,0.5,0.5,0.5,0.515
SHUFFLED_COUNTEREVIDENCE,410133,0.9,UNIFORM_STATIC,0.45,0.375,0.275,0.5125
SHUFFLED_COUNTEREVIDENCE,410133,0.9,FLICKERING_BACKGROUND,0.5375,0.525,0.6,0.5653125
SHUFFLED_COUNTEREVIDENCE,410134,0.6,PATTERNED_STATIC,0.5,0.35,0.35,0.503125
SHUFFLED_COUNTEREVIDENCE,410134,0.6,UNIFORM_STATIC,0.4875,0.4,0.375,0.504375
SHUFFLED_COUNTEREVIDENCE,410134,0.6,FLICKERING_BACKGROUND,0.5125,0.525,0.55,0.5265625
SHUFFLED_COUNTEREVIDENCE,410134,0.75,PATTERNED_STATIC,0.55,0.375,0.475,0.585625
SHUFFLED_COUNTEREVIDENCE,410134,0.75,UNIFORM_STATIC,0.55,0.55,0.65,0.5684375
SHUFFLED_COUNTEREVIDENCE,410134,0.75,FLICKERING_BACKGROUND,0.6125,0.4,0.625,0.5731250000000001
SHUFFLED_COUNTEREVIDENCE,410134,0.9,PATTERNED_STATIC,0.5875,0.375,0.55,0.625625
SHUFFLED_COUNTEREVIDENCE,410134,0.9,UNIFORM_STATIC,0.575,0.4,0.55,0.5303125
SHUFFLED_COUNTEREVIDENCE,410134,0.9,FLICKERING_BACKGROUND,0.5375000000000001,0.475,0.55,0.494375
SHUFFLED_COUNTEREVIDENCE,410135,0.6,PATTERNED_STATIC,0.5375,0.375,0.45,0.500625
SHUFFLED_COUNTEREVIDENCE,410135,0.6,UNIFORM_STATIC,0.5625,0.425,0.55,0.5659375
SHUFFLED_COUNTEREVIDENCE,410135,0.6,FLICKERING_BACKGROUND,0.55,0.475,0.575,0.5315625
SHUFFLED_COUNTEREVIDENCE,410135,0.75,PATTERNED_STATIC,0.55,0.4,0.5,0.5643750000000001
SHUFFLED_COUNTEREVIDENCE,410135,0.75,UNIFORM_STATIC,0.55,0.425,0.525,0.5921875
SHUFFLED_COUNTEREVIDENCE,410135,0.75,FLICKERING_BACKGROUND,0.6375,0.35,0.625,0.6725
SHUFFLED_COUNTEREVIDENCE,410135,0.9,PATTERNED_STATIC,0.5,0.5,0.5,0.54625
SHUFFLED_COUNTEREVIDENCE,410135,0.9,UNIFORM_STATIC,0.5125,0.45,0.475,0.5634375
SHUFFLED_COUNTEREVIDENCE,410135,0.9,FLICKERING_BACKGROUND,0.5125,0.45,0.475,0.543125
SHUFFLED_COUNTEREVIDENCE,410136,0.6,PATTERNED_STATIC,0.525,0.275,0.325,0.4615625
SHUFFLED_COUNTEREVIDENCE,410136,0.6,UNIFORM_STATIC,0.4875,0.625,0.6,0.45562499999999995
SHUFFLED_COUNTEREVIDENCE,410136,0.6,FLICKERING_BACKGROUND,0.5625,0.5,0.625,0.588125
SHUFFLED_COUNTEREVIDENCE,410136,0.75,PATTERNED_STATIC,0.5375,0.35,0.425,0.5040625000000001
SHUFFLED_COUNTEREVIDENCE,410136,0.75,UNIFORM_STATIC,0.42500000000000004,0.55,0.4,0.4434375
SHUFFLED_COUNTEREVIDENCE,410136,0.75,FLICKERING_BACKGROUND,0.525,0.4,0.45,0.6109375
SHUFFLED_COUNTEREVIDENCE,410136,0.9,PATTERNED_STATIC,0.5625,0.5,0.625,0.49812499999999993
SHUFFLED_COUNTEREVIDENCE,410136,0.9,UNIFORM_STATIC,0.4625,0.5,0.425,0.395625
SHUFFLED_COUNTEREVIDENCE,410136,0.9,FLICKERING_BACKGROUND,0.475,0.5,0.45,0.47124999999999995
SHUFFLED_COUNTEREVIDENCE,410137,0.6,PATTERNED_STATIC,0.5625,0.525,0.65,0.55
SHUFFLED_COUNTEREVIDENCE,410137,0.6,UNIFORM_STATIC,0.6125,0.375,0.6,0.5584374999999999
SHUFFLED_COUNTEREVIDENCE,410137,0.6,FLICKERING_BACKGROUND,0.65,0.375,0.675,0.6384375
SHUFFLED_COUNTEREVIDENCE,410137,0.75,PATTERNED_STATIC,0.475,0.475,0.425,0.4909375
SHUFFLED_COUNTEREVIDENCE,410137,0.75,UNIFORM_STATIC,0.5,0.45,0.45,0.538125
SHUFFLED_COUNTEREVIDENCE,410137,0.75,FLICKERING_BACKGROUND,0.47500000000000003,0.6,0.55,0.5493750000000001
SHUFFLED_COUNTEREVIDENCE,410137,0.9,PATTERNED_STATIC,0.4625,0.525,0.45,0.456875
SHUFFLED_COUNTEREVIDENCE,410137,0.9,UNIFORM_STATIC,0.475,0.55,0.5,0.5134375
SHUFFLED_COUNTEREVIDENCE,410137,0.9,FLICKERING_BACKGROUND,0.44999999999999996,0.575,0.475,0.515625
SHUFFLED_COUNTEREVIDENCE,410138,0.6,PATTERNED_STATIC,0.5,0.35,0.35,0.5284375
SHUFFLED_COUNTEREVIDENCE,410138,0.6,UNIFORM_STATIC,0.5625,0.4,0.525,0.581875
SHUFFLED_COUNTEREVIDENCE,410138,0.6,FLICKERING_BACKGROUND,0.5,0.575,0.575,0.51125
SHUFFLED_COUNTEREVIDENCE,410138,0.75,PATTERNED_STATIC,0.5875,0.275,0.45,0.5553125
SHUFFLED_COUNTEREVIDENCE,410138,0.75,UNIFORM_STATIC,0.5125,0.525,0.55,0.530625
SHUFFLED_COUNTEREVIDENCE,410138,0.75,FLICKERING_BACKGROUND,0.525,0.6,0.65,0.5203125
SHUFFLED_COUNTEREVIDENCE,410138,0.9,PATTERNED_STATIC,0.525,0.375,0.425,0.5059374999999999
SHUFFLED_COUNTEREVIDENCE,410138,0.9,UNIFORM_STATIC,0.5125,0.55,0.575,0.5640625
SHUFFLED_COUNTEREVIDENCE,410138,0.9,FLICKERING_BACKGROUND,0.5375000000000001,0.475,0.55,0.4790625
SHUFFLED_COUNTEREVIDENCE,410139,0.6,PATTERNED_STATIC,0.6125,0.35,0.575,0.6768749999999999
SHUFFLED_COUNTEREVIDENCE,410139,0.6,UNIFORM_STATIC,0.475,0.575,0.525,0.45625000000000004
SHUFFLED_COUNTEREVIDENCE,410139,0.6,FLICKERING_BACKGROUND,0.48750000000000004,0.45,0.425,0.4678125
SHUFFLED_COUNTEREVIDENCE,410139,0.75,PATTERNED_STATIC,0.4375,0.525,0.4,0.4353125
SHUFFLED_COUNTEREVIDENCE,410139,0.75,UNIFORM_STATIC,0.4625,0.375,0.3,0.525625
SHUFFLED_COUNTEREVIDENCE,410139,0.75,FLICKERING_BACKGROUND,0.44999999999999996,0.525,0.425,0.481875
SHUFFLED_COUNTEREVIDENCE,410139,0.9,PATTERNED_STATIC,0.45,0.475,0.375,0.4340625
SHUFFLED_COUNTEREVIDENCE,410139,0.9,UNIFORM_STATIC,0.4625,0.575,0.5,0.44125
SHUFFLED_COUNTEREVIDENCE,410139,0.9,FLICKERING_BACKGROUND,0.625,0.375,0.625,0.613125
SHUFFLED_COUNTEREVIDENCE,410140,0.6,PATTERNED_STATIC,0.5375,0.3,0.375,0.5109375
SHUFFLED_COUNTEREVIDENCE,410140,0.6,UNIFORM_STATIC,0.55,0.45,0.55,0.5612499999999999
SHUFFLED_COUNTEREVIDENCE,410140,0.6,FLICKERING_BACKGROUND,0.5,0.525,0.525,0.46812499999999996
SHUFFLED_COUNTEREVIDENCE,410140,0.75,PATTERNED_STATIC,0.475,0.5,0.45,0.46656250000000005
SHUFFLED_COUNTEREVIDENCE,410140,0.75,UNIFORM_STATIC,0.5375,0.4,0.475,0.5421874999999999
SHUFFLED_COUNTEREVIDENCE,410140,0.75,FLICKERING_BACKGROUND,0.48750000000000004,0.45,0.425,0.4665625
SHUFFLED_COUNTEREVIDENCE,410140,0.9,PATTERNED_STATIC,0.5125,0.525,0.55,0.5028125
SHUFFLED_COUNTEREVIDENCE,410140,0.9,UNIFORM_STATIC,0.4625,0.5,0.425,0.47843750000000007
SHUFFLED_COUNTEREVIDENCE,410140,0.9,FLICKERING_BACKGROUND,0.5249999999999999,0.425,0.475,0.4878125
SHUFFLED_COUNTEREVIDENCE,410141,0.6,PATTERNED_STATIC,0.55,0.35,0.45,0.5225
SHUFFLED_COUNTEREVIDENCE,410141,0.6,UNIFORM_STATIC,0.475,0.625,0.575,0.4775
SHUFFLED_COUNTEREVIDENCE,410141,0.6,FLICKERING_BACKGROUND,0.6375,0.35,0.625,0.6468750000000001
SHUFFLED_COUNTEREVIDENCE,410141,0.75,PATTERNED_STATIC,0.47500000000000003,0.325,0.275,0.46499999999999997
SHUFFLED_COUNTEREVIDENCE,410141,0.75,UNIFORM_STATIC,0.5,0.5,0.5,0.515
SHUFFLED_COUNTEREVIDENCE,410141,0.75,FLICKERING_BACKGROUND,0.4625,0.55,0.475,0.4496875
SHUFFLED_COUNTEREVIDENCE,410141,0.9,PATTERNED_STATIC,0.5375,0.35,0.425,0.506875
SHUFFLED_COUNTEREVIDENCE,410141,0.9,UNIFORM_STATIC,0.5375000000000001,0.45,0.525,0.58875
SHUFFLED_COUNTEREVIDENCE,410141,0.9,FLICKERING_BACKGROUND,0.4125,0.6,0.425,0.39468749999999997
SHUFFLED_COUNTEREVIDENCE,410142,0.6,PATTERNED_STATIC,0.48750000000000004,0.45,0.425,0.4765625
SHUFFLED_COUNTEREVIDENCE,410142,0.6,UNIFORM_STATIC,0.4875,0.6,0.575,0.5231250000000001
SHUFFLED_COUNTEREVIDENCE,410142,0.6,FLICKERING_BACKGROUND,0.4875,0.525,0.5,0.45375
SHUFFLED_COUNTEREVIDENCE,410142,0.75,PATTERNED_STATIC,0.5125,0.4,0.425,0.478125
SHUFFLED_COUNTEREVIDENCE,410142,0.75,UNIFORM_STATIC,0.5,0.425,0.425,0.5159374999999999
SHUFFLED_COUNTEREVIDENCE,410142,0.75,FLICKERING_BACKGROUND,0.4875,0.5,0.475,0.4690625
SHUFFLED_COUNTEREVIDENCE,410142,0.9,PATTERNED_STATIC,0.4625,0.575,0.5,0.4446875
SHUFFLED_COUNTEREVIDENCE,410142,0.9,UNIFORM_STATIC,0.65,0.325,0.625,0.6178125000000001
SHUFFLED_COUNTEREVIDENCE,410142,0.9,FLICKERING_BACKGROUND,0.4375,0.575,0.45,0.49
SHUFFLED_COUNTEREVIDENCE,410143,0.6,PATTERNED_STATIC,0.525,0.35,0.4,0.5503125
SHUFFLED_COUNTEREVIDENCE,410143,0.6,UNIFORM_STATIC,0.5375,0.5,0.575,0.51875
SHUFFLED_COUNTEREVIDENCE,410143,0.6,FLICKERING_BACKGROUND,0.5,0.525,0.525,0.5225
SHUFFLED_COUNTEREVIDENCE,410143,0.75,PATTERNED_STATIC,0.525,0.4,0.45,0.5162500000000001
SHUFFLED_COUNTEREVIDENCE,410143,0.75,UNIFORM_STATIC,0.4625,0.55,0.475,0.4634375
SHUFFLED_COUNTEREVIDENCE,410143,0.75,FLICKERING_BACKGROUND,0.55,0.425,0.525,0.49968749999999995
SHUFFLED_COUNTEREVIDENCE,410143,0.9,PATTERNED_STATIC,0.38749999999999996,0.65,0.425,0.39968750000000003
SHUFFLED_COUNTEREVIDENCE,410143,0.9,UNIFORM_STATIC,0.55,0.375,0.475,0.5715625000000001
SHUFFLED_COUNTEREVIDENCE,410143,0.9,FLICKERING_BACKGROUND,0.525,0.5,0.55,0.5365625
SHUFFLED_COUNTEREVIDENCE,410144,0.6,PATTERNED_STATIC,0.475,0.35,0.3,0.44156249999999997
SHUFFLED_COUNTEREVIDENCE,410144,0.6,UNIFORM_STATIC,0.5375000000000001,0.45,0.525,0.550625
SHUFFLED_COUNTEREVIDENCE,410144,0.6,FLICKERING_BACKGROUND,0.6125,0.4,0.625,0.6378125
SHUFFLED_COUNTEREVIDENCE,410144,0.75,PATTERNED_STATIC,0.575,0.325,0.475,0.5178125
SHUFFLED_COUNTEREVIDENCE,410144,0.75,UNIFORM_STATIC,0.525,0.475,0.525,0.48250000000000004
SHUFFLED_COUNTEREVIDENCE,410144,0.75,FLICKERING_BACKGROUND,0.4375,0.475,0.35,0.385
SHUFFLED_COUNTEREVIDENCE,410144,0.9,PATTERNED_STATIC,0.525,0.375,0.425,0.47
SHUFFLED_COUNTEREVIDENCE,410144,0.9,UNIFORM_STATIC,0.4125,0.575,0.4,0.4065625
SHUFFLED_COUNTEREVIDENCE,410144,0.9,FLICKERING_BACKGROUND,0.55,0.425,0.525,0.5206249999999999
SHUFFLED_COUNTEREVIDENCE,410145,0.6,PATTERNED_STATIC,0.525,0.4,0.45,0.5206249999999999
SHUFFLED_COUNTEREVIDENCE,410145,0.6,UNIFORM_STATIC,0.6000000000000001,0.475,0.675,0.61625
SHUFFLED_COUNTEREVIDENCE,410145,0.6,FLICKERING_BACKGROUND,0.5625,0.4,0.525,0.5650000000000001
SHUFFLED_COUNTEREVIDENCE,410145,0.75,PATTERNED_STATIC,0.45,0.5,0.4,0.410625
SHUFFLED_COUNTEREVIDENCE,410145,0.75,UNIFORM_STATIC,0.55,0.375,0.475,0.5387500000000001
SHUFFLED_COUNTEREVIDENCE,410145,0.75,FLICKERING_BACKGROUND,0.4,0.65,0.45,0.4459375
SHUFFLED_COUNTEREVIDENCE,410145,0.9,PATTERNED_STATIC,0.425,0.575,0.425,0.4312500000000001
SHUFFLED_COUNTEREVIDENCE,410145,0.9,UNIFORM_STATIC,0.5249999999999999,0.525,0.575,0.56
SHUFFLED_COUNTEREVIDENCE,410145,0.9,FLICKERING_BACKGROUND,0.475,0.55,0.5,0.5228125
SHUFFLED_COUNTEREVIDENCE,410146,0.6,PATTERNED_STATIC,0.4875,0.4,0.375,0.50375
SHUFFLED_COUNTEREVIDENCE,410146,0.6,UNIFORM_STATIC,0.4625,0.55,0.475,0.3993749999999999
SHUFFLED_COUNTEREVIDENCE,410146,0.6,FLICKERING_BACKGROUND,0.5,0.575,0.575,0.4984374999999999
SHUFFLED_COUNTEREVIDENCE,410146,0.75,PATTERNED_STATIC,0.45,0.45,0.35,0.47937500000000005
SHUFFLED_COUNTEREVIDENCE,410146,0.75,UNIFORM_STATIC,0.45,0.6,0.5,0.4440625
SHUFFLED_COUNTEREVIDENCE,410146,0.75,FLICKERING_BACKGROUND,0.45,0.5,0.4,0.441875
SHUFFLED_COUNTEREVIDENCE,410146,0.9,PATTERNED_STATIC,0.4,0.575,0.375,0.40718750000000004
SHUFFLED_COUNTEREVIDENCE,410146,0.9,UNIFORM_STATIC,0.5125,0.5,0.525,0.5240625000000001
SHUFFLED_COUNTEREVIDENCE,410146,0.9,FLICKERING_BACKGROUND,0.475,0.575,0.525,0.431875
SHUFFLED_COUNTEREVIDENCE,410147,0.6,PATTERNED_STATIC,0.5375,0.375,0.45,0.526875
SHUFFLED_COUNTEREVIDENCE,410147,0.6,UNIFORM_STATIC,0.5625,0.4,0.525,0.5746874999999999
SHUFFLED_COUNTEREVIDENCE,410147,0.6,FLICKERING_BACKGROUND,0.5,0.5,0.5,0.49468750000000006
SHUFFLED_COUNTEREVIDENCE,410147,0.75,PATTERNED_STATIC,0.575,0.375,0.525,0.5953125
SHUFFLED_COUNTEREVIDENCE,410147,0.75,UNIFORM_STATIC,0.55,0.325,0.425,0.5828125
SHUFFLED_COUNTEREVIDENCE,410147,0.75,FLICKERING_BACKGROUND,0.48750000000000004,0.45,0.425,0.510625
SHUFFLED_COUNTEREVIDENCE,410147,0.9,PATTERNED_STATIC,0.38749999999999996,0.65,0.425,0.39468749999999997
SHUFFLED_COUNTEREVIDENCE,410147,0.9,UNIFORM_STATIC,0.5625,0.375,0.5,0.52625
SHUFFLED_COUNTEREVIDENCE,410147,0.9,FLICKERING_BACKGROUND,0.375,0.7,0.45,0.38187499999999996
SHUFFLED_COUNTEREVIDENCE,410148,0.6,PATTERNED_STATIC,0.4875,0.375,0.35,0.4528125
SHUFFLED_COUNTEREVIDENCE,410148,0.6,UNIFORM_STATIC,0.5375,0.5,0.575,0.5334375
SHUFFLED_COUNTEREVIDENCE,410148,0.6,FLICKERING_BACKGROUND,0.4,0.675,0.475,0.4375
SHUFFLED_COUNTEREVIDENCE,410148,0.75,PATTERNED_STATIC,0.45,0.375,0.275,0.5059375
SHUFFLED_COUNTEREVIDENCE,410148,0.75,UNIFORM_STATIC,0.575,0.4,0.55,0.5525
SHUFFLED_COUNTEREVIDENCE,410148,0.75,FLICKERING_BACKGROUND,0.4875,0.5,0.475,0.5134375
SHUFFLED_COUNTEREVIDENCE,410148,0.9,PATTERNED_STATIC,0.48750000000000004,0.55,0.525,0.5040625
SHUFFLED_COUNTEREVIDENCE,410148,0.9,UNIFORM_STATIC,0.48750000000000004,0.475,0.45,0.49687499999999996
SHUFFLED_COUNTEREVIDENCE,410148,0.9,FLICKERING_BACKGROUND,0.4625,0.525,0.45,0.4421875
SHUFFLED_COUNTEREVIDENCE,410149,0.6,PATTERNED_STATIC,0.5625,0.35,0.475,0.5746875
SHUFFLED_COUNTEREVIDENCE,410149,0.6,UNIFORM_STATIC,0.5375000000000001,0.475,0.55,0.5381250000000001
SHUFFLED_COUNTEREVIDENCE,410149,0.6,FLICKERING_BACKGROUND,0.4375,0.5,0.375,0.38531249999999995
SHUFFLED_COUNTEREVIDENCE,410149,0.75,PATTERNED_STATIC,0.5625,0.4,0.525,0.5303125000000001
SHUFFLED_COUNTEREVIDENCE,410149,0.75,UNIFORM_STATIC,0.45,0.625,0.525,0.4340625
SHUFFLED_COUNTEREVIDENCE,410149,0.75,FLICKERING_BACKGROUND,0.4375,0.475,0.35,0.42124999999999996
SHUFFLED_COUNTEREVIDENCE,410149,0.9,PATTERNED_STATIC,0.55,0.55,0.65,0.5878125000000001
SHUFFLED_COUNTEREVIDENCE,410149,0.9,UNIFORM_STATIC,0.5,0.475,0.475,0.4921875
SHUFFLED_COUNTEREVIDENCE,410149,0.9,FLICKERING_BACKGROUND,0.4125,0.5,0.325,0.443125
SHUFFLED_COUNTEREVIDENCE,410150,0.6,PATTERNED_STATIC,0.48750000000000004,0.475,0.45,0.4840625
SHUFFLED_COUNTEREVIDENCE,410150,0.6,UNIFORM_STATIC,0.5375,0.425,0.5,0.5203125
SHUFFLED_COUNTEREVIDENCE,410150,0.6,FLICKERING_BACKGROUND,0.525,0.55,0.6,0.485625
SHUFFLED_COUNTEREVIDENCE,410150,0.75,PATTERNED_STATIC,0.6000000000000001,0.325,0.525,0.59375
SHUFFLED_COUNTEREVIDENCE,410150,0.75,UNIFORM_STATIC,0.5375,0.375,0.45,0.5128125
SHUFFLED_COUNTEREVIDENCE,410150,0.75,FLICKERING_BACKGROUND,0.5,0.475,0.475,0.5240625
SHUFFLED_COUNTEREVIDENCE,410150,0.9,PATTERNED_STATIC,0.4625,0.475,0.4,0.468125
SHUFFLED_COUNTEREVIDENCE,410150,0.9,UNIFORM_STATIC,0.475,0.475,0.425,0.4459375
SHUFFLED_COUNTEREVIDENCE,410150,0.9,FLICKERING_BACKGROUND,0.44999999999999996,0.525,0.425,0.46406250000000004
SHUFFLED_COUNTEREVIDENCE,410151,0.6,PATTERNED_STATIC,0.475,0.5,0.45,0.40906249999999994
SHUFFLED_COUNTEREVIDENCE,410151,0.6,UNIFORM_STATIC,0.475,0.575,0.525,0.44375
SHUFFLED_COUNTEREVIDENCE,410151,0.6,FLICKERING_BACKGROUND,0.55,0.475,0.575,0.5753125
SHUFFLED_COUNTEREVIDENCE,410151,0.75,PATTERNED_STATIC,0.5125,0.375,0.4,0.483125
SHUFFLED_COUNTEREVIDENCE,410151,0.75,UNIFORM_STATIC,0.5375,0.425,0.5,0.591875
SHUFFLED_COUNTEREVIDENCE,410151,0.75,FLICKERING_BACKGROUND,0.4625,0.5,0.425,0.45875
SHUFFLED_COUNTEREVIDENCE,410151,0.9,PATTERNED_STATIC,0.475,0.5,0.45,0.5321875
SHUFFLED_COUNTEREVIDENCE,410151,0.9,UNIFORM_STATIC,0.5125,0.5,0.525,0.5021875
SHUFFLED_COUNTEREVIDENCE,410151,0.9,FLICKERING_BACKGROUND,0.6125,0.4,0.625,0.673125
SHUFFLED_COUNTEREVIDENCE,410152,0.6,PATTERNED_STATIC,0.525,0.325,0.375,0.5393749999999999
SHUFFLED_COUNTEREVIDENCE,410152,0.6,UNIFORM_STATIC,0.4625,0.525,0.45,0.4634375
SHUFFLED_COUNTEREVIDENCE,410152,0.6,FLICKERING_BACKGROUND,0.44999999999999996,0.575,0.475,0.46375
SHUFFLED_COUNTEREVIDENCE,410152,0.75,PATTERNED_STATIC,0.575,0.35,0.5,0.5871875000000001
SHUFFLED_COUNTEREVIDENCE,410152,0.75,UNIFORM_STATIC,0.48750000000000004,0.475,0.45,0.526875
SHUFFLED_COUNTEREVIDENCE,410152,0.75,FLICKERING_BACKGROUND,0.45,0.5,0.4,0.47281249999999997
SHUFFLED_COUNTEREVIDENCE,410152,0.9,PATTERNED_STATIC,0.5125,0.45,0.475,0.5581250000000001
SHUFFLED_COUNTEREVIDENCE,410152,0.9,UNIFORM_STATIC,0.425,0.575,0.425,0.375625
SHUFFLED_COUNTEREVIDENCE,410152,0.9,FLICKERING_BACKGROUND,0.6125,0.4,0.625,0.6140625000000001
SHUFFLED_COUNTEREVIDENCE,410153,0.6,PATTERNED_STATIC,0.5625,0.325,0.45,0.5021875
SHUFFLED_COUNTEREVIDENCE,410153,0.6,UNIFORM_STATIC,0.4,0.6,0.4,0.35343750000000007
SHUFFLED_COUNTEREVIDENCE,410153,0.6,FLICKERING_BACKGROUND,0.4125,0.625,0.45,0.48625000000000007
SHUFFLED_COUNTEREVIDENCE,410153,0.75,PATTERNED_STATIC,0.5375,0.3,0.375,0.5471875
SHUFFLED_COUNTEREVIDENCE,410153,0.75,UNIFORM_STATIC,0.5,0.45,0.45,0.5375
SHUFFLED_COUNTEREVIDENCE,410153,0.75,FLICKERING_BACKGROUND,0.5625,0.45,0.575,0.6025
SHUFFLED_COUNTEREVIDENCE,410153,0.9,PATTERNED_STATIC,0.5125,0.45,0.475,0.5131249999999999
SHUFFLED_COUNTEREVIDENCE,410153,0.9,UNIFORM_STATIC,0.5,0.525,0.525,0.46593750000000006
SHUFFLED_COUNTEREVIDENCE,410153,0.9,FLICKERING_BACKGROUND,0.475,0.5,0.45,0.4259375
SHUFFLED_COUNTEREVIDENCE,410154,0.6,PATTERNED_STATIC,0.5125,0.5,0.525,0.474375
SHUFFLED_COUNTEREVIDENCE,410154,0.6,UNIFORM_STATIC,0.525,0.55,0.6,0.5665625
SHUFFLED_COUNTEREVIDENCE,410154,0.6,FLICKERING_BACKGROUND,0.6,0.4,0.6,0.6128125
SHUFFLED_COUNTEREVIDENCE,410154,0.75,PATTERNED_STATIC,0.575,0.35,0.5,0.59375
SHUFFLED_COUNTEREVIDENCE,410154,0.75,UNIFORM_STATIC,0.42500000000000004,0.6,0.45,0.3778125
SHUFFLED_COUNTEREVIDENCE,410154,0.75,FLICKERING_BACKGROUND,0.5125,0.425,0.45,0.4909375
SHUFFLED_COUNTEREVIDENCE,410154,0.9,PATTERNED_STATIC,0.525,0.4,0.45,0.5503125
SHUFFLED_COUNTEREVIDENCE,410154,0.9,UNIFORM_STATIC,0.5,0.5,0.5,0.51625
SHUFFLED_COUNTEREVIDENCE,410154,0.9,FLICKERING_BACKGROUND,0.4125,0.575,0.4,0.391875
SHUFFLED_COUNTEREVIDENCE,410155,0.6,PATTERNED_STATIC,0.46249999999999997,0.425,0.35,0.44437499999999996
SHUFFLED_COUNTEREVIDENCE,410155,0.6,UNIFORM_STATIC,0.425,0.5,0.35,0.39562499999999995
SHUFFLED_COUNTEREVIDENCE,410155,0.6,FLICKERING_BACKGROUND,0.5,0.55,0.55,0.5234375
SHUFFLED_COUNTEREVIDENCE,410155,0.75,PATTERNED_STATIC,0.5375,0.425,0.5,0.5978125000000001
SHUFFLED_COUNTEREVIDENCE,410155,0.75,UNIFORM_STATIC,0.425,0.575,0.425,0.3809375
SHUFFLED_COUNTEREVIDENCE,410155,0.75,FLICKERING_BACKGROUND,0.45,0.45,0.35,0.44375000000000003
SHUFFLED_COUNTEREVIDENCE,410155,0.9,PATTERNED_STATIC,0.55,0.45,0.55,0.44937499999999997
SHUFFLED_COUNTEREVIDENCE,410155,0.9,UNIFORM_STATIC,0.5249999999999999,0.425,0.475,0.52125
SHUFFLED_COUNTEREVIDENCE,410155,0.9,FLICKERING_BACKGROUND,0.3875,0.625,0.4,0.39125000000000004
SHUFFLED_COUNTEREVIDENCE,410156,0.6,PATTERNED_STATIC,0.47500000000000003,0.45,0.4,0.4659375
SHUFFLED_COUNTEREVIDENCE,410156,0.6,UNIFORM_STATIC,0.48750000000000004,0.575,0.55,0.4881249999999999
SHUFFLED_COUNTEREVIDENCE,410156,0.6,FLICKERING_BACKGROUND,0.4,0.625,0.425,0.39656250000000004
SHUFFLED_COUNTEREVIDENCE,410156,0.75,PATTERNED_STATIC,0.4375,0.425,0.3,0.42656250000000007
SHUFFLED_COUNTEREVIDENCE,410156,0.75,UNIFORM_STATIC,0.5375000000000001,0.475,0.55,0.5334375
SHUFFLED_COUNTEREVIDENCE,410156,0.75,FLICKERING_BACKGROUND,0.4875,0.425,0.4,0.51125
SHUFFLED_COUNTEREVIDENCE,410156,0.9,PATTERNED_STATIC,0.475,0.5,0.45,0.4381250000000001
SHUFFLED_COUNTEREVIDENCE,410156,0.9,UNIFORM_STATIC,0.425,0.65,0.5,0.39656250000000004
SHUFFLED_COUNTEREVIDENCE,410156,0.9,FLICKERING_BACKGROUND,0.4125,0.6,0.425,0.4403125
SHUFFLED_COUNTEREVIDENCE,410157,0.6,PATTERNED_STATIC,0.5,0.45,0.45,0.45625
SHUFFLED_COUNTEREVIDENCE,410157,0.6,UNIFORM_STATIC,0.4875,0.525,0.5,0.48062499999999997
SHUFFLED_COUNTEREVIDENCE,410157,0.6,FLICKERING_BACKGROUND,0.5,0.5,0.5,0.5540625
SHUFFLED_COUNTEREVIDENCE,410157,0.75,PATTERNED_STATIC,0.4,0.45,0.25,0.384375
SHUFFLED_COUNTEREVIDENCE,410157,0.75,UNIFORM_STATIC,0.475,0.525,0.475,0.4403125
SHUFFLED_COUNTEREVIDENCE,410157,0.75,FLICKERING_BACKGROUND,0.525,0.475,0.525,0.48875
SHUFFLED_COUNTEREVIDENCE,410157,0.9,PATTERNED_STATIC,0.55,0.35,0.45,0.45875000000000005
SHUFFLED_COUNTEREVIDENCE,410157,0.9,UNIFORM_STATIC,0.5625,0.475,0.6,0.52625
SHUFFLED_COUNTEREVIDENCE,410157,0.9,FLICKERING_BACKGROUND,0.55,0.45,0.55,0.5868749999999999
SHUFFLED_COUNTEREVIDENCE,410158,0.6,PATTERNED_STATIC,0.525,0.4,0.45,0.5178125
SHUFFLED_COUNTEREVIDENCE,410158,0.6,UNIFORM_STATIC,0.55,0.425,0.525,0.5734375
SHUFFLED_COUNTEREVIDENCE,410158,0.6,FLICKERING_BACKGROUND,0.575,0.4,0.55,0.6321875000000001
SHUFFLED_COUNTEREVIDENCE,410158,0.75,PATTERNED_STATIC,0.6125,0.275,0.5,0.6171875
SHUFFLED_COUNTEREVIDENCE,410158,0.75,UNIFORM_STATIC,0.4,0.525,0.325,0.39156250000000004
SHUFFLED_COUNTEREVIDENCE,410158,0.75,FLICKERING_BACKGROUND,0.575,0.35,0.5,0.5565625000000001
SHUFFLED_COUNTEREVIDENCE,410158,0.9,PATTERNED_STATIC,0.55,0.425,0.525,0.5674999999999999
SHUFFLED_COUNTEREVIDENCE,410158,0.9,UNIFORM_STATIC,0.5125,0.45,0.475,0.4878125
SHUFFLED_COUNTEREVIDENCE,410158,0.9,FLICKERING_BACKGROUND,0.5125,0.475,0.5,0.5415625
SHUFFLED_COUNTEREVIDENCE,410159,0.6,PATTERNED_STATIC,0.42500000000000004,0.45,0.3,0.47125
SHUFFLED_COUNTEREVIDENCE,410159,0.6,UNIFORM_STATIC,0.4625,0.575,0.5,0.4215625
SHUFFLED_COUNTEREVIDENCE,410159,0.6,FLICKERING_BACKGROUND,0.5375,0.5,0.575,0.5328125000000001
SHUFFLED_COUNTEREVIDENCE,410159,0.75,PATTERNED_STATIC,0.5,0.525,0.525,0.528125
SHUFFLED_COUNTEREVIDENCE,410159,0.75,UNIFORM_STATIC,0.575,0.375,0.525,0.609375
SHUFFLED_COUNTEREVIDENCE,410159,0.75,FLICKERING_BACKGROUND,0.5125,0.45,0.475,0.5081249999999999
SHUFFLED_COUNTEREVIDENCE,410159,0.9,PATTERNED_STATIC,0.675,0.25,0.6,0.6890624999999999
SHUFFLED_COUNTEREVIDENCE,410159,0.9,UNIFORM_STATIC,0.475,0.5,0.45,0.47093749999999995
SHUFFLED_COUNTEREVIDENCE,410159,0.9,FLICKERING_BACKGROUND,0.4125,0.5,0.325,0.444375
SHUFFLED_COUNTEREVIDENCE,410160,0.6,PATTERNED_STATIC,0.475,0.425,0.375,0.485
SHUFFLED_COUNTEREVIDENCE,410160,0.6,UNIFORM_STATIC,0.5,0.575,0.575,0.5409375
SHUFFLED_COUNTEREVIDENCE,410160,0.6,FLICKERING_BACKGROUND,0.45,0.45,0.35,0.47406250000000005
SHUFFLED_COUNTEREVIDENCE,410160,0.75,PATTERNED_STATIC,0.55,0.45,0.55,0.54625
SHUFFLED_COUNTEREVIDENCE,410160,0.75,UNIFORM_STATIC,0.5249999999999999,0.425,0.475,0.5518749999999999
SHUFFLED_COUNTEREVIDENCE,410160,0.75,FLICKERING_BACKGROUND,0.5625,0.45,0.575,0.5540625
SHUFFLED_COUNTEREVIDENCE,410160,0.9,PATTERNED_STATIC,0.5625,0.475,0.6,0.5843750000000001
SHUFFLED_COUNTEREVIDENCE,410160,0.9,UNIFORM_STATIC,0.5,0.5,0.5,0.5299999999999999
SHUFFLED_COUNTEREVIDENCE,410160,0.9,FLICKERING_BACKGROUND,0.4625,0.525,0.45,0.4540625
SHUFFLED_COUNTEREVIDENCE,410161,0.6,PATTERNED_STATIC,0.5125,0.35,0.375,0.49187500000000006
SHUFFLED_COUNTEREVIDENCE,410161,0.6,UNIFORM_STATIC,0.5875,0.475,0.65,0.5721875000000001
SHUFFLED_COUNTEREVIDENCE,410161,0.6,FLICKERING_BACKGROUND,0.4375,0.525,0.4,0.426875
SHUFFLED_COUNTEREVIDENCE,410161,0.75,PATTERNED_STATIC,0.4125,0.575,0.4,0.39
SHUFFLED_COUNTEREVIDENCE,410161,0.75,UNIFORM_STATIC,0.475,0.575,0.525,0.509375
SHUFFLED_COUNTEREVIDENCE,410161,0.75,FLICKERING_BACKGROUND,0.575,0.475,0.625,0.5703125
SHUFFLED_COUNTEREVIDENCE,410161,0.9,PATTERNED_STATIC,0.475,0.525,0.475,0.4303125
SHUFFLED_COUNTEREVIDENCE,410161,0.9,UNIFORM_STATIC,0.5,0.525,0.525,0.5200000000000001
SHUFFLED_COUNTEREVIDENCE,410161,0.9,FLICKERING_BACKGROUND,0.44999999999999996,0.525,0.425,0.4721875
SHUFFLED_COUNTEREVIDENCE,410162,0.6,PATTERNED_STATIC,0.575,0.325,0.475,0.5528124999999999
SHUFFLED_COUNTEREVIDENCE,410162,0.6,UNIFORM_STATIC,0.4875,0.525,0.5,0.508125
SHUFFLED_COUNTEREVIDENCE,410162,0.6,FLICKERING_BACKGROUND,0.45,0.65,0.55,0.46187500000000004
SHUFFLED_COUNTEREVIDENCE,410162,0.75,PATTERNED_STATIC,0.475,0.5,0.45,0.44
SHUFFLED_COUNTEREVIDENCE,410162,0.75,UNIFORM_STATIC,0.5125,0.4,0.425,0.51
SHUFFLED_COUNTEREVIDENCE,410162,0.75,FLICKERING_BACKGROUND,0.5,0.45,0.45,0.5071875
SHUFFLED_COUNTEREVIDENCE,410162,0.9,PATTERNED_STATIC,0.4875,0.5,0.475,0.524375
SHUFFLED_COUNTEREVIDENCE,410162,0.9,UNIFORM_STATIC,0.5,0.375,0.375,0.5009375
SHUFFLED_COUNTEREVIDENCE,410162,0.9,FLICKERING_BACKGROUND,0.4625,0.575,0.5,0.421875
SHUFFLED_COUNTEREVIDENCE,410163,0.6,PATTERNED_STATIC,0.4375,0.425,0.3,0.36812500000000004
SHUFFLED_COUNTEREVIDENCE,410163,0.6,UNIFORM_STATIC,0.4125,0.575,0.4,0.42937500000000006
SHUFFLED_COUNTEREVIDENCE,410163,0.6,FLICKERING_BACKGROUND,0.5375,0.55,0.625,0.5384375
SHUFFLED_COUNTEREVIDENCE,410163,0.75,PATTERNED_STATIC,0.45,0.45,0.35,0.46718750000000003
SHUFFLED_COUNTEREVIDENCE,410163,0.75,UNIFORM_STATIC,0.5125,0.475,0.5,0.45343750000000005
SHUFFLED_COUNTEREVIDENCE,410163,0.75,FLICKERING_BACKGROUND,0.5375,0.4,0.475,0.5412499999999999
SHUFFLED_COUNTEREVIDENCE,410163,0.9,PATTERNED_STATIC,0.55,0.425,0.525,0.5559374999999999
SHUFFLED_COUNTEREVIDENCE,410163,0.9,UNIFORM_STATIC,0.5125,0.525,0.55,0.5774999999999999
SHUFFLED_COUNTEREVIDENCE,410163,0.9,FLICKERING_BACKGROUND,0.55,0.45,0.55,0.495625
SHUFFLED_COUNTEREVIDENCE,410164,0.6,PATTERNED_STATIC,0.45,0.5,0.4,0.41593749999999996
SHUFFLED_COUNTEREVIDENCE,410164,0.6,UNIFORM_STATIC,0.5,0.525,0.525,0.5203125
SHUFFLED_COUNTEREVIDENCE,410164,0.6,FLICKERING_BACKGROUND,0.4875,0.5,0.475,0.5303125
SHUFFLED_COUNTEREVIDENCE,410164,0.75,PATTERNED_STATIC,0.5375000000000001,0.45,0.525,0.5471874999999999
SHUFFLED_COUNTEREVIDENCE,410164,0.75,UNIFORM_STATIC,0.48750000000000004,0.575,0.55,0.49468749999999995
SHUFFLED_COUNTEREVIDENCE,410164,0.75,FLICKERING_BACKGROUND,0.42500000000000004,0.475,0.325,0.3609375
SHUFFLED_COUNTEREVIDENCE,410164,0.9,PATTERNED_STATIC,0.575,0.45,0.6,0.5871875
SHUFFLED_COUNTEREVIDENCE,410164,0.9,UNIFORM_STATIC,0.55,0.4,0.5,0.5409375000000001
SHUFFLED_COUNTEREVIDENCE,410164,0.9,FLICKERING_BACKGROUND,0.5125,0.425,0.45,0.49218749999999994
SHUFFLED_COUNTEREVIDENCE,410165,0.6,PATTERNED_STATIC,0.5375,0.35,0.425,0.47187500000000004
SHUFFLED_COUNTEREVIDENCE,410165,0.6,UNIFORM_STATIC,0.5125,0.55,0.575,0.5478125
SHUFFLED_COUNTEREVIDENCE,410165,0.6,FLICKERING_BACKGROUND,0.5375,0.5,0.575,0.5540625
SHUFFLED_COUNTEREVIDENCE,410165,0.75,PATTERNED_STATIC,0.4875,0.4,0.375,0.43843750000000004
SHUFFLED_COUNTEREVIDENCE,410165,0.75,UNIFORM_STATIC,0.4625,0.55,0.475,0.45281249999999995
SHUFFLED_COUNTEREVIDENCE,410165,0.75,FLICKERING_BACKGROUND,0.5,0.475,0.475,0.48625
SHUFFLED_COUNTEREVIDENCE,410165,0.9,PATTERNED_STATIC,0.4375,0.525,0.4,0.4871875
SHUFFLED_COUNTEREVIDENCE,410165,0.9,UNIFORM_STATIC,0.44999999999999996,0.425,0.325,0.4478125
SHUFFLED_COUNTEREVIDENCE,410165,0.9,FLICKERING_BACKGROUND,0.5125,0.45,0.475,0.44625
SHUFFLED_COUNTEREVIDENCE,410166,0.6,PATTERNED_STATIC,0.575,0.375,0.525,0.5800000000000001
SHUFFLED_COUNTEREVIDENCE,410166,0.6,UNIFORM_STATIC,0.5,0.525,0.525,0.5265625
SHUFFLED_COUNTEREVIDENCE,410166,0.6,FLICKERING_BACKGROUND,0.5625,0.425,0.55,0.5909375
SHUFFLED_COUNTEREVIDENCE,410166,0.75,PATTERNED_STATIC,0.475,0.55,0.5,0.4596875
SHUFFLED_COUNTEREVIDENCE,410166,0.75,UNIFORM_STATIC,0.44999999999999996,0.525,0.425,0.44343750000000004
SHUFFLED_COUNTEREVIDENCE,410166,0.75,FLICKERING_BACKGROUND,0.475,0.525,0.475,0.45875
SHUFFLED_COUNTEREVIDENCE,410166,0.9,PATTERNED_STATIC,0.475,0.525,0.475,0.47625000000000006
SHUFFLED_COUNTEREVIDENCE,410166,0.9,UNIFORM_STATIC,0.48750000000000004,0.45,0.425,0.47750000000000004
SHUFFLED_COUNTEREVIDENCE,410166,0.9,FLICKERING_BACKGROUND,0.575,0.425,0.575,0.64375
SHUFFLED_COUNTEREVIDENCE,410167,0.6,PATTERNED_STATIC,0.6125,0.325,0.55,0.5700000000000001
SHUFFLED_COUNTEREVIDENCE,410167,0.6,UNIFORM_STATIC,0.5625,0.5,0.625,0.5615625
SHUFFLED_COUNTEREVIDENCE,410167,0.6,FLICKERING_BACKGROUND,0.4125,0.65,0.475,0.39093749999999994
SHUFFLED_COUNTEREVIDENCE,410167,0.75,PATTERNED_STATIC,0.4625,0.4,0.325,0.39093749999999994
SHUFFLED_COUNTEREVIDENCE,410167,0.75,UNIFORM_STATIC,0.5125,0.525,0.55,0.5259375000000001
SHUFFLED_COUNTEREVIDENCE,410167,0.75,FLICKERING_BACKGROUND,0.47500000000000003,0.45,0.4,0.5103125000000001
SHUFFLED_COUNTEREVIDENCE,410167,0.9,PATTERNED_STATIC,0.44999999999999996,0.575,0.475,0.4871875
SHUFFLED_COUNTEREVIDENCE,410167,0.9,UNIFORM_STATIC,0.44999999999999996,0.425,0.325,0.4215625
SHUFFLED_COUNTEREVIDENCE,410167,0.9,FLICKERING_BACKGROUND,0.4375,0.575,0.45,0.42281250000000004
SHUFFLED_COUNTEREVIDENCE,410168,0.6,PATTERNED_STATIC,0.5625,0.275,0.4,0.545625
SHUFFLED_COUNTEREVIDENCE,410168,0.6,UNIFORM_STATIC,0.45,0.625,0.525,0.4953125
SHUFFLED_COUNTEREVIDENCE,410168,0.6,FLICKERING_BACKGROUND,0.4125,0.575,0.4,0.43843750000000004
SHUFFLED_COUNTEREVIDENCE,410168,0.75,PATTERNED_STATIC,0.55,0.4,0.5,0.5125000000000001
SHUFFLED_COUNTEREVIDENCE,410168,0.75,UNIFORM_STATIC,0.45,0.55,0.45,0.5115624999999999
SHUFFLED_COUNTEREVIDENCE,410168,0.75,FLICKERING_BACKGROUND,0.5125,0.575,0.6,0.47625
SHUFFLED_COUNTEREVIDENCE,410168,0.9,PATTERNED_STATIC,0.4125,0.7,0.525,0.449375
SHUFFLED_COUNTEREVIDENCE,410168,0.9,UNIFORM_STATIC,0.625,0.4,0.65,0.6071874999999999
SHUFFLED_COUNTEREVIDENCE,410168,0.9,FLICKERING_BACKGROUND,0.5875,0.5,0.675,0.5953124999999999
SHUFFLED_COUNTEREVIDENCE,410169,0.6,PATTERNED_STATIC,0.6125,0.275,0.5,0.575
SHUFFLED_COUNTEREVIDENCE,410169,0.6,UNIFORM_STATIC,0.5249999999999999,0.525,0.575,0.535
SHUFFLED_COUNTEREVIDENCE,410169,0.6,FLICKERING_BACKGROUND,0.44999999999999996,0.575,0.475,0.4674999999999999
SHUFFLED_COUNTEREVIDENCE,410169,0.75,PATTERNED_STATIC,0.5375,0.4,0.475,0.5390625
SHUFFLED_COUNTEREVIDENCE,410169,0.75,UNIFORM_STATIC,0.5125,0.525,0.55,0.5050000000000001
SHUFFLED_COUNTEREVIDENCE,410169,0.75,FLICKERING_BACKGROUND,0.6,0.4,0.6,0.5528124999999999
SHUFFLED_COUNTEREVIDENCE,410169,0.9,PATTERNED_STATIC,0.625,0.425,0.675,0.6309374999999999
SHUFFLED_COUNTEREVIDENCE,410169,0.9,UNIFORM_STATIC,0.4,0.6,0.4,0.3421875
SHUFFLED_COUNTEREVIDENCE,410169,0.9,FLICKERING_BACKGROUND,0.55,0.5,0.6,0.5071875
SHUFFLED_COUNTEREVIDENCE,410170,0.6,PATTERNED_STATIC,0.375,0.65,0.4,0.38187499999999996
SHUFFLED_COUNTEREVIDENCE,410170,0.6,UNIFORM_STATIC,0.48750000000000004,0.475,0.45,0.5365624999999999
SHUFFLED_COUNTEREVIDENCE,410170,0.6,FLICKERING_BACKGROUND,0.475,0.55,0.5,0.4375
SHUFFLED_COUNTEREVIDENCE,410170,0.75,PATTERNED_STATIC,0.47500000000000003,0.45,0.4,0.41374999999999995
SHUFFLED_COUNTEREVIDENCE,410170,0.75,UNIFORM_STATIC,0.4375,0.475,0.35,0.45875
SHUFFLED_COUNTEREVIDENCE,410170,0.75,FLICKERING_BACKGROUND,0.4875,0.525,0.5,0.504375
SHUFFLED_COUNTEREVIDENCE,410170,0.9,PATTERNED_STATIC,0.3875,0.675,0.45,0.35312499999999997
SHUFFLED_COUNTEREVIDENCE,410170,0.9,UNIFORM_STATIC,0.6499999999999999,0.3,0.6,0.675625
SHUFFLED_COUNTEREVIDENCE,410170,0.9,FLICKERING_BACKGROUND,0.5375,0.5,0.575,0.5415625
SHUFFLED_COUNTEREVIDENCE,410171,0.6,PATTERNED_STATIC,0.55,0.325,0.425,0.5743750000000001
SHUFFLED_COUNTEREVIDENCE,410171,0.6,UNIFORM_STATIC,0.41250000000000003,0.725,0.55,0.45500000000000007
SHUFFLED_COUNTEREVIDENCE,410171,0.6,FLICKERING_BACKGROUND,0.55,0.4,0.5,0.5846875
SHUFFLED_COUNTEREVIDENCE,410171,0.75,PATTERNED_STATIC,0.55,0.425,0.525,0.5434375
SHUFFLED_COUNTEREVIDENCE,410171,0.75,UNIFORM_STATIC,0.525,0.5,0.55,0.49531250000000004
SHUFFLED_COUNTEREVIDENCE,410171,0.75,FLICKERING_BACKGROUND,0.55,0.425,0.525,0.5734374999999999
SHUFFLED_COUNTEREVIDENCE,410171,0.9,PATTERNED_STATIC,0.525,0.4,0.45,0.5278125000000001
SHUFFLED_COUNTEREVIDENCE,410171,0.9,UNIFORM_STATIC,0.5375,0.525,0.6,0.580625
SHUFFLED_COUNTEREVIDENCE,410171,0.9,FLICKERING_BACKGROUND,0.5375,0.5,0.575,0.5903124999999999
SHUFFLED_COUNTEREVIDENCE,410172,0.6,PATTERNED_STATIC,0.475,0.4,0.35,0.44375000000000003
SHUFFLED_COUNTEREVIDENCE,410172,0.6,UNIFORM_STATIC,0.4625,0.575,0.5,0.5203125
SHUFFLED_COUNTEREVIDENCE,410172,0.6,FLICKERING_BACKGROUND,0.44999999999999996,0.575,0.475,0.3978125
SHUFFLED_COUNTEREVIDENCE,410172,0.75,PATTERNED_STATIC,0.4,0.475,0.275,0.46468750000000003
SHUFFLED_COUNTEREVIDENCE,410172,0.75,UNIFORM_STATIC,0.55,0.325,0.425,0.6309374999999999
SHUFFLED_COUNTEREVIDENCE,410172,0.75,FLICKERING_BACKGROUND,0.5,0.5,0.5,0.4928125
SHUFFLED_COUNTEREVIDENCE,410172,0.9,PATTERNED_STATIC,0.4625,0.5,0.425,0.4521875000000001
SHUFFLED_COUNTEREVIDENCE,410172,0.9,UNIFORM_STATIC,0.4625,0.6,0.525,0.4340625
SHUFFLED_COUNTEREVIDENCE,410172,0.9,FLICKERING_BACKGROUND,0.4375,0.6,0.475,0.4121875
SHUFFLED_COUNTEREVIDENCE,410173,0.6,PATTERNED_STATIC,0.525,0.325,0.375,0.4503125
SHUFFLED_COUNTEREVIDENCE,410173,0.6,UNIFORM_STATIC,0.5375,0.425,0.5,0.4812499999999999
SHUFFLED_COUNTEREVIDENCE,410173,0.6,FLICKERING_BACKGROUND,0.5375,0.525,0.6,0.5549999999999999
SHUFFLED_COUNTEREVIDENCE,410173,0.75,PATTERNED_STATIC,0.5375000000000001,0.45,0.525,0.5671875000000001
SHUFFLED_COUNTEREVIDENCE,410173,0.75,UNIFORM_STATIC,0.575,0.4,0.55,0.5818750000000001
SHUFFLED_COUNTEREVIDENCE,410173,0.75,FLICKERING_BACKGROUND,0.55,0.375,0.475,0.5571875
SHUFFLED_COUNTEREVIDENCE,410173,0.9,PATTERNED_STATIC,0.525,0.475,0.525,0.519375
SHUFFLED_COUNTEREVIDENCE,410173,0.9,UNIFORM_STATIC,0.5375,0.5,0.575,0.568125
SHUFFLED_COUNTEREVIDENCE,410173,0.9,FLICKERING_BACKGROUND,0.4625,0.525,0.45,0.4525
SHUFFLED_COUNTEREVIDENCE,410174,0.6,PATTERNED_STATIC,0.45,0.45,0.35,0.49
SHUFFLED_COUNTEREVIDENCE,410174,0.6,UNIFORM_STATIC,0.48750000000000004,0.675,0.65,0.47250000000000003
SHUFFLED_COUNTEREVIDENCE,410174,0.6,FLICKERING_BACKGROUND,0.3625,0.7,0.425,0.3259375
SHUFFLED_COUNTEREVIDENCE,410174,0.75,PATTERNED_STATIC,0.5,0.475,0.475,0.47593749999999996
SHUFFLED_COUNTEREVIDENCE,410174,0.75,UNIFORM_STATIC,0.4875,0.375,0.35,0.5034375
SHUFFLED_COUNTEREVIDENCE,410174,0.75,FLICKERING_BACKGROUND,0.475,0.5,0.45,0.47250000000000003
SHUFFLED_COUNTEREVIDENCE,410174,0.9,PATTERNED_STATIC,0.5625,0.45,0.575,0.5871875
SHUFFLED_COUNTEREVIDENCE,410174,0.9,UNIFORM_STATIC,0.5125,0.375,0.4,0.45562500000000006
SHUFFLED_COUNTEREVIDENCE,410174,0.9,FLICKERING_BACKGROUND,0.5125,0.4,0.425,0.49125
SHUFFLED_COUNTEREVIDENCE,410175,0.6,PATTERNED_STATIC,0.475,0.4,0.35,0.4425
SHUFFLED_COUNTEREVIDENCE,410175,0.6,UNIFORM_STATIC,0.5375000000000001,0.475,0.55,0.5571875000000001
SHUFFLED_COUNTEREVIDENCE,410175,0.6,FLICKERING_BACKGROUND,0.48750000000000004,0.475,0.45,0.496875
SHUFFLED_COUNTEREVIDENCE,410175,0.75,PATTERNED_STATIC,0.45,0.55,0.45,0.42156249999999995
SHUFFLED_COUNTEREVIDENCE,410175,0.75,UNIFORM_STATIC,0.4375,0.55,0.425,0.4596875
SHUFFLED_COUNTEREVIDENCE,410175,0.75,FLICKERING_BACKGROUND,0.4625,0.525,0.45,0.47562499999999996
SHUFFLED_COUNTEREVIDENCE,410175,0.9,PATTERNED_STATIC,0.4625,0.475,0.4,0.45125
SHUFFLED_COUNTEREVIDENCE,410175,0.9,UNIFORM_STATIC,0.475,0.475,0.425,0.50125
SHUFFLED_COUNTEREVIDENCE,410175,0.9,FLICKERING_BACKGROUND,0.525,0.55,0.6,0.511875
SHUFFLED_COUNTEREVIDENCE,410176,0.6,PATTERNED_STATIC,0.3875,0.45,0.225,0.42093749999999996
SHUFFLED_COUNTEREVIDENCE,410176,0.6,UNIFORM_STATIC,0.475,0.525,0.475,0.49093749999999997
SHUFFLED_COUNTEREVIDENCE,410176,0.6,FLICKERING_BACKGROUND,0.5125,0.55,0.575,0.5159374999999999
SHUFFLED_COUNTEREVIDENCE,410176,0.75,PATTERNED_STATIC,0.46249999999999997,0.425,0.35,0.4675
SHUFFLED_COUNTEREVIDENCE,410176,0.75,UNIFORM_STATIC,0.5,0.475,0.475,0.51875
SHUFFLED_COUNTEREVIDENCE,410176,0.75,FLICKERING_BACKGROUND,0.475,0.4,0.35,0.43218750000000006
SHUFFLED_COUNTEREVIDENCE,410176,0.9,PATTERNED_STATIC,0.5625,0.425,0.55,0.54625
SHUFFLED_COUNTEREVIDENCE,410176,0.9,UNIFORM_STATIC,0.42500000000000004,0.6,0.45,0.4271875
SHUFFLED_COUNTEREVIDENCE,410176,0.9,FLICKERING_BACKGROUND,0.5625,0.4,0.525,0.53625
SHUFFLED_COUNTEREVIDENCE,410177,0.6,PATTERNED_STATIC,0.5,0.4,0.4,0.5293749999999999
SHUFFLED_COUNTEREVIDENCE,410177,0.6,UNIFORM_STATIC,0.5125,0.5,0.525,0.5150000000000001
SHUFFLED_COUNTEREVIDENCE,410177,0.6,FLICKERING_BACKGROUND,0.5874999999999999,0.425,0.6,0.565
SHUFFLED_COUNTEREVIDENCE,410177,0.75,PATTERNED_STATIC,0.5375000000000001,0.45,0.525,0.576875
SHUFFLED_COUNTEREVIDENCE,410177,0.75,UNIFORM_STATIC,0.525,0.45,0.5,0.526875
SHUFFLED_COUNTEREVIDENCE,410177,0.75,FLICKERING_BACKGROUND,0.525,0.4,0.45,0.555625
SHUFFLED_COUNTEREVIDENCE,410177,0.9,PATTERNED_STATIC,0.6125,0.4,0.625,0.6778124999999999
SHUFFLED_COUNTEREVIDENCE,410177,0.9,UNIFORM_STATIC,0.5375,0.525,0.6,0.54375
SHUFFLED_COUNTEREVIDENCE,410177,0.9,FLICKERING_BACKGROUND,0.5375000000000001,0.475,0.55,0.599375
SHUFFLED_COUNTEREVIDENCE,410178,0.6,PATTERNED_STATIC,0.4625,0.45,0.375,0.48906250000000007
SHUFFLED_COUNTEREVIDENCE,410178,0.6,UNIFORM_STATIC,0.44999999999999996,0.525,0.425,0.5
SHUFFLED_COUNTEREVIDENCE,410178,0.6,FLICKERING_BACKGROUND,0.5125,0.475,0.5,0.5162500000000001
SHUFFLED_COUNTEREVIDENCE,410178,0.75,PATTERNED_STATIC,0.42500000000000004,0.55,0.4,0.4675
SHUFFLED_COUNTEREVIDENCE,410178,0.75,UNIFORM_STATIC,0.5,0.6,0.6,0.495625
SHUFFLED_COUNTEREVIDENCE,410178,0.75,FLICKERING_BACKGROUND,0.5,0.5,0.5,0.5178125
SHUFFLED_COUNTEREVIDENCE,410178,0.9,PATTERNED_STATIC,0.5125,0.55,0.575,0.57125
SHUFFLED_COUNTEREVIDENCE,410178,0.9,UNIFORM_STATIC,0.5125,0.475,0.5,0.53
SHUFFLED_COUNTEREVIDENCE,410178,0.9,FLICKERING_BACKGROUND,0.4125,0.575,0.4,0.4515625
SHUFFLED_COUNTEREVIDENCE,410179,0.6,PATTERNED_STATIC,0.4125,0.55,0.375,0.465
SHUFFLED_COUNTEREVIDENCE,410179,0.6,UNIFORM_STATIC,0.55,0.425,0.525,0.5978125
SHUFFLED_COUNTEREVIDENCE,410179,0.6,FLICKERING_BACKGROUND,0.46249999999999997,0.65,0.575,0.4625
SHUFFLED_COUNTEREVIDENCE,410179,0.75,PATTERNED_STATIC,0.5875,0.275,0.45,0.538125
SHUFFLED_COUNTEREVIDENCE,410179,0.75,UNIFORM_STATIC,0.5375,0.35,0.425,0.5184375
SHUFFLED_COUNTEREVIDENCE,410179,0.75,FLICKERING_BACKGROUND,0.475,0.5,0.45,0.505
SHUFFLED_COUNTEREVIDENCE,410179,0.9,PATTERNED_STATIC,0.46249999999999997,0.425,0.35,0.43624999999999997
SHUFFLED_COUNTEREVIDENCE,410179,0.9,UNIFORM_STATIC,0.475,0.525,0.475,0.5271874999999999
SHUFFLED_COUNTEREVIDENCE,410179,0.9,FLICKERING_BACKGROUND,0.42500000000000004,0.6,0.45,0.37468750000000006
SHUFFLED_COUNTEREVIDENCE,410180,0.6,PATTERNED_STATIC,0.45,0.475,0.375,0.421875
SHUFFLED_COUNTEREVIDENCE,410180,0.6,UNIFORM_STATIC,0.5,0.5,0.5,0.553125
SHUFFLED_COUNTEREVIDENCE,410180,0.6,FLICKERING_BACKGROUND,0.4375,0.575,0.45,0.42874999999999996
SHUFFLED_COUNTEREVIDENCE,410180,0.75,PATTERNED_STATIC,0.425,0.5,0.35,0.4525
SHUFFLED_COUNTEREVIDENCE,410180,0.75,UNIFORM_STATIC,0.625,0.325,0.575,0.6421875
SHUFFLED_COUNTEREVIDENCE,410180,0.75,FLICKERING_BACKGROUND,0.5,0.5,0.5,0.48687499999999995
SHUFFLED_COUNTEREVIDENCE,410180,0.9,PATTERNED_STATIC,0.5,0.475,0.475,0.5571875
SHUFFLED_COUNTEREVIDENCE,410180,0.9,UNIFORM_STATIC,0.4875,0.525,0.5,0.53
SHUFFLED_COUNTEREVIDENCE,410180,0.9,FLICKERING_BACKGROUND,0.4125,0.625,0.45,0.4203125
SHUFFLED_COUNTEREVIDENCE,410181,0.6,PATTERNED_STATIC,0.5625,0.45,0.575,0.5578125
SHUFFLED_COUNTEREVIDENCE,410181,0.6,UNIFORM_STATIC,0.4375,0.675,0.55,0.43437499999999996
SHUFFLED_COUNTEREVIDENCE,410181,0.6,FLICKERING_BACKGROUND,0.575,0.55,0.7,0.6168750000000001
SHUFFLED_COUNTEREVIDENCE,410181,0.75,PATTERNED_STATIC,0.5125,0.4,0.425,0.5021875
SHUFFLED_COUNTEREVIDENCE,410181,0.75,UNIFORM_STATIC,0.5125,0.375,0.4,0.5346875
SHUFFLED_COUNTEREVIDENCE,410181,0.75,FLICKERING_BACKGROUND,0.44999999999999996,0.525,0.425,0.4921875
SHUFFLED_COUNTEREVIDENCE,410181,0.9,PATTERNED_STATIC,0.5125,0.5,0.525,0.5209375
SHUFFLED_COUNTEREVIDENCE,410181,0.9,UNIFORM_STATIC,0.5625,0.4,0.525,0.5403125
SHUFFLED_COUNTEREVIDENCE,410181,0.9,FLICKERING_BACKGROUND,0.5,0.55,0.55,0.5159374999999999
SHUFFLED_COUNTEREVIDENCE,410182,0.6,PATTERNED_STATIC,0.47500000000000003,0.45,0.4,0.4621875
SHUFFLED_COUNTEREVIDENCE,410182,0.6,UNIFORM_STATIC,0.575,0.5,0.65,0.6028125
SHUFFLED_COUNTEREVIDENCE,410182,0.6,FLICKERING_BACKGROUND,0.525,0.4,0.45,0.49937500000000007
SHUFFLED_COUNTEREVIDENCE,410182,0.75,PATTERNED_STATIC,0.5875,0.35,0.525,0.5943750000000001
SHUFFLED_COUNTEREVIDENCE,410182,0.75,UNIFORM_STATIC,0.44999999999999996,0.525,0.425,0.4815625
SHUFFLED_COUNTEREVIDENCE,410182,0.75,FLICKERING_BACKGROUND,0.3625,0.525,0.25,0.3346875
SHUFFLED_COUNTEREVIDENCE,410182,0.9,PATTERNED_STATIC,0.5249999999999999,0.425,0.475,0.5303125
SHUFFLED_COUNTEREVIDENCE,410182,0.9,UNIFORM_STATIC,0.5125,0.375,0.4,0.4809375
SHUFFLED_COUNTEREVIDENCE,410182,0.9,FLICKERING_BACKGROUND,0.5125,0.425,0.45,0.56125
SHUFFLED_COUNTEREVIDENCE,410183,0.6,PATTERNED_STATIC,0.55,0.4,0.5,0.474375
SHUFFLED_COUNTEREVIDENCE,410183,0.6,UNIFORM_STATIC,0.47500000000000003,0.6,0.55,0.465
SHUFFLED_COUNTEREVIDENCE,410183,0.6,FLICKERING_BACKGROUND,0.425,0.5,0.35,0.41375000000000006
SHUFFLED_COUNTEREVIDENCE,410183,0.75,PATTERNED_STATIC,0.4875,0.425,0.4,0.5128125
SHUFFLED_COUNTEREVIDENCE,410183,0.75,UNIFORM_STATIC,0.475,0.5,0.45,0.4659375
SHUFFLED_COUNTEREVIDENCE,410183,0.75,FLICKERING_BACKGROUND,0.55,0.425,0.525,0.5521875
SHUFFLED_COUNTEREVIDENCE,410183,0.9,PATTERNED_STATIC,0.48750000000000004,0.45,0.425,0.455
SHUFFLED_COUNTEREVIDENCE,410183,0.9,UNIFORM_STATIC,0.5375,0.5,0.575,0.53125
SHUFFLED_COUNTEREVIDENCE,410183,0.9,FLICKERING_BACKGROUND,0.45,0.5,0.4,0.42937500000000006
SHUFFLED_COUNTEREVIDENCE,410184,0.6,PATTERNED_STATIC,0.5125,0.425,0.45,0.491875
SHUFFLED_COUNTEREVIDENCE,410184,0.6,UNIFORM_STATIC,0.6125,0.35,0.575,0.6540625
SHUFFLED_COUNTEREVIDENCE,410184,0.6,FLICKERING_BACKGROUND,0.48750000000000004,0.55,0.525,0.51
SHUFFLED_COUNTEREVIDENCE,410184,0.75,PATTERNED_STATIC,0.55,0.475,0.575,0.54
SHUFFLED_COUNTEREVIDENCE,410184,0.75,UNIFORM_STATIC,0.55,0.45,0.55,0.5540625000000001
SHUFFLED_COUNTEREVIDENCE,410184,0.75,FLICKERING_BACKGROUND,0.4625,0.575,0.5,0.42906249999999996
SHUFFLED_COUNTEREVIDENCE,410184,0.9,PATTERNED_STATIC,0.425,0.525,0.375,0.459375
SHUFFLED_COUNTEREVIDENCE,410184,0.9,UNIFORM_STATIC,0.575,0.325,0.475,0.5809375
SHUFFLED_COUNTEREVIDENCE,410184,0.9,FLICKERING_BACKGROUND,0.4625,0.575,0.5,0.4518749999999999
SHUFFLED_COUNTEREVIDENCE,410185,0.6,PATTERNED_STATIC,0.42500000000000004,0.55,0.4,0.4115625
SHUFFLED_COUNTEREVIDENCE,410185,0.6,UNIFORM_STATIC,0.6,0.375,0.575,0.59375
SHUFFLED_COUNTEREVIDENCE,410185,0.6,FLICKERING_BACKGROUND,0.4875,0.625,0.6,0.484375
SHUFFLED_COUNTEREVIDENCE,410185,0.75,PATTERNED_STATIC,0.4625,0.4,0.325,0.46687500000000004
SHUFFLED_COUNTEREVIDENCE,410185,0.75,UNIFORM_STATIC,0.5125,0.475,0.5,0.526875
SHUFFLED_COUNTEREVIDENCE,410185,0.75,FLICKERING_BACKGROUND,0.4625,0.55,0.475,0.4884375
SHUFFLED_COUNTEREVIDENCE,410185,0.9,PATTERNED_STATIC,0.4625,0.45,0.375,0.5184375
SHUFFLED_COUNTEREVIDENCE,410185,0.9,UNIFORM_STATIC,0.4625,0.475,0.4,0.5328125
SHUFFLED_COUNTEREVIDENCE,410185,0.9,FLICKERING_BACKGROUND,0.4625,0.525,0.45,0.4815625
SHUFFLED_COUNTEREVIDENCE,410186,0.6,PATTERNED_STATIC,0.4,0.575,0.375,0.4478125
SHUFFLED_COUNTEREVIDENCE,410186,0.6,UNIFORM_STATIC,0.5,0.6,0.6,0.5296875
SHUFFLED_COUNTEREVIDENCE,410186,0.6,FLICKERING_BACKGROUND,0.55,0.45,0.55,0.515625
SHUFFLED_COUNTEREVIDENCE,410186,0.75,PATTERNED_STATIC,0.4375,0.45,0.325,0.45406250000000004
SHUFFLED_COUNTEREVIDENCE,410186,0.75,UNIFORM_STATIC,0.475,0.575,0.525,0.48468749999999994
SHUFFLED_COUNTEREVIDENCE,410186,0.75,FLICKERING_BACKGROUND,0.5874999999999999,0.3,0.475,0.5231250000000001
SHUFFLED_COUNTEREVIDENCE,410186,0.9,PATTERNED_STATIC,0.4,0.475,0.275,0.36656249999999996
SHUFFLED_COUNTEREVIDENCE,410186,0.9,UNIFORM_STATIC,0.4625,0.525,0.45,0.4325
SHUFFLED_COUNTEREVIDENCE,410186,0.9,FLICKERING_BACKGROUND,0.5125,0.5,0.525,0.48968749999999994
SHUFFLED_COUNTEREVIDENCE,410187,0.6,PATTERNED_STATIC,0.625,0.325,0.575,0.6109375
SHUFFLED_COUNTEREVIDENCE,410187,0.6,UNIFORM_STATIC,0.4375,0.55,0.425,0.40968750000000004
SHUFFLED_COUNTEREVIDENCE,410187,0.6,FLICKERING_BACKGROUND,0.5249999999999999,0.525,0.575,0.44
SHUFFLED_COUNTEREVIDENCE,410187,0.75,PATTERNED_STATIC,0.625,0.375,0.625,0.6303125
SHUFFLED_COUNTEREVIDENCE,410187,0.75,UNIFORM_STATIC,0.4375,0.55,0.425,0.428125
SHUFFLED_COUNTEREVIDENCE,410187,0.75,FLICKERING_BACKGROUND,0.4625,0.475,0.4,0.47500000000000003
SHUFFLED_COUNTEREVIDENCE,410187,0.9,PATTERNED_STATIC,0.5625,0.4,0.525,0.5421875
SHUFFLED_COUNTEREVIDENCE,410187,0.9,UNIFORM_STATIC,0.425,0.65,0.5,0.44499999999999995
SHUFFLED_COUNTEREVIDENCE,410187,0.9,FLICKERING_BACKGROUND,0.5625,0.425,0.55,0.603125
SHUFFLED_COUNTEREVIDENCE,410188,0.6,PATTERNED_STATIC,0.5125,0.475,0.5,0.5218750000000001
SHUFFLED_COUNTEREVIDENCE,410188,0.6,UNIFORM_STATIC,0.4,0.725,0.525,0.39875000000000005
SHUFFLED_COUNTEREVIDENCE,410188,0.6,FLICKERING_BACKGROUND,0.48750000000000004,0.575,0.55,0.46343749999999995
SHUFFLED_COUNTEREVIDENCE,410188,0.75,PATTERNED_STATIC,0.55,0.475,0.575,0.4996875
SHUFFLED_COUNTEREVIDENCE,410188,0.75,UNIFORM_STATIC,0.4875,0.4,0.375,0.5165625
SHUFFLED_COUNTEREVIDENCE,410188,0.75,FLICKERING_BACKGROUND,0.525,0.35,0.4,0.5434374999999999
SHUFFLED_COUNTEREVIDENCE,410188,0.9,PATTERNED_STATIC,0.525,0.45,0.5,0.5825
SHUFFLED_COUNTEREVIDENCE,410188,0.9,UNIFORM_STATIC,0.475,0.575,0.525,0.520625
SHUFFLED_COUNTEREVIDENCE,410188,0.9,FLICKERING_BACKGROUND,0.4625,0.55,0.475,0.470625
SHUFFLED_COUNTEREVIDENCE,410189,0.6,PATTERNED_STATIC,0.5375,0.375,0.45,0.610625
SHUFFLED_COUNTEREVIDENCE,410189,0.6,UNIFORM_STATIC,0.4625,0.625,0.55,0.515625
SHUFFLED_COUNTEREVIDENCE,410189,0.6,FLICKERING_BACKGROUND,0.475,0.525,0.475,0.533125
SHUFFLED_COUNTEREVIDENCE,410189,0.75,PATTERNED_STATIC,0.5375,0.35,0.425,0.556875
SHUFFLED_COUNTEREVIDENCE,410189,0.75,UNIFORM_STATIC,0.5,0.5,0.5,0.50375
SHUFFLED_COUNTEREVIDENCE,410189,0.75,FLICKERING_BACKGROUND,0.48750000000000004,0.475,0.45,0.450625
SHUFFLED_COUNTEREVIDENCE,410189,0.9,PATTERNED_STATIC,0.47500000000000003,0.45,0.4,0.4884375
SHUFFLED_COUNTEREVIDENCE,410189,0.9,UNIFORM_STATIC,0.6625,0.25,0.575,0.7168749999999999
SHUFFLED_COUNTEREVIDENCE,410189,0.9,FLICKERING_BACKGROUND,0.5,0.5,0.5,0.478125
SHUFFLED_COUNTEREVIDENCE,410190,0.6,PATTERNED_STATIC,0.48750000000000004,0.575,0.55,0.449375
SHUFFLED_COUNTEREVIDENCE,410190,0.6,UNIFORM_STATIC,0.6,0.425,0.625,0.5946875
SHUFFLED_COUNTEREVIDENCE,410190,0.6,FLICKERING_BACKGROUND,0.5625,0.475,0.6,0.6396875
SHUFFLED_COUNTEREVIDENCE,410190,0.75,PATTERNED_STATIC,0.45,0.475,0.375,0.48625
SHUFFLED_COUNTEREVIDENCE,410190,0.75,UNIFORM_STATIC,0.48750000000000004,0.55,0.525,0.5490625
SHUFFLED_COUNTEREVIDENCE,410190,0.75,FLICKERING_BACKGROUND,0.4625,0.4,0.325,0.4840625
SHUFFLED_COUNTEREVIDENCE,410190,0.9,PATTERNED_STATIC,0.5375,0.375,0.45,0.5025000000000001
SHUFFLED_COUNTEREVIDENCE,410190,0.9,UNIFORM_STATIC,0.525,0.475,0.525,0.5365624999999999
SHUFFLED_COUNTEREVIDENCE,410190,0.9,FLICKERING_BACKGROUND,0.5,0.5,0.5,0.47375
SHUFFLED_COUNTEREVIDENCE,410191,0.6,PATTERNED_STATIC,0.525,0.4,0.45,0.55875
SHUFFLED_COUNTEREVIDENCE,410191,0.6,UNIFORM_STATIC,0.475,0.525,0.475,0.5149999999999999
SHUFFLED_COUNTEREVIDENCE,410191,0.6,FLICKERING_BACKGROUND,0.5875,0.45,0.625,0.570625
SHUFFLED_COUNTEREVIDENCE,410191,0.75,PATTERNED_STATIC,0.55,0.35,0.45,0.5084375000000001
SHUFFLED_COUNTEREVIDENCE,410191,0.75,UNIFORM_STATIC,0.5375000000000001,0.475,0.55,0.504375
SHUFFLED_COUNTEREVIDENCE,410191,0.75,FLICKERING_BACKGROUND,0.5125,0.5,0.525,0.47968750000000004
SHUFFLED_COUNTEREVIDENCE,410191,0.9,PATTERNED_STATIC,0.55,0.35,0.45,0.6125
SHUFFLED_COUNTEREVIDENCE,410191,0.9,UNIFORM_STATIC,0.475,0.525,0.475,0.48781250000000004
SHUFFLED_COUNTEREVIDENCE,410191,0.9,FLICKERING_BACKGROUND,0.5249999999999999,0.525,0.575,0.5140625
SHUFFLED_COUNTEREVIDENCE,410192,0.6,PATTERNED_STATIC,0.45,0.475,0.375,0.37843750000000004
SHUFFLED_COUNTEREVIDENCE,410192,0.6,UNIFORM_STATIC,0.5375,0.5,0.575,0.53125
SHUFFLED_COUNTEREVIDENCE,410192,0.6,FLICKERING_BACKGROUND,0.575,0.525,0.675,0.583125
SHUFFLED_COUNTEREVIDENCE,410192,0.75,PATTERNED_STATIC,0.475,0.4,0.35,0.535
SHUFFLED_COUNTEREVIDENCE,410192,0.75,UNIFORM_STATIC,0.5375,0.5,0.575,0.5090625
SHUFFLED_COUNTEREVIDENCE,410192,0.75,FLICKERING_BACKGROUND,0.5625,0.425,0.55,0.549375
SHUFFLED_COUNTEREVIDENCE,410192,0.9,PATTERNED_STATIC,0.5,0.425,0.425,0.4821875
SHUFFLED_COUNTEREVIDENCE,410192,0.9,UNIFORM_STATIC,0.5875,0.45,0.625,0.5753125000000001
SHUFFLED_COUNTEREVIDENCE,410192,0.9,FLICKERING_BACKGROUND,0.5625,0.475,0.6,0.559375
SHUFFLED_COUNTEREVIDENCE,410193,0.6,PATTERNED_STATIC,0.4875,0.5,0.475,0.5081249999999999
SHUFFLED_COUNTEREVIDENCE,410193,0.6,UNIFORM_STATIC,0.5,0.575,0.575,0.5240625000000001
SHUFFLED_COUNTEREVIDENCE,410193,0.6,FLICKERING_BACKGROUND,0.5,0.6,0.6,0.5753125
SHUFFLED_COUNTEREVIDENCE,410193,0.75,PATTERNED_STATIC,0.55,0.3,0.4,0.5740625
SHUFFLED_COUNTEREVIDENCE,410193,0.75,UNIFORM_STATIC,0.425,0.575,0.425,0.421875
SHUFFLED_COUNTEREVIDENCE,410193,0.75,FLICKERING_BACKGROUND,0.44999999999999996,0.525,0.425,0.484375
SHUFFLED_COUNTEREVIDENCE,410193,0.9,PATTERNED_STATIC,0.4,0.575,0.375,0.4209375
SHUFFLED_COUNTEREVIDENCE,410193,0.9,UNIFORM_STATIC,0.575,0.475,0.625,0.5806250000000001
SHUFFLED_COUNTEREVIDENCE,410193,0.9,FLICKERING_BACKGROUND,0.5125,0.5,0.525,0.5365624999999999
SHUFFLED_COUNTEREVIDENCE,410194,0.6,PATTERNED_STATIC,0.48750000000000004,0.475,0.45,0.4728125
SHUFFLED_COUNTEREVIDENCE,410194,0.6,UNIFORM_STATIC,0.5625,0.475,0.6,0.615625
SHUFFLED_COUNTEREVIDENCE,410194,0.6,FLICKERING_BACKGROUND,0.4125,0.625,0.45,0.38062500000000005
SHUFFLED_COUNTEREVIDENCE,410194,0.75,PATTERNED_STATIC,0.4875,0.5,0.475,0.528125
SHUFFLED_COUNTEREVIDENCE,410194,0.75,UNIFORM_STATIC,0.5,0.45,0.45,0.46749999999999997
SHUFFLED_COUNTEREVIDENCE,410194,0.75,FLICKERING_BACKGROUND,0.5,0.525,0.525,0.4971875
SHUFFLED_COUNTEREVIDENCE,410194,0.9,PATTERNED_STATIC,0.5125,0.525,0.55,0.5146875
SHUFFLED_COUNTEREVIDENCE,410194,0.9,UNIFORM_STATIC,0.5,0.4,0.4,0.47375
SHUFFLED_COUNTEREVIDENCE,410194,0.9,FLICKERING_BACKGROUND,0.5249999999999999,0.425,0.475,0.5253125
SHUFFLED_COUNTEREVIDENCE,410195,0.6,PATTERNED_STATIC,0.48750000000000004,0.45,0.425,0.4468749999999999
SHUFFLED_COUNTEREVIDENCE,410195,0.6,UNIFORM_STATIC,0.44999999999999996,0.575,0.475,0.410625
SHUFFLED_COUNTEREVIDENCE,410195,0.6,FLICKERING_BACKGROUND,0.5,0.55,0.55,0.514375
SHUFFLED_COUNTEREVIDENCE,410195,0.75,PATTERNED_STATIC,0.5,0.425,0.425,0.523125
SHUFFLED_COUNTEREVIDENCE,410195,0.75,UNIFORM_STATIC,0.47500000000000003,0.45,0.4,0.4771875
SHUFFLED_COUNTEREVIDENCE,410195,0.75,FLICKERING_BACKGROUND,0.475,0.525,0.475,0.44781250000000006
SHUFFLED_COUNTEREVIDENCE,410195,0.9,PATTERNED_STATIC,0.5625,0.425,0.55,0.596875
SHUFFLED_COUNTEREVIDENCE,410195,0.9,UNIFORM_STATIC,0.5,0.5,0.5,0.4996875
SHUFFLED_COUNTEREVIDENCE,410195,0.9,FLICKERING_BACKGROUND,0.525,0.5,0.55,0.505625
SHUFFLED_COUNTEREVIDENCE,410196,0.6,PATTERNED_STATIC,0.4875,0.5,0.475,0.556875
SHUFFLED_COUNTEREVIDENCE,410196,0.6,UNIFORM_STATIC,0.4375,0.5,0.375,0.42125
SHUFFLED_COUNTEREVIDENCE,410196,0.6,FLICKERING_BACKGROUND,0.475,0.625,0.575,0.506875
SHUFFLED_COUNTEREVIDENCE,410196,0.75,PATTERNED_STATIC,0.5625,0.45,0.575,0.5506249999999999
SHUFFLED_COUNTEREVIDENCE,410196,0.75,UNIFORM_STATIC,0.42500000000000004,0.475,0.325,0.400625
SHUFFLED_COUNTEREVIDENCE,410196,0.75,FLICKERING_BACKGROUND,0.5,0.475,0.475,0.5015625
SHUFFLED_COUNTEREVIDENCE,410196,0.9,PATTERNED_STATIC,0.475,0.5,0.45,0.465
SHUFFLED_COUNTEREVIDENCE,410196,0.9,UNIFORM_STATIC,0.7125,0.325,0.75,0.729375
SHUFFLED_COUNTEREVIDENCE,410196,0.9,FLICKERING_BACKGROUND,0.47500000000000003,0.6,0.55,0.44281250000000005
SHUFFLED_COUNTEREVIDENCE,410197,0.6,PATTERNED_STATIC,0.5,0.475,0.475,0.5225
SHUFFLED_COUNTEREVIDENCE,410197,0.6,UNIFORM_STATIC,0.45,0.5,0.4,0.489375
SHUFFLED_COUNTEREVIDENCE,410197,0.6,FLICKERING_BACKGROUND,0.4625,0.475,0.4,0.4440625
SHUFFLED_COUNTEREVIDENCE,410197,0.75,PATTERNED_STATIC,0.4625,0.525,0.45,0.4725
SHUFFLED_COUNTEREVIDENCE,410197,0.75,UNIFORM_STATIC,0.475,0.525,0.475,0.45687500000000003
SHUFFLED_COUNTEREVIDENCE,410197,0.75,FLICKERING_BACKGROUND,0.575,0.4,0.55,0.50875
SHUFFLED_COUNTEREVIDENCE,410197,0.9,PATTERNED_STATIC,0.5125,0.425,0.45,0.48687500000000006
SHUFFLED_COUNTEREVIDENCE,410197,0.9,UNIFORM_STATIC,0.4375,0.6,0.475,0.424375
SHUFFLED_COUNTEREVIDENCE,410197,0.9,FLICKERING_BACKGROUND,0.45,0.5,0.4,0.46343750000000006
SHUFFLED_COUNTEREVIDENCE,410198,0.6,PATTERNED_STATIC,0.5625,0.35,0.475,0.5309375000000001
SHUFFLED_COUNTEREVIDENCE,410198,0.6,UNIFORM_STATIC,0.575,0.375,0.525,0.5371875
SHUFFLED_COUNTEREVIDENCE,410198,0.6,FLICKERING_BACKGROUND,0.4875,0.525,0.5,0.5121875
SHUFFLED_COUNTEREVIDENCE,410198,0.75,PATTERNED_STATIC,0.5,0.425,0.425,0.528125
SHUFFLED_COUNTEREVIDENCE,410198,0.75,UNIFORM_STATIC,0.5875,0.375,0.55,0.59125
SHUFFLED_COUNTEREVIDENCE,410198,0.75,FLICKERING_BACKGROUND,0.525,0.35,0.4,0.5509375
SHUFFLED_COUNTEREVIDENCE,410198,0.9,PATTERNED_STATIC,0.3875,0.6,0.375,0.450625
SHUFFLED_COUNTEREVIDENCE,410198,0.9,UNIFORM_STATIC,0.45,0.475,0.375,0.4128125
SHUFFLED_COUNTEREVIDENCE,410198,0.9,FLICKERING_BACKGROUND,0.48750000000000004,0.575,0.55,0.49
SHUFFLED_COUNTEREVIDENCE,410199,0.6,PATTERNED_STATIC,0.4875,0.425,0.4,0.5149999999999999
SHUFFLED_COUNTEREVIDENCE,410199,0.6,UNIFORM_STATIC,0.4875,0.6,0.575,0.49968750000000006
SHUFFLED_COUNTEREVIDENCE,410199,0.6,FLICKERING_BACKGROUND,0.4625,0.7,0.625,0.42093749999999996
SHUFFLED_COUNTEREVIDENCE,410199,0.75,PATTERNED_STATIC,0.5125,0.325,0.35,0.5337500000000001
SHUFFLED_COUNTEREVIDENCE,410199,0.75,UNIFORM_STATIC,0.42500000000000004,0.45,0.3,0.45906249999999993
SHUFFLED_COUNTEREVIDENCE,410199,0.75,FLICKERING_BACKGROUND,0.575,0.4,0.55,0.590625
SHUFFLED_COUNTEREVIDENCE,410199,0.9,PATTERNED_STATIC,0.45,0.5,0.4,0.43218750000000006
SHUFFLED_COUNTEREVIDENCE,410199,0.9,UNIFORM_STATIC,0.475,0.525,0.475,0.50875
SHUFFLED_COUNTEREVIDENCE,410199,0.9,FLICKERING_BACKGROUND,0.5,0.55,0.55,0.47124999999999995
