seed_block,arm,sensory_site_feedback,motor_only_feedback,warm_direction_index,mean_forward_run_s,mean_final_warm_displacement,n_agents,n_forward_runs
204000,SENSORY_SITE_FB,1.0,0.0,0.5262665729224882,4.2664052287581695,38.503981255363136,50,510
204000,MOTOR_ONLY_0.700,0.0,0.7,0.3908972224921408,3.7737964655697747,28.66444357928844,50,547
204000,MOTOR_ONLY_0.701,0.0,0.701,0.380787827498768,3.7435151515151515,28.530749786999273,50,550
204000,MOTOR_ONLY_0.702,0.0,0.702,0.3810665950530919,3.7687272727272725,28.295394376571497,50,550
204000,MOTOR_ONLY_0.703,0.0,0.703,0.38100837566926693,3.7768115942028984,29.769295673946466,50,552
204000,MOTOR_ONLY_0.704,0.0,0.704,0.3806933412957783,3.804735883424408,29.532766225865213,50,549
204000,MOTOR_ONLY_0.705,0.0,0.705,0.3937852710015898,3.8586666666666667,29.451389311484373,50,550
204000,MOTOR_ONLY_0.706,0.0,0.706,0.394082214138582,3.8613430127041743,29.688639930317358,50,551
204000,MOTOR_ONLY_0.707,0.0,0.707,0.4061142723540348,3.987207872078721,30.847829932575674,50,542
204000,MOTOR_ONLY_0.708,0.0,0.708,0.4038785286697135,4.002464571780653,29.441175397293797,50,541
204000,MOTOR_ONLY_0.709,0.0,0.709,0.39887333915656736,3.9935921133703016,29.099741547740347,50,541
204000,MOTOR_ONLY_0.710,0.0,0.71,0.4043578998219263,4.027110289587184,30.801606971557394,50,541
204000,MOTOR_ONLY_0.711,0.0,0.711,0.40703367082130254,4.080395794681509,30.774101256985432,50,539
204000,MOTOR_ONLY_0.712,0.0,0.712,0.4160461621887991,4.125898389095415,30.270600176704182,50,538
204000,MOTOR_ONLY_0.713,0.0,0.713,0.4124480581911438,4.119012345679012,32.80547701036764,50,540
204000,MOTOR_ONLY_0.714,0.0,0.714,0.4164853949709029,4.168707482993197,32.460084014460534,50,539
204000,MOTOR_ONLY_0.715,0.0,0.715,0.41529054012254873,4.191358024691358,34.472743907941584,50,540
204000,MOTOR_ONLY_0.716,0.0,0.716,0.4225291129074427,4.242424242424242,34.709242024435454,50,539
204000,MOTOR_ONLY_0.717,0.0,0.717,0.4303582953932831,4.305970149253731,35.78679183374746,50,536
204000,MOTOR_ONLY_0.718,0.0,0.718,0.42979627897286415,4.314676616915423,35.90376154356335,50,536
204000,MOTOR_ONLY_0.719,0.0,0.719,0.4372141749781441,4.377235772357723,33.91092581164093,50,533
204000,MOTOR_ONLY_0.720,0.0,0.72,0.4308592337825669,4.356635514018691,34.6625064627887,50,535
204000,MOTOR_ONLY_0.721,0.0,0.721,0.42884626833370393,4.344922118380062,34.53142347022408,50,535
204000,MOTOR_ONLY_0.722,0.0,0.722,0.4302223891818667,4.3662321539416515,34.42587960070564,50,537
204000,MOTOR_ONLY_0.723,0.0,0.723,0.4304626276961579,4.397258566978193,35.06495748066036,50,535
204000,MOTOR_ONLY_0.724,0.0,0.724,0.4296428717068614,4.397765363128491,36.8385179013792,50,537
204000,MOTOR_ONLY_0.725,0.0,0.725,0.4304780464582313,4.419863438857852,35.88202994607812,50,537
204000,MOTOR_ONLY_0.726,0.0,0.726,0.43745098647609354,4.497243107769424,34.33919802432609,50,532
204000,MOTOR_ONLY_0.727,0.0,0.727,0.4498465380956791,4.60251572327044,35.0897270873847,50,530
204000,MOTOR_ONLY_0.728,0.0,0.728,0.4492294510876918,4.632828282828283,34.757555105749056,50,528
204000,MOTOR_ONLY_0.729,0.0,0.729,0.4452964321045837,4.633967046894803,33.44825464260188,50,526
204000,MOTOR_ONLY_0.730,0.0,0.73,0.45635027818880985,4.741333333333333,35.69645980391877,50,525
204000,MOTOR_ONLY_0.731,0.0,0.731,0.43584914018131077,4.586616635397123,37.76111650770623,50,533
204000,MOTOR_ONLY_0.732,0.0,0.732,0.4365732098233467,4.625235404896421,37.53372907867686,50,531
204000,MOTOR_ONLY_0.733,0.0,0.733,0.45142735577360615,4.76215873015873,37.44016763871161,50,525
204000,MOTOR_ONLY_0.734,0.0,0.734,0.45648454598628235,4.831162196679438,36.120885212231876,50,522
204000,MOTOR_ONLY_0.735,0.0,0.735,0.4545309452884579,4.826972010178117,38.353476575512474,50,524
204000,MOTOR_ONLY_0.736,0.0,0.736,0.4547703590643204,4.8522072936660265,37.949879723299574,50,521
204000,MOTOR_ONLY_0.737,0.0,0.737,0.45287515454282956,4.8582375478927196,38.129613748121116,50,522
204000,MOTOR_ONLY_0.738,0.0,0.738,0.45483040741210745,4.923846153846154,38.876732207326356,50,520
204000,MOTOR_ONLY_0.739,0.0,0.739,0.4423952904851655,4.875641025641026,39.82089772987358,50,520
204000,MOTOR_ONLY_0.740,0.0,0.74,0.4431896787689945,4.887179487179487,39.05941331002057,50,520
204000,MOTOR_ONLY_0.741,0.0,0.741,0.45004113622603026,4.930774152271273,38.488832905982356,50,521
204000,MOTOR_ONLY_0.742,0.0,0.742,0.46573893118246634,5.128923476005188,38.13197386280767,50,514
204000,MOTOR_ONLY_0.743,0.0,0.743,0.46300654893077825,5.09922480620155,36.977009992633185,50,516
204000,MOTOR_ONLY_0.744,0.0,0.744,0.4692839281581139,5.22905317769131,38.669007902624045,50,514
204000,MOTOR_ONLY_0.745,0.0,0.745,0.4759237471873845,5.325751633986928,39.592264960963256,50,510
204000,MOTOR_ONLY_0.746,0.0,0.746,0.4839358767209692,5.4020915032679735,43.43215506596077,50,510
204000,MOTOR_ONLY_0.747,0.0,0.747,0.48649662231088936,5.429615133724723,42.446221299832274,50,511
204000,MOTOR_ONLY_0.748,0.0,0.748,0.4891108368650815,5.494750656167979,41.341218948362275,50,508
204000,MOTOR_ONLY_0.749,0.0,0.749,0.4977775933115288,5.624026402640264,41.223324220100395,50,505
204000,MOTOR_ONLY_0.750,0.0,0.75,0.4968126780540628,5.6427722772277225,42.41704686351218,50,505
204000,MOTOR_ONLY_0.751,0.0,0.751,0.48941839284413763,5.608432147562582,42.21573667521018,50,506
204000,MOTOR_ONLY_0.752,0.0,0.752,0.48315974620532415,5.530980392156863,43.03736488000053,50,510
204000,MOTOR_ONLY_0.753,0.0,0.753,0.4882734062238813,5.622309711286089,43.43168557408672,50,508
204000,MOTOR_ONLY_0.754,0.0,0.754,0.4892923407790306,5.65733070348455,42.66293923154112,50,507
204000,MOTOR_ONLY_0.755,0.0,0.755,0.48886642936460256,5.714059405940594,42.78140288109573,50,505
204000,MOTOR_ONLY_0.756,0.0,0.756,0.487950695192459,5.711768573307035,42.88822803652145,50,507
204000,MOTOR_ONLY_0.757,0.0,0.757,0.4810853162254238,5.637795275590551,42.260296368432506,50,508
204000,MOTOR_ONLY_0.758,0.0,0.758,0.4840478338930141,5.737293729372937,42.342636280766946,50,505
204000,MOTOR_ONLY_0.759,0.0,0.759,0.4828102584822117,5.713123359580052,42.43292906671682,50,508
204000,MOTOR_ONLY_0.760,0.0,0.76,0.49106623925611037,5.8450592885375485,45.78063930849355,50,506
204000,MOTOR_ONLY_0.761,0.0,0.761,0.48569251939349756,5.847430830039526,44.914997982175564,50,506
204000,MOTOR_ONLY_0.762,0.0,0.762,0.48097045514606473,5.837417654808959,45.01625358729323,50,506
204000,MOTOR_ONLY_0.763,0.0,0.763,0.4848670469433115,5.8195153896529135,45.05528716372001,50,509
204000,MOTOR_ONLY_0.764,0.0,0.764,0.48431188670915987,5.86246719160105,46.176484386876055,50,508
204000,MOTOR_ONLY_0.765,0.0,0.765,0.5006445216115758,6.06919494344644,46.68819616215399,50,501
204000,MOTOR_ONLY_0.766,0.0,0.766,0.5053626541979847,6.085185185185185,49.16875611013957,50,504
204000,MOTOR_ONLY_0.767,0.0,0.767,0.5095598133727594,6.203874415497662,49.00958282043354,50,499
204000,MOTOR_ONLY_0.768,0.0,0.768,0.5229561173550772,6.335733333333334,50.12190780903309,50,500
204000,MOTOR_ONLY_0.769,0.0,0.769,0.5232591018710884,6.3351925630810095,50.78402404460445,50,502
204000,MOTOR_ONLY_0.770,0.0,0.77,0.524326833893033,6.436339345357381,51.183276356085905,50,499
204000,MOTOR_ONLY_0.771,0.0,0.771,0.5255808951880042,6.5048,49.24660968280316,50,500
204000,MOTOR_ONLY_0.772,0.0,0.772,0.5263502908275968,6.611986531986532,49.701671597635524,50,495
204000,MOTOR_ONLY_0.773,0.0,0.773,0.534090418363138,6.768579234972678,49.620355997168126,50,488
204000,MOTOR_ONLY_0.774,0.0,0.774,0.5273742712964863,6.731279945242984,49.69693791536909,50,487
204000,MOTOR_ONLY_0.775,0.0,0.775,0.540372548801157,6.949688149688149,51.1855294334318,50,481
204000,MOTOR_ONLY_0.776,0.0,0.776,0.5371271087255118,7.0242677824267785,51.0920581555562,50,478
204000,MOTOR_ONLY_0.777,0.0,0.777,0.5450782663286587,7.210711768851303,50.61324121738092,50,473
204000,MOTOR_ONLY_0.778,0.0,0.778,0.5646245513367836,7.51741935483871,51.61938369874869,50,465
204000,MOTOR_ONLY_0.779,0.0,0.779,0.5613104640856535,7.5170243204577964,52.95083155865148,50,466
204000,MOTOR_ONLY_0.780,0.0,0.78,0.5597951106947316,7.511206281227694,52.60530939410565,50,467
204000,MOTOR_ONLY_0.781,0.0,0.781,0.5620698342594812,7.505614783226723,54.21254910460816,50,469
204000,MOTOR_ONLY_0.782,0.0,0.782,0.5681544627495433,7.637891737891738,53.955087988765754,50,468
204000,MOTOR_ONLY_0.783,0.0,0.783,0.5748533304488324,7.814492753623188,55.99296631204899,50,460
204000,MOTOR_ONLY_0.784,0.0,0.784,0.5749660755503552,7.817101449275362,55.58540372462585,50,460
204000,MOTOR_ONLY_0.785,0.0,0.785,0.5626136378741405,7.703607503607503,53.30056047222795,50,462
204000,MOTOR_ONLY_0.786,0.0,0.786,0.560835117794502,7.851884057971014,53.711260593898444,50,460
204000,MOTOR_ONLY_0.787,0.0,0.787,0.5644455787407391,7.965432098765432,54.2367638461859,50,459
204000,MOTOR_ONLY_0.788,0.0,0.788,0.5681397188326862,8.002911208151383,54.124139858260826,50,458
204000,MOTOR_ONLY_0.789,0.0,0.789,0.5627291603703071,7.9627365356623,54.93229833159734,50,458
204000,MOTOR_ONLY_0.790,0.0,0.79,0.5689820271018241,8.112663755458515,55.57501337831663,50,458
204000,MOTOR_ONLY_0.791,0.0,0.791,0.5680554795575464,8.138562091503267,57.25456753011742,50,459
204000,MOTOR_ONLY_0.792,0.0,0.792,0.5603778501613581,8.097893972403776,57.13401070680895,50,459
204000,MOTOR_ONLY_0.793,0.0,0.793,0.567261961535668,8.293567251461988,57.388990124454395,50,456
204000,MOTOR_ONLY_0.794,0.0,0.794,0.5657164033628931,8.298107714701601,56.36279380054322,50,458
204000,MOTOR_ONLY_0.795,0.0,0.795,0.5626706300489269,8.24179320318149,56.44175790600105,50,461
204000,MOTOR_ONLY_0.796,0.0,0.796,0.5659867422119857,8.354871794871794,58.322986547077036,50,455
204000,MOTOR_ONLY_0.797,0.0,0.797,0.5618241420329504,8.317948717948719,58.944357488820906,50,455
204000,MOTOR_ONLY_0.798,0.0,0.798,0.5631067067709029,8.298981077147015,56.128444488466876,50,458
204000,MOTOR_ONLY_0.799,0.0,0.799,0.5868241764034599,8.578072111846947,57.2851478760209,50,453
204000,MOTOR_ONLY_0.800,0.0,0.8,0.5908820049835894,8.73037037037037,57.18989824960152,50,450
204001,SENSORY_SITE_FB,1.0,0.0,0.5989537620754835,5.1677333333333335,37.86510399695384,50,500
204001,MOTOR_ONLY_0.700,0.0,0.7,0.44507187380321933,4.0957203134418325,25.796543235757827,50,553
204001,MOTOR_ONLY_0.701,0.0,0.701,0.4428837287062355,4.090252707581227,27.03405594132495,50,554
204001,MOTOR_ONLY_0.702,0.0,0.702,0.4254888945862191,4.017985611510792,25.875093694773042,50,556
204001,MOTOR_ONLY_0.703,0.0,0.703,0.43870347594778764,4.109903381642512,26.827671520646007,50,552
204001,MOTOR_ONLY_0.704,0.0,0.704,0.4350766247115714,4.104969696969697,25.515968322571776,50,550
204001,MOTOR_ONLY_0.705,0.0,0.705,0.44102760692486825,4.107821901323707,26.162202516200924,50,554
204001,MOTOR_ONLY_0.706,0.0,0.706,0.4439055344519801,4.183059110298598,25.817802676226247,50,547
204001,MOTOR_ONLY_0.707,0.0,0.707,0.44246095969989824,4.203676470588235,25.57282176385788,50,544
204001,MOTOR_ONLY_0.708,0.0,0.708,0.4408408493502341,4.173626373626374,28.199248639040853,50,546
204001,MOTOR_ONLY_0.709,0.0,0.709,0.4385859180976022,4.171220400728598,26.17324059737743,50,549
204001,MOTOR_ONLY_0.710,0.0,0.71,0.4315183391046137,4.1466666666666665,28.885594112717467,50,550
204001,MOTOR_ONLY_0.711,0.0,0.711,0.4356609997310705,4.1946666666666665,29.81487355096729,50,550
204001,MOTOR_ONLY_0.712,0.0,0.712,0.4357951478769531,4.193719806763285,29.635544533462042,50,552
204001,MOTOR_ONLY_0.713,0.0,0.713,0.4341401366304511,4.219721718088325,30.71807198393442,50,551
204001,MOTOR_ONLY_0.714,0.0,0.714,0.4350803882386065,4.2455373406193075,29.8558291060314,50,549
204001,MOTOR_ONLY_0.715,0.0,0.715,0.4470759762514103,4.363524337646334,30.163072833052876,50,541
204001,MOTOR_ONLY_0.716,0.0,0.716,0.4525371304147244,4.417283950617284,30.144661206797846,50,540
204001,MOTOR_ONLY_0.717,0.0,0.717,0.4447089871540659,4.409876543209877,30.382233337750527,50,540
204001,MOTOR_ONLY_0.718,0.0,0.718,0.4446284505162145,4.43679012345679,31.353071318755013,50,540
204001,MOTOR_ONLY_0.719,0.0,0.719,0.44592177697291874,4.440836408364083,30.702273499209337,50,542
204001,MOTOR_ONLY_0.720,0.0,0.72,0.4531053191137535,4.505432098765431,30.502317372775128,50,540
204001,MOTOR_ONLY_0.721,0.0,0.721,0.45099835782738806,4.47060270602706,28.2339307988462,50,542
204001,MOTOR_ONLY_0.722,0.0,0.722,0.45896500249356836,4.553617810760668,27.512006285945837,50,539
204001,MOTOR_ONLY_0.723,0.0,0.723,0.46911305935892433,4.612189054726368,28.019898589127703,50,536
204001,MOTOR_ONLY_0.724,0.0,0.724,0.4692372988882774,4.605071119356833,29.062207430432622,50,539
204001,MOTOR_ONLY_0.725,0.0,0.725,0.4657141167485602,4.58219766728054,30.26850273867797,50,543
204001,MOTOR_ONLY_0.726,0.0,0.726,0.4635983531370037,4.587207872078721,29.616446025786026,50,542
204001,MOTOR_ONLY_0.727,0.0,0.727,0.4574304274434323,4.594567901234568,32.272336787708156,50,540
204001,MOTOR_ONLY_0.728,0.0,0.728,0.4615991625325454,4.605033763044813,33.06751477199241,50,543
204001,MOTOR_ONLY_0.729,0.0,0.729,0.4635745625822721,4.683703703703704,33.89619760380072,50,540
204001,MOTOR_ONLY_0.730,0.0,0.73,0.4653539138848158,4.732094175960347,33.04003727563098,50,538
204001,MOTOR_ONLY_0.731,0.0,0.731,0.46697427640745603,4.77860696517413,33.1547939209379,50,536
204001,MOTOR_ONLY_0.732,0.0,0.732,0.46445746528808823,4.764610591900311,33.77700392799793,50,535
204001,MOTOR_ONLY_0.733,0.0,0.733,0.46801448977159277,4.847279549718574,32.876440041126145,50,533
204001,MOTOR_ONLY_0.734,0.0,0.734,0.4756865596328041,4.965786163522012,35.57108273955346,50,530
204001,MOTOR_ONLY_0.735,0.0,0.735,0.46918044908911377,4.897243107769424,36.49259749540595,50,532
204001,MOTOR_ONLY_0.736,0.0,0.736,0.4699101361621806,4.904868913857678,36.525092583776626,50,534
204001,MOTOR_ONLY_0.737,0.0,0.737,0.48309645313205657,5.064650283553875,35.89438459095065,50,529
204001,MOTOR_ONLY_0.738,0.0,0.738,0.47343244066396667,5.028070175438597,35.161642139160556,50,532
204001,MOTOR_ONLY_0.739,0.0,0.739,0.4735837223186108,5.071194968553459,34.66862693513309,50,530
204001,MOTOR_ONLY_0.740,0.0,0.74,0.47664680254088,5.112201257861635,34.8053322735709,50,530
204001,MOTOR_ONLY_0.741,0.0,0.741,0.4763236753484531,5.160932577189667,37.14652323046631,50,529
204001,MOTOR_ONLY_0.742,0.0,0.742,0.48331543192842774,5.244866920152091,39.58110515352018,50,526
204001,MOTOR_ONLY_0.743,0.0,0.743,0.48635070561728055,5.310222222222222,38.49757784992166,50,525
204001,MOTOR_ONLY_0.744,0.0,0.744,0.4901485529944232,5.415128205128204,37.55302856871694,50,520
204001,MOTOR_ONLY_0.745,0.0,0.745,0.4836321605581404,5.411794871794871,37.16104370761901,50,520
204001,MOTOR_ONLY_0.746,0.0,0.746,0.48902652166371524,5.491731266149871,36.93994721349693,50,516
204001,MOTOR_ONLY_0.747,0.0,0.747,0.4897985843044529,5.53915857605178,38.337470090415884,50,515
204001,MOTOR_ONLY_0.748,0.0,0.748,0.4884931709807872,5.5712062256809345,38.05421275447589,50,514
204001,MOTOR_ONLY_0.749,0.0,0.749,0.49284998470865976,5.633854166666667,37.88899798719792,50,512
204001,MOTOR_ONLY_0.750,0.0,0.75,0.5085203417971274,5.803412073490814,38.56314090376242,50,508
204001,MOTOR_ONLY_0.751,0.0,0.751,0.5076189615716472,5.80248853962017,38.48577458105845,50,509
204001,MOTOR_ONLY_0.752,0.0,0.752,0.5121359546385448,5.91137409598948,37.07068421688952,50,507
204001,MOTOR_ONLY_0.753,0.0,0.753,0.5058239898291673,5.923658051689861,38.305242587726745,50,503
204001,MOTOR_ONLY_0.754,0.0,0.754,0.5093592488226482,5.993878908848969,39.36025106172229,50,501
204001,MOTOR_ONLY_0.755,0.0,0.755,0.5100395212102774,6.0498666666666665,40.2169018213855,50,500
204001,MOTOR_ONLY_0.756,0.0,0.756,0.521192539172757,6.207557354925775,39.79579542645751,50,494
204001,MOTOR_ONLY_0.757,0.0,0.757,0.5308563059184016,6.280701754385965,39.08227382414838,50,494
204001,MOTOR_ONLY_0.758,0.0,0.758,0.5301089713057386,6.3055330634278,39.916381535187504,50,494
204001,MOTOR_ONLY_0.759,0.0,0.759,0.5234263439095951,6.248619528619528,40.750145956381864,50,495
204001,MOTOR_ONLY_0.760,0.0,0.76,0.5243540148712437,6.296356275303643,39.520985733148166,50,494
204001,MOTOR_ONLY_0.761,0.0,0.761,0.5290273436727497,6.311200536552649,38.70134382284483,50,497
204001,MOTOR_ONLY_0.762,0.0,0.762,0.5324194988340668,6.375855130784709,38.58638121523132,50,497
204001,MOTOR_ONLY_0.763,0.0,0.763,0.5320273701082743,6.482424242424242,39.30919918395881,50,495
204001,MOTOR_ONLY_0.764,0.0,0.764,0.5353502299835528,6.517536813922356,38.3814087534227,50,498
204001,MOTOR_ONLY_0.765,0.0,0.765,0.5359314037691223,6.544578313253012,38.0978646276062,50,498
204001,MOTOR_ONLY_0.766,0.0,0.766,0.5411642700368166,6.642914979757085,38.738883940254745,50,494
204001,MOTOR_ONLY_0.767,0.0,0.767,0.5384721828887571,6.678886625933469,37.88397346719501,50,491
204001,MOTOR_ONLY_0.768,0.0,0.768,0.5377813121129179,6.672925170068027,39.452543967090094,50,490
204001,MOTOR_ONLY_0.769,0.0,0.769,0.5377230509008148,6.68703326544467,38.827051743088326,50,491
204001,MOTOR_ONLY_0.770,0.0,0.77,0.5389039429061956,6.74573960463531,38.52786242518748,50,489
204001,MOTOR_ONLY_0.771,0.0,0.771,0.5412510096509533,6.805442176870748,38.77519862133774,50,490
204001,MOTOR_ONLY_0.772,0.0,0.772,0.5613846307750746,7.172118702553486,42.27306389877653,50,483
204001,MOTOR_ONLY_0.773,0.0,0.773,0.559346592575209,7.1986139986139985,43.89339648504231,50,481
204001,MOTOR_ONLY_0.774,0.0,0.774,0.5574394022600537,7.138440303657695,42.38416572828778,50,483
204001,MOTOR_ONLY_0.775,0.0,0.775,0.5656627952921345,7.2270531400966185,45.32935630730517,50,483
204001,MOTOR_ONLY_0.776,0.0,0.776,0.562365688980962,7.289349930843707,44.96116010875872,50,482
204001,MOTOR_ONLY_0.777,0.0,0.777,0.5690601684173963,7.596610169491526,46.31933651014235,50,472
204001,MOTOR_ONLY_0.778,0.0,0.778,0.5721600713147814,7.66060606060606,44.049351095075664,50,473
204001,MOTOR_ONLY_0.779,0.0,0.779,0.577870277850304,7.825248226950355,45.04205844396965,50,470
204001,MOTOR_ONLY_0.780,0.0,0.78,0.5814559210100683,7.911300639658848,44.94315345041881,50,469
204001,MOTOR_ONLY_0.781,0.0,0.781,0.5811938141129078,7.891472868217054,46.33455789762118,50,473
204001,MOTOR_ONLY_0.782,0.0,0.782,0.5784103281089508,7.9512056737588654,45.733692230960536,50,470
204001,MOTOR_ONLY_0.783,0.0,0.783,0.589524912090809,8.217453505007153,47.762606190209546,50,466
204001,MOTOR_ONLY_0.784,0.0,0.784,0.5969949094176401,8.443578643578643,49.630233899021775,50,462
204001,MOTOR_ONLY_0.785,0.0,0.785,0.5988926979720026,8.464646464646464,50.526948738626636,50,462
204001,MOTOR_ONLY_0.786,0.0,0.786,0.5929994857013643,8.426030368763557,49.358178237852215,50,461
204001,MOTOR_ONLY_0.787,0.0,0.787,0.5937009314967198,8.435497835497836,50.26418006193103,50,462
204001,MOTOR_ONLY_0.788,0.0,0.788,0.6014062958087312,8.551515151515153,49.833569275200965,50,462
204001,MOTOR_ONLY_0.789,0.0,0.789,0.599214402013129,8.561843052555796,50.79382168502022,50,463
204001,MOTOR_ONLY_0.790,0.0,0.79,0.6089153647847909,8.874106491611963,52.92453005697566,50,457
204001,MOTOR_ONLY_0.791,0.0,0.791,0.6062379203614663,9.02468588322247,53.727655440363534,50,451
204001,MOTOR_ONLY_0.792,0.0,0.792,0.6073261856103942,9.05449146250928,54.50900559883375,50,449
204001,MOTOR_ONLY_0.793,0.0,0.793,0.605281673089809,9.089185185185185,55.621133765220854,50,450
204001,MOTOR_ONLY_0.794,0.0,0.794,0.6087193243226405,9.179806978470676,57.068866058468856,50,449
204001,MOTOR_ONLY_0.795,0.0,0.795,0.6021441324404687,9.062823355506282,55.607368642328574,50,451
204001,MOTOR_ONLY_0.796,0.0,0.796,0.6019401062495904,9.201187824795843,56.62747671791804,50,449
204001,MOTOR_ONLY_0.797,0.0,0.797,0.6036080630078081,9.377777777777776,58.29427740154773,50,444
204001,MOTOR_ONLY_0.798,0.0,0.798,0.6036587947140982,9.512727272727272,58.85148837920357,50,440
204001,MOTOR_ONLY_0.799,0.0,0.799,0.6047188632656507,9.543636363636363,56.95010342714882,50,440
204001,MOTOR_ONLY_0.800,0.0,0.8,0.599452380798951,9.458521870286576,56.203109980151496,50,442
204002,SENSORY_SITE_FB,1.0,0.0,0.6033080250432284,4.829100529100529,37.886209076894964,50,504
204002,MOTOR_ONLY_0.700,0.0,0.7,0.4950057412169942,4.135008976660682,22.12480243821892,50,557
204002,MOTOR_ONLY_0.701,0.0,0.701,0.49607134344549975,4.132857142857143,22.35408755500528,50,560
204002,MOTOR_ONLY_0.702,0.0,0.702,0.4904473915181113,4.118571428571428,22.831299275636603,50,560
204002,MOTOR_ONLY_0.703,0.0,0.703,0.49514366970953655,4.179699699699699,21.933027741086633,50,555
204002,MOTOR_ONLY_0.704,0.0,0.704,0.5086970038567276,4.289130434782608,21.638574199588806,50,552
204002,MOTOR_ONLY_0.705,0.0,0.705,0.5070157472969825,4.286161251504212,21.434613657947594,50,554
204002,MOTOR_ONLY_0.706,0.0,0.706,0.49616658197422064,4.216397366846199,20.81194267939327,50,557
204002,MOTOR_ONLY_0.707,0.0,0.707,0.5005848830942923,4.278918918918919,22.932969443392608,50,555
204002,MOTOR_ONLY_0.708,0.0,0.708,0.4992250753300516,4.300663050030138,22.36026902198387,50,553
204002,MOTOR_ONLY_0.709,0.0,0.709,0.5022186832591756,4.343719806763286,20.678153696434585,50,552
204002,MOTOR_ONLY_0.710,0.0,0.71,0.5069571543958802,4.426520681265207,20.794241014543868,50,548
204002,MOTOR_ONLY_0.711,0.0,0.711,0.5095367636421401,4.488073394495413,20.579120273409043,50,545
204002,MOTOR_ONLY_0.712,0.0,0.712,0.510335122694769,4.526172839506173,20.275309028010838,50,540
204002,MOTOR_ONLY_0.713,0.0,0.713,0.5124254022985436,4.562361623616236,17.617322290120093,50,542
204002,MOTOR_ONLY_0.714,0.0,0.714,0.5185499292108615,4.590055248618785,21.40036639327526,50,543
204002,MOTOR_ONLY_0.715,0.0,0.715,0.5166625450172482,4.611851851851852,21.47214140356817,50,540
204002,MOTOR_ONLY_0.716,0.0,0.716,0.515863294222258,4.633705080545229,22.773101322472353,50,538
204002,MOTOR_ONLY_0.717,0.0,0.717,0.5149175142567209,4.660945273631841,22.722444040848345,50,536
204002,MOTOR_ONLY_0.718,0.0,0.718,0.5112946494323805,4.68095238095238,23.40183422619412,50,532
204002,MOTOR_ONLY_0.719,0.0,0.719,0.5157378968626743,4.7203007518797,24.42049405563007,50,532
204002,MOTOR_ONLY_0.720,0.0,0.72,0.5202625720828878,4.75797373358349,25.645471763339046,50,533
204002,MOTOR_ONLY_0.721,0.0,0.721,0.5328454871548077,4.888721804511278,28.67811343598946,50,532
204002,MOTOR_ONLY_0.722,0.0,0.722,0.5329169179315099,4.894987468671679,27.80669756646979,50,532
204002,MOTOR_ONLY_0.723,0.0,0.723,0.5312230056439305,4.890387016229712,27.813206413217923,50,534
204002,MOTOR_ONLY_0.724,0.0,0.724,0.5270271837061046,4.88689138576779,27.550313967669535,50,534
204002,MOTOR_ONLY_0.725,0.0,0.725,0.5458589004332409,5.091508238276299,28.928965834446863,50,526
204002,MOTOR_ONLY_0.726,0.0,0.726,0.5344209299864315,4.998865784499055,28.366221622566744,50,529
204002,MOTOR_ONLY_0.727,0.0,0.727,0.5570459548756662,5.221119592875318,28.36565648851064,50,524
204002,MOTOR_ONLY_0.728,0.0,0.728,0.5627189234882073,5.305747126436782,30.424234154655423,50,522
204002,MOTOR_ONLY_0.729,0.0,0.729,0.5691485377292314,5.354748247291268,29.027948140851304,50,523
204002,MOTOR_ONLY_0.730,0.0,0.73,0.5717623404995469,5.41829814459373,29.493272574654664,50,521
204002,MOTOR_ONLY_0.731,0.0,0.731,0.5630206543741206,5.333587786259542,26.509278333808517,50,524
204002,MOTOR_ONLY_0.732,0.0,0.732,0.5609663051143141,5.3897828863346104,28.076529813857587,50,522
204002,MOTOR_ONLY_0.733,0.0,0.733,0.5659212020080194,5.467948717948718,28.173177314408854,50,520
204002,MOTOR_ONLY_0.734,0.0,0.734,0.5698141222765322,5.5730744336569575,28.486061844438108,50,515
204002,MOTOR_ONLY_0.735,0.0,0.735,0.5874202444006943,5.80248853962017,29.705854407208662,50,509
204002,MOTOR_ONLY_0.736,0.0,0.736,0.5810775867065507,5.738300653594772,28.85406377239745,50,510
204002,MOTOR_ONLY_0.737,0.0,0.737,0.5768948692361932,5.734895833333333,29.13163020660243,50,512
204002,MOTOR_ONLY_0.738,0.0,0.738,0.5835713837850667,5.778300653594771,29.41833837603994,50,510
204002,MOTOR_ONLY_0.739,0.0,0.739,0.5884531968452614,5.855380577427821,28.391289223472633,50,508
204002,MOTOR_ONLY_0.740,0.0,0.74,0.5871132312879517,5.895652173913044,28.29709828704793,50,506
204002,MOTOR_ONLY_0.741,0.0,0.741,0.5785144429933765,5.844619422572179,27.994715201176756,50,508
204002,MOTOR_ONLY_0.742,0.0,0.742,0.575247103619922,5.863504611330698,28.134020356601603,50,506
204002,MOTOR_ONLY_0.743,0.0,0.743,0.5719526761263876,5.927777777777778,29.0836495269716,50,504
204002,MOTOR_ONLY_0.744,0.0,0.744,0.5729261977774821,5.964409030544489,30.1555753331367,50,502
204002,MOTOR_ONLY_0.745,0.0,0.745,0.5815807637066606,6.1344042838018735,30.052275544061445,50,498
204002,MOTOR_ONLY_0.746,0.0,0.746,0.5854305111252713,6.241499330655957,33.96485366532961,50,498
204002,MOTOR_ONLY_0.747,0.0,0.747,0.5820866049701601,6.223560910307898,34.39256127613062,50,498
204002,MOTOR_ONLY_0.748,0.0,0.748,0.5922319308968773,6.36263440860215,33.272325155280456,50,496
204002,MOTOR_ONLY_0.749,0.0,0.749,0.5941077270101689,6.379528619528619,33.573976962647365,50,495
204002,MOTOR_ONLY_0.750,0.0,0.75,0.6028853709154451,6.594137695978187,33.23906521849246,50,489
204002,MOTOR_ONLY_0.751,0.0,0.751,0.6075418637802821,6.674897119341564,34.379435046001255,50,486
204002,MOTOR_ONLY_0.752,0.0,0.752,0.6006866669681845,6.58241308793456,33.648769213308185,50,489
204002,MOTOR_ONLY_0.753,0.0,0.753,0.6068042091930959,6.726078028747433,35.95559691183606,50,487
204002,MOTOR_ONLY_0.754,0.0,0.754,0.604418350927253,6.80082304526749,38.83126654992914,50,486
204002,MOTOR_ONLY_0.755,0.0,0.755,0.6043087609133153,6.873982056590752,39.40218375389399,50,483
204002,MOTOR_ONLY_0.756,0.0,0.756,0.6004642721762187,6.848484848484849,38.99930732611096,50,484
204002,MOTOR_ONLY_0.757,0.0,0.757,0.5996176402867538,6.859504132231405,37.946392270144386,50,484
204002,MOTOR_ONLY_0.758,0.0,0.758,0.596080166538573,6.862387853692201,37.502555420452055,50,483
204002,MOTOR_ONLY_0.759,0.0,0.759,0.5955701493310418,6.867903780068729,37.68387433617444,50,485
204002,MOTOR_ONLY_0.760,0.0,0.76,0.5966444253811133,6.853554175293305,35.53784842178221,50,483
204002,MOTOR_ONLY_0.761,0.0,0.761,0.5949306402393161,6.892307692307693,35.75146296120888,50,481
204002,MOTOR_ONLY_0.762,0.0,0.762,0.5948167074846425,6.9034578146611345,35.86650840165159,50,482
204002,MOTOR_ONLY_0.763,0.0,0.763,0.5964065078148287,7.0,37.676626633765586,50,480
204002,MOTOR_ONLY_0.764,0.0,0.764,0.6001798012316527,7.108055555555556,36.8089246056324,50,480
204002,MOTOR_ONLY_0.765,0.0,0.765,0.610075211898044,7.396178343949044,37.79385364687863,50,471
204002,MOTOR_ONLY_0.766,0.0,0.766,0.6111290133931883,7.423829787234043,39.251233641230414,50,470
204002,MOTOR_ONLY_0.767,0.0,0.767,0.6101117953100851,7.411299435028248,38.75240037827978,50,472
204002,MOTOR_ONLY_0.768,0.0,0.768,0.6111590923807283,7.476068376068375,37.83745171669641,50,468
204002,MOTOR_ONLY_0.769,0.0,0.769,0.6090647317320782,7.48005698005698,37.26065797897113,50,468
204002,MOTOR_ONLY_0.770,0.0,0.77,0.6102443065323173,7.565017921146953,37.62738376967638,50,465
204002,MOTOR_ONLY_0.771,0.0,0.771,0.6090336862546176,7.5939655172413785,37.03088774288825,50,464
204002,MOTOR_ONLY_0.772,0.0,0.772,0.6069436487555121,7.720289855072464,38.9399158061774,50,460
204002,MOTOR_ONLY_0.773,0.0,0.773,0.6107322334621905,7.846288209606986,40.2951299288893,50,458
204002,MOTOR_ONLY_0.774,0.0,0.774,0.6145527612046026,7.901234567901234,40.739472673218714,50,459
204002,MOTOR_ONLY_0.775,0.0,0.775,0.6131770625674129,7.83953823953824,42.05478227203811,50,462
204002,MOTOR_ONLY_0.776,0.0,0.776,0.6104135635571807,7.77077033837293,39.175542179245944,50,463
204002,MOTOR_ONLY_0.777,0.0,0.777,0.6137459834493516,7.821935483870967,40.43483018053483,50,465
204002,MOTOR_ONLY_0.778,0.0,0.778,0.6117648685582167,7.816987865810136,40.38452349958472,50,467
204002,MOTOR_ONLY_0.779,0.0,0.779,0.6104883669972143,7.933621933621934,41.853072380521695,50,462
204002,MOTOR_ONLY_0.780,0.0,0.78,0.6090880519537144,7.9523809523809526,42.37529054936065,50,462
204002,MOTOR_ONLY_0.781,0.0,0.781,0.6172546865601203,8.17142857142857,43.42254155404085,50,455
204002,MOTOR_ONLY_0.782,0.0,0.782,0.6208002693425482,8.210109890109889,43.36846846796115,50,455
204002,MOTOR_ONLY_0.783,0.0,0.783,0.6231178924143468,8.29757174392936,44.04401888340631,50,453
204002,MOTOR_ONLY_0.784,0.0,0.784,0.6285289773876553,8.48709917971663,43.81374177397478,50,447
204002,MOTOR_ONLY_0.785,0.0,0.785,0.6279370988116659,8.545264727815063,44.099149934618715,50,447
204002,MOTOR_ONLY_0.786,0.0,0.786,0.6290697506377065,8.542538975501113,43.003411430194475,50,449
204002,MOTOR_ONLY_0.787,0.0,0.787,0.6293144763234249,8.691778774289984,45.27190483634428,50,446
204002,MOTOR_ONLY_0.788,0.0,0.788,0.6235171411200167,8.707900677200904,44.991613127148746,50,443
204002,MOTOR_ONLY_0.789,0.0,0.789,0.6396146524341805,9.085844748858447,47.29055334001041,50,438
204002,MOTOR_ONLY_0.790,0.0,0.79,0.6393232719571083,9.08610478359909,47.735160708098554,50,439
204002,MOTOR_ONLY_0.791,0.0,0.791,0.6376911482376871,9.065154950869237,47.424760323416,50,441
204002,MOTOR_ONLY_0.792,0.0,0.792,0.6387240233693435,9.148787878787878,50.74804625316825,50,440
204002,MOTOR_ONLY_0.793,0.0,0.793,0.6314486089295668,9.071794871794872,51.135655740930645,50,442
204002,MOTOR_ONLY_0.794,0.0,0.794,0.6448461261274778,9.496227867590454,51.8882605947962,50,433
204002,MOTOR_ONLY_0.795,0.0,0.795,0.6465650186019023,9.446082949308757,51.63946759802868,50,434
204002,MOTOR_ONLY_0.796,0.0,0.796,0.6570864063332391,9.814018691588785,51.2973084951308,50,428
204002,MOTOR_ONLY_0.797,0.0,0.797,0.6531795536415446,9.881619937694703,53.466410104071855,50,428
204002,MOTOR_ONLY_0.798,0.0,0.798,0.6534200572066946,9.993725490196079,53.05747352580809,50,425
204002,MOTOR_ONLY_0.799,0.0,0.799,0.6582929031692304,10.139952718676122,52.618969602610065,50,423
204002,MOTOR_ONLY_0.800,0.0,0.8,0.6552034705576292,10.111372549019606,51.77904214024606,50,425
204003,SENSORY_SITE_FB,1.0,0.0,0.5928180518937524,4.522881355932203,16.25746933919119,50,472
204003,MOTOR_ONLY_0.700,0.0,0.7,0.4483323828222348,3.8585620915032677,8.361524999649523,50,510
204003,MOTOR_ONLY_0.701,0.0,0.701,0.45344687875524364,3.89437908496732,7.822174099698434,50,510
204003,MOTOR_ONLY_0.702,0.0,0.702,0.45504840727205204,3.909364767518009,7.663851031528566,50,509
204003,MOTOR_ONLY_0.703,0.0,0.703,0.4536153216765167,3.918009168303864,7.677839363159201,50,509
204003,MOTOR_ONLY_0.704,0.0,0.704,0.4444390645997764,3.835278858625162,7.437437887299304,50,514
204003,MOTOR_ONLY_0.705,0.0,0.705,0.44635698862526046,3.8416020671834623,8.852332792331726,50,516
204003,MOTOR_ONLY_0.706,0.0,0.706,0.4582106721136976,3.927367055771725,12.053328476286902,50,514
204003,MOTOR_ONLY_0.707,0.0,0.707,0.4592970563080329,3.933462783171521,10.935891506857821,50,515
204003,MOTOR_ONLY_0.708,0.0,0.708,0.45851679094715914,3.9238095238095236,10.122264692384997,50,518
204003,MOTOR_ONLY_0.709,0.0,0.709,0.4594600293050916,3.962718446601942,10.027394715962332,50,515
204003,MOTOR_ONLY_0.710,0.0,0.71,0.46214968955446273,3.9886524822695035,9.627801261317849,50,517
204003,MOTOR_ONLY_0.711,0.0,0.711,0.45889169193178486,3.9858156028368796,8.040260111046807,50,517
204003,MOTOR_ONLY_0.712,0.0,0.712,0.4572867336003752,3.975032175032175,7.350123287264839,50,518
204003,MOTOR_ONLY_0.713,0.0,0.713,0.46664392549076317,4.0485788113695085,7.797161657945181,50,516
204003,MOTOR_ONLY_0.714,0.0,0.714,0.4662989964517078,4.04822695035461,7.8970642974552625,50,517
204003,MOTOR_ONLY_0.715,0.0,0.715,0.4660236221303169,4.074045307443366,9.218631063932854,50,515
204003,MOTOR_ONLY_0.716,0.0,0.716,0.4699557836885686,4.084848484848485,10.188693571566512,50,517
204003,MOTOR_ONLY_0.717,0.0,0.717,0.4661496262908468,4.041300191204589,9.985123104526217,50,523
204003,MOTOR_ONLY_0.718,0.0,0.718,0.4655413473432876,4.055938697318008,9.918410432178074,50,522
204003,MOTOR_ONLY_0.719,0.0,0.719,0.45938707010779434,4.047856685860525,11.156000242411938,50,521
204003,MOTOR_ONLY_0.720,0.0,0.72,0.47393411247916295,4.162363519588953,12.037856685325517,50,519
204003,MOTOR_ONLY_0.721,0.0,0.721,0.4768149966277556,4.209890815671162,12.84644152267284,50,519
204003,MOTOR_ONLY_0.722,0.0,0.722,0.48453852782774776,4.28310854206808,11.548084096276197,50,519
204003,MOTOR_ONLY_0.723,0.0,0.723,0.48173706463564486,4.255598455598456,12.354231516053215,50,518
204003,MOTOR_ONLY_0.724,0.0,0.724,0.4752074387938827,4.2465894465894465,14.897571251025365,50,518
204003,MOTOR_ONLY_0.725,0.0,0.725,0.4748306473837886,4.253846153846154,15.77003172232351,50,520
204003,MOTOR_ONLY_0.726,0.0,0.726,0.47285442395699445,4.27052767052767,15.76055520432447,50,518
204003,MOTOR_ONLY_0.727,0.0,0.727,0.4688969882714627,4.247254150702426,14.618661806702532,50,522
204003,MOTOR_ONLY_0.728,0.0,0.728,0.4840590771172925,4.379368149580915,15.060706184014498,50,517
204003,MOTOR_ONLY_0.729,0.0,0.729,0.47146624476977006,4.31257253384913,14.611015971876109,50,517
204003,MOTOR_ONLY_0.730,0.0,0.73,0.48441466432481106,4.427079303675048,15.90755711600013,50,517
204003,MOTOR_ONLY_0.731,0.0,0.731,0.4978277064681364,4.570572916666666,16.07033342110067,50,512
204003,MOTOR_ONLY_0.732,0.0,0.732,0.5026085126406321,4.619346405228758,16.807562910745194,50,510
204003,MOTOR_ONLY_0.733,0.0,0.733,0.5107538317214911,4.704611330698287,15.955655263659311,50,506
204003,MOTOR_ONLY_0.734,0.0,0.734,0.5038826593419448,4.737425742574257,14.613983976776515,50,505
204003,MOTOR_ONLY_0.735,0.0,0.735,0.5036609197384487,4.7254281949934125,14.26762313808807,50,506
204003,MOTOR_ONLY_0.736,0.0,0.736,0.5053467011547129,4.823373173970784,15.311605955364824,50,502
204003,MOTOR_ONLY_0.737,0.0,0.737,0.5002853467158813,4.803711066931743,19.08812721894538,50,503
204003,MOTOR_ONLY_0.738,0.0,0.738,0.4968304285153729,4.786507936507936,19.3026170111989,50,504
204003,MOTOR_ONLY_0.739,0.0,0.739,0.49479683458849877,4.8306054557551565,19.17982797072628,50,501
204003,MOTOR_ONLY_0.740,0.0,0.74,0.4958138225282854,4.894164989939638,17.754536328422173,50,497
204003,MOTOR_ONLY_0.741,0.0,0.741,0.5103975558041783,4.980376344086022,17.64699432188279,50,496
204003,MOTOR_ONLY_0.742,0.0,0.742,0.5126863411324182,5.017741935483871,19.391995639020156,50,496
204003,MOTOR_ONLY_0.743,0.0,0.743,0.5191221745207041,5.126287262872628,18.974154933696447,50,492
204003,MOTOR_ONLY_0.744,0.0,0.744,0.5172036805745452,5.155555555555555,19.356449330295415,50,489
204003,MOTOR_ONLY_0.745,0.0,0.745,0.5209752052270129,5.221540558963872,20.578841758115487,50,489
204003,MOTOR_ONLY_0.746,0.0,0.746,0.519501152572062,5.264613278576317,20.76625106977401,50,487
204003,MOTOR_ONLY_0.747,0.0,0.747,0.5176653107335822,5.26912568306011,20.698880047677253,50,488
204003,MOTOR_ONLY_0.748,0.0,0.748,0.5155796202193066,5.280327868852458,20.23270839579713,50,488
204003,MOTOR_ONLY_0.749,0.0,0.749,0.5227120276513753,5.354371584699454,21.10632732016925,50,488
204003,MOTOR_ONLY_0.750,0.0,0.75,0.522516500131888,5.372131147540983,21.955173777167975,50,488
204003,MOTOR_ONLY_0.751,0.0,0.751,0.5169687526353737,5.406858710562415,20.81359328329456,50,486
204003,MOTOR_ONLY_0.752,0.0,0.752,0.5154826760567626,5.356687033265445,21.238970971317695,50,491
204003,MOTOR_ONLY_0.753,0.0,0.753,0.5156821989952969,5.362118126272913,22.056177151372495,50,491
204003,MOTOR_ONLY_0.754,0.0,0.754,0.5276288106398777,5.496994535519125,24.293334335830615,50,488
204003,MOTOR_ONLY_0.755,0.0,0.755,0.5244754436920231,5.4927359131025115,27.276806267910967,50,491
204003,MOTOR_ONLY_0.756,0.0,0.756,0.5244580779163946,5.524507807196199,27.68950306280869,50,491
204003,MOTOR_ONLY_0.757,0.0,0.757,0.5218990883961374,5.550374914792092,26.97012280135724,50,489
204003,MOTOR_ONLY_0.758,0.0,0.758,0.5271423318030614,5.565714285714285,26.633378021996464,50,490
204003,MOTOR_ONLY_0.759,0.0,0.759,0.5349667236726573,5.670491803278689,27.712985092667832,50,488
204003,MOTOR_ONLY_0.760,0.0,0.76,0.5364470252809661,5.6414634146341465,28.279564707991703,50,492
204003,MOTOR_ONLY_0.761,0.0,0.761,0.5415857009608499,5.708350305498982,29.629396520905672,50,491
204003,MOTOR_ONLY_0.762,0.0,0.762,0.5456862040947807,5.727924273157539,28.42256971179279,50,493
204003,MOTOR_ONLY_0.763,0.0,0.763,0.5565142867797882,5.962139917695473,29.451318490264534,50,486
204003,MOTOR_ONLY_0.764,0.0,0.764,0.5560396865884772,6.039425051334702,31.88046521393879,50,487
204003,MOTOR_ONLY_0.765,0.0,0.765,0.5527693760262367,6.023721881390593,31.16399963107788,50,489
204003,MOTOR_ONLY_0.766,0.0,0.766,0.5464572301524492,6.09319587628866,31.159962910784653,50,485
204003,MOTOR_ONLY_0.767,0.0,0.767,0.5484935059265503,6.187168758716876,30.212892354416603,50,478
204003,MOTOR_ONLY_0.768,0.0,0.768,0.5665810311783213,6.474643874643875,32.20156605520186,50,468
204003,MOTOR_ONLY_0.769,0.0,0.769,0.564972519690089,6.57527114967462,27.81973268379111,50,461
204003,MOTOR_ONLY_0.770,0.0,0.77,0.5693473007395884,6.711401597676107,31.400438533579862,50,459
204003,MOTOR_ONLY_0.771,0.0,0.771,0.5720690878365742,6.760203340595497,31.177752264325605,50,459
204003,MOTOR_ONLY_0.772,0.0,0.772,0.5742497563988235,6.815652173913043,32.15933668936038,50,460
204003,MOTOR_ONLY_0.773,0.0,0.773,0.5754797696090656,6.825396825396825,31.850751862359907,50,462
204003,MOTOR_ONLY_0.774,0.0,0.774,0.5951941118285653,7.212573099415205,32.40120361434137,50,456
204003,MOTOR_ONLY_0.775,0.0,0.775,0.5871508747861274,7.1154684095860565,32.07463498034387,50,459
204003,MOTOR_ONLY_0.776,0.0,0.776,0.5900077175112493,7.154978354978355,29.968442330926244,50,462
204003,MOTOR_ONLY_0.777,0.0,0.777,0.5829884577162487,7.068970482361411,29.949554471073093,50,463
204003,MOTOR_ONLY_0.778,0.0,0.778,0.5662891029489403,6.858244111349037,29.849625460562688,50,467
204003,MOTOR_ONLY_0.779,0.0,0.779,0.5756529933655926,7.105178701677607,32.457142371321225,50,457
204003,MOTOR_ONLY_0.780,0.0,0.78,0.5834035214521244,7.2244297277409855,32.15722538235971,50,453
204003,MOTOR_ONLY_0.781,0.0,0.781,0.5886960667578801,7.427346637102734,34.45310188512635,50,451
204003,MOTOR_ONLY_0.782,0.0,0.782,0.6031221429473287,7.756599552572707,34.72903621774788,50,447
204003,MOTOR_ONLY_0.783,0.0,0.783,0.6081234213085863,7.923204837490552,34.920710251106684,50,441
204003,MOTOR_ONLY_0.784,0.0,0.784,0.6109386798268566,7.959512937595129,35.15775405732498,50,438
204003,MOTOR_ONLY_0.785,0.0,0.785,0.6192267628972877,8.250580046403712,37.35227280239788,50,431
204003,MOTOR_ONLY_0.786,0.0,0.786,0.6438175354253877,8.825714285714284,39.220676012769296,50,420
204003,MOTOR_ONLY_0.787,0.0,0.787,0.6476231733181994,8.891746031746033,40.25704657133247,50,420
204003,MOTOR_ONLY_0.788,0.0,0.788,0.6399696816791178,8.813522012578616,40.464528181260654,50,424
204003,MOTOR_ONLY_0.789,0.0,0.789,0.6399777376578228,8.877093206951027,40.112297930825456,50,422
204003,MOTOR_ONLY_0.790,0.0,0.79,0.63031151304587,8.804716981132074,40.71201229717749,50,424
204003,MOTOR_ONLY_0.791,0.0,0.791,0.631634477845266,8.987112171837708,42.313344478676925,50,419
204003,MOTOR_ONLY_0.792,0.0,0.792,0.6136155807434082,8.702201257861637,39.481649923671334,50,424
204003,MOTOR_ONLY_0.793,0.0,0.793,0.6160795740913211,8.848113207547168,42.5249767469295,50,424
204003,MOTOR_ONLY_0.794,0.0,0.794,0.6270303922290484,9.143725019984013,43.6804890248051,50,417
204003,MOTOR_ONLY_0.795,0.0,0.795,0.6401433082476532,9.53042071197411,46.191368559984696,50,412
204003,MOTOR_ONLY_0.796,0.0,0.796,0.6450183300978957,9.637772397094432,47.393275841588945,50,413
204003,MOTOR_ONLY_0.797,0.0,0.797,0.6426271220454,9.61991967871486,47.31844568854019,50,415
204003,MOTOR_ONLY_0.798,0.0,0.798,0.6416919901964301,9.645088566827697,47.33595264288926,50,414
204003,MOTOR_ONLY_0.799,0.0,0.799,0.6523579443516757,10.018627450980393,48.56214457565069,50,408
204003,MOTOR_ONLY_0.800,0.0,0.8,0.6534675753399874,10.227295285359801,49.2844998479323,50,403
204004,SENSORY_SITE_FB,1.0,0.0,0.6129720921739881,4.851169590643275,23.96845541744634,50,456
204004,MOTOR_ONLY_0.700,0.0,0.7,0.4356986369356606,3.9099999999999997,22.34447079668962,50,520
204004,MOTOR_ONLY_0.701,0.0,0.701,0.4418942897745698,3.968339768339768,21.903337860575594,50,518
204004,MOTOR_ONLY_0.702,0.0,0.702,0.43965938333379506,3.957948717948718,22.781060896178296,50,520
204004,MOTOR_ONLY_0.703,0.0,0.703,0.4392145502466253,3.9652509652509655,23.058272951987295,50,518
204004,MOTOR_ONLY_0.704,0.0,0.704,0.44727280464020697,4.036692506459948,23.12206684540357,50,516
204004,MOTOR_ONLY_0.705,0.0,0.705,0.4503626532832679,4.016923076923077,23.048440184340713,50,520
204004,MOTOR_ONLY_0.706,0.0,0.706,0.4496687734435864,4.020473448496481,23.498934023451003,50,521
204004,MOTOR_ONLY_0.707,0.0,0.707,0.4504056942288608,4.038387715930902,23.66772863513454,50,521
204004,MOTOR_ONLY_0.708,0.0,0.708,0.44980244348675485,4.054615384615385,23.271632998730116,50,520
204004,MOTOR_ONLY_0.709,0.0,0.709,0.4534270545975655,4.068578712555768,23.60268397962092,50,523
204004,MOTOR_ONLY_0.710,0.0,0.71,0.45352545972518216,4.090166028097062,24.004752903762387,50,522
204004,MOTOR_ONLY_0.711,0.0,0.711,0.46035505997798565,4.134101087651952,23.938708251188768,50,521
204004,MOTOR_ONLY_0.712,0.0,0.712,0.4775015434880145,4.281165048543689,24.30379931133197,50,515
204004,MOTOR_ONLY_0.713,0.0,0.713,0.47982272097712914,4.332943469785575,24.71517615771534,50,513
204004,MOTOR_ONLY_0.714,0.0,0.714,0.48645555690826936,4.385649054142205,23.908339598083458,50,511
204004,MOTOR_ONLY_0.715,0.0,0.715,0.48719628142198723,4.443569553805774,24.638574831215642,50,508
204004,MOTOR_ONLY_0.716,0.0,0.716,0.4886964879364837,4.460223537146614,24.798762809555843,50,507
204004,MOTOR_ONLY_0.717,0.0,0.717,0.4865627434078777,4.473898750821828,24.16809408414624,50,507
204004,MOTOR_ONLY_0.718,0.0,0.718,0.48629271337996893,4.5042904290429036,24.25074144148744,50,505
204004,MOTOR_ONLY_0.719,0.0,0.719,0.492062698342526,4.550033134526176,25.43461094914375,50,503
204004,MOTOR_ONLY_0.720,0.0,0.72,0.48915445883552755,4.553253652058433,25.533649608250176,50,502
204004,MOTOR_ONLY_0.721,0.0,0.721,0.4969244371465103,4.605721889554224,25.564009568669952,50,501
204004,MOTOR_ONLY_0.722,0.0,0.722,0.4981674642427292,4.631128924515698,25.37779138797312,50,499
204004,MOTOR_ONLY_0.723,0.0,0.723,0.4982427627721195,4.636472945891783,25.542422120083064,50,499
204004,MOTOR_ONLY_0.724,0.0,0.724,0.4983616862638126,4.630810092961487,25.506617188539455,50,502
204004,MOTOR_ONLY_0.725,0.0,0.725,0.500260198956684,4.6856,25.58122762843857,50,500
204004,MOTOR_ONLY_0.726,0.0,0.726,0.4987012810212529,4.675697211155379,25.587224445656737,50,502
204004,MOTOR_ONLY_0.727,0.0,0.727,0.504141207857904,4.739321357285429,27.17068985463054,50,501
204004,MOTOR_ONLY_0.728,0.0,0.728,0.4994667187524327,4.72010582010582,27.508789263570435,50,504
204004,MOTOR_ONLY_0.729,0.0,0.729,0.503063407687392,4.785894876912841,27.812929778865303,50,501
204004,MOTOR_ONLY_0.730,0.0,0.73,0.5016603736051047,4.840347361389446,29.46824264033829,50,499
204004,MOTOR_ONLY_0.731,0.0,0.731,0.5066883232026628,4.893172690763052,30.313732162269474,50,498
204004,MOTOR_ONLY_0.732,0.0,0.732,0.5089997547993528,4.9196787148594385,29.95389450126434,50,498
204004,MOTOR_ONLY_0.733,0.0,0.733,0.5095535756332591,4.9429718875502004,30.511476936360978,50,498
204004,MOTOR_ONLY_0.734,0.0,0.734,0.5145280353369495,5.062864901561439,31.382441492627112,50,491
204004,MOTOR_ONLY_0.735,0.0,0.735,0.5150095179606275,5.079945799457994,30.672707852375524,50,492
204004,MOTOR_ONLY_0.736,0.0,0.736,0.5148547062336564,5.096537678207739,30.37061627917433,50,491
204004,MOTOR_ONLY_0.737,0.0,0.737,0.5190652955166217,5.138085539714868,31.924578062026306,50,491
204004,MOTOR_ONLY_0.738,0.0,0.738,0.5183202917688478,5.161632653061224,32.26107003699439,50,490
204004,MOTOR_ONLY_0.739,0.0,0.739,0.5194483761320284,5.197546012269939,32.23863876935345,50,489
204004,MOTOR_ONLY_0.740,0.0,0.74,0.5183535816164411,5.188594704684318,31.911413319099065,50,491
204004,MOTOR_ONLY_0.741,0.0,0.741,0.5193761858230868,5.214965986394558,32.46750853779781,50,490
204004,MOTOR_ONLY_0.742,0.0,0.742,0.522248978166379,5.327812284334023,32.97569083692988,50,483
204004,MOTOR_ONLY_0.743,0.0,0.743,0.5353819196905519,5.448999309868874,32.642524895312626,50,483
204004,MOTOR_ONLY_0.744,0.0,0.744,0.5381699336145924,5.476584022038567,31.632545525846652,50,484
204004,MOTOR_ONLY_0.745,0.0,0.745,0.5333591199231565,5.449862258953168,30.210416937576507,50,484
204004,MOTOR_ONLY_0.746,0.0,0.746,0.5295543565663584,5.410859106529209,28.91559551399551,50,485
204004,MOTOR_ONLY_0.747,0.0,0.747,0.5294204656197651,5.4039698836413415,28.65079205341198,50,487
204004,MOTOR_ONLY_0.748,0.0,0.748,0.5162997258580044,5.315882753919564,29.99847542889964,50,489
204004,MOTOR_ONLY_0.749,0.0,0.749,0.5226165040802703,5.3685071574642125,30.048532464444182,50,489
204004,MOTOR_ONLY_0.750,0.0,0.75,0.5234540579577085,5.456262833675565,29.523146219885238,50,487
204004,MOTOR_ONLY_0.751,0.0,0.751,0.5214222354182542,5.470499657768652,28.660154716098877,50,487
204004,MOTOR_ONLY_0.752,0.0,0.752,0.5217932765363713,5.531546391752577,28.601254948435543,50,485
204004,MOTOR_ONLY_0.753,0.0,0.753,0.5233532665731719,5.575257731958763,28.801977091999458,50,485
204004,MOTOR_ONLY_0.754,0.0,0.754,0.5226387055079236,5.5638603696098565,30.116237800246363,50,487
204004,MOTOR_ONLY_0.755,0.0,0.755,0.521564953492292,5.595884773662551,29.24675029697262,50,486
204004,MOTOR_ONLY_0.756,0.0,0.756,0.5249574495200319,5.648760330578512,30.021638070805253,50,484
204004,MOTOR_ONLY_0.757,0.0,0.757,0.524038803772289,5.69496204278813,30.164669153837878,50,483
204004,MOTOR_ONLY_0.758,0.0,0.758,0.5334165579538158,5.847817047817047,31.68843454642081,50,481
204004,MOTOR_ONLY_0.759,0.0,0.759,0.5295522977713812,5.9134307585247035,33.949630028624796,50,479
204004,MOTOR_ONLY_0.760,0.0,0.76,0.5279855130562582,5.935294117647059,33.69995260523206,50,476
204004,MOTOR_ONLY_0.761,0.0,0.761,0.5332791057477492,5.992686357243319,34.783391655871114,50,474
204004,MOTOR_ONLY_0.762,0.0,0.762,0.5348893323292931,6.061733615221987,33.72036833078017,50,473
204004,MOTOR_ONLY_0.763,0.0,0.763,0.5429614956548172,6.177494692144374,35.48274222427601,50,471
204004,MOTOR_ONLY_0.764,0.0,0.764,0.5469578469559526,6.2005625879043595,36.425338665529765,50,474
204004,MOTOR_ONLY_0.765,0.0,0.765,0.5603520153476164,6.403426124197002,35.5289290903444,50,467
204004,MOTOR_ONLY_0.766,0.0,0.766,0.5608894153843891,6.451391862955032,36.490238556097616,50,467
204004,MOTOR_ONLY_0.767,0.0,0.767,0.562748004359827,6.4807994289793,35.902599842321024,50,467
204004,MOTOR_ONLY_0.768,0.0,0.768,0.5723223466665903,6.667238912732475,35.108909436235315,50,466
204004,MOTOR_ONLY_0.769,0.0,0.769,0.5675004808275418,6.752669552669552,35.27132146546171,50,462
204004,MOTOR_ONLY_0.770,0.0,0.77,0.5678288547385295,6.835942028985507,36.31023817404513,50,460
204004,MOTOR_ONLY_0.771,0.0,0.771,0.5672932674577351,6.8539130434782605,37.24481865855651,50,460
204004,MOTOR_ONLY_0.772,0.0,0.772,0.5737200410555452,6.949927219796215,37.071178634041274,50,458
204004,MOTOR_ONLY_0.773,0.0,0.773,0.5718543432144884,6.94553376906318,36.865854752700905,50,459
204004,MOTOR_ONLY_0.774,0.0,0.774,0.5779041378457793,7.019607843137255,38.977350121589254,50,459
204004,MOTOR_ONLY_0.775,0.0,0.775,0.5763871345742442,6.982898550724638,36.65788248244642,50,460
204004,MOTOR_ONLY_0.776,0.0,0.776,0.5790240850358644,7.07596223674655,38.18012775069536,50,459
204004,MOTOR_ONLY_0.777,0.0,0.777,0.5726905995875379,7.046623093681917,37.585942352348724,50,459
204004,MOTOR_ONLY_0.778,0.0,0.778,0.5695703849922047,7.025396825396825,41.296894056161385,50,462
204004,MOTOR_ONLY_0.779,0.0,0.779,0.5633187777072166,7.044155844155844,42.49993446498547,50,462
204004,MOTOR_ONLY_0.780,0.0,0.78,0.5807859905810444,7.39569413511507,43.07278738796574,50,449
204004,MOTOR_ONLY_0.781,0.0,0.781,0.581238076519026,7.494768310911809,43.582198626368836,50,446
204004,MOTOR_ONLY_0.782,0.0,0.782,0.5769981267416164,7.5526395173453995,42.29511453514488,50,442
204004,MOTOR_ONLY_0.783,0.0,0.783,0.5777411376399756,7.541573033707865,43.95016924326963,50,445
204004,MOTOR_ONLY_0.784,0.0,0.784,0.5758623953857688,7.5535580524344565,45.57760502534122,50,445
204004,MOTOR_ONLY_0.785,0.0,0.785,0.5689466075865283,7.471439224459359,47.30435668209945,50,447
204004,MOTOR_ONLY_0.786,0.0,0.786,0.572874935983324,7.554268745360059,47.93232598398435,50,449
204004,MOTOR_ONLY_0.787,0.0,0.787,0.5853213954402282,7.825801640566741,51.08313787097443,50,447
204004,MOTOR_ONLY_0.788,0.0,0.788,0.5860174340076212,7.744271988174428,51.58264873451928,50,451
204004,MOTOR_ONLY_0.789,0.0,0.789,0.6050804840329136,8.052316890881913,52.427830461512784,50,446
204004,MOTOR_ONLY_0.790,0.0,0.79,0.6028238107780831,8.09438202247191,51.45140849169904,50,445
204004,MOTOR_ONLY_0.791,0.0,0.791,0.5984845799105358,8.074007490636703,49.4726783889007,50,445
204004,MOTOR_ONLY_0.792,0.0,0.792,0.5939279548161613,8.09683257918552,48.74209933355937,50,442
204004,MOTOR_ONLY_0.793,0.0,0.793,0.588223401826244,8.068027210884352,47.99863157476145,50,441
204004,MOTOR_ONLY_0.794,0.0,0.794,0.5959173576079285,8.220015048908953,49.40646906662356,50,443
204004,MOTOR_ONLY_0.795,0.0,0.795,0.601175265076844,8.3236802413273,49.29998389133184,50,442
204004,MOTOR_ONLY_0.796,0.0,0.796,0.6149347886157955,8.622019741837509,53.91739204134358,50,439
204004,MOTOR_ONLY_0.797,0.0,0.797,0.6231338302765238,8.917013086989991,52.62273858709645,50,433
204004,MOTOR_ONLY_0.798,0.0,0.798,0.6231632931401745,9.05583913379737,55.151733666541894,50,431
204004,MOTOR_ONLY_0.799,0.0,0.799,0.6300377313324594,9.373270440251572,55.15688243488673,50,424
204004,MOTOR_ONLY_0.800,0.0,0.8,0.6219054497286488,9.126961926961926,52.41634498508386,50,429
204005,SENSORY_SITE_FB,1.0,0.0,0.5966469107935084,4.736083824492469,39.90896827788768,50,509
204005,MOTOR_ONLY_0.700,0.0,0.7,0.47368101167419124,4.16431746031746,12.830504907894424,50,525
204005,MOTOR_ONLY_0.701,0.0,0.701,0.4740958257959239,4.162934851359899,11.460068950123027,50,527
204005,MOTOR_ONLY_0.702,0.0,0.702,0.47852967369896776,4.230395913154534,10.807790887333427,50,522
204005,MOTOR_ONLY_0.703,0.0,0.703,0.4865309288600266,4.281198215423837,9.386530689338091,50,523
204005,MOTOR_ONLY_0.704,0.0,0.704,0.49412496737075184,4.36974358974359,9.115279847977549,50,520
204005,MOTOR_ONLY_0.705,0.0,0.705,0.49679634676341683,4.416955684007707,12.701308043128414,50,519
204005,MOTOR_ONLY_0.706,0.0,0.706,0.4936794765354021,4.424149004495826,15.232931782624437,50,519
204005,MOTOR_ONLY_0.707,0.0,0.707,0.5025224221482227,4.535396518375242,16.763625271725928,50,517
204005,MOTOR_ONLY_0.708,0.0,0.708,0.5024320195375189,4.53747572815534,16.503469119304874,50,515
204005,MOTOR_ONLY_0.709,0.0,0.709,0.515519659439046,4.640415854450942,16.216351881199,50,513
204005,MOTOR_ONLY_0.710,0.0,0.71,0.5146924770254214,4.648992852501625,16.47928243733672,50,513
204005,MOTOR_ONLY_0.711,0.0,0.711,0.5194453760912141,4.73202614379085,17.99605315498923,50,510
204005,MOTOR_ONLY_0.712,0.0,0.712,0.5177471076345627,4.733072916666667,18.47442191375919,50,512
204005,MOTOR_ONLY_0.713,0.0,0.713,0.51661382368713,4.741666666666666,16.973884958023206,50,512
204005,MOTOR_ONLY_0.714,0.0,0.714,0.5174034125733649,4.793438320209973,17.30248528195687,50,508
204005,MOTOR_ONLY_0.715,0.0,0.715,0.520174676921523,4.811787819253438,15.082837656286205,50,509
204005,MOTOR_ONLY_0.716,0.0,0.716,0.5203304247305621,4.754521963824289,14.144090966163859,50,516
204005,MOTOR_ONLY_0.717,0.0,0.717,0.5204342118209558,4.780103359173126,14.768157731511605,50,516
204005,MOTOR_ONLY_0.718,0.0,0.718,0.5127126880049312,4.761089494163424,15.888166143774857,50,514
204005,MOTOR_ONLY_0.719,0.0,0.719,0.5032820153378742,4.670785070785071,14.86797696839204,50,518
204005,MOTOR_ONLY_0.720,0.0,0.72,0.5082158611963581,4.742635658914728,15.110315304181135,50,516
204005,MOTOR_ONLY_0.721,0.0,0.721,0.5080060972149602,4.701862556197816,15.065311757276154,50,519
204005,MOTOR_ONLY_0.722,0.0,0.722,0.504867595846719,4.71,14.666284502486173,50,520
204005,MOTOR_ONLY_0.723,0.0,0.723,0.5095841479791411,4.8353476283300845,14.367001724857381,50,513
204005,MOTOR_ONLY_0.724,0.0,0.724,0.5128069250690184,4.89359477124183,14.409113041372343,50,510
204005,MOTOR_ONLY_0.725,0.0,0.725,0.5128996578505918,4.954248366013072,15.861770778796842,50,510
204005,MOTOR_ONLY_0.726,0.0,0.726,0.5062360594983127,4.909635416666666,15.582180263308278,50,512
204005,MOTOR_ONLY_0.727,0.0,0.727,0.5090196307944826,4.9484670580560985,15.628413168800018,50,511
204005,MOTOR_ONLY_0.728,0.0,0.728,0.5082621884366012,4.970645792563601,16.103724672514257,50,511
204005,MOTOR_ONLY_0.729,0.0,0.729,0.5022124263165185,4.973753280839896,15.214616998440011,50,508
204005,MOTOR_ONLY_0.730,0.0,0.73,0.5039118429606348,5.032607260726072,15.885933136555614,50,505
204005,MOTOR_ONLY_0.731,0.0,0.731,0.5033901484340652,5.081806108897742,17.08973461209476,50,502
204005,MOTOR_ONLY_0.732,0.0,0.732,0.5062718101260624,5.114741035856573,17.454295386368354,50,502
204005,MOTOR_ONLY_0.733,0.0,0.733,0.504305644890712,5.104950495049505,21.23551491565653,50,505
204005,MOTOR_ONLY_0.734,0.0,0.734,0.49544248852102607,5.0960901259112,21.985782552045077,50,503
204005,MOTOR_ONLY_0.735,0.0,0.735,0.4937880911751299,5.1131474103585655,20.436099487704873,50,502
204005,MOTOR_ONLY_0.736,0.0,0.736,0.4931550967243279,5.138276553106212,20.31389692615865,50,499
204005,MOTOR_ONLY_0.737,0.0,0.737,0.49994116203653444,5.200804828973843,20.280623853137456,50,497
204005,MOTOR_ONLY_0.738,0.0,0.738,0.5020853909428644,5.282758620689655,20.649014770867453,50,493
204005,MOTOR_ONLY_0.739,0.0,0.739,0.4884641100441165,5.220596205962059,24.35654607722041,50,492
204005,MOTOR_ONLY_0.740,0.0,0.74,0.47792983545365947,5.11084497671324,25.49593958429109,50,501
204005,MOTOR_ONLY_0.741,0.0,0.741,0.4843888382439071,5.1888,24.58344282665384,50,500
204005,MOTOR_ONLY_0.742,0.0,0.742,0.4818953991259309,5.20052805280528,28.175060192543427,50,505
204005,MOTOR_ONLY_0.743,0.0,0.743,0.4819372650168146,5.202892833662064,27.67365109375946,50,507
204005,MOTOR_ONLY_0.744,0.0,0.744,0.49259698952331177,5.311548556430447,24.620232702576914,50,508
204005,MOTOR_ONLY_0.745,0.0,0.745,0.5032300313371104,5.446864686468647,26.53752151829691,50,505
204005,MOTOR_ONLY_0.746,0.0,0.746,0.5069605031620615,5.530942895086322,25.913698517764047,50,502
204005,MOTOR_ONLY_0.747,0.0,0.747,0.5194727587880311,5.656533333333333,26.297879455668376,50,500
204005,MOTOR_ONLY_0.748,0.0,0.748,0.5248017478269316,5.790243902439025,28.529272540225474,50,492
204005,MOTOR_ONLY_0.749,0.0,0.749,0.5188500937693398,5.804353741496598,27.40501416266922,50,490
204005,MOTOR_ONLY_0.750,0.0,0.75,0.5175817525307347,5.790359809911745,26.535717172461762,50,491
204005,MOTOR_ONLY_0.751,0.0,0.751,0.5272268382270939,5.901912568306011,25.023091869151358,50,488
204005,MOTOR_ONLY_0.752,0.0,0.752,0.528110969638635,5.935923653715065,26.043596204362384,50,489
204005,MOTOR_ONLY_0.753,0.0,0.753,0.5311656377551324,6.015637860082305,29.235848162815138,50,486
204005,MOTOR_ONLY_0.754,0.0,0.754,0.5337006819244402,6.072577319587628,31.0429665122287,50,485
204005,MOTOR_ONLY_0.755,0.0,0.755,0.5346434679052207,6.1698478561549095,32.12540179942778,50,482
204005,MOTOR_ONLY_0.756,0.0,0.756,0.5372480229407971,6.243333333333334,33.614737145188094,50,480
204005,MOTOR_ONLY_0.757,0.0,0.757,0.5431288661045185,6.307222222222222,31.667670251114068,50,480
204005,MOTOR_ONLY_0.758,0.0,0.758,0.5462406086441052,6.336929460580913,31.96998411507038,50,482
204005,MOTOR_ONLY_0.759,0.0,0.759,0.5565140540534994,6.437543133195307,31.552831353153984,50,483
204005,MOTOR_ONLY_0.760,0.0,0.76,0.560645463646052,6.559444444444444,31.80092500485762,50,480
204005,MOTOR_ONLY_0.761,0.0,0.761,0.5567995829064514,6.479063360881542,28.593986702325296,50,484
204005,MOTOR_ONLY_0.762,0.0,0.762,0.5482107370098637,6.374306964164976,28.79521564495998,50,493
204005,MOTOR_ONLY_0.763,0.0,0.763,0.5559771223432025,6.560109289617486,29.75985922948375,50,488
204005,MOTOR_ONLY_0.764,0.0,0.764,0.5698813998807788,6.7606872852233675,34.09213064000177,50,485
204005,MOTOR_ONLY_0.765,0.0,0.765,0.5655346959489539,6.679561042524005,29.898636926578476,50,486
204005,MOTOR_ONLY_0.766,0.0,0.766,0.5494697015498845,6.552965235173825,29.462415391924786,50,489
204005,MOTOR_ONLY_0.767,0.0,0.767,0.5628095840868942,6.7406487232574195,32.8186381965315,50,483
204005,MOTOR_ONLY_0.768,0.0,0.768,0.5622726031776406,6.828492392807745,32.28557692063634,50,482
204005,MOTOR_ONLY_0.769,0.0,0.769,0.574286693403784,7.062438336856942,35.38146857128299,50,473
204005,MOTOR_ONLY_0.770,0.0,0.77,0.5796576834178946,7.190618336886993,34.866279542420536,50,469
204005,MOTOR_ONLY_0.771,0.0,0.771,0.5815570697459965,7.233476394849785,35.36844394914224,50,466
204005,MOTOR_ONLY_0.772,0.0,0.772,0.5818924059477191,7.294827586206896,34.90253624411061,50,464
204005,MOTOR_ONLY_0.773,0.0,0.773,0.5806349201485607,7.215819209039548,33.78849839413229,50,472
204005,MOTOR_ONLY_0.774,0.0,0.774,0.5791985183099928,7.200282485875706,35.06723018914074,50,472
204005,MOTOR_ONLY_0.775,0.0,0.775,0.5710421803079949,7.291452991452991,38.72878842162775,50,468
204005,MOTOR_ONLY_0.776,0.0,0.776,0.573325698312476,7.372818311874106,37.485649234499036,50,466
204005,MOTOR_ONLY_0.777,0.0,0.777,0.5813434297001496,7.559683225341972,38.17853882537062,50,463
204005,MOTOR_ONLY_0.778,0.0,0.778,0.5729599262559208,7.529257641921397,38.58784324485913,50,458
204005,MOTOR_ONLY_0.779,0.0,0.779,0.573373526131641,7.475613275613275,37.46733602267452,50,462
204005,MOTOR_ONLY_0.780,0.0,0.78,0.5690558620392638,7.464655172413792,38.10639252077084,50,464
204005,MOTOR_ONLY_0.781,0.0,0.781,0.5858483013587217,7.738781362007168,40.861142867673145,50,465
204005,MOTOR_ONLY_0.782,0.0,0.782,0.5940147631361888,7.950509461426492,42.52641468163903,50,458
204005,MOTOR_ONLY_0.783,0.0,0.783,0.5855782519877683,7.915574963609898,40.061122523351436,50,458
204005,MOTOR_ONLY_0.784,0.0,0.784,0.5857369850174233,8.016152716593245,41.68156083512764,50,454
204005,MOTOR_ONLY_0.785,0.0,0.785,0.590102173504937,8.168154761904763,42.382487855587925,50,448
204005,MOTOR_ONLY_0.786,0.0,0.786,0.5922549961010192,8.324533929903058,41.04324135525291,50,447
204005,MOTOR_ONLY_0.787,0.0,0.787,0.6029262859129539,8.539026217228464,44.20296325350795,50,445
204005,MOTOR_ONLY_0.788,0.0,0.788,0.609365254661394,8.73993993993994,45.23870124669404,50,444
204005,MOTOR_ONLY_0.789,0.0,0.789,0.6113410309375417,8.877752467729689,45.34918108601972,50,439
204005,MOTOR_ONLY_0.790,0.0,0.79,0.6076850726968743,8.994611239414933,44.17632412263757,50,433
204005,MOTOR_ONLY_0.791,0.0,0.791,0.6165364339936031,9.2,47.56448243886653,50,430
204005,MOTOR_ONLY_0.792,0.0,0.792,0.6056756469160994,9.016550657385924,46.628330016979625,50,431
204005,MOTOR_ONLY_0.793,0.0,0.793,0.6035361037723458,9.064186046511628,48.03582766668921,50,430
204005,MOTOR_ONLY_0.794,0.0,0.794,0.6029169167099557,9.244444444444444,49.29466667429305,50,432
204005,MOTOR_ONLY_0.795,0.0,0.795,0.6103207563083929,9.353942232630756,48.769414767562004,50,427
204005,MOTOR_ONLY_0.796,0.0,0.796,0.6143688137598495,9.410460577673692,49.68309475491811,50,427
204005,MOTOR_ONLY_0.797,0.0,0.797,0.6193827133399538,9.64225352112676,50.85026928742715,50,426
204005,MOTOR_ONLY_0.798,0.0,0.798,0.6188312405540075,9.730503144654088,49.59465044663166,50,424
204005,MOTOR_ONLY_0.799,0.0,0.799,0.619901220462809,9.88063492063492,50.466228724322065,50,420
204005,MOTOR_ONLY_0.800,0.0,0.8,0.6258067245406179,10.058095238095238,51.486228721526466,50,420
204006,SENSORY_SITE_FB,1.0,0.0,0.6039236133359394,4.437080867850098,31.22531838877901,50,507
204006,MOTOR_ONLY_0.700,0.0,0.7,0.4622268472696098,3.9875853507138426,25.54936504244985,50,537
204006,MOTOR_ONLY_0.701,0.0,0.701,0.46286516227522706,3.995273631840796,23.99936117491487,50,536
204006,MOTOR_ONLY_0.702,0.0,0.702,0.4560559259480009,3.9691542288557216,26.019147155047577,50,536
204006,MOTOR_ONLY_0.703,0.0,0.703,0.46359895259390516,4.011173184357542,25.364876964851042,50,537
204006,MOTOR_ONLY_0.704,0.0,0.704,0.47124848916211215,4.082646691635456,24.482261508188014,50,534
204006,MOTOR_ONLY_0.705,0.0,0.705,0.46832202389297606,4.092557848655409,23.400884901665403,50,533
204006,MOTOR_ONLY_0.706,0.0,0.706,0.4661516859521879,4.122284996861268,23.617646638985885,50,531
204006,MOTOR_ONLY_0.707,0.0,0.707,0.47076369555594855,4.198865784499055,25.55162944649226,50,529
204006,MOTOR_ONLY_0.708,0.0,0.708,0.47824508808702215,4.255787476280835,27.028438801619064,50,527
204006,MOTOR_ONLY_0.709,0.0,0.709,0.47592076978860076,4.24819734345351,26.898063549527816,50,527
204006,MOTOR_ONLY_0.710,0.0,0.71,0.4782594823719909,4.293180369662205,28.81785202583626,50,523
204006,MOTOR_ONLY_0.711,0.0,0.711,0.4842451525439655,4.331931166347992,30.722815849078117,50,523
204006,MOTOR_ONLY_0.712,0.0,0.712,0.4857686002610382,4.375641025641026,30.390130786238302,50,520
204006,MOTOR_ONLY_0.713,0.0,0.713,0.5001947417259215,4.497179487179487,30.89987530453568,50,520
204006,MOTOR_ONLY_0.714,0.0,0.714,0.5002584032031198,4.534105534105534,31.407004996776354,50,518
204006,MOTOR_ONLY_0.715,0.0,0.715,0.5018604514513086,4.513333333333334,29.939288774660103,50,520
204006,MOTOR_ONLY_0.716,0.0,0.716,0.5020757252537901,4.5539651837524175,31.829832438250836,50,517
204006,MOTOR_ONLY_0.717,0.0,0.717,0.5027656759313722,4.572715572715572,31.74690205814082,50,518
204006,MOTOR_ONLY_0.718,0.0,0.718,0.4999035175230946,4.548747591522158,31.93960429210296,50,519
204006,MOTOR_ONLY_0.719,0.0,0.719,0.5060880929840385,4.575897435897436,29.45012000521249,50,520
204006,MOTOR_ONLY_0.720,0.0,0.72,0.5105472941496709,4.612307692307692,30.913134491564282,50,520
204006,MOTOR_ONLY_0.721,0.0,0.721,0.5098056524218405,4.623333333333333,29.66610138688785,50,520
204006,MOTOR_ONLY_0.722,0.0,0.722,0.5097761376627651,4.619157088122606,30.336127071208615,50,522
204006,MOTOR_ONLY_0.723,0.0,0.723,0.5089259667414032,4.629445506692161,30.571450899573485,50,523
204006,MOTOR_ONLY_0.724,0.0,0.724,0.5121949268836169,4.680539499036609,28.50624150712994,50,519
204006,MOTOR_ONLY_0.725,0.0,0.725,0.5102556201112662,4.676153846153847,28.42596154076266,50,520
204006,MOTOR_ONLY_0.726,0.0,0.726,0.5067503743382085,4.641427660930529,29.437864576484895,50,523
204006,MOTOR_ONLY_0.727,0.0,0.727,0.5123818694708361,4.684580934101088,30.3101942277067,50,521
204006,MOTOR_ONLY_0.728,0.0,0.728,0.5101606427039226,4.678648820905035,30.950350629560003,50,523
204006,MOTOR_ONLY_0.729,0.0,0.729,0.5144389262291803,4.761904761904762,31.236345835513653,50,518
204006,MOTOR_ONLY_0.730,0.0,0.73,0.5221739194635415,4.838205128205129,30.348616103151286,50,520
204006,MOTOR_ONLY_0.731,0.0,0.731,0.5206108861072863,4.870905587668593,31.133739214608145,50,519
204006,MOTOR_ONLY_0.732,0.0,0.732,0.5315584939365191,5.013695090439276,31.183854417618413,50,516
204006,MOTOR_ONLY_0.733,0.0,0.733,0.5330475862482799,5.043839169909209,33.205427091658436,50,514
204006,MOTOR_ONLY_0.734,0.0,0.734,0.5353441734930129,5.057346278317152,32.86314642119871,50,515
204006,MOTOR_ONLY_0.735,0.0,0.735,0.535971111574495,5.079636835278859,32.46332741466284,50,514
204006,MOTOR_ONLY_0.736,0.0,0.736,0.5399799406770871,5.108527131782946,32.93066601907064,50,516
204006,MOTOR_ONLY_0.737,0.0,0.737,0.5389279896251823,5.146718648473035,32.35563366679749,50,513
204006,MOTOR_ONLY_0.738,0.0,0.738,0.5412356152345809,5.176868096166342,32.7057808644326,50,513
204006,MOTOR_ONLY_0.739,0.0,0.739,0.5460333062985165,5.256470588235294,32.90029572745734,50,510
204006,MOTOR_ONLY_0.740,0.0,0.74,0.5471358532146577,5.31439842209073,32.41475824691698,50,507
204006,MOTOR_ONLY_0.741,0.0,0.741,0.5438545519683162,5.358730158730158,33.59164171222394,50,504
204006,MOTOR_ONLY_0.742,0.0,0.742,0.5439300330438611,5.362112211221122,32.16950250866877,50,505
204006,MOTOR_ONLY_0.743,0.0,0.743,0.5507827541573995,5.397249508840864,34.10647067584732,50,509
204006,MOTOR_ONLY_0.744,0.0,0.744,0.5400432616735277,5.352005259697567,32.43415296311378,50,507
204006,MOTOR_ONLY_0.745,0.0,0.745,0.5387358502834112,5.364365548980933,34.56965805970018,50,507
204006,MOTOR_ONLY_0.746,0.0,0.746,0.5367577410304067,5.380670611439842,34.943366323943955,50,507
204006,MOTOR_ONLY_0.747,0.0,0.747,0.5472178975953039,5.46931216931217,34.866803051336476,50,504
204006,MOTOR_ONLY_0.748,0.0,0.748,0.5453673196058492,5.4642857142857135,37.087873381459296,50,504
204006,MOTOR_ONLY_0.749,0.0,0.749,0.5549718799022951,5.593903247183565,39.2336520210308,50,503
204006,MOTOR_ONLY_0.750,0.0,0.75,0.5527439623170775,5.5981554677206855,35.69489884019331,50,506
204006,MOTOR_ONLY_0.751,0.0,0.751,0.5689973106626247,5.842570281124498,38.04452106970088,50,498
204006,MOTOR_ONLY_0.752,0.0,0.752,0.5684557594959484,5.896356275303644,37.63114706253903,50,494
204006,MOTOR_ONLY_0.753,0.0,0.753,0.5606564152077489,5.833870967741936,39.21288857037259,50,496
204006,MOTOR_ONLY_0.754,0.0,0.754,0.5586839433157497,5.741082164328658,39.852842372436996,50,499
204006,MOTOR_ONLY_0.755,0.0,0.755,0.5609006161103368,5.837483266398929,39.992372064940916,50,498
204006,MOTOR_ONLY_0.756,0.0,0.756,0.5609150917505583,5.874193548387097,39.76486759864264,50,496
204006,MOTOR_ONLY_0.757,0.0,0.757,0.5644934326632186,5.952129817444219,39.82190790373354,50,493
204006,MOTOR_ONLY_0.758,0.0,0.758,0.5512685285795563,5.877214334009466,39.393518313950956,50,493
204006,MOTOR_ONLY_0.759,0.0,0.759,0.5528113399469029,5.887449392712551,40.02564383725094,50,494
204006,MOTOR_ONLY_0.760,0.0,0.76,0.5623812273521188,6.056598639455783,45.028426298148226,50,490
204006,MOTOR_ONLY_0.761,0.0,0.761,0.5620847744114191,5.965392354124749,41.47173450895788,50,497
204006,MOTOR_ONLY_0.762,0.0,0.762,0.5616683587054354,6.0843537414965985,41.22320644473025,50,490
204006,MOTOR_ONLY_0.763,0.0,0.763,0.5616807880182307,6.133333333333333,41.04699042710165,50,489
204006,MOTOR_ONLY_0.764,0.0,0.764,0.5573014627763038,6.131693989071039,40.84855080970456,50,488
204006,MOTOR_ONLY_0.765,0.0,0.765,0.5570224974270819,6.1453306066803,40.767975232834544,50,489
204006,MOTOR_ONLY_0.766,0.0,0.766,0.5563213039527971,6.113156100886162,42.26004779696727,50,489
204006,MOTOR_ONLY_0.767,0.0,0.767,0.5619223477978805,6.214647501711156,40.7841384158734,50,487
204006,MOTOR_ONLY_0.768,0.0,0.768,0.5729567350922377,6.354914089347079,41.83124392089212,50,485
204006,MOTOR_ONLY_0.769,0.0,0.769,0.5755626681767476,6.404692891649414,42.35977570901244,50,483
204006,MOTOR_ONLY_0.770,0.0,0.77,0.5882306546267204,6.631811894882434,42.573032496827324,50,482
204006,MOTOR_ONLY_0.771,0.0,0.771,0.5889746272863918,6.7425,42.25411360245366,50,480
204006,MOTOR_ONLY_0.772,0.0,0.772,0.5795405204239672,6.645962732919255,41.376142361092626,50,483
204006,MOTOR_ONLY_0.773,0.0,0.773,0.5714603179592771,6.666112266112266,40.99244319079171,50,481
204006,MOTOR_ONLY_0.774,0.0,0.774,0.5763207457531415,6.7735006973500695,40.40875149810065,50,478
204006,MOTOR_ONLY_0.775,0.0,0.775,0.5748972941656509,6.782463465553236,41.02348409505484,50,479
204006,MOTOR_ONLY_0.776,0.0,0.776,0.575959536120638,6.857740585774058,43.27779931813339,50,478
204006,MOTOR_ONLY_0.777,0.0,0.777,0.5631468472079508,6.8812939521800285,42.51156592182865,50,474
204006,MOTOR_ONLY_0.778,0.0,0.778,0.5612879807188745,6.914649681528662,42.46046014417247,50,471
204006,MOTOR_ONLY_0.779,0.0,0.779,0.5766937941900746,7.214686825053995,44.51580871934947,50,463
204006,MOTOR_ONLY_0.780,0.0,0.78,0.5800814286233745,7.315401301518438,44.556914582234675,50,461
204006,MOTOR_ONLY_0.781,0.0,0.781,0.5828202356321812,7.468417213712618,48.99414684401918,50,457
204006,MOTOR_ONLY_0.782,0.0,0.782,0.5836599886680114,7.490590809628008,48.791368500022664,50,457
204006,MOTOR_ONLY_0.783,0.0,0.783,0.5857694173360243,7.547252747252747,45.0707474735892,50,455
204006,MOTOR_ONLY_0.784,0.0,0.784,0.5953680088671833,7.747787610619469,46.913087502955165,50,452
204006,MOTOR_ONLY_0.785,0.0,0.785,0.5968890045658178,7.846176688938382,46.41995395777721,50,449
204006,MOTOR_ONLY_0.786,0.0,0.786,0.6021793491614711,7.97797619047619,48.01412632761096,50,448
204006,MOTOR_ONLY_0.787,0.0,0.787,0.6195949524793309,8.226905829596413,48.36646358645728,50,446
204006,MOTOR_ONLY_0.788,0.0,0.788,0.6157494659523396,8.290990990990991,49.66285411068412,50,444
204006,MOTOR_ONLY_0.789,0.0,0.789,0.617885561530721,8.32562358276644,49.82340762712318,50,441
204006,MOTOR_ONLY_0.790,0.0,0.79,0.6255064192888183,8.571954022988505,50.39387822286608,50,435
204006,MOTOR_ONLY_0.791,0.0,0.791,0.6190372402478811,8.384206529992406,48.6620696908121,50,439
204006,MOTOR_ONLY_0.792,0.0,0.792,0.6088819923316542,8.273955960516325,48.0729471156336,50,439
204006,MOTOR_ONLY_0.793,0.0,0.793,0.6010436613854245,8.19984951091046,49.76201301290812,50,443
204006,MOTOR_ONLY_0.794,0.0,0.794,0.6029501107591015,8.379604261796043,50.767111380981724,50,438
204006,MOTOR_ONLY_0.795,0.0,0.795,0.6058997855117207,8.433560090702947,51.0603250418653,50,441
204006,MOTOR_ONLY_0.796,0.0,0.796,0.6177941461410488,8.616249050873197,51.95702810660807,50,439
204006,MOTOR_ONLY_0.797,0.0,0.797,0.6166327179492525,8.719322555812164,52.98420109056256,50,433
204006,MOTOR_ONLY_0.798,0.0,0.798,0.6190870865556931,8.786388244392885,54.18027400168552,50,431
204006,MOTOR_ONLY_0.799,0.0,0.799,0.6158783725044357,8.858741258741258,54.06271030063626,50,429
204006,MOTOR_ONLY_0.800,0.0,0.8,0.6222397941383266,9.024000000000001,54.72806903733619,50,425
204007,SENSORY_SITE_FB,1.0,0.0,0.5460040892848217,4.343375174337517,31.480512512337874,50,478
204007,MOTOR_ONLY_0.700,0.0,0.7,0.4525721885021566,4.033333333333333,28.066621886778076,50,528
204007,MOTOR_ONLY_0.701,0.0,0.701,0.4516778634122718,4.032514177693762,28.954672317759716,50,529
204007,MOTOR_ONLY_0.702,0.0,0.702,0.44687373209435216,4.027421383647798,28.55236224151092,50,530
204007,MOTOR_ONLY_0.703,0.0,0.703,0.44729267098641395,4.027169811320755,28.054647734275672,50,530
204007,MOTOR_ONLY_0.704,0.0,0.704,0.4512438045176511,4.052327044025158,28.721383682136892,50,530
204007,MOTOR_ONLY_0.705,0.0,0.705,0.4592402014493691,4.1487666034155595,29.581748327180986,50,527
204007,MOTOR_ONLY_0.706,0.0,0.706,0.4615910570295301,4.206083650190114,31.293653253312208,50,526
204007,MOTOR_ONLY_0.707,0.0,0.707,0.46306762342489594,4.211111111111111,32.90487030704694,50,528
204007,MOTOR_ONLY_0.708,0.0,0.708,0.4611253112206655,4.208585858585859,32.22573541248502,50,528
204007,MOTOR_ONLY_0.709,0.0,0.709,0.45995565507473196,4.215909090909091,32.605694584913806,50,528
204007,MOTOR_ONLY_0.710,0.0,0.71,0.4550859098748005,4.204698412698413,30.914507090741363,50,525
204007,MOTOR_ONLY_0.711,0.0,0.711,0.45325294247771725,4.20659062103929,31.86143138667045,50,526
204007,MOTOR_ONLY_0.712,0.0,0.712,0.45507365444648656,4.272222222222222,32.826542687368054,50,528
204007,MOTOR_ONLY_0.713,0.0,0.713,0.4548875267320354,4.285312899106002,31.743950756773028,50,522
204007,MOTOR_ONLY_0.714,0.0,0.714,0.45683485320065215,4.313065646908859,32.01144916066234,50,523
204007,MOTOR_ONLY_0.715,0.0,0.715,0.45884238701956337,4.321689059500959,31.69318846184759,50,521
204007,MOTOR_ONLY_0.716,0.0,0.716,0.46190356864966775,4.355897435897436,31.342945557349026,50,520
204007,MOTOR_ONLY_0.717,0.0,0.717,0.4683252849443676,4.4393063583815024,32.387140374489086,50,519
204007,MOTOR_ONLY_0.718,0.0,0.718,0.475641682944748,4.532043842682141,32.161778065683805,50,517
204007,MOTOR_ONLY_0.719,0.0,0.719,0.4713753740053264,4.517374517374518,32.38628474145821,50,518
204007,MOTOR_ONLY_0.720,0.0,0.72,0.483873731725892,4.60168284789644,33.474239315955636,50,515
204007,MOTOR_ONLY_0.721,0.0,0.721,0.48480321584913033,4.654710851202079,34.384555611122906,50,513
204007,MOTOR_ONLY_0.722,0.0,0.722,0.4824214714156838,4.640776699029127,33.71695941744415,50,515
204007,MOTOR_ONLY_0.723,0.0,0.723,0.47808758258803824,4.633850129198966,32.44488071027712,50,516
204007,MOTOR_ONLY_0.724,0.0,0.724,0.5008298349294636,4.781100323624596,32.92577933602731,50,515
204007,MOTOR_ONLY_0.725,0.0,0.725,0.49349195584139166,4.7410553410553415,32.448073829981055,50,518
204007,MOTOR_ONLY_0.726,0.0,0.726,0.5025572666633012,4.808268733850129,32.575419790928926,50,516
204007,MOTOR_ONLY_0.727,0.0,0.727,0.5027199497672192,4.853177691309987,34.50607861811148,50,514
204007,MOTOR_ONLY_0.728,0.0,0.728,0.5034490079713904,4.928627450980391,35.507167358967074,50,510
204007,MOTOR_ONLY_0.729,0.0,0.729,0.5077047986888865,4.978562091503267,35.59024915466744,50,510
204007,MOTOR_ONLY_0.730,0.0,0.73,0.4943945076274385,4.934898891063274,35.204457133333655,50,511
204007,MOTOR_ONLY_0.731,0.0,0.731,0.49012871236919503,4.937524557956778,34.08107138603455,50,509
204007,MOTOR_ONLY_0.732,0.0,0.732,0.48400723910207677,4.900915032679738,33.793831633925244,50,510
204007,MOTOR_ONLY_0.733,0.0,0.733,0.4955158628220108,4.992272429600524,34.18121267861695,50,509
204007,MOTOR_ONLY_0.734,0.0,0.734,0.49113352634550556,4.971653543307086,34.81667351807575,50,508
204007,MOTOR_ONLY_0.735,0.0,0.735,0.501721352133987,5.0740157480314965,37.14044427046571,50,508
204007,MOTOR_ONLY_0.736,0.0,0.736,0.49580464401674496,5.066403681788297,37.284181722747164,50,507
204007,MOTOR_ONLY_0.737,0.0,0.737,0.506449343948736,5.165608465608466,39.37408495643031,50,504
204007,MOTOR_ONLY_0.738,0.0,0.738,0.506341081044143,5.181407702523241,39.02307186744913,50,502
204007,MOTOR_ONLY_0.739,0.0,0.739,0.5022865341076344,5.181370592149035,39.90795132471038,50,501
204007,MOTOR_ONLY_0.740,0.0,0.74,0.5027789040461886,5.1893758300132795,41.72935491157095,50,502
204007,MOTOR_ONLY_0.741,0.0,0.741,0.5064091521783193,5.242847638057219,43.20018857404424,50,501
204007,MOTOR_ONLY_0.742,0.0,0.742,0.5223745248529555,5.379116465863453,43.20392078831899,50,498
204007,MOTOR_ONLY_0.743,0.0,0.743,0.5289544676664886,5.455913978494624,40.92634659418741,50,496
204007,MOTOR_ONLY_0.744,0.0,0.744,0.5264292588403747,5.463473053892216,38.51428751429011,50,501
204007,MOTOR_ONLY_0.745,0.0,0.745,0.5346569073449,5.569599999999999,38.07164485886682,50,500
204007,MOTOR_ONLY_0.746,0.0,0.746,0.5447885094656356,5.61496325985304,41.037598399662954,50,499
204007,MOTOR_ONLY_0.747,0.0,0.747,0.5363007642731217,5.571580345285525,41.392522707908945,50,502
204007,MOTOR_ONLY_0.748,0.0,0.748,0.5370545146768338,5.604790419161676,42.668458877587184,50,501
204007,MOTOR_ONLY_0.749,0.0,0.749,0.5356386040150204,5.631466666666666,43.86154831444703,50,500
204007,MOTOR_ONLY_0.750,0.0,0.75,0.5377133503294209,5.7582150101419876,44.66767836602805,50,493
204007,MOTOR_ONLY_0.751,0.0,0.751,0.5398024669350663,5.76302294197031,44.40843307880621,50,494
204007,MOTOR_ONLY_0.752,0.0,0.752,0.5412299281208223,5.822582826233941,43.56564521974773,50,493
204007,MOTOR_ONLY_0.753,0.0,0.753,0.5464532228332534,6.019712525667351,48.43805941904468,50,487
204007,MOTOR_ONLY_0.754,0.0,0.754,0.5496472741065919,6.075757575757576,45.87438937909993,50,484
204007,MOTOR_ONLY_0.755,0.0,0.755,0.5497198284616688,6.084398625429554,46.751110379958725,50,485
204007,MOTOR_ONLY_0.756,0.0,0.756,0.552123538187537,6.127572016460905,45.43825588448784,50,486
204007,MOTOR_ONLY_0.757,0.0,0.757,0.5582896113606309,6.188041237113402,45.174465373278984,50,485
204007,MOTOR_ONLY_0.758,0.0,0.758,0.5554646711087815,6.241217150760719,45.60514309183486,50,482
204007,MOTOR_ONLY_0.759,0.0,0.759,0.5536164665767734,6.266390041493776,46.69498779908541,50,482
204007,MOTOR_ONLY_0.760,0.0,0.76,0.5572159995854813,6.311663216011042,46.371051406759015,50,483
204007,MOTOR_ONLY_0.761,0.0,0.761,0.5659244168423245,6.514884696016771,47.376572623943446,50,477
204007,MOTOR_ONLY_0.762,0.0,0.762,0.5727734976151235,6.721468926553672,47.782049505471605,50,472
204007,MOTOR_ONLY_0.763,0.0,0.763,0.5773028602933551,6.840085287846482,48.252178699256326,50,469
204007,MOTOR_ONLY_0.764,0.0,0.764,0.5820425397798356,6.910874200426439,47.025433913436025,50,469
204007,MOTOR_ONLY_0.765,0.0,0.765,0.5746518765138455,6.766173361522198,46.745007642986096,50,473
204007,MOTOR_ONLY_0.766,0.0,0.766,0.5678722216863493,6.748587570621469,47.02969972401738,50,472
204007,MOTOR_ONLY_0.767,0.0,0.767,0.5663053570980847,6.813646055437101,47.89127234779631,50,469
204007,MOTOR_ONLY_0.768,0.0,0.768,0.5697749227689896,6.91268817204301,47.55854349920648,50,465
204007,MOTOR_ONLY_0.769,0.0,0.769,0.5734740763674209,7.012814974802016,47.73906599294871,50,463
204007,MOTOR_ONLY_0.770,0.0,0.77,0.5797831628453719,7.143600867678958,48.246503911415864,50,461
204007,MOTOR_ONLY_0.771,0.0,0.771,0.5821105704135975,7.202313810556761,49.8370231430189,50,461
204007,MOTOR_ONLY_0.772,0.0,0.772,0.5843147342708109,7.274492753623188,49.32118074359165,50,460
204007,MOTOR_ONLY_0.773,0.0,0.773,0.5790090356647605,7.31816192560175,51.77801537848267,50,457
204007,MOTOR_ONLY_0.774,0.0,0.774,0.5744906298557229,7.2809315866084425,52.70722914059271,50,458
204007,MOTOR_ONLY_0.775,0.0,0.775,0.5823496444864699,7.53125,55.30179859277965,50,448
204007,MOTOR_ONLY_0.776,0.0,0.776,0.5891359376194613,7.710612855007474,58.08352785414561,50,446
204007,MOTOR_ONLY_0.777,0.0,0.777,0.5823925091632698,7.700448430493273,57.48057721748137,50,446
204007,MOTOR_ONLY_0.778,0.0,0.778,0.5954971091404367,7.962861491628615,57.663392428806254,50,438
204007,MOTOR_ONLY_0.779,0.0,0.779,0.6108911833931884,8.296124031007752,57.264025079290874,50,430
204007,MOTOR_ONLY_0.780,0.0,0.78,0.6098564114037947,8.31492652745553,59.38970608650908,50,431
204007,MOTOR_ONLY_0.781,0.0,0.781,0.6033291167545953,8.185626911314984,58.81960629850609,50,436
204007,MOTOR_ONLY_0.782,0.0,0.782,0.6057753422643463,8.197869101978691,58.097366333575984,50,438
204007,MOTOR_ONLY_0.783,0.0,0.783,0.6018136568927458,8.114714714714715,57.015673103451846,50,444
204007,MOTOR_ONLY_0.784,0.0,0.784,0.5960698816106872,8.186425339366515,55.56373163680537,50,442
204007,MOTOR_ONLY_0.785,0.0,0.785,0.5909279459566095,8.165079365079364,55.46934443526857,50,441
204007,MOTOR_ONLY_0.786,0.0,0.786,0.5934120940453921,8.245966514459665,55.22935605181725,50,438
204007,MOTOR_ONLY_0.787,0.0,0.787,0.6076464322614044,8.583641975308641,57.229061743361214,50,432
204007,MOTOR_ONLY_0.788,0.0,0.788,0.6069113741005583,8.654012345679012,58.45122017165101,50,432
204007,MOTOR_ONLY_0.789,0.0,0.789,0.6081106469625054,8.667590454195535,58.941468711220615,50,433
204007,MOTOR_ONLY_0.790,0.0,0.79,0.6061537335831834,8.841433021806854,59.93333047190449,50,428
204007,MOTOR_ONLY_0.791,0.0,0.791,0.6104197531314918,9.065083135391923,59.841296043165855,50,421
204007,MOTOR_ONLY_0.792,0.0,0.792,0.6149792889591574,9.386151368760064,61.25612048381217,50,414
204007,MOTOR_ONLY_0.793,0.0,0.793,0.6204046483218011,9.44729620661824,62.336885396401456,50,413
204007,MOTOR_ONLY_0.794,0.0,0.794,0.6225084871448612,9.609083536090834,61.9889885438811,50,411
204007,MOTOR_ONLY_0.795,0.0,0.795,0.6186878313424172,9.563754045307443,61.11196956215953,50,412
204007,MOTOR_ONLY_0.796,0.0,0.796,0.6210388996373554,9.538313253012047,61.90590068403702,50,415
204007,MOTOR_ONLY_0.797,0.0,0.797,0.6096741338337309,9.263492063492064,63.10585493916058,50,420
204007,MOTOR_ONLY_0.798,0.0,0.798,0.6052870625720633,9.210182975338107,61.53143416693998,50,419
204007,MOTOR_ONLY_0.799,0.0,0.799,0.6079070378093112,9.348112449799197,62.482812764680595,50,415
204007,MOTOR_ONLY_0.800,0.0,0.8,0.6063248495270444,9.30622009569378,61.99917356571122,50,418
204008,SENSORY_SITE_FB,1.0,0.0,0.5984897927210794,4.621748400852878,32.358568416375384,50,469
204008,MOTOR_ONLY_0.700,0.0,0.7,0.46701417442294824,3.9878552971576227,23.82346606892739,50,516
204008,MOTOR_ONLY_0.701,0.0,0.701,0.4526317887780108,3.9129198966408265,26.31813677801205,50,516
204008,MOTOR_ONLY_0.702,0.0,0.702,0.4481784408388403,3.901091843288375,26.566727304956952,50,519
204008,MOTOR_ONLY_0.703,0.0,0.703,0.4660112273491798,4.034883720930233,25.670230011457292,50,516
204008,MOTOR_ONLY_0.704,0.0,0.704,0.4685744878107079,4.05183752417795,26.60029986690215,50,517
204008,MOTOR_ONLY_0.705,0.0,0.705,0.4682666090467198,4.039820166987798,24.264452135287602,50,519
204008,MOTOR_ONLY_0.706,0.0,0.706,0.473858670371532,4.057325655790147,25.46392593266822,50,521
204008,MOTOR_ONLY_0.707,0.0,0.707,0.48194890212620367,4.158461538461538,27.764139768446253,50,520
204008,MOTOR_ONLY_0.708,0.0,0.708,0.48293908661750523,4.170584457289659,24.673829219774298,50,519
204008,MOTOR_ONLY_0.709,0.0,0.709,0.4802807575269824,4.174694926140012,24.327491870357925,50,519
204008,MOTOR_ONLY_0.710,0.0,0.71,0.47836168879469726,4.209043927648579,24.51576996598518,50,516
204008,MOTOR_ONLY_0.711,0.0,0.711,0.48119639819889304,4.243060959792477,23.530004189692033,50,514
204008,MOTOR_ONLY_0.712,0.0,0.712,0.4833734058250535,4.2811932555123215,23.27398043654807,50,514
204008,MOTOR_ONLY_0.713,0.0,0.713,0.48316321852105454,4.295256660168941,23.309014204272316,50,513
204008,MOTOR_ONLY_0.714,0.0,0.714,0.48579681228251426,4.308430609597925,20.93786426649334,50,514
204008,MOTOR_ONLY_0.715,0.0,0.715,0.47194716377723134,4.276005188067445,21.575929629147574,50,514
204008,MOTOR_ONLY_0.716,0.0,0.716,0.48502882029965066,4.357786357786358,21.72495620565543,50,518
204008,MOTOR_ONLY_0.717,0.0,0.717,0.48638244740128406,4.406990291262136,22.350658453000698,50,515
204008,MOTOR_ONLY_0.718,0.0,0.718,0.4765880012338854,4.371521035598706,21.59154747968499,50,515
204008,MOTOR_ONLY_0.719,0.0,0.719,0.4781482729654634,4.402583979328166,22.759804837066113,50,516
204008,MOTOR_ONLY_0.720,0.0,0.72,0.4822391072064186,4.436057068741893,23.418484011395893,50,514
204008,MOTOR_ONLY_0.721,0.0,0.721,0.49149623023521954,4.5270464963981665,24.564403990748524,50,509
204008,MOTOR_ONLY_0.722,0.0,0.722,0.48861154303239934,4.530451866404715,24.310188200636993,50,509
204008,MOTOR_ONLY_0.723,0.0,0.723,0.48869797877933313,4.544575163398693,24.284528765514274,50,510
204008,MOTOR_ONLY_0.724,0.0,0.724,0.4873246537446649,4.5767258382642995,24.237523728115548,50,507
204008,MOTOR_ONLY_0.725,0.0,0.725,0.49754251142240674,4.704497354497354,25.56399119936012,50,504
204008,MOTOR_ONLY_0.726,0.0,0.726,0.49226302733695443,4.673280423280423,24.301008856993874,50,504
204008,MOTOR_ONLY_0.727,0.0,0.727,0.49582393121789464,4.728429423459245,26.169830330660684,50,503
204008,MOTOR_ONLY_0.728,0.0,0.728,0.4966442707106749,4.783300198807157,25.466489023484034,50,503
204008,MOTOR_ONLY_0.729,0.0,0.729,0.4984546576771084,4.831544068919814,26.641632663598486,50,503
204008,MOTOR_ONLY_0.730,0.0,0.73,0.5033618062580664,4.865338645418326,26.21843457080638,50,502
204008,MOTOR_ONLY_0.731,0.0,0.731,0.4990684957894261,4.8344599072233265,26.38533125866559,50,503
204008,MOTOR_ONLY_0.732,0.0,0.732,0.49973370628826475,4.831155115511551,25.298170498584774,50,505
204008,MOTOR_ONLY_0.733,0.0,0.733,0.5044697830275604,4.9029100529100536,25.98173001577983,50,504
204008,MOTOR_ONLY_0.734,0.0,0.734,0.501814374808976,4.947172322022621,26.02883760453696,50,501
204008,MOTOR_ONLY_0.735,0.0,0.735,0.5053610235306715,5.009600000000001,25.692408182456052,50,500
204008,MOTOR_ONLY_0.736,0.0,0.736,0.4995098702675702,4.987307949231797,25.8474576482633,50,499
204008,MOTOR_ONLY_0.737,0.0,0.737,0.5014716889048649,5.063983903420523,27.66221568137733,50,497
204008,MOTOR_ONLY_0.738,0.0,0.738,0.504667312526143,5.129284750337382,28.133196903931967,50,494
204008,MOTOR_ONLY_0.739,0.0,0.739,0.5006411357059893,5.10310391363023,28.57236706363187,50,494
204008,MOTOR_ONLY_0.740,0.0,0.74,0.501917083172302,5.149864498644987,29.481282513339917,50,492
204008,MOTOR_ONLY_0.741,0.0,0.741,0.4989213627548849,5.125895875591616,30.523687801946082,50,493
204008,MOTOR_ONLY_0.742,0.0,0.742,0.49858445519582234,5.153021045485404,29.98930036100038,50,491
204008,MOTOR_ONLY_0.743,0.0,0.743,0.5013959693720408,5.165241004752207,31.465153872334152,50,491
204008,MOTOR_ONLY_0.744,0.0,0.744,0.49089678799584135,5.0872210953346855,30.727530329494503,50,493
204008,MOTOR_ONLY_0.745,0.0,0.745,0.4897106533026917,5.113615023474178,30.859223983555992,50,497
204008,MOTOR_ONLY_0.746,0.0,0.746,0.49900747802113876,5.200268276324614,30.626412245236825,50,497
204008,MOTOR_ONLY_0.747,0.0,0.747,0.5049197846559046,5.272751859364435,31.269020066250825,50,493
204008,MOTOR_ONLY_0.748,0.0,0.748,0.5033940452167206,5.323828920570265,30.841412358135784,50,491
204008,MOTOR_ONLY_0.749,0.0,0.749,0.5166066873658153,5.477091906721537,33.93517188804004,50,486
204008,MOTOR_ONLY_0.750,0.0,0.75,0.521810420870049,5.545179063360881,33.86341518599086,50,484
204008,MOTOR_ONLY_0.751,0.0,0.751,0.5233755075550929,5.617319587628867,34.36728883267307,50,485
204008,MOTOR_ONLY_0.752,0.0,0.752,0.5236727940298795,5.604123711340207,32.29855668173848,50,485
204008,MOTOR_ONLY_0.753,0.0,0.753,0.5341696075232037,5.777685377685377,32.03054283185574,50,481
204008,MOTOR_ONLY_0.754,0.0,0.754,0.5321050918231641,5.811111111111112,30.305474889201083,50,480
204008,MOTOR_ONLY_0.755,0.0,0.755,0.5296479025312406,5.8382741823242865,30.60085426290899,50,479
204008,MOTOR_ONLY_0.756,0.0,0.756,0.5287105314413136,5.86276150627615,31.379646246154994,50,478
204008,MOTOR_ONLY_0.757,0.0,0.757,0.5337494189148916,5.893055555555555,32.03209158618934,50,480
204008,MOTOR_ONLY_0.758,0.0,0.758,0.5305812594375672,5.956114605171209,32.63840521215484,50,477
204008,MOTOR_ONLY_0.759,0.0,0.759,0.527249985888503,5.942538354253836,34.76312670485498,50,478
204008,MOTOR_ONLY_0.760,0.0,0.76,0.5268969694897878,5.96114605171209,36.012765982323536,50,477
204008,MOTOR_ONLY_0.761,0.0,0.761,0.5237290897786573,5.9404314544189285,33.73924320770788,50,479
204008,MOTOR_ONLY_0.762,0.0,0.762,0.5284853206528912,6.0658263305322135,35.71081833129976,50,476
204008,MOTOR_ONLY_0.763,0.0,0.763,0.5248426867638287,6.0828070175438596,35.768859360036295,50,475
204008,MOTOR_ONLY_0.764,0.0,0.764,0.5291893443712697,6.172116065109695,34.79906522073162,50,471
204008,MOTOR_ONLY_0.765,0.0,0.765,0.5267072636541692,6.136990154711674,34.89763212368523,50,474
204008,MOTOR_ONLY_0.766,0.0,0.766,0.533075007692481,6.253529000698812,38.133149424886966,50,477
204008,MOTOR_ONLY_0.767,0.0,0.767,0.5365603387581542,6.371308016877637,40.80168578536873,50,474
204008,MOTOR_ONLY_0.768,0.0,0.768,0.5396876361975822,6.559600285510349,41.06043678620602,50,467
204008,MOTOR_ONLY_0.769,0.0,0.769,0.5407585111807569,6.595994277539341,41.783322229232255,50,466
204008,MOTOR_ONLY_0.770,0.0,0.77,0.5388389869955778,6.549287749287749,41.79693982318762,50,468
204008,MOTOR_ONLY_0.771,0.0,0.771,0.550853855749698,6.740836940836941,43.73403478942081,50,462
204008,MOTOR_ONLY_0.772,0.0,0.772,0.547154366645623,6.743022415039768,45.00377991994654,50,461
204008,MOTOR_ONLY_0.773,0.0,0.773,0.549455336176763,6.856140350877193,44.106116903697384,50,456
204008,MOTOR_ONLY_0.774,0.0,0.774,0.5475490603124472,6.924872355944565,44.74729956522844,50,457
204008,MOTOR_ONLY_0.775,0.0,0.775,0.5529103235200589,7.038179148311307,45.1924673546007,50,454
204008,MOTOR_ONLY_0.776,0.0,0.776,0.5480278535679792,7.012161172161172,45.5082518991248,50,455
204008,MOTOR_ONLY_0.777,0.0,0.777,0.5487532214916688,7.0372634643377,46.143243354526966,50,458
204008,MOTOR_ONLY_0.778,0.0,0.778,0.5485624141076705,7.079504011670314,45.2196000338203,50,457
204008,MOTOR_ONLY_0.779,0.0,0.779,0.5599073730756844,7.321828908554572,45.30534338517811,50,452
204008,MOTOR_ONLY_0.780,0.0,0.78,0.5633949351033715,7.433407572383073,44.45391138984399,50,449
204008,MOTOR_ONLY_0.781,0.0,0.781,0.5587895105984149,7.396130952380953,44.251456789102065,50,448
204008,MOTOR_ONLY_0.782,0.0,0.782,0.5724144292627983,7.595195195195195,46.433178103388485,50,444
204008,MOTOR_ONLY_0.783,0.0,0.783,0.5810208184904384,7.766363636363637,45.03170257280125,50,440
204008,MOTOR_ONLY_0.784,0.0,0.784,0.5692449879504763,7.642121212121212,44.785404682263334,50,440
204008,MOTOR_ONLY_0.785,0.0,0.785,0.5785703872614812,7.838051750380517,46.9568948616749,50,438
204008,MOTOR_ONLY_0.786,0.0,0.786,0.5855100196805912,8.054865900383142,47.12368171701701,50,435
204008,MOTOR_ONLY_0.787,0.0,0.787,0.5805766393896423,8.066359447004608,47.67473554017999,50,434
204008,MOTOR_ONLY_0.788,0.0,0.788,0.5992807768429121,8.426356589147286,50.07561434967231,50,430
204008,MOTOR_ONLY_0.789,0.0,0.789,0.597061340297803,8.47632398753894,50.81298680408597,50,428
204008,MOTOR_ONLY_0.790,0.0,0.79,0.6031456389436373,8.70498812351544,52.04463094274719,50,421
204008,MOTOR_ONLY_0.791,0.0,0.791,0.6095027061240101,8.914423076923077,53.510037897701096,50,416
204008,MOTOR_ONLY_0.792,0.0,0.792,0.6169872220258127,9.122841000807103,54.885928224529145,50,413
204008,MOTOR_ONLY_0.793,0.0,0.793,0.6308495602982944,9.471580671580671,56.350872533543495,50,407
204008,MOTOR_ONLY_0.794,0.0,0.794,0.6286493305026306,9.496478296478296,56.333268094600456,50,407
204008,MOTOR_ONLY_0.795,0.0,0.795,0.6197146011378043,9.463036303630362,55.441690398196464,50,404
204008,MOTOR_ONLY_0.796,0.0,0.796,0.6235030491228477,9.610891089108911,55.76527982388776,50,404
204008,MOTOR_ONLY_0.797,0.0,0.797,0.618668218182421,9.626799007444168,55.46782093424701,50,403
204008,MOTOR_ONLY_0.798,0.0,0.798,0.6301466997997639,9.922,57.89801188110433,50,400
204008,MOTOR_ONLY_0.799,0.0,0.799,0.628254683035481,10.08429890848027,61.39363279984387,50,397
204008,MOTOR_ONLY_0.800,0.0,0.8,0.6301160247515063,10.15993265993266,61.784191979922795,50,396
204009,SENSORY_SITE_FB,1.0,0.0,0.6003287121234433,4.617687074829932,46.36371123656284,50,490
204009,MOTOR_ONLY_0.700,0.0,0.7,0.4042522207609854,3.6527980535279805,34.33463595530381,50,548
204009,MOTOR_ONLY_0.701,0.0,0.701,0.41133224065561835,3.6888077858880775,33.807297498261626,50,548
204009,MOTOR_ONLY_0.702,0.0,0.702,0.4089076544893869,3.6904326630103594,33.81561743996221,50,547
204009,MOTOR_ONLY_0.703,0.0,0.703,0.40885605487231624,3.701946472019465,33.97050616812951,50,548
204009,MOTOR_ONLY_0.704,0.0,0.704,0.40561603963095283,3.6795151515151514,33.582873229105275,50,550
204009,MOTOR_ONLY_0.705,0.0,0.705,0.4254892278923122,3.803663003663004,35.814350089614635,50,546
204009,MOTOR_ONLY_0.706,0.0,0.706,0.4360154557082507,3.893480934809348,37.36935833164308,50,542
204009,MOTOR_ONLY_0.707,0.0,0.707,0.4339579296698227,3.910617283950617,38.729854048140936,50,540
204009,MOTOR_ONLY_0.708,0.0,0.708,0.44580096438945177,4.017877094972067,37.06398872110657,50,537
204009,MOTOR_ONLY_0.709,0.0,0.709,0.4442927818936765,4.020322180916977,39.04389267486932,50,538
204009,MOTOR_ONLY_0.710,0.0,0.71,0.4472100235173132,4.062569832402235,38.14392834782645,50,537
204009,MOTOR_ONLY_0.711,0.0,0.711,0.46841634021497647,4.178691588785047,37.99068262149745,50,535
204009,MOTOR_ONLY_0.712,0.0,0.712,0.47132362161734936,4.204477611940298,38.211449912814146,50,536
204009,MOTOR_ONLY_0.713,0.0,0.713,0.47540784286821974,4.276923076923078,38.26627165589096,50,533
204009,MOTOR_ONLY_0.714,0.0,0.714,0.47165060017165744,4.256429463171036,39.88617944316628,50,534
204009,MOTOR_ONLY_0.715,0.0,0.715,0.47311300576256426,4.243122676579926,38.76499856561375,50,538
204009,MOTOR_ONLY_0.716,0.0,0.716,0.46896758163437124,4.220910209102091,39.264614502014716,50,542
204009,MOTOR_ONLY_0.717,0.0,0.717,0.47615744493235274,4.327746741154562,40.11401205477776,50,537
204009,MOTOR_ONLY_0.718,0.0,0.718,0.4777826795752371,4.347014925373134,38.87593653826369,50,536
204009,MOTOR_ONLY_0.719,0.0,0.719,0.4782839581386059,4.3890342679127725,39.25121169039231,50,535
204009,MOTOR_ONLY_0.720,0.0,0.72,0.4722092638438341,4.401248439450686,38.58196474839216,50,534
204009,MOTOR_ONLY_0.721,0.0,0.721,0.47627737975211554,4.4871311989956055,37.68512732482988,50,531
204009,MOTOR_ONLY_0.722,0.0,0.722,0.4762277369704437,4.500374531835206,37.602212092496615,50,534
204009,MOTOR_ONLY_0.723,0.0,0.723,0.4765008568928074,4.522055137844612,37.48928931148436,50,532
204009,MOTOR_ONLY_0.724,0.0,0.724,0.47242335405323893,4.515538847117795,39.44960809691799,50,532
204009,MOTOR_ONLY_0.725,0.0,0.725,0.47279194642618155,4.534588826114249,38.297564494498836,50,531
204009,MOTOR_ONLY_0.726,0.0,0.726,0.4897118915134999,4.654545454545454,39.22806140766163,50,528
204009,MOTOR_ONLY_0.727,0.0,0.727,0.481582485661726,4.621969696969697,42.28625245279429,50,528
204009,MOTOR_ONLY_0.728,0.0,0.728,0.476666591118052,4.597232704402516,43.40507615834932,50,530
204009,MOTOR_ONLY_0.729,0.0,0.729,0.4821267159276946,4.6355304456999376,42.9765334387696,50,531
204009,MOTOR_ONLY_0.730,0.0,0.73,0.4830278764509056,4.668173258003766,42.66187358466281,50,531
204009,MOTOR_ONLY_0.731,0.0,0.731,0.4825288841226254,4.683208020050126,41.90946411847821,50,532
204009,MOTOR_ONLY_0.732,0.0,0.732,0.489071990227481,4.780340264650283,41.812638667169196,50,529
204009,MOTOR_ONLY_0.733,0.0,0.733,0.4819279407974931,4.737476459510358,43.204493632476776,50,531
204009,MOTOR_ONLY_0.734,0.0,0.734,0.48487507882961045,4.781383647798743,43.395196121919334,50,530
204009,MOTOR_ONLY_0.735,0.0,0.735,0.48845141993644436,4.861733080328905,42.99343388936111,50,527
204009,MOTOR_ONLY_0.736,0.0,0.736,0.4956639769418868,4.98,43.14581330108817,50,520
204009,MOTOR_ONLY_0.737,0.0,0.737,0.4946031988330578,4.999357739242132,43.04159738396645,50,519
204009,MOTOR_ONLY_0.738,0.0,0.738,0.5046607779442541,5.094886731391585,42.62167665064647,50,515
204009,MOTOR_ONLY_0.739,0.0,0.739,0.5033084124382117,5.102394822006473,43.19148532036834,50,515
204009,MOTOR_ONLY_0.740,0.0,0.74,0.5201156735375789,5.269270833333334,40.20342924292695,50,512
204009,MOTOR_ONLY_0.741,0.0,0.741,0.517029428080935,5.272036673215455,39.89658826045235,50,509
204009,MOTOR_ONLY_0.742,0.0,0.742,0.5086648439582101,5.2365296803652965,41.22103856419198,50,511
204009,MOTOR_ONLY_0.743,0.0,0.743,0.5113385198106268,5.2369070825211175,39.113639340745664,50,513
204009,MOTOR_ONLY_0.744,0.0,0.744,0.5149625297460606,5.294750656167979,39.00397357300452,50,508
204009,MOTOR_ONLY_0.745,0.0,0.745,0.5124296242561146,5.331225296442687,39.49463715708456,50,506
204009,MOTOR_ONLY_0.746,0.0,0.746,0.5142390658337836,5.408764940239044,40.72033872946493,50,502
204009,MOTOR_ONLY_0.747,0.0,0.747,0.5155893753912781,5.382872200263504,40.12522239908725,50,506
204009,MOTOR_ONLY_0.748,0.0,0.748,0.5188871327212651,5.457104913678619,41.63666736536862,50,502
204009,MOTOR_ONLY_0.749,0.0,0.749,0.5194501865762544,5.469317428760769,41.22070668705449,50,503
204009,MOTOR_ONLY_0.750,0.0,0.75,0.5265692557760896,5.569477911646587,42.94429122497019,50,498
204009,MOTOR_ONLY_0.751,0.0,0.751,0.532692236661625,5.655600539811066,43.1094500747622,50,494
204009,MOTOR_ONLY_0.752,0.0,0.752,0.5388488019311451,5.782857142857143,40.98389824511164,50,490
204009,MOTOR_ONLY_0.753,0.0,0.753,0.5385970018334498,5.823040218132242,41.4339046329537,50,489
204009,MOTOR_ONLY_0.754,0.0,0.754,0.5370440093507851,5.9421487603305785,41.619637851578155,50,484
204009,MOTOR_ONLY_0.755,0.0,0.755,0.5426792327793019,5.9749828178694155,41.577339476288486,50,485
204009,MOTOR_ONLY_0.756,0.0,0.756,0.5399389925297757,5.988453608247423,42.83529689281534,50,485
204009,MOTOR_ONLY_0.757,0.0,0.757,0.5320446641942879,5.9173824130879344,44.23278264763888,50,489
204009,MOTOR_ONLY_0.758,0.0,0.758,0.5330752434400372,5.998360655737705,45.04441068638826,50,488
204009,MOTOR_ONLY_0.759,0.0,0.759,0.5411591285421404,6.081254260395365,46.311460282268726,50,489
204009,MOTOR_ONLY_0.760,0.0,0.76,0.5370760427113518,6.0991101984941825,47.24195222293314,50,487
204009,MOTOR_ONLY_0.761,0.0,0.761,0.5445066210254215,6.232506887052342,49.48009856988169,50,484
204009,MOTOR_ONLY_0.762,0.0,0.762,0.5342202598963408,6.1687242798353905,49.92121650547765,50,486
204009,MOTOR_ONLY_0.763,0.0,0.763,0.5317917913801667,6.13469387755102,50.7013423089137,50,490
204009,MOTOR_ONLY_0.764,0.0,0.764,0.5418768979238409,6.311934156378601,50.54862135257482,50,486
204009,MOTOR_ONLY_0.765,0.0,0.765,0.5300802257017015,6.138764426340801,50.71861904579866,50,491
204009,MOTOR_ONLY_0.766,0.0,0.766,0.5301253907106306,6.210224948875255,50.82372584853913,50,489
204009,MOTOR_ONLY_0.767,0.0,0.767,0.5394507040081015,6.417522245037645,54.71691323190662,50,487
204009,MOTOR_ONLY_0.768,0.0,0.768,0.5416521746238941,6.552892561983471,55.03659107644855,50,484
204009,MOTOR_ONLY_0.769,0.0,0.769,0.5420764683530304,6.602479338842975,58.27501528444066,50,484
204009,MOTOR_ONLY_0.770,0.0,0.77,0.549204687594832,6.754906054279749,59.55215407540606,50,479
204009,MOTOR_ONLY_0.771,0.0,0.771,0.55376378485911,6.821802935010482,57.84065709587163,50,477
204009,MOTOR_ONLY_0.772,0.0,0.772,0.5515508204631511,6.859103641456583,57.340430025029725,50,476
204009,MOTOR_ONLY_0.773,0.0,0.773,0.5522187862893748,6.883403068340306,58.03031182555115,50,478
204009,MOTOR_ONLY_0.774,0.0,0.774,0.5504349174417197,6.90482180293501,55.262817369169646,50,477
204009,MOTOR_ONLY_0.775,0.0,0.775,0.5507118884648349,6.935574229691877,54.43819998210254,50,476
204009,MOTOR_ONLY_0.776,0.0,0.776,0.5524267634824942,7.00450070323488,52.68746680796786,50,474
204009,MOTOR_ONLY_0.777,0.0,0.777,0.5565276978049347,7.104477611940299,54.27103391738788,50,469
204009,MOTOR_ONLY_0.778,0.0,0.778,0.5652534077161246,7.216204690831557,58.72059217146952,50,469
204009,MOTOR_ONLY_0.779,0.0,0.779,0.57473122903264,7.3384506041222455,56.479696190133865,50,469
204009,MOTOR_ONLY_0.780,0.0,0.78,0.5677651512543898,7.298575498575499,56.52356459578964,50,468
204009,MOTOR_ONLY_0.781,0.0,0.781,0.569502592349376,7.336467236467236,56.968721026268916,50,468
204009,MOTOR_ONLY_0.782,0.0,0.782,0.5752589486048397,7.481290322580645,57.102780445549655,50,465
204009,MOTOR_ONLY_0.783,0.0,0.783,0.5767901309756831,7.567099567099567,56.19242287418075,50,462
204009,MOTOR_ONLY_0.784,0.0,0.784,0.5726273047627947,7.561616161616161,57.317514212696196,50,462
204009,MOTOR_ONLY_0.785,0.0,0.785,0.5744088625429323,7.631525668835864,57.27295873111019,50,461
204009,MOTOR_ONLY_0.786,0.0,0.786,0.571913599805274,7.644444444444445,58.518635877083895,50,462
204009,MOTOR_ONLY_0.787,0.0,0.787,0.5755790622146559,7.783478260869565,58.67745412942762,50,460
204009,MOTOR_ONLY_0.788,0.0,0.788,0.5810673725941512,7.9366885485047405,59.72044624911571,50,457
204009,MOTOR_ONLY_0.789,0.0,0.789,0.5859278609378081,8.014912280701754,60.12439752069732,50,456
204009,MOTOR_ONLY_0.790,0.0,0.79,0.5844465048683327,8.007860262008734,59.61875576131137,50,458
204009,MOTOR_ONLY_0.791,0.0,0.791,0.5857934804962095,8.033843909555069,59.73498028388577,50,457
204009,MOTOR_ONLY_0.792,0.0,0.792,0.5981929025849382,8.187308533916848,59.21095363881078,50,457
204009,MOTOR_ONLY_0.793,0.0,0.793,0.5940566715307164,8.159534206695778,61.270736704452986,50,458
204009,MOTOR_ONLY_0.794,0.0,0.794,0.5926575845570249,8.168482207697894,61.107391787863165,50,459
204009,MOTOR_ONLY_0.795,0.0,0.795,0.5946898109830921,8.239533187454413,59.665392255196984,50,457
204009,MOTOR_ONLY_0.796,0.0,0.796,0.5884668103779518,8.246783625730995,59.62905945670852,50,456
204009,MOTOR_ONLY_0.797,0.0,0.797,0.5856867453681224,8.298091042584435,61.35365921297084,50,454
204009,MOTOR_ONLY_0.798,0.0,0.798,0.5912312968580403,8.453925925925926,61.0247882139056,50,450
204009,MOTOR_ONLY_0.799,0.0,0.799,0.5952799852737888,8.650857568978374,62.12515981928417,50,447
204009,MOTOR_ONLY_0.800,0.0,0.8,0.6103047839792453,9.07945205479452,63.381554970050075,50,438
204010,SENSORY_SITE_FB,1.0,0.0,0.5953507952943112,4.679377958079783,31.737135898360847,50,493
204010,MOTOR_ONLY_0.700,0.0,0.7,0.4065862599371899,3.7870967741935484,31.982326096273,50,558
204010,MOTOR_ONLY_0.701,0.0,0.701,0.4033601745328655,3.8305206463195693,32.315987567449895,50,557
204010,MOTOR_ONLY_0.702,0.0,0.702,0.40141191725650677,3.8425557564798067,33.562753221421296,50,553
204010,MOTOR_ONLY_0.703,0.0,0.703,0.4055985447408745,3.87987987987988,33.30759686686749,50,555
204010,MOTOR_ONLY_0.704,0.0,0.704,0.4108989597568651,3.930695443645084,33.66824248553812,50,556
204010,MOTOR_ONLY_0.705,0.0,0.705,0.4247272907722342,3.997841726618705,33.861696534113214,50,556
204010,MOTOR_ONLY_0.706,0.0,0.706,0.419495532362524,3.993261131167268,34.19371516863596,50,554
204010,MOTOR_ONLY_0.707,0.0,0.707,0.41696418215806735,3.9985585585585586,35.18215889190626,50,555
204010,MOTOR_ONLY_0.708,0.0,0.708,0.40682629938623915,3.969414575866189,37.29679460819869,50,558
204010,MOTOR_ONLY_0.709,0.0,0.709,0.40941539268416377,4.024700239808153,37.40024773837217,50,556
204010,MOTOR_ONLY_0.710,0.0,0.71,0.4172282644536148,4.0837545126353785,34.73473228278504,50,554
204010,MOTOR_ONLY_0.711,0.0,0.711,0.4156919297151065,4.1374545454545455,33.386100992758315,50,550
204010,MOTOR_ONLY_0.712,0.0,0.712,0.4213462291402389,4.159178743961353,36.381215719430614,50,552
204010,MOTOR_ONLY_0.713,0.0,0.713,0.42881134040442065,4.232179720704311,33.618949248224475,50,549
204010,MOTOR_ONLY_0.714,0.0,0.714,0.43551924227353006,4.2898232784887265,33.326048867273826,50,547
204010,MOTOR_ONLY_0.715,0.0,0.715,0.4354257905069694,4.316819571865443,32.46375018608643,50,545
204010,MOTOR_ONLY_0.716,0.0,0.716,0.44528636834851526,4.391160220994475,33.74694456747181,50,543
204010,MOTOR_ONLY_0.717,0.0,0.717,0.4479869326342013,4.436296296296296,32.50658008085352,50,540
204010,MOTOR_ONLY_0.718,0.0,0.718,0.45055514035572214,4.472479901051329,31.890543049782185,50,539
204010,MOTOR_ONLY_0.719,0.0,0.719,0.4532619415828042,4.480934809348094,30.821231092696664,50,542
204010,MOTOR_ONLY_0.720,0.0,0.72,0.44467321061888293,4.418348623853211,31.2490276762615,50,545
204010,MOTOR_ONLY_0.721,0.0,0.721,0.4462504468350874,4.451131498470947,28.94391895756719,50,545
204010,MOTOR_ONLY_0.722,0.0,0.722,0.4393638796233118,4.4281862745098035,28.978453840204068,50,544
204010,MOTOR_ONLY_0.723,0.0,0.723,0.4365341313337317,4.45510455104551,29.802652304072737,50,542
204010,MOTOR_ONLY_0.724,0.0,0.724,0.445326589490784,4.506369820655535,29.936089449404435,50,539
204010,MOTOR_ONLY_0.725,0.0,0.725,0.4552802918863711,4.577118119975263,29.771778354244198,50,539
204010,MOTOR_ONLY_0.726,0.0,0.726,0.467010446202883,4.64907063197026,31.25268090584528,50,538
204010,MOTOR_ONLY_0.727,0.0,0.727,0.47002241484265544,4.716915422885572,33.04209670267691,50,536
204010,MOTOR_ONLY_0.728,0.0,0.728,0.4695834860483777,4.769651741293532,34.22098252696449,50,536
204010,MOTOR_ONLY_0.729,0.0,0.729,0.4718161443769884,4.7807407407407405,34.06469757586882,50,540
204010,MOTOR_ONLY_0.730,0.0,0.73,0.47863575073099585,4.872139303482587,35.33159529833711,50,536
204010,MOTOR_ONLY_0.731,0.0,0.731,0.47943061523921454,4.876685219542362,34.74886713707688,50,539
204010,MOTOR_ONLY_0.732,0.0,0.732,0.47378752380676087,4.891868404717567,35.90076117638417,50,537
204010,MOTOR_ONLY_0.733,0.0,0.733,0.49648126813610854,5.174251115360103,35.6708114898711,50,523
204010,MOTOR_ONLY_0.734,0.0,0.734,0.4918864771958961,5.192606755895475,34.49003296206474,50,523
204010,MOTOR_ONLY_0.735,0.0,0.735,0.4927673088337796,5.193904761904762,34.675721409814344,50,525
204010,MOTOR_ONLY_0.736,0.0,0.736,0.49107084579819676,5.238825031928481,34.283015894374536,50,522
204010,MOTOR_ONLY_0.737,0.0,0.737,0.49565711980303717,5.295999999999999,36.79354877152354,50,525
204010,MOTOR_ONLY_0.738,0.0,0.738,0.4902146484102237,5.30031746031746,36.53900895398199,50,525
204010,MOTOR_ONLY_0.739,0.0,0.739,0.48946836869659366,5.3114920634920635,34.03383597643351,50,525
204010,MOTOR_ONLY_0.740,0.0,0.74,0.4831037674082261,5.348914431673053,38.96958894535425,50,522
204010,MOTOR_ONLY_0.741,0.0,0.741,0.5010184672691567,5.5093951093951095,39.978872250828914,50,518
204010,MOTOR_ONLY_0.742,0.0,0.742,0.4993477207183001,5.501862556197817,40.450463849534955,50,519
204010,MOTOR_ONLY_0.743,0.0,0.743,0.48926805669563805,5.470769230769231,41.82441274153902,50,520
204010,MOTOR_ONLY_0.744,0.0,0.744,0.4995348406296725,5.595080906148867,43.137260231784886,50,515
204010,MOTOR_ONLY_0.745,0.0,0.745,0.49170121587776244,5.51162196679438,42.719884966796265,50,522
204010,MOTOR_ONLY_0.746,0.0,0.746,0.4953450237076052,5.541794871794872,41.925976112090645,50,520
204010,MOTOR_ONLY_0.747,0.0,0.747,0.5086145227032389,5.655963894261766,44.2314795660759,50,517
204010,MOTOR_ONLY_0.748,0.0,0.748,0.5093891257482264,5.7263565891472865,43.5546624304158,50,516
204010,MOTOR_ONLY_0.749,0.0,0.749,0.506250305865648,5.678249678249678,44.18565562884231,50,518
204010,MOTOR_ONLY_0.750,0.0,0.75,0.505439855401945,5.723791102514507,42.63181453911923,50,517
204010,MOTOR_ONLY_0.751,0.0,0.751,0.5027449211332308,5.722243713733076,42.205048512616266,50,517
204010,MOTOR_ONLY_0.752,0.0,0.752,0.509474966036478,5.837181996086105,41.3177276675102,50,511
204010,MOTOR_ONLY_0.753,0.0,0.753,0.5093468611399293,5.920315581854044,43.62078906374582,50,507
204010,MOTOR_ONLY_0.754,0.0,0.754,0.5080944165181538,5.979183135704875,42.592732610833494,50,506
204010,MOTOR_ONLY_0.755,0.0,0.755,0.5143626197615967,6.129083665338645,42.93696084917885,50,502
204010,MOTOR_ONLY_0.756,0.0,0.756,0.51329211355866,6.115873015873016,42.03960363770457,50,504
204010,MOTOR_ONLY_0.757,0.0,0.757,0.5127424270466026,6.176010603048377,44.82095292653252,50,503
204010,MOTOR_ONLY_0.758,0.0,0.758,0.5225877491038778,6.314399999999999,45.182323536745464,50,500
204010,MOTOR_ONLY_0.759,0.0,0.759,0.5210888359733962,6.329066666666667,45.5684325826456,50,500
204010,MOTOR_ONLY_0.760,0.0,0.76,0.5197432841923755,6.406464646464646,47.01120176184323,50,495
204010,MOTOR_ONLY_0.761,0.0,0.761,0.54550618891953,6.7949790794979075,48.33834022098693,50,478
204010,MOTOR_ONLY_0.762,0.0,0.762,0.5474700260338788,6.795297372060857,47.468666756184376,50,482
204010,MOTOR_ONLY_0.763,0.0,0.763,0.5505782092144133,6.809289617486339,46.89579375838668,50,488
204010,MOTOR_ONLY_0.764,0.0,0.764,0.5507259328230075,6.817995910020449,46.2046720444626,50,489
204010,MOTOR_ONLY_0.765,0.0,0.765,0.5522228180252478,6.85327868852459,45.330297894945616,50,488
204010,MOTOR_ONLY_0.766,0.0,0.766,0.5513049596845623,6.949862258953168,46.00395567559971,50,484
204010,MOTOR_ONLY_0.767,0.0,0.767,0.5484033479488214,6.865712338104975,44.78280494458057,50,489
204010,MOTOR_ONLY_0.768,0.0,0.768,0.5478989788688593,6.9051912568306015,45.564767185870316,50,488
204010,MOTOR_ONLY_0.769,0.0,0.769,0.5515649859433517,7.0885654885654885,46.5370884649745,50,481
204010,MOTOR_ONLY_0.770,0.0,0.77,0.5638446618665802,7.321518987341772,46.5937844019496,50,474
204010,MOTOR_ONLY_0.771,0.0,0.771,0.5686983591435267,7.4491525423728815,47.01502853093771,50,472
204010,MOTOR_ONLY_0.772,0.0,0.772,0.557764101765868,7.374315789473684,49.11140727806603,50,475
204010,MOTOR_ONLY_0.773,0.0,0.773,0.5610741334001177,7.466947960618846,51.168199959007495,50,474
204010,MOTOR_ONLY_0.774,0.0,0.774,0.5618305047110077,7.478481012658228,51.299022390575935,50,474
204010,MOTOR_ONLY_0.775,0.0,0.775,0.5608206455851489,7.557820240622789,50.63206101835417,50,471
204010,MOTOR_ONLY_0.776,0.0,0.776,0.5688348626518607,7.605367231638418,50.86111993173562,50,472
204010,MOTOR_ONLY_0.777,0.0,0.777,0.5569686443792912,7.519209039548022,51.430088093150545,50,472
204010,MOTOR_ONLY_0.778,0.0,0.778,0.5537913764946149,7.472292545710267,50.52946695846963,50,474
204010,MOTOR_ONLY_0.779,0.0,0.779,0.5560648941921915,7.5754756871035935,53.37597252424932,50,473
204010,MOTOR_ONLY_0.780,0.0,0.78,0.5529219156370538,7.584180790960452,54.62195145480643,50,472
204010,MOTOR_ONLY_0.781,0.0,0.781,0.5567769542236825,7.702476999292286,55.21505265668573,50,471
204010,MOTOR_ONLY_0.782,0.0,0.782,0.563871276454712,7.834689507494646,52.044924517630896,50,467
204010,MOTOR_ONLY_0.783,0.0,0.783,0.5668092665896722,8.028282828282828,51.710565781161385,50,462
204010,MOTOR_ONLY_0.784,0.0,0.784,0.565145623145696,8.092728581713462,54.07487835735097,50,463
204010,MOTOR_ONLY_0.785,0.0,0.785,0.5716078031842899,8.17411424439624,54.0395068932142,50,461
204010,MOTOR_ONLY_0.786,0.0,0.786,0.5770289783066267,8.421052631578947,54.26071785395779,50,456
204010,MOTOR_ONLY_0.787,0.0,0.787,0.5788918642058626,8.507488986784141,54.89640125204212,50,454
204010,MOTOR_ONLY_0.788,0.0,0.788,0.5830891089583533,8.626253687315634,55.92224089072656,50,452
204010,MOTOR_ONLY_0.789,0.0,0.789,0.5820536962525932,8.691555555555556,56.371081303035524,50,450
204010,MOTOR_ONLY_0.790,0.0,0.79,0.5919390162380568,9.023024830699773,58.92043138852246,50,443
204010,MOTOR_ONLY_0.791,0.0,0.791,0.5881101678865762,9.014947683109117,58.479012172536905,50,446
204010,MOTOR_ONLY_0.792,0.0,0.792,0.5897473978982102,9.013392857142858,57.63485789754841,50,448
204010,MOTOR_ONLY_0.793,0.0,0.793,0.5887747414495754,8.99851851851852,57.76410801097736,50,450
204010,MOTOR_ONLY_0.794,0.0,0.794,0.5894637245555865,9.11648023862789,57.15386267651171,50,447
204010,MOTOR_ONLY_0.795,0.0,0.795,0.5854841000410546,9.14289985052317,57.39822169685532,50,446
204010,MOTOR_ONLY_0.796,0.0,0.796,0.596421407568781,9.499319727891157,60.13659709400903,50,441
204010,MOTOR_ONLY_0.797,0.0,0.797,0.607385549117998,9.892034029389018,62.41882469719316,50,431
204010,MOTOR_ONLY_0.798,0.0,0.798,0.6036913826267323,9.897293116782675,61.73059867367351,50,431
204010,MOTOR_ONLY_0.799,0.0,0.799,0.6074387995655648,10.021596244131455,61.65920294447655,50,426
204010,MOTOR_ONLY_0.800,0.0,0.8,0.5998887407631798,9.90015503875969,64.1852084406246,50,430
204011,SENSORY_SITE_FB,1.0,0.0,0.5454097154135319,4.240946045824095,26.738320204501484,50,451
204011,MOTOR_ONLY_0.700,0.0,0.7,0.40328977862755866,3.6615586116568437,16.0294642389659,50,509
204011,MOTOR_ONLY_0.701,0.0,0.701,0.416425092223343,3.748353096179183,16.825548028819018,50,506
204011,MOTOR_ONLY_0.702,0.0,0.702,0.41631565167360596,3.7425016371971185,17.458291684339986,50,509
204011,MOTOR_ONLY_0.703,0.0,0.703,0.4331447724926269,3.8405280528052805,17.314392360527087,50,505
204011,MOTOR_ONLY_0.704,0.0,0.704,0.4363810260507119,3.8695767195767194,17.131696113689546,50,504
204011,MOTOR_ONLY_0.705,0.0,0.705,0.43086352400875455,3.8735449735449734,16.038374804453323,50,504
204011,MOTOR_ONLY_0.706,0.0,0.706,0.4265725995782691,3.8677227722772276,17.256085072166172,50,505
204011,MOTOR_ONLY_0.707,0.0,0.707,0.43092718636408023,3.9072233267064282,16.55140807540832,50,503
204011,MOTOR_ONLY_0.708,0.0,0.708,0.4254912615162192,3.915440689198144,17.547135236900687,50,503
204011,MOTOR_ONLY_0.709,0.0,0.709,0.4235514639475598,3.945333333333333,17.976643074646425,50,500
204011,MOTOR_ONLY_0.710,0.0,0.71,0.41876270844002894,3.964729458917836,24.14015500858748,50,499
204011,MOTOR_ONLY_0.711,0.0,0.711,0.41987719339338636,3.970133333333333,23.647088886030687,50,500
204011,MOTOR_ONLY_0.712,0.0,0.712,0.42810266795717045,4.065060240963856,24.409524484809218,50,498
204011,MOTOR_ONLY_0.713,0.0,0.713,0.4336701611858999,4.094969818913481,24.326236073559702,50,497
204011,MOTOR_ONLY_0.714,0.0,0.714,0.42927965218922615,4.0922043010752684,24.564415464057753,50,496
204011,MOTOR_ONLY_0.715,0.0,0.715,0.43221866854751495,4.128475033738192,25.04191688541877,50,494
204011,MOTOR_ONLY_0.716,0.0,0.716,0.4303002944544448,4.13144399460189,25.042122671647565,50,494
204011,MOTOR_ONLY_0.717,0.0,0.717,0.43872981529771954,4.256578050443081,24.70348113889882,50,489
204011,MOTOR_ONLY_0.718,0.0,0.718,0.4336522735061281,4.238309475119291,25.630486525294145,50,489
204011,MOTOR_ONLY_0.719,0.0,0.719,0.44369934885123474,4.321857923497268,20.18973235071671,50,488
204011,MOTOR_ONLY_0.720,0.0,0.72,0.4453864110781127,4.296957403651116,18.818385601616207,50,493
204011,MOTOR_ONLY_0.721,0.0,0.721,0.44526185420261793,4.316260162601626,18.855176946685653,50,492
204011,MOTOR_ONLY_0.722,0.0,0.722,0.4466173450938154,4.348238482384824,19.196712919972782,50,492
204011,MOTOR_ONLY_0.723,0.0,0.723,0.4561480737890326,4.436612021857924,19.265732295997513,50,488
204011,MOTOR_ONLY_0.724,0.0,0.724,0.46106061228325707,4.569772256728779,21.18272866993793,50,483
204011,MOTOR_ONLY_0.725,0.0,0.725,0.4600787031762553,4.551202749140894,20.31481082301228,50,485
204011,MOTOR_ONLY_0.726,0.0,0.726,0.4604515349546753,4.573470790378007,19.639592656687977,50,485
204011,MOTOR_ONLY_0.727,0.0,0.727,0.45724378900595464,4.5494866529774125,19.347556850542475,50,487
204011,MOTOR_ONLY_0.728,0.0,0.728,0.4557406193469618,4.570644718792867,19.393295661275403,50,486
204011,MOTOR_ONLY_0.729,0.0,0.729,0.45761164931019044,4.6173553719008265,18.959064440479505,50,484
204011,MOTOR_ONLY_0.730,0.0,0.73,0.45499288961370354,4.640555555555555,18.87228361266391,50,480
204011,MOTOR_ONLY_0.731,0.0,0.731,0.4585389372482633,4.686192468619247,18.875713136856014,50,478
204011,MOTOR_ONLY_0.732,0.0,0.732,0.45853933495600635,4.705520614954577,19.003084996132408,50,477
204011,MOTOR_ONLY_0.733,0.0,0.733,0.4618168434245442,4.736134453781513,19.596728908072947,50,476
204011,MOTOR_ONLY_0.734,0.0,0.734,0.46435042767768553,4.786751233262861,19.79638675834254,50,473
204011,MOTOR_ONLY_0.735,0.0,0.735,0.4624352318287457,4.779228070175439,19.788339300813547,50,475
204011,MOTOR_ONLY_0.736,0.0,0.736,0.46035170774275463,4.803656821378341,21.797499281591655,50,474
204011,MOTOR_ONLY_0.737,0.0,0.737,0.46290253059932285,4.8369274136716,23.61398156169455,50,473
204011,MOTOR_ONLY_0.738,0.0,0.738,0.4534250531224451,4.7997192982456145,23.752174486899612,50,475
204011,MOTOR_ONLY_0.739,0.0,0.739,0.45160229584119727,4.785216178521618,27.87633968999606,50,478
204011,MOTOR_ONLY_0.740,0.0,0.74,0.456056721643977,4.812777777777778,27.81131213490726,50,480
204011,MOTOR_ONLY_0.741,0.0,0.741,0.4589639132264346,4.883368421052632,28.102592563849335,50,475
204011,MOTOR_ONLY_0.742,0.0,0.742,0.46213066992552976,4.928551336146272,30.19900042609208,50,474
204011,MOTOR_ONLY_0.743,0.0,0.743,0.4700703220887055,4.995762711864407,28.47483254900542,50,472
204011,MOTOR_ONLY_0.744,0.0,0.744,0.4717613542891465,5.02278839348903,24.488786059841505,50,471
204011,MOTOR_ONLY_0.745,0.0,0.745,0.4711758267497915,5.079175550817341,24.79124100934691,50,469
204011,MOTOR_ONLY_0.746,0.0,0.746,0.4723741198235323,5.082269503546099,24.277515469461715,50,470
204011,MOTOR_ONLY_0.747,0.0,0.747,0.4853118128544909,5.181276595744681,30.00739357025928,50,470
204011,MOTOR_ONLY_0.748,0.0,0.748,0.49931233972078853,5.3594326241134755,27.31065385161219,50,470
204011,MOTOR_ONLY_0.749,0.0,0.749,0.49261172506098505,5.301139601139601,29.02906073176781,50,468
204011,MOTOR_ONLY_0.750,0.0,0.75,0.4822765375755548,5.208794326241135,28.0322516730103,50,470
204011,MOTOR_ONLY_0.751,0.0,0.751,0.488952827566394,5.360515021459227,28.249701405945157,50,466
204011,MOTOR_ONLY_0.752,0.0,0.752,0.48018117597448096,5.303354746609564,28.585962515016885,50,467
204011,MOTOR_ONLY_0.753,0.0,0.753,0.4791196435924135,5.3039886039886035,28.825745518278087,50,468
204011,MOTOR_ONLY_0.754,0.0,0.754,0.47481866790574134,5.337052932761087,27.78544774880139,50,466
204011,MOTOR_ONLY_0.755,0.0,0.755,0.47349131566258823,5.364587813620072,29.389777160568368,50,465
204011,MOTOR_ONLY_0.756,0.0,0.756,0.47899509520206346,5.424591329068941,27.59710338930404,50,469
204011,MOTOR_ONLY_0.757,0.0,0.757,0.4773236765145851,5.417021276595745,27.910186591679214,50,470
204011,MOTOR_ONLY_0.758,0.0,0.758,0.4785559195718143,5.452198581560284,27.268333719846975,50,470
204011,MOTOR_ONLY_0.759,0.0,0.759,0.4729145711530891,5.47404255319149,27.914709080411885,50,470
204011,MOTOR_ONLY_0.760,0.0,0.76,0.4758821507006053,5.516986496090974,28.16490931634999,50,469
204011,MOTOR_ONLY_0.761,0.0,0.761,0.4952719802276249,5.757391304347825,28.343189402787672,50,460
204011,MOTOR_ONLY_0.762,0.0,0.762,0.4964203117003757,5.773246565437455,27.901929893903098,50,461
204011,MOTOR_ONLY_0.763,0.0,0.763,0.49219130895006175,5.818840579710145,28.600762422840084,50,460
204011,MOTOR_ONLY_0.764,0.0,0.764,0.5063048195715222,5.934634851771511,28.45008040845206,50,461
204011,MOTOR_ONLY_0.765,0.0,0.765,0.5067305292211044,5.9467242620590355,30.173697095948754,50,463
204011,MOTOR_ONLY_0.766,0.0,0.766,0.5165233404823121,6.069146608315098,29.41036048968965,50,457
204011,MOTOR_ONLY_0.767,0.0,0.767,0.5181859196184212,6.123369963369964,30.429883856498023,50,455
204011,MOTOR_ONLY_0.768,0.0,0.768,0.5293294975190093,6.231130690161526,29.817426477075607,50,454
204011,MOTOR_ONLY_0.769,0.0,0.769,0.5296366993637522,6.276651982378854,31.112301332918534,50,454
204011,MOTOR_ONLY_0.770,0.0,0.77,0.5356940999619128,6.457481481481482,31.393364998439953,50,450
204011,MOTOR_ONLY_0.771,0.0,0.771,0.5362543939883071,6.4308148148148145,31.441050309738976,50,450
204011,MOTOR_ONLY_0.772,0.0,0.772,0.5385646938601598,6.531547619047619,31.90171225362773,50,448
204011,MOTOR_ONLY_0.773,0.0,0.773,0.5374786142338568,6.583630952380953,30.704700150809487,50,448
204011,MOTOR_ONLY_0.774,0.0,0.774,0.5394001881095627,6.597178916109874,30.781391232175984,50,449
204011,MOTOR_ONLY_0.775,0.0,0.775,0.5545561057515561,6.819219219219219,31.10181753027512,50,444
204011,MOTOR_ONLY_0.776,0.0,0.776,0.5576105944150279,6.904740406320542,33.98574965176797,50,443
204011,MOTOR_ONLY_0.777,0.0,0.777,0.5613921703302392,7.040242976461656,36.82038043082196,50,439
204011,MOTOR_ONLY_0.778,0.0,0.778,0.5608147017409785,7.08939393939394,34.157131572677635,50,440
204011,MOTOR_ONLY_0.779,0.0,0.779,0.5729647104951108,7.3993827160493835,35.855681417559786,50,432
204011,MOTOR_ONLY_0.780,0.0,0.78,0.5835405361425474,7.560839160839161,39.812641653121865,50,429
204011,MOTOR_ONLY_0.781,0.0,0.781,0.5830343009311684,7.5844599844599845,40.602770244154215,50,429
204011,MOTOR_ONLY_0.782,0.0,0.782,0.5789375240285576,7.569612403100775,40.164322014024236,50,430
204011,MOTOR_ONLY_0.783,0.0,0.783,0.5942378019926434,7.960952380952381,39.75815305702176,50,420
204011,MOTOR_ONLY_0.784,0.0,0.784,0.5866818645373707,7.829420970266041,39.62433523695408,50,426
204011,MOTOR_ONLY_0.785,0.0,0.785,0.583542875194798,7.778922716627634,41.34119439349414,50,427
204011,MOTOR_ONLY_0.786,0.0,0.786,0.5751280162736435,7.795764705882353,41.34800968677126,50,425
204011,MOTOR_ONLY_0.787,0.0,0.787,0.5790359386947109,7.898578199052132,41.473382914899545,50,422
204011,MOTOR_ONLY_0.788,0.0,0.788,0.5801680664015598,7.899056603773585,43.330899689952666,50,424
204011,MOTOR_ONLY_0.789,0.0,0.789,0.5805324054211874,7.988337273443656,43.82718379071474,50,423
204011,MOTOR_ONLY_0.790,0.0,0.79,0.5839648474026512,8.1,45.46314168156439,50,420
204011,MOTOR_ONLY_0.791,0.0,0.791,0.5975311762296258,8.439196787148594,46.22927167466682,50,415
204011,MOTOR_ONLY_0.792,0.0,0.792,0.5881163725475446,8.334935897435898,46.039331687534826,50,416
204011,MOTOR_ONLY_0.793,0.0,0.793,0.5942086692547308,8.452243589743588,47.28459763793866,50,416
204011,MOTOR_ONLY_0.794,0.0,0.794,0.5915667105843427,8.555555555555555,47.32366334023166,50,414
204011,MOTOR_ONLY_0.795,0.0,0.795,0.5874299129140801,8.610305958132045,48.10871987410562,50,414
204011,MOTOR_ONLY_0.796,0.0,0.796,0.5881244906303426,8.687154471544716,46.98756901381332,50,410
204011,MOTOR_ONLY_0.797,0.0,0.797,0.5899873861177757,8.748492257538713,48.15911493923879,50,409
204011,MOTOR_ONLY_0.798,0.0,0.798,0.5995332046239654,9.022332506203474,48.12977661193647,50,403
204011,MOTOR_ONLY_0.799,0.0,0.799,0.6003597386005809,9.024979321753515,47.93253087826838,50,403
204011,MOTOR_ONLY_0.800,0.0,0.8,0.6003318467495875,9.000493827160494,47.750796293749936,50,405
204012,SENSORY_SITE_FB,1.0,0.0,0.5888741766712471,4.672640868974881,35.91561179103055,50,491
204012,MOTOR_ONLY_0.700,0.0,0.7,0.4383280242362547,4.025906120023767,27.421466368160512,50,561
204012,MOTOR_ONLY_0.701,0.0,0.701,0.44794377065634666,4.107287933094385,27.3792815005775,50,558
204012,MOTOR_ONLY_0.702,0.0,0.702,0.446318887247811,4.102508960573477,28.89613796992562,50,558
204012,MOTOR_ONLY_0.703,0.0,0.703,0.44619984593725903,4.117352415026834,29.75971634043922,50,559
204012,MOTOR_ONLY_0.704,0.0,0.704,0.4508185257211733,4.133806986382474,31.253012137755853,50,563
204012,MOTOR_ONLY_0.705,0.0,0.705,0.4449451373661888,4.103309692671394,30.7599027388159,50,564
204012,MOTOR_ONLY_0.706,0.0,0.706,0.4452704150943715,4.116814159292035,31.481672297720046,50,565
204012,MOTOR_ONLY_0.707,0.0,0.707,0.4478303881328443,4.142064896755162,31.960149388551976,50,565
204012,MOTOR_ONLY_0.708,0.0,0.708,0.4481538485886758,4.157210401891253,32.065395767613325,50,564
204012,MOTOR_ONLY_0.709,0.0,0.709,0.45146548817643817,4.217081850533807,32.29998745808038,50,562
204012,MOTOR_ONLY_0.710,0.0,0.71,0.45649860392208236,4.265240641711229,31.32373549228248,50,561
204012,MOTOR_ONLY_0.711,0.0,0.711,0.45965048837136646,4.290671420083185,31.412426764204966,50,561
204012,MOTOR_ONLY_0.712,0.0,0.712,0.4597692849995973,4.316815210932858,32.610796627103724,50,561
204012,MOTOR_ONLY_0.713,0.0,0.713,0.46171763633544094,4.342039355992844,32.08914512801155,50,559
204012,MOTOR_ONLY_0.714,0.0,0.714,0.4620995248225285,4.366129994036971,32.30021851186164,50,559
204012,MOTOR_ONLY_0.715,0.0,0.715,0.4666020043010804,4.417235188509874,31.63006256967131,50,557
204012,MOTOR_ONLY_0.716,0.0,0.716,0.46876258559252487,4.420310633213859,31.56469380958391,50,558
204012,MOTOR_ONLY_0.717,0.0,0.717,0.4725813242908,4.429443447037702,31.244079980768937,50,557
204012,MOTOR_ONLY_0.718,0.0,0.718,0.4770824515385209,4.474074074074074,32.57944167357582,50,558
204012,MOTOR_ONLY_0.719,0.0,0.719,0.48692389366181527,4.605686630369026,33.75369005242892,50,551
204012,MOTOR_ONLY_0.720,0.0,0.72,0.49797882492565876,4.716148689823278,33.2734269172611,50,547
204012,MOTOR_ONLY_0.721,0.0,0.721,0.49919169960498583,4.73685488767456,32.547191765533896,50,549
204012,MOTOR_ONLY_0.722,0.0,0.722,0.499201707212946,4.785076452599388,31.62076772340482,50,545
204012,MOTOR_ONLY_0.723,0.0,0.723,0.49071637179641947,4.705939393939394,30.703573901782484,50,550
204012,MOTOR_ONLY_0.724,0.0,0.724,0.496898185040829,4.798778998778999,32.43923312298333,50,546
204012,MOTOR_ONLY_0.725,0.0,0.725,0.5046638766123349,4.852014652014652,31.742662870514003,50,546
204012,MOTOR_ONLY_0.726,0.0,0.726,0.5051746650009065,4.854501216545012,31.726010077848432,50,548
204012,MOTOR_ONLY_0.727,0.0,0.727,0.5042319367151107,4.873857404021938,31.892316262603394,50,547
204012,MOTOR_ONLY_0.728,0.0,0.728,0.49869404907482173,4.8399274047186935,32.709880618593495,50,551
204012,MOTOR_ONLY_0.729,0.0,0.729,0.5155134705319225,4.960291438979963,34.10983367546107,50,549
204012,MOTOR_ONLY_0.730,0.0,0.73,0.518861792525557,4.996478445658773,33.41051296581826,50,549
204012,MOTOR_ONLY_0.731,0.0,0.731,0.5080622891374211,4.906859205776173,34.10406905475194,50,554
204012,MOTOR_ONLY_0.732,0.0,0.732,0.5077811139397493,4.941545893719806,33.56133673734252,50,552
204012,MOTOR_ONLY_0.733,0.0,0.733,0.5114242404378648,5.013479052823315,33.35092635968778,50,549
204012,MOTOR_ONLY_0.734,0.0,0.734,0.5102295156464625,4.957047791893527,34.71930782225661,50,551
204012,MOTOR_ONLY_0.735,0.0,0.735,0.5230788901508098,5.091285801340646,35.817615510589896,50,547
204012,MOTOR_ONLY_0.736,0.0,0.736,0.5251787902275602,5.125382262996942,34.941502861039005,50,545
204012,MOTOR_ONLY_0.737,0.0,0.737,0.5291357622238168,5.204197530864197,35.68675801674367,50,540
204012,MOTOR_ONLY_0.738,0.0,0.738,0.5302693161441843,5.190423572744014,35.19020882091204,50,543
204012,MOTOR_ONLY_0.739,0.0,0.739,0.5234310623547781,5.18769987699877,35.89447829137125,50,542
204012,MOTOR_ONLY_0.740,0.0,0.74,0.5238215762466323,5.219082568807339,36.32192237437889,50,545
204012,MOTOR_ONLY_0.741,0.0,0.741,0.5189277957514158,5.220795107033639,37.62949770423961,50,545
204012,MOTOR_ONLY_0.742,0.0,0.742,0.5220432331113108,5.27935921133703,35.54032845602182,50,541
204012,MOTOR_ONLY_0.743,0.0,0.743,0.5162414540555352,5.337546468401487,37.08789553471281,50,538
204012,MOTOR_ONLY_0.744,0.0,0.744,0.5249594649119086,5.4358208955223875,38.23257653680834,50,536
204012,MOTOR_ONLY_0.745,0.0,0.745,0.5261312314539356,5.458676654182272,37.46255297537096,50,534
204012,MOTOR_ONLY_0.746,0.0,0.746,0.5144116488587314,5.362770562770563,38.52306138900708,50,539
204012,MOTOR_ONLY_0.747,0.0,0.747,0.5167402653413979,5.434932349323493,41.31852004372509,50,542
204012,MOTOR_ONLY_0.748,0.0,0.748,0.5231895675722513,5.61340782122905,43.00966833241692,50,537
204012,MOTOR_ONLY_0.749,0.0,0.749,0.5351604624588076,5.807295597484276,42.954215161371856,50,530
204012,MOTOR_ONLY_0.750,0.0,0.75,0.5406056758873311,5.867422810333964,42.54283874147446,50,529
204012,MOTOR_ONLY_0.751,0.0,0.751,0.5233526449960832,5.709862671660424,41.25113386008249,50,534
204012,MOTOR_ONLY_0.752,0.0,0.752,0.5269738046644277,5.79158819836786,41.613122507138456,50,531
204012,MOTOR_ONLY_0.753,0.0,0.753,0.5313883974329124,5.887666034155598,40.097469065688635,50,527
204012,MOTOR_ONLY_0.754,0.0,0.754,0.5329919371397188,5.976245210727969,41.4489927156398,50,522
204012,MOTOR_ONLY_0.755,0.0,0.755,0.5351375400144469,6.024405908798972,41.498339594755805,50,519
204012,MOTOR_ONLY_0.756,0.0,0.756,0.5347399418883306,6.035452793834296,40.847280493593445,50,519
204012,MOTOR_ONLY_0.757,0.0,0.757,0.5331271985319321,6.049325626204239,40.79055482380898,50,519
204012,MOTOR_ONLY_0.758,0.0,0.758,0.5344513656555988,6.0552344251766215,39.513578248529,50,519
204012,MOTOR_ONLY_0.759,0.0,0.759,0.539688480567169,6.134366925064599,37.6450047980767,50,516
204012,MOTOR_ONLY_0.760,0.0,0.76,0.5506266372648662,6.305620915032679,37.74842310049094,50,510
204012,MOTOR_ONLY_0.761,0.0,0.761,0.5510507536016361,6.3557301899148655,38.78347208483997,50,509
204012,MOTOR_ONLY_0.762,0.0,0.762,0.5368139096745806,6.248958333333333,37.30150357092128,50,512
204012,MOTOR_ONLY_0.763,0.0,0.763,0.535094536317588,6.245792563600783,37.838391290385765,50,511
204012,MOTOR_ONLY_0.764,0.0,0.764,0.533768830287589,6.261988304093567,38.03187416154046,50,513
204012,MOTOR_ONLY_0.765,0.0,0.765,0.5351581795871155,6.281971465629053,38.331879436499534,50,514
204012,MOTOR_ONLY_0.766,0.0,0.766,0.5276513344962703,6.161078998073218,35.75382885068595,50,519
204012,MOTOR_ONLY_0.767,0.0,0.767,0.5348290394686076,6.354609929078014,38.09597320364089,50,517
204012,MOTOR_ONLY_0.768,0.0,0.768,0.5335235024144345,6.410077519379844,39.44267400691977,50,516
204012,MOTOR_ONLY_0.769,0.0,0.769,0.5455965088178364,6.588802083333333,40.68606046675284,50,512
204012,MOTOR_ONLY_0.770,0.0,0.77,0.5463029794617758,6.754761904761905,41.2336109914972,50,504
204012,MOTOR_ONLY_0.771,0.0,0.771,0.5531622935534896,6.8702451954937045,42.55026102859659,50,503
204012,MOTOR_ONLY_0.772,0.0,0.772,0.5552528657353774,6.934131736526947,43.32612479677925,50,501
204012,MOTOR_ONLY_0.773,0.0,0.773,0.5574114326982242,7.0069333333333335,43.256596388149966,50,500
204012,MOTOR_ONLY_0.774,0.0,0.774,0.55600059390065,7.083870967741936,42.07987386217165,50,496
204012,MOTOR_ONLY_0.775,0.0,0.775,0.5614817399922242,7.196251673360107,44.163126780827334,50,498
204012,MOTOR_ONLY_0.776,0.0,0.776,0.5762034105994035,7.480845262440354,47.001634421622676,50,489
204012,MOTOR_ONLY_0.777,0.0,0.777,0.5616366732084217,7.267206477732793,46.8214989137766,50,494
204012,MOTOR_ONLY_0.778,0.0,0.778,0.5690654790610906,7.35103957075788,45.446377405173074,50,497
204012,MOTOR_ONLY_0.779,0.0,0.779,0.5562161554146671,7.314247311827957,43.57410369713191,50,496
204012,MOTOR_ONLY_0.780,0.0,0.78,0.5549108017242149,7.361827956989247,45.06192246522012,50,496
204012,MOTOR_ONLY_0.781,0.0,0.781,0.5639596733877476,7.563340122199593,47.576888259892776,50,491
204012,MOTOR_ONLY_0.782,0.0,0.782,0.5625285478421148,7.579361846571622,48.0610205490739,50,491
204012,MOTOR_ONLY_0.783,0.0,0.783,0.5616018715414398,7.608672086720866,47.54557384831718,50,492
204012,MOTOR_ONLY_0.784,0.0,0.784,0.5613704402432441,7.682409308692676,49.36677651297458,50,487
204012,MOTOR_ONLY_0.785,0.0,0.785,0.5695804955078498,7.863900414937759,50.3869691223428,50,482
204012,MOTOR_ONLY_0.786,0.0,0.786,0.5731751598884983,8.065266106442577,53.66639866245487,50,476
204012,MOTOR_ONLY_0.787,0.0,0.787,0.5677108115678886,7.946276965901182,52.7188882835914,50,479
204012,MOTOR_ONLY_0.788,0.0,0.788,0.5681704203994408,7.99053583855254,49.72197431706146,50,479
204012,MOTOR_ONLY_0.789,0.0,0.789,0.57645109929942,8.12187281621244,50.98315795863635,50,477
204012,MOTOR_ONLY_0.790,0.0,0.79,0.5841796129075995,8.30436005625879,50.34612054577232,50,474
204012,MOTOR_ONLY_0.791,0.0,0.791,0.5866855234051066,8.354807017543859,51.42565346311481,50,475
204012,MOTOR_ONLY_0.792,0.0,0.792,0.597048072237715,8.714061384725197,51.33156354444877,50,467
204012,MOTOR_ONLY_0.793,0.0,0.793,0.6110175798282739,9.193524650478292,54.02830254977747,50,453
204012,MOTOR_ONLY_0.794,0.0,0.794,0.5946858507578049,8.951382823871906,53.055763064854055,50,458
204012,MOTOR_ONLY_0.795,0.0,0.795,0.6152495567460167,9.46607009694258,58.43221947564058,50,447
204012,MOTOR_ONLY_0.796,0.0,0.796,0.6172161158559788,9.536167039522745,61.02611490362321,50,447
204012,MOTOR_ONLY_0.797,0.0,0.797,0.6170565415502205,9.429203539823007,61.09027510936279,50,452
204012,MOTOR_ONLY_0.798,0.0,0.798,0.6270968963491994,9.945151515151515,64.23460736856246,50,440
204012,MOTOR_ONLY_0.799,0.0,0.799,0.630218830769954,10.207716049382716,64.14005978037015,50,432
204012,MOTOR_ONLY_0.800,0.0,0.8,0.6378560204127015,10.572955974842767,68.57612970815995,50,424
204013,SENSORY_SITE_FB,1.0,0.0,0.5411785644582072,4.559567275185937,32.78401009789452,50,493
204013,MOTOR_ONLY_0.700,0.0,0.7,0.4052790430811195,3.7132256134051462,24.97355211475588,50,557
204013,MOTOR_ONLY_0.701,0.0,0.701,0.41584608711086946,3.7841155234657036,25.2664218157754,50,554
204013,MOTOR_ONLY_0.702,0.0,0.702,0.4134245651932051,3.7725631768953067,26.36897395190273,50,554
204013,MOTOR_ONLY_0.703,0.0,0.703,0.4179908024082581,3.8151240169388987,25.489611222453597,50,551
204013,MOTOR_ONLY_0.704,0.0,0.704,0.4213609336930647,3.85525197328476,25.728835145989716,50,549
204013,MOTOR_ONLY_0.705,0.0,0.705,0.4340213763332703,3.9386666666666663,24.857183329723075,50,550
204013,MOTOR_ONLY_0.706,0.0,0.706,0.42818498873311905,3.894054054054054,24.95257334342439,50,555
204013,MOTOR_ONLY_0.707,0.0,0.707,0.42803051367930317,3.882465589467385,25.334143444803885,50,557
204013,MOTOR_ONLY_0.708,0.0,0.708,0.42210002618715436,3.8862604540023895,28.790811737054746,50,558
204013,MOTOR_ONLY_0.709,0.0,0.709,0.41836002971401604,3.8946236559139784,29.47924318994652,50,558
204013,MOTOR_ONLY_0.710,0.0,0.71,0.42770912589833443,3.976130198915009,28.036291681914125,50,553
204013,MOTOR_ONLY_0.711,0.0,0.711,0.4261091075653333,4.009939393939394,30.841274793353268,50,550
204013,MOTOR_ONLY_0.712,0.0,0.712,0.4252386077266276,4.023757575757576,31.237614899153442,50,550
204013,MOTOR_ONLY_0.713,0.0,0.713,0.43209124731758825,4.105006105006105,31.889710437320602,50,546
204013,MOTOR_ONLY_0.714,0.0,0.714,0.431334832305638,4.129908256880734,32.12561624005963,50,545
204013,MOTOR_ONLY_0.715,0.0,0.715,0.43109103332579524,4.140672782874617,30.09803504711187,50,545
204013,MOTOR_ONLY_0.716,0.0,0.716,0.42819838317575654,4.132844036697247,32.12894615748101,50,545
204013,MOTOR_ONLY_0.717,0.0,0.717,0.43138865408841515,4.156617647058823,30.68330734340088,50,544
204013,MOTOR_ONLY_0.718,0.0,0.718,0.4311862936408981,4.1961939840392875,30.713161296165126,50,543
204013,MOTOR_ONLY_0.719,0.0,0.719,0.43489502299966537,4.245510455104551,32.10474633353128,50,542
204013,MOTOR_ONLY_0.720,0.0,0.72,0.4317138887401195,4.23548189073051,32.55147147908459,50,543
204013,MOTOR_ONLY_0.721,0.0,0.721,0.42945395235405115,4.247724477244772,32.74215035193663,50,542
204013,MOTOR_ONLY_0.722,0.0,0.722,0.42927744092629067,4.255125844076121,31.20448532398278,50,543
204013,MOTOR_ONLY_0.723,0.0,0.723,0.4283089858870927,4.249541284403669,32.02992279252774,50,545
204013,MOTOR_ONLY_0.724,0.0,0.724,0.4252445803865028,4.232053625837904,32.877265259486904,50,547
204013,MOTOR_ONLY_0.725,0.0,0.725,0.42974288891516393,4.242579075425791,31.83706258429722,50,548
204013,MOTOR_ONLY_0.726,0.0,0.726,0.43857017920871216,4.323914373088685,32.30460632687759,50,545
204013,MOTOR_ONLY_0.727,0.0,0.727,0.4507117691540718,4.463066418373681,32.27551190132903,50,537
204013,MOTOR_ONLY_0.728,0.0,0.728,0.4507848343980187,4.4604708798017345,32.982564065830076,50,538
204013,MOTOR_ONLY_0.729,0.0,0.729,0.45066714242925293,4.490458488228005,33.04841451724665,50,538
204013,MOTOR_ONLY_0.730,0.0,0.73,0.455943755807209,4.542271880819367,33.77946816929685,50,537
204013,MOTOR_ONLY_0.731,0.0,0.731,0.4527716777529238,4.534322820037105,34.774440116390025,50,539
204013,MOTOR_ONLY_0.732,0.0,0.732,0.4572782132274918,4.595389408099689,34.98368011872547,50,535
204013,MOTOR_ONLY_0.733,0.0,0.733,0.45962883822348055,4.636147592245153,33.46738673050829,50,533
204013,MOTOR_ONLY_0.734,0.0,0.734,0.46904113966476474,4.712531328320802,33.20743931036398,50,532
204013,MOTOR_ONLY_0.735,0.0,0.735,0.47748336579866496,4.781132075471699,32.61297460023045,50,530
204013,MOTOR_ONLY_0.736,0.0,0.736,0.4775903380465389,4.820746363061353,33.017894664427466,50,527
204013,MOTOR_ONLY_0.737,0.0,0.737,0.4775834513994412,4.846984126984127,33.22434646587576,50,525
204013,MOTOR_ONLY_0.738,0.0,0.738,0.47600561730603397,4.875717017208413,33.97116854420303,50,523
204013,MOTOR_ONLY_0.739,0.0,0.739,0.47895163053920836,4.8957460317460315,34.5979744814238,50,525
204013,MOTOR_ONLY_0.740,0.0,0.74,0.4817943540524467,4.9511450381679385,35.65699202223733,50,524
204013,MOTOR_ONLY_0.741,0.0,0.741,0.48242948910407996,4.992734225621415,36.38189244039966,50,523
204013,MOTOR_ONLY_0.742,0.0,0.742,0.4830404037345876,5.016698534098152,35.99542900718431,50,523
204013,MOTOR_ONLY_0.743,0.0,0.743,0.4792430035360822,5.024427480916031,37.490322493194476,50,524
204013,MOTOR_ONLY_0.744,0.0,0.744,0.48498526239964473,5.073550031867431,38.18126353961713,50,523
204013,MOTOR_ONLY_0.745,0.0,0.745,0.4776202420758922,5.073040152963671,39.65885355412633,50,523
204013,MOTOR_ONLY_0.746,0.0,0.746,0.4783446114904552,5.09231746031746,39.80826706389524,50,525
204013,MOTOR_ONLY_0.747,0.0,0.747,0.481045401462457,5.115082382762991,39.89296325348516,50,526
204013,MOTOR_ONLY_0.748,0.0,0.748,0.4759583963797572,5.111533586818758,39.544734484704875,50,526
204013,MOTOR_ONLY_0.749,0.0,0.749,0.4752417214921698,5.159719566602932,40.832602707866215,50,523
204013,MOTOR_ONLY_0.750,0.0,0.75,0.4745741060780056,5.189292543021032,41.10172194389052,50,523
204013,MOTOR_ONLY_0.751,0.0,0.751,0.47980904137381963,5.277394636015326,40.178585868874876,50,522
204013,MOTOR_ONLY_0.752,0.0,0.752,0.48492907393567164,5.29974554707379,39.91079967103057,50,524
204013,MOTOR_ONLY_0.753,0.0,0.753,0.48816020165676927,5.347408829174665,39.06382441488042,50,521
204013,MOTOR_ONLY_0.754,0.0,0.754,0.4818041041084108,5.3009560229445505,38.99095336940571,50,523
204013,MOTOR_ONLY_0.755,0.0,0.755,0.48113972242487874,5.313486005089059,39.42856609370778,50,524
204013,MOTOR_ONLY_0.756,0.0,0.756,0.4936023809845903,5.4091201027617215,41.441759633219725,50,519
204013,MOTOR_ONLY_0.757,0.0,0.757,0.502624901473583,5.5424124513618676,41.26783246585203,50,514
204013,MOTOR_ONLY_0.758,0.0,0.758,0.5040667478066341,5.608333333333333,40.76368593312207,50,512
204013,MOTOR_ONLY_0.759,0.0,0.759,0.5062918164952586,5.7109375,41.659120409134566,50,512
204013,MOTOR_ONLY_0.760,0.0,0.76,0.5133561347633204,5.814538310412574,43.45352312546589,50,509
204013,MOTOR_ONLY_0.761,0.0,0.761,0.5109931698395836,5.8196850393700785,43.06276858045632,50,508
204013,MOTOR_ONLY_0.762,0.0,0.762,0.508735731202791,5.854593175853018,43.41693891752619,50,508
204013,MOTOR_ONLY_0.763,0.0,0.763,0.5102453359055534,5.934785478547854,44.901457003477105,50,505
204013,MOTOR_ONLY_0.764,0.0,0.764,0.5245685086826782,6.148563794255177,42.70417038795104,50,499
204013,MOTOR_ONLY_0.765,0.0,0.765,0.5171593131456598,6.152150537634409,42.664704396569725,50,496
204013,MOTOR_ONLY_0.766,0.0,0.766,0.5169340862356706,6.119171676686706,41.938361472688094,50,499
204013,MOTOR_ONLY_0.767,0.0,0.767,0.522519735122249,6.131466666666666,43.727301534114964,50,500
204013,MOTOR_ONLY_0.768,0.0,0.768,0.5179699471863554,6.107784431137725,42.84835739571135,50,501
204013,MOTOR_ONLY_0.769,0.0,0.769,0.5167408935771484,6.1536,42.86797451855717,50,500
204013,MOTOR_ONLY_0.770,0.0,0.77,0.525834004805026,6.286559139784946,43.55747693626875,50,496
204013,MOTOR_ONLY_0.771,0.0,0.771,0.5180135597064609,6.172595520421607,42.12836569190057,50,506
204013,MOTOR_ONLY_0.772,0.0,0.772,0.5357630541578168,6.426081170991351,41.51088898695492,50,501
204013,MOTOR_ONLY_0.773,0.0,0.773,0.5360200373307411,6.545405767940979,42.20808379468374,50,497
204013,MOTOR_ONLY_0.774,0.0,0.774,0.5428952895120843,6.7040650406504065,44.871809080583354,50,492
204013,MOTOR_ONLY_0.775,0.0,0.775,0.541354512024708,6.745034013605442,45.89350203652295,50,490
204013,MOTOR_ONLY_0.776,0.0,0.776,0.558221266986898,7.0343685300207035,47.97006642790679,50,483
204013,MOTOR_ONLY_0.777,0.0,0.777,0.5447790425232781,6.9095928226363,48.353584136203544,50,483
204013,MOTOR_ONLY_0.778,0.0,0.778,0.5421732366524346,6.979071379071379,49.197068747432446,50,481
204013,MOTOR_ONLY_0.779,0.0,0.779,0.5352355086109148,6.908264462809917,47.96862444335173,50,484
204013,MOTOR_ONLY_0.780,0.0,0.78,0.536149462735673,6.976388888888889,48.13295062505463,50,480
204013,MOTOR_ONLY_0.781,0.0,0.781,0.5402118821104519,7.128291316526611,48.93497782383678,50,476
204013,MOTOR_ONLY_0.782,0.0,0.782,0.5498219690674813,7.30672268907563,50.514353465221745,50,476
204013,MOTOR_ONLY_0.783,0.0,0.783,0.5744590150566679,7.7264218862491,51.67520936372094,50,463
204013,MOTOR_ONLY_0.784,0.0,0.784,0.5663386863793263,7.685137085137085,51.91787472518304,50,462
204013,MOTOR_ONLY_0.785,0.0,0.785,0.566678371874334,7.752795933188089,51.12568857134606,50,459
204013,MOTOR_ONLY_0.786,0.0,0.786,0.5745987166026799,7.853013798111837,50.71206861975181,50,459
204013,MOTOR_ONLY_0.787,0.0,0.787,0.5765351525370519,7.9130561633843906,50.02459069963592,50,457
204013,MOTOR_ONLY_0.788,0.0,0.788,0.5798240869661888,8.175609756097561,52.61859126860134,50,451
204013,MOTOR_ONLY_0.789,0.0,0.789,0.5857567617049144,8.290126206384558,50.30909340445814,50,449
204013,MOTOR_ONLY_0.790,0.0,0.79,0.593245477302438,8.293214019388515,48.71420657415424,50,447
204013,MOTOR_ONLY_0.791,0.0,0.791,0.6008048684674205,8.481565086531226,49.191269976845234,50,443
204013,MOTOR_ONLY_0.792,0.0,0.792,0.6114109731256039,8.851612903225806,52.073109129069735,50,434
204013,MOTOR_ONLY_0.793,0.0,0.793,0.6183535510417755,8.972440338722095,54.89806186997398,50,433
204013,MOTOR_ONLY_0.794,0.0,0.794,0.6185771165469661,9.086374133949192,54.53582759601665,50,433
204013,MOTOR_ONLY_0.795,0.0,0.795,0.6187646862041201,9.127636643571979,53.06212542310064,50,433
204013,MOTOR_ONLY_0.796,0.0,0.796,0.6170659685755268,9.155658198614319,53.89304396865694,50,433
204013,MOTOR_ONLY_0.797,0.0,0.797,0.6184770876587244,9.136245210727969,54.0314248305607,50,435
204013,MOTOR_ONLY_0.798,0.0,0.798,0.6173479257310049,9.131045003813883,53.29441908263939,50,437
204013,MOTOR_ONLY_0.799,0.0,0.799,0.6304374352465473,9.543613707165107,56.480348301722664,50,428
204013,MOTOR_ONLY_0.800,0.0,0.8,0.619525284201874,9.478731631863884,56.47808583695085,50,431
204014,SENSORY_SITE_FB,1.0,0.0,0.5528097876935177,4.208835341365462,35.394259956706954,50,498
204014,MOTOR_ONLY_0.700,0.0,0.7,0.4420341424344435,3.9881761006289307,31.079238184337868,50,530
204014,MOTOR_ONLY_0.701,0.0,0.701,0.4285848621329742,3.94827369742624,28.76895628224337,50,531
204014,MOTOR_ONLY_0.702,0.0,0.702,0.4264554520961438,3.942213883677298,28.977679317276916,50,533
204014,MOTOR_ONLY_0.703,0.0,0.703,0.42934206392659874,3.9631578947368418,29.067587786651828,50,532
204014,MOTOR_ONLY_0.704,0.0,0.704,0.4471577153701252,4.072106261859583,31.911760691733498,50,527
204014,MOTOR_ONLY_0.705,0.0,0.705,0.44243875193189236,4.080455407969639,33.52539247303102,50,527
204014,MOTOR_ONLY_0.706,0.0,0.706,0.4260408887552106,3.9710903426791275,31.9196123798089,50,535
204014,MOTOR_ONLY_0.707,0.0,0.707,0.4330656765267593,4.009719626168224,31.305296346480112,50,535
204014,MOTOR_ONLY_0.708,0.0,0.708,0.43782115003864086,4.071929824561404,32.60230118003115,50,532
204014,MOTOR_ONLY_0.709,0.0,0.709,0.44326816373269445,4.108863920099875,33.80904138772913,50,534
204014,MOTOR_ONLY_0.710,0.0,0.71,0.4404933529982442,4.133083645443196,34.87367651842722,50,534
204014,MOTOR_ONLY_0.711,0.0,0.711,0.44258742369394827,4.1590994371482175,34.83743601613205,50,533
204014,MOTOR_ONLY_0.712,0.0,0.712,0.4421891346773071,4.174937343358396,33.74556869223174,50,532
204014,MOTOR_ONLY_0.713,0.0,0.713,0.4413751747772826,4.1977358490566035,34.58634737467946,50,530
204014,MOTOR_ONLY_0.714,0.0,0.714,0.44827333934429897,4.25050505050505,34.15912618092968,50,528
204014,MOTOR_ONLY_0.715,0.0,0.715,0.4482547169168788,4.27020202020202,34.710733900667265,50,528
204014,MOTOR_ONLY_0.716,0.0,0.716,0.44110253849177294,4.292825396825396,34.216044413128515,50,525
204014,MOTOR_ONLY_0.717,0.0,0.717,0.4496671397804813,4.335868187579214,34.09118827614409,50,526
204014,MOTOR_ONLY_0.718,0.0,0.718,0.45910464302909443,4.433777777777777,37.177051275184745,50,525
204014,MOTOR_ONLY_0.719,0.0,0.719,0.454323690907046,4.401013941698352,36.158855955801954,50,526
204014,MOTOR_ONLY_0.720,0.0,0.72,0.4588714464631936,4.434220532319391,33.19111303784014,50,526
204014,MOTOR_ONLY_0.721,0.0,0.721,0.46747104672044854,4.548205128205128,35.93452883584123,50,520
204014,MOTOR_ONLY_0.722,0.0,0.722,0.47336068197315456,4.578886756238004,35.70977727176045,50,521
204014,MOTOR_ONLY_0.723,0.0,0.723,0.48045772517521096,4.604222648752399,35.64440703201314,50,521
204014,MOTOR_ONLY_0.724,0.0,0.724,0.4685206308000019,4.53944020356234,36.072599541689414,50,524
204014,MOTOR_ONLY_0.725,0.0,0.725,0.4827626613068082,4.634096692111959,36.07464007341549,50,524
204014,MOTOR_ONLY_0.726,0.0,0.726,0.47162344232295994,4.537618147448015,37.29847120022387,50,529
204014,MOTOR_ONLY_0.727,0.0,0.727,0.47028974870620105,4.550976685570259,38.09980967126299,50,529
204014,MOTOR_ONLY_0.728,0.0,0.728,0.46588904152082616,4.515437933207309,36.75140865710085,50,529
204014,MOTOR_ONLY_0.729,0.0,0.729,0.45984939695751265,4.516698172652804,38.077874862355856,50,529
204014,MOTOR_ONLY_0.730,0.0,0.73,0.4580379122257308,4.525267800882167,36.88132435305395,50,529
204014,MOTOR_ONLY_0.731,0.0,0.731,0.45825559166378166,4.548484848484849,36.314373199170866,50,528
204014,MOTOR_ONLY_0.732,0.0,0.732,0.45739456196887246,4.5066167290886385,34.90319445040199,50,534
204014,MOTOR_ONLY_0.733,0.0,0.733,0.467840710954424,4.671203528670447,39.45694388387609,50,529
204014,MOTOR_ONLY_0.734,0.0,0.734,0.46897014772528134,4.708333333333333,39.40596037462503,50,528
204014,MOTOR_ONLY_0.735,0.0,0.735,0.4732156513028662,4.7645793801391525,38.40191904503385,50,527
204014,MOTOR_ONLY_0.736,0.0,0.736,0.4644309433502954,4.699432892249527,36.60593268404181,50,529
204014,MOTOR_ONLY_0.737,0.0,0.737,0.4988287265824925,4.977948717948718,36.683776368438295,50,520
204014,MOTOR_ONLY_0.738,0.0,0.738,0.5022327213578099,5.07312661498708,38.842282715421895,50,516
204014,MOTOR_ONLY_0.739,0.0,0.739,0.49789374188194874,5.032629558541267,39.78475210836323,50,521
204014,MOTOR_ONLY_0.740,0.0,0.74,0.5091227099874647,5.106923076923077,39.73487724367703,50,520
204014,MOTOR_ONLY_0.741,0.0,0.741,0.5100179272324782,5.125271912987844,38.72659852611335,50,521
204014,MOTOR_ONLY_0.742,0.0,0.742,0.5089765127662121,5.147948717948718,38.61985106194719,50,520
204014,MOTOR_ONLY_0.743,0.0,0.743,0.5169289656536435,5.235847840103159,37.49789821025329,50,517
204014,MOTOR_ONLY_0.744,0.0,0.744,0.5203397707451385,5.313398058252427,36.490504091523164,50,515
204014,MOTOR_ONLY_0.745,0.0,0.745,0.5165570239439364,5.295495495495496,36.95099048953933,50,518
204014,MOTOR_ONLY_0.746,0.0,0.746,0.5159344221007689,5.299678869621066,37.26734607736998,50,519
204014,MOTOR_ONLY_0.747,0.0,0.747,0.5118091591827898,5.3043031470777136,37.92569152044509,50,519
204014,MOTOR_ONLY_0.748,0.0,0.748,0.5112122961222978,5.353009708737864,38.4592061710516,50,515
204014,MOTOR_ONLY_0.749,0.0,0.749,0.5094559199500422,5.366731391585761,39.443162951483295,50,515
204014,MOTOR_ONLY_0.750,0.0,0.75,0.50359075431819,5.366086395873629,39.51648984116677,50,517
204014,MOTOR_ONLY_0.751,0.0,0.751,0.5110727519380981,5.5239215686274505,40.48117265646845,50,510
204014,MOTOR_ONLY_0.752,0.0,0.752,0.5080500917140301,5.53989501312336,39.87539281681059,50,508
204014,MOTOR_ONLY_0.753,0.0,0.753,0.5073364398722068,5.589459815546772,42.756231154683945,50,506
204014,MOTOR_ONLY_0.754,0.0,0.754,0.5158342110396245,5.644707429322813,43.01188038845826,50,507
204014,MOTOR_ONLY_0.755,0.0,0.755,0.5223820645755648,5.729629629629629,43.856285867065026,50,504
204014,MOTOR_ONLY_0.756,0.0,0.756,0.5311805640168751,5.804108681245857,42.75352705382193,50,503
204014,MOTOR_ONLY_0.757,0.0,0.757,0.5304090912730556,5.823451910408433,42.69608897753333,50,506
204014,MOTOR_ONLY_0.758,0.0,0.758,0.530080948818691,5.897945659377071,41.93082326103672,50,503
204014,MOTOR_ONLY_0.759,0.0,0.759,0.5305655722972227,5.957950765136394,44.62591976978894,50,501
204014,MOTOR_ONLY_0.760,0.0,0.76,0.5367034802859848,6.1190572390572395,45.10398441756281,50,495
204014,MOTOR_ONLY_0.761,0.0,0.761,0.5448394223854438,6.237457741717376,46.302523096131544,50,493
204014,MOTOR_ONLY_0.762,0.0,0.762,0.5531266594103076,6.345960624575696,45.496326776232415,50,491
204014,MOTOR_ONLY_0.763,0.0,0.763,0.548130177229014,6.4,47.783045573863454,50,485
204014,MOTOR_ONLY_0.764,0.0,0.764,0.5440823732448011,6.418852459016393,44.28138092002646,50,488
204014,MOTOR_ONLY_0.765,0.0,0.765,0.5455857967807114,6.517079889807163,43.8426371257954,50,484
204014,MOTOR_ONLY_0.766,0.0,0.766,0.5444383942901918,6.5168724279835395,42.845324322043886,50,486
204014,MOTOR_ONLY_0.767,0.0,0.767,0.5427934820175349,6.509016393442623,41.99133847008241,50,488
204014,MOTOR_ONLY_0.768,0.0,0.768,0.5542210819225243,6.66694214876033,42.62066340707639,50,484
204014,MOTOR_ONLY_0.769,0.0,0.769,0.561257515850382,6.731538992408558,43.31381276205161,50,483
204014,MOTOR_ONLY_0.770,0.0,0.77,0.5576742932697326,6.767425810904072,43.65137268812016,50,483
204014,MOTOR_ONLY_0.771,0.0,0.771,0.5610069370469802,6.807697594501718,44.78865680722805,50,485
204014,MOTOR_ONLY_0.772,0.0,0.772,0.561307973285437,6.826941580756014,45.181919418088064,50,485
204014,MOTOR_ONLY_0.773,0.0,0.773,0.5636046115167955,6.904899930986887,44.36541219064578,50,483
204014,MOTOR_ONLY_0.774,0.0,0.774,0.5676516214715633,7.075087719298245,44.705392147840776,50,475
204014,MOTOR_ONLY_0.775,0.0,0.775,0.566302868284254,7.127272727272727,45.45649071581091,50,473
204014,MOTOR_ONLY_0.776,0.0,0.776,0.5732676974198854,7.268223637650389,45.74323081139309,50,471
204014,MOTOR_ONLY_0.777,0.0,0.777,0.5789511418953226,7.444587813620072,45.2478577598067,50,465
204014,MOTOR_ONLY_0.778,0.0,0.778,0.580857255985343,7.510822510822511,46.46531293875128,50,462
204014,MOTOR_ONLY_0.779,0.0,0.779,0.5716699029112592,7.404710920770878,45.16072727451211,50,467
204014,MOTOR_ONLY_0.780,0.0,0.78,0.567637435782233,7.397138769670959,46.01061601032603,50,466
204014,MOTOR_ONLY_0.781,0.0,0.781,0.572592337322736,7.473850574712643,46.15400908311407,50,464
204014,MOTOR_ONLY_0.782,0.0,0.782,0.5651434318730145,7.3880341880341875,46.45236498859959,50,468
204014,MOTOR_ONLY_0.783,0.0,0.783,0.5647310062970495,7.344890768146582,49.95222341347287,50,473
204014,MOTOR_ONLY_0.784,0.0,0.784,0.5620457875754332,7.329122807017543,46.74651141564317,50,475
204014,MOTOR_ONLY_0.785,0.0,0.785,0.5636104044166378,7.457304964539007,47.76347851830357,50,470
204014,MOTOR_ONLY_0.786,0.0,0.786,0.5756785906709908,7.6976445396145605,48.11675637979504,50,467
204014,MOTOR_ONLY_0.787,0.0,0.787,0.5814011915726424,7.797287651677372,49.09374725586918,50,467
204014,MOTOR_ONLY_0.788,0.0,0.788,0.5849635600157943,7.975126536514823,47.01496234993845,50,461
204014,MOTOR_ONLY_0.789,0.0,0.789,0.5925104106684299,8.126346433770015,48.78403236959618,50,458
204014,MOTOR_ONLY_0.790,0.0,0.79,0.5903805265650178,8.121106259097525,47.33663596974043,50,458
204014,MOTOR_ONLY_0.791,0.0,0.791,0.58434567878229,8.076978939724038,48.9952586215782,50,459
204014,MOTOR_ONLY_0.792,0.0,0.792,0.5838417691706194,8.10684133915575,47.26946143236016,50,458
204014,MOTOR_ONLY_0.793,0.0,0.793,0.5855408735061827,8.129275362318841,48.49602895371636,50,460
204014,MOTOR_ONLY_0.794,0.0,0.794,0.5879477014896216,8.136213102951764,48.51919870896543,50,463
204014,MOTOR_ONLY_0.795,0.0,0.795,0.5994450683296267,8.416117216117216,49.38018633537703,50,455
204014,MOTOR_ONLY_0.796,0.0,0.796,0.5970564374568592,8.513864306784662,51.07464038011854,50,452
204014,MOTOR_ONLY_0.797,0.0,0.797,0.598539279079584,8.675,51.69399821035441,50,448
204014,MOTOR_ONLY_0.798,0.0,0.798,0.5944196631286772,8.737677902621723,51.69771511873583,50,445
204014,MOTOR_ONLY_0.799,0.0,0.799,0.5926887591113318,8.770403587443946,52.89103086990775,50,446
204014,MOTOR_ONLY_0.800,0.0,0.8,0.59200394939516,8.864864864864865,54.06177385163438,50,444
204015,SENSORY_SITE_FB,1.0,0.0,0.5995758512363277,4.981086519114688,44.49410982514419,50,497
204015,MOTOR_ONLY_0.700,0.0,0.7,0.4616922954676473,4.1063228974831185,36.97311930613959,50,543
204015,MOTOR_ONLY_0.701,0.0,0.701,0.4631819239707872,4.15502156500308,37.43810971152116,50,541
204015,MOTOR_ONLY_0.702,0.0,0.702,0.465064523352726,4.18,37.111342558151414,50,540
204015,MOTOR_ONLY_0.703,0.0,0.703,0.46884197623845353,4.192592592592592,35.868860664698815,50,540
204015,MOTOR_ONLY_0.704,0.0,0.704,0.47171710355201313,4.230123456790123,36.36859836878958,50,540
204015,MOTOR_ONLY_0.705,0.0,0.705,0.4728351982828497,4.263203463203463,35.548851077169815,50,539
204015,MOTOR_ONLY_0.706,0.0,0.706,0.4847519307463701,4.3517412935323385,34.01950258371366,50,536
204015,MOTOR_ONLY_0.707,0.0,0.707,0.4837832516335611,4.388764044943819,33.43888330938103,50,534
204015,MOTOR_ONLY_0.708,0.0,0.708,0.4885405642867651,4.435087719298245,34.10049703107764,50,532
204015,MOTOR_ONLY_0.709,0.0,0.709,0.4866278027599916,4.416791979949875,34.26875109763683,50,532
204015,MOTOR_ONLY_0.710,0.0,0.71,0.4866908754163482,4.475723270440252,34.51425401056374,50,530
204015,MOTOR_ONLY_0.711,0.0,0.711,0.4853463614182352,4.494517958412098,34.67430173640411,50,529
204015,MOTOR_ONLY_0.712,0.0,0.712,0.4830325586713783,4.495849056603774,35.28285724218902,50,530
204015,MOTOR_ONLY_0.713,0.0,0.713,0.48181717414290764,4.494987468671679,35.92126836200926,50,532
204015,MOTOR_ONLY_0.714,0.0,0.714,0.4810100190136837,4.507268170426065,36.52324994488659,50,532
204015,MOTOR_ONLY_0.715,0.0,0.715,0.4856741751503205,4.539076154806492,35.352815352301654,50,534
204015,MOTOR_ONLY_0.716,0.0,0.716,0.4837918862075968,4.557303370786516,36.178421677028716,50,534
204015,MOTOR_ONLY_0.717,0.0,0.717,0.48895805133066894,4.630759573132455,35.95579535930962,50,531
204015,MOTOR_ONLY_0.718,0.0,0.718,0.4866271208331159,4.664902331442974,36.68268170873624,50,529
204015,MOTOR_ONLY_0.719,0.0,0.719,0.4851140769836235,4.631328320802004,36.27081788115172,50,532
204015,MOTOR_ONLY_0.720,0.0,0.72,0.4837750917984669,4.65811320754717,36.72011490175181,50,530
204015,MOTOR_ONLY_0.721,0.0,0.721,0.4883308706313338,4.704364326375711,37.57765133561284,50,527
204015,MOTOR_ONLY_0.722,0.0,0.722,0.48751228344379,4.7343511450381675,39.8074604053551,50,524
204015,MOTOR_ONLY_0.723,0.0,0.723,0.490443308693649,4.733712839974699,40.233609864608994,50,527
204015,MOTOR_ONLY_0.724,0.0,0.724,0.505423518945505,4.842424242424243,41.11933686807356,50,528
204015,MOTOR_ONLY_0.725,0.0,0.725,0.5038864658717154,4.862878787878787,41.3286395506137,50,528
204015,MOTOR_ONLY_0.726,0.0,0.726,0.5054855199287644,4.891414141414142,41.26760862616182,50,528
204015,MOTOR_ONLY_0.727,0.0,0.727,0.5072593709188852,4.936882129277566,40.753486804202154,50,526
204015,MOTOR_ONLY_0.728,0.0,0.728,0.5128791305225133,5.0,42.37904696511057,50,524
204015,MOTOR_ONLY_0.729,0.0,0.729,0.5187785745291881,5.082697201017812,41.24649129455754,50,524
204015,MOTOR_ONLY_0.730,0.0,0.73,0.5190942998716167,5.1034482758620685,39.81105407143082,50,522
204015,MOTOR_ONLY_0.731,0.0,0.731,0.517195385199146,5.131034482758621,44.563863531300974,50,522
204015,MOTOR_ONLY_0.732,0.0,0.732,0.5108262629832835,5.0724857685009495,44.770689872733655,50,527
204015,MOTOR_ONLY_0.733,0.0,0.733,0.508915704607337,5.118066157760814,43.31410681580873,50,524
204015,MOTOR_ONLY_0.734,0.0,0.734,0.5074067397114084,5.151051625239006,42.61906841317013,50,523
204015,MOTOR_ONLY_0.735,0.0,0.735,0.5115893423068316,5.184507936507937,44.00899284910472,50,525
204015,MOTOR_ONLY_0.736,0.0,0.736,0.5112060129344796,5.221882951653944,43.860975816005336,50,524
204015,MOTOR_ONLY_0.737,0.0,0.737,0.5090372519428157,5.231552162849872,44.79615714935217,50,524
204015,MOTOR_ONLY_0.738,0.0,0.738,0.5231247375556856,5.363963963963964,45.298649070482696,50,518
204015,MOTOR_ONLY_0.739,0.0,0.739,0.5226924349289055,5.335128205128205,41.4196193818995,50,520
204015,MOTOR_ONLY_0.740,0.0,0.74,0.5191326987508307,5.364675658317277,42.39636377039658,50,519
204015,MOTOR_ONLY_0.741,0.0,0.741,0.5151138535458132,5.36087516087516,42.46205039627927,50,518
204015,MOTOR_ONLY_0.742,0.0,0.742,0.5181910897425276,5.479947916666666,43.510567898651054,50,512
204015,MOTOR_ONLY_0.743,0.0,0.743,0.5205974176434025,5.5149380300065225,44.02049274154452,50,511
204015,MOTOR_ONLY_0.744,0.0,0.744,0.5219851917394575,5.581510416666666,45.37773146430193,50,512
204015,MOTOR_ONLY_0.745,0.0,0.745,0.5279526506425607,5.672822527832351,47.03547140734993,50,509
204015,MOTOR_ONLY_0.746,0.0,0.746,0.5321239594961863,5.7243918474687705,46.696426474141674,50,507
204015,MOTOR_ONLY_0.747,0.0,0.747,0.5274992081788463,5.734123847167325,43.971920817938134,50,506
204015,MOTOR_ONLY_0.748,0.0,0.748,0.5354559322488979,5.869061876247505,44.33142677676753,50,501
204015,MOTOR_ONLY_0.749,0.0,0.749,0.5307147401509463,5.860823373173971,43.847761102830994,50,502
204015,MOTOR_ONLY_0.750,0.0,0.75,0.5433827453547635,6.0359281437125745,46.005953336297004,50,501
204015,MOTOR_ONLY_0.751,0.0,0.751,0.54944909101883,6.146158984635938,46.77513144376424,50,499
204015,MOTOR_ONLY_0.752,0.0,0.752,0.5564753542976383,6.251106639839034,47.17957102301603,50,497
204015,MOTOR_ONLY_0.753,0.0,0.753,0.557314974179527,6.356363636363636,46.733694386874056,50,495
204015,MOTOR_ONLY_0.754,0.0,0.754,0.554751833879792,6.357268424611224,48.50759529642092,50,493
204015,MOTOR_ONLY_0.755,0.0,0.755,0.5569572929436868,6.405409060175795,47.998725070050114,50,493
204015,MOTOR_ONLY_0.756,0.0,0.756,0.569522356660304,6.592832995267073,50.933352869717275,50,493
204015,MOTOR_ONLY_0.757,0.0,0.757,0.5734067251521462,6.639191919191919,52.74604397939333,50,495
204015,MOTOR_ONLY_0.758,0.0,0.758,0.5695312417830538,6.657994579945799,50.250777906340055,50,492
204015,MOTOR_ONLY_0.759,0.0,0.759,0.5694302115228594,6.727619047619047,49.307799387354024,50,490
204015,MOTOR_ONLY_0.760,0.0,0.76,0.5674876372220853,6.715447154471545,48.6796774934787,50,492
204015,MOTOR_ONLY_0.761,0.0,0.761,0.5643797844586065,6.735641547861507,49.59381328885442,50,491
204015,MOTOR_ONLY_0.762,0.0,0.762,0.5658360474747085,6.756186612576064,50.407089498972795,50,493
204015,MOTOR_ONLY_0.763,0.0,0.763,0.5671465807899203,6.773872053872054,50.436149359688905,50,495
204015,MOTOR_ONLY_0.764,0.0,0.764,0.5709981583330895,6.818279569892473,48.596797851105265,50,496
204015,MOTOR_ONLY_0.765,0.0,0.765,0.5695537041774792,6.807733333333333,48.95678302920665,50,500
204015,MOTOR_ONLY_0.766,0.0,0.766,0.5659518334490322,6.804040404040404,48.9018647897836,50,495
204015,MOTOR_ONLY_0.767,0.0,0.767,0.5588039279978245,6.79055330634278,50.26710254559053,50,494
204015,MOTOR_ONLY_0.768,0.0,0.768,0.5596884282259098,6.834417344173442,49.454127890524305,50,492
204015,MOTOR_ONLY_0.769,0.0,0.769,0.561836410495306,6.929795918367347,50.63337813922185,50,490
204015,MOTOR_ONLY_0.770,0.0,0.77,0.5647986136361689,7.0139344262295085,51.334580336202364,50,488
204015,MOTOR_ONLY_0.771,0.0,0.771,0.5582837369259165,6.98077709611452,52.62748142718598,50,489
204015,MOTOR_ONLY_0.772,0.0,0.772,0.5659142394884342,7.134705075445816,51.661767947974504,50,486
204015,MOTOR_ONLY_0.773,0.0,0.773,0.5618411101578804,7.159228650137741,50.152955584672355,50,484
204015,MOTOR_ONLY_0.774,0.0,0.774,0.5740713407916267,7.3527373527373525,51.7645722102088,50,481
204015,MOTOR_ONLY_0.775,0.0,0.775,0.5724848520326795,7.371189979123173,51.193467869014455,50,479
204015,MOTOR_ONLY_0.776,0.0,0.776,0.5697518106012907,7.281327800829875,50.348846226780736,50,482
204015,MOTOR_ONLY_0.777,0.0,0.777,0.5694831626230858,7.314799446749654,50.23891583617209,50,482
204015,MOTOR_ONLY_0.778,0.0,0.778,0.57116228330738,7.432777777777777,50.37041062062369,50,480
204015,MOTOR_ONLY_0.779,0.0,0.779,0.5726459406836384,7.510644257703081,53.13479370756357,50,476
204015,MOTOR_ONLY_0.780,0.0,0.78,0.5814812603288383,7.762429378531073,54.162935309104604,50,472
204015,MOTOR_ONLY_0.781,0.0,0.781,0.585064047871263,7.854210898796886,56.78642158062985,50,471
204015,MOTOR_ONLY_0.782,0.0,0.782,0.5840327169461588,7.901994301994303,57.75066709638024,50,468
204015,MOTOR_ONLY_0.783,0.0,0.783,0.5943516042431124,8.089462365591398,60.91917812923195,50,465
204015,MOTOR_ONLY_0.784,0.0,0.784,0.5925071531848379,7.96687898089172,58.6743773158531,50,471
204015,MOTOR_ONLY_0.785,0.0,0.785,0.5906741989491097,7.973163841807909,58.8100056265859,50,472
204015,MOTOR_ONLY_0.786,0.0,0.786,0.5943315418406228,8.063977353149328,58.51330563633708,50,471
204015,MOTOR_ONLY_0.787,0.0,0.787,0.6064973206955275,8.326623840114204,61.6367300400967,50,467
204015,MOTOR_ONLY_0.788,0.0,0.788,0.6150916486107336,8.51306209850107,60.92520768981421,50,467
204015,MOTOR_ONLY_0.789,0.0,0.789,0.6150653272901412,8.536200716845878,61.453498817718064,50,465
204015,MOTOR_ONLY_0.790,0.0,0.79,0.6201774257185447,8.598422939068099,61.38761707856363,50,465
204015,MOTOR_ONLY_0.791,0.0,0.791,0.6399342568917226,9.089330389992643,63.55617156556923,50,453
204015,MOTOR_ONLY_0.792,0.0,0.792,0.6315173324462194,9.093805309734513,64.16426101649904,50,452
204015,MOTOR_ONLY_0.793,0.0,0.793,0.6442613170062874,9.598477929984778,66.5795374384688,50,438
204015,MOTOR_ONLY_0.794,0.0,0.794,0.6377275160813277,9.596628352490422,65.72496774131696,50,435
204015,MOTOR_ONLY_0.795,0.0,0.795,0.6435286044361639,9.862937062937062,66.0706804416898,50,429
204015,MOTOR_ONLY_0.796,0.0,0.796,0.64849042310121,10.032863849765258,66.70644001214328,50,426
204015,MOTOR_ONLY_0.797,0.0,0.797,0.6504322518016116,9.933950617283951,65.75371860978795,50,432
204015,MOTOR_ONLY_0.798,0.0,0.798,0.6537818759001867,10.107165109034268,67.39043952249284,50,428
204015,MOTOR_ONLY_0.799,0.0,0.799,0.652677264675614,10.244757433489829,69.10156503169918,50,426
204015,MOTOR_ONLY_0.800,0.0,0.8,0.6489701356691221,10.221600621600622,69.7315053162875,50,429
204016,SENSORY_SITE_FB,1.0,0.0,0.5821789943096101,4.55861610113107,45.8537289298291,50,501
204016,MOTOR_ONLY_0.700,0.0,0.7,0.42778159194536575,3.9156862745098038,31.68678584674037,50,544
204016,MOTOR_ONLY_0.701,0.0,0.701,0.433352196195391,3.9731857318573187,32.81380392876566,50,542
204016,MOTOR_ONLY_0.702,0.0,0.702,0.4293920384744291,3.949416820135052,32.658547134492466,50,543
204016,MOTOR_ONLY_0.703,0.0,0.703,0.4318073578275349,3.9669117647058822,32.324444476470624,50,544
204016,MOTOR_ONLY_0.704,0.0,0.704,0.42810917156532025,3.9439755351681955,32.19344429599404,50,545
204016,MOTOR_ONLY_0.705,0.0,0.705,0.42726388129758786,3.9590686274509803,31.568196552297245,50,544
204016,MOTOR_ONLY_0.706,0.0,0.706,0.42666437463092144,3.98841651263093,31.823326276008025,50,541
204016,MOTOR_ONLY_0.707,0.0,0.707,0.42563888011116824,3.9923739237392373,31.1811357174476,50,542
204016,MOTOR_ONLY_0.708,0.0,0.708,0.43151442220162056,4.025537139349294,31.234742519771142,50,543
204016,MOTOR_ONLY_0.709,0.0,0.709,0.44207811330651764,4.123933209647495,30.911366099280805,50,539
204016,MOTOR_ONLY_0.710,0.0,0.71,0.4379488540315316,4.12987012987013,30.622338238290954,50,539
204016,MOTOR_ONLY_0.711,0.0,0.711,0.4427178411128003,4.152875695732838,31.96489974208154,50,539
204016,MOTOR_ONLY_0.712,0.0,0.712,0.43899288847994544,4.128376703841388,30.91728397588252,50,538
204016,MOTOR_ONLY_0.713,0.0,0.713,0.44462379544691405,4.174282147315855,31.55879776207797,50,534
204016,MOTOR_ONLY_0.714,0.0,0.714,0.44696814520679246,4.203995006242197,31.541568596402143,50,534
204016,MOTOR_ONLY_0.715,0.0,0.715,0.4409920538040233,4.115737298636927,31.48293460541837,50,538
204016,MOTOR_ONLY_0.716,0.0,0.716,0.4402298779506584,4.134324659231722,30.260797722025,50,538
204016,MOTOR_ONLY_0.717,0.0,0.717,0.4379390069471465,4.130364873222016,29.983186706251427,50,539
204016,MOTOR_ONLY_0.718,0.0,0.718,0.4385970367385137,4.138765432098765,29.71157640065285,50,540
204016,MOTOR_ONLY_0.719,0.0,0.719,0.4433791384909061,4.168094351334575,30.997384067479057,50,537
204016,MOTOR_ONLY_0.720,0.0,0.72,0.44342776312478605,4.1941651148355055,31.228018669948984,50,537
204016,MOTOR_ONLY_0.721,0.0,0.721,0.44353673816144784,4.22363184079602,31.71290902949439,50,536
204016,MOTOR_ONLY_0.722,0.0,0.722,0.4552442619381491,4.353535353535353,32.84853494090351,50,528
204016,MOTOR_ONLY_0.723,0.0,0.723,0.4629350108448183,4.4256020278833965,33.842347730554046,50,526
204016,MOTOR_ONLY_0.724,0.0,0.724,0.4639406514333683,4.453231939163499,34.79732102646651,50,526
204016,MOTOR_ONLY_0.725,0.0,0.725,0.4695933218443046,4.515555555555555,36.06722833723148,50,525
204016,MOTOR_ONLY_0.726,0.0,0.726,0.47078232379181734,4.593129770992366,35.46625741622776,50,524
204016,MOTOR_ONLY_0.727,0.0,0.727,0.4722086382462803,4.611344805608668,35.65312776235984,50,523
204016,MOTOR_ONLY_0.728,0.0,0.728,0.47317040054338133,4.670520231213873,36.04413545073561,50,519
204016,MOTOR_ONLY_0.729,0.0,0.729,0.4966100614725166,4.821405544809799,37.316524410173905,50,517
204016,MOTOR_ONLY_0.730,0.0,0.73,0.4962797044560981,4.821621621621621,36.5307451949964,50,518
204016,MOTOR_ONLY_0.731,0.0,0.731,0.49397554676330185,4.889322916666667,37.39348448395225,50,512
204016,MOTOR_ONLY_0.732,0.0,0.732,0.49726185672264067,4.905577172503243,35.839821757039886,50,514
204016,MOTOR_ONLY_0.733,0.0,0.733,0.48263345969499866,4.8440129449838185,35.83709547184655,50,515
204016,MOTOR_ONLY_0.734,0.0,0.734,0.4878594439201724,4.887249190938511,36.25329381495566,50,515
204016,MOTOR_ONLY_0.735,0.0,0.735,0.4914535690570816,4.919093851132686,37.53672156048006,50,515
204016,MOTOR_ONLY_0.736,0.0,0.736,0.49050646752182603,4.935922330097087,37.2235163717568,50,515
204016,MOTOR_ONLY_0.737,0.0,0.737,0.4858393276077713,4.882368082368082,36.85861375791822,50,518
204016,MOTOR_ONLY_0.738,0.0,0.738,0.4885376767751084,4.919460500963392,37.11778604899453,50,519
204016,MOTOR_ONLY_0.739,0.0,0.739,0.48815129617645264,4.940025740025741,36.67879068275698,50,518
204016,MOTOR_ONLY_0.740,0.0,0.74,0.4948135019546031,5.020245003223726,37.576169448182426,50,517
204016,MOTOR_ONLY_0.741,0.0,0.741,0.4944009180919251,5.09083820662768,39.712104718691705,50,513
204016,MOTOR_ONLY_0.742,0.0,0.742,0.5001673597447849,5.1934512115258675,38.47667982260808,50,509
204016,MOTOR_ONLY_0.743,0.0,0.743,0.5045648551817632,5.209375,37.754741011041695,50,512
204016,MOTOR_ONLY_0.744,0.0,0.744,0.5050750623521656,5.271409749670619,38.501092803256995,50,506
204016,MOTOR_ONLY_0.745,0.0,0.745,0.5017054746919263,5.235294117647059,38.16178438391575,50,510
204016,MOTOR_ONLY_0.746,0.0,0.746,0.5064549346185953,5.302423051735429,38.769166135662516,50,509
204016,MOTOR_ONLY_0.747,0.0,0.747,0.5068196268894374,5.30483660130719,38.66884592726729,50,510
204016,MOTOR_ONLY_0.748,0.0,0.748,0.5078618721749066,5.308806262230919,37.948236769046595,50,511
204016,MOTOR_ONLY_0.749,0.0,0.749,0.5110566376325881,5.37045751633987,38.82274899658547,50,510
204016,MOTOR_ONLY_0.750,0.0,0.75,0.509774816049062,5.428007889546351,39.75162112169437,50,507
204016,MOTOR_ONLY_0.751,0.0,0.751,0.5147392973273511,5.472452333990795,39.58083373238554,50,507
204016,MOTOR_ONLY_0.752,0.0,0.752,0.5166714172448489,5.488451443569554,40.07002312012201,50,508
204016,MOTOR_ONLY_0.753,0.0,0.753,0.5245604352796451,5.537516339869281,41.003940694376645,50,510
204016,MOTOR_ONLY_0.754,0.0,0.754,0.527308057803228,5.588188976377952,39.84282221697341,50,508
204016,MOTOR_ONLY_0.755,0.0,0.755,0.5309952994092892,5.678679867986799,41.29639589734733,50,505
204016,MOTOR_ONLY_0.756,0.0,0.756,0.5387301622054926,5.742292490118577,42.73234722300363,50,506
204016,MOTOR_ONLY_0.757,0.0,0.757,0.5463975727559844,5.900731869594145,43.46828035001164,50,501
204016,MOTOR_ONLY_0.758,0.0,0.758,0.5403386419869055,5.903466666666667,43.43280691155981,50,500
204016,MOTOR_ONLY_0.759,0.0,0.759,0.5411365615090309,5.954929577464788,44.34053461421864,50,497
204016,MOTOR_ONLY_0.760,0.0,0.76,0.54305748783246,6.041750841750842,47.4352343239816,50,495
204016,MOTOR_ONLY_0.761,0.0,0.761,0.5615591654230622,6.252429842573579,48.67352129097347,50,487
204016,MOTOR_ONLY_0.762,0.0,0.762,0.5533580236061443,6.2024691358024695,49.042170203803664,50,486
204016,MOTOR_ONLY_0.763,0.0,0.763,0.5510755319392607,6.204243668720054,49.15877093506612,50,487
204016,MOTOR_ONLY_0.764,0.0,0.764,0.5532780910188543,6.240710382513661,49.155667121890374,50,488
204016,MOTOR_ONLY_0.765,0.0,0.765,0.5600933412801741,6.389764868603042,49.337501141920995,50,482
204016,MOTOR_ONLY_0.766,0.0,0.766,0.5524593355763847,6.302702702702703,48.476213006560094,50,481
204016,MOTOR_ONLY_0.767,0.0,0.767,0.5603176503806766,6.53109713487072,48.12161586992257,50,477
204016,MOTOR_ONLY_0.768,0.0,0.768,0.554042303594563,6.571428571428571,48.8860969485788,50,476
204016,MOTOR_ONLY_0.769,0.0,0.769,0.5568818849994788,6.580013976240392,49.076946146934326,50,477
204016,MOTOR_ONLY_0.770,0.0,0.77,0.560516528872475,6.688235294117647,48.85908263280844,50,476
204016,MOTOR_ONLY_0.771,0.0,0.771,0.5615855695812921,6.680672268907562,47.02453880366734,50,476
204016,MOTOR_ONLY_0.772,0.0,0.772,0.56279723523864,6.711764705882352,48.18688773995657,50,476
204016,MOTOR_ONLY_0.773,0.0,0.773,0.5609704034310495,6.697478991596639,49.020607796713335,50,476
204016,MOTOR_ONLY_0.774,0.0,0.774,0.5613391579977631,6.737122807017544,46.87785108236758,50,475
204016,MOTOR_ONLY_0.775,0.0,0.775,0.5647038891579547,6.780153738644304,49.70611154974549,50,477
204016,MOTOR_ONLY_0.776,0.0,0.776,0.5643065577363661,6.819804741980474,51.1107548769346,50,478
204016,MOTOR_ONLY_0.777,0.0,0.777,0.5664812154625817,6.891125087351502,52.603324483427684,50,477
204016,MOTOR_ONLY_0.778,0.0,0.778,0.5690526975489936,7.004651162790697,53.728563061936036,50,473
204016,MOTOR_ONLY_0.779,0.0,0.779,0.5734249526070962,7.074858757062147,54.626603796768705,50,472
204016,MOTOR_ONLY_0.780,0.0,0.78,0.5725139849845449,7.0954802259887,52.65983492327779,50,472
204016,MOTOR_ONLY_0.781,0.0,0.781,0.5705323645726743,7.127683615819209,51.93342005833048,50,472
204016,MOTOR_ONLY_0.782,0.0,0.782,0.5747785616789044,7.306723891273248,52.05243543974556,50,466
204016,MOTOR_ONLY_0.783,0.0,0.783,0.5786031227741963,7.403448275862068,49.372841709333535,50,464
204016,MOTOR_ONLY_0.784,0.0,0.784,0.5761121207578955,7.399713876967096,50.25514731243964,50,466
204016,MOTOR_ONLY_0.785,0.0,0.785,0.5819752481400808,7.505422993492408,49.544215145177105,50,461
204016,MOTOR_ONLY_0.786,0.0,0.786,0.6001724123420992,8.033333333333333,50.995298195752504,50,452
204016,MOTOR_ONLY_0.787,0.0,0.787,0.6018000478801488,8.089578713968958,50.0267641772935,50,451
204016,MOTOR_ONLY_0.788,0.0,0.788,0.5980684119229287,8.108795269770878,50.34274325681503,50,451
204016,MOTOR_ONLY_0.789,0.0,0.789,0.6104308136446434,8.364264264264264,50.35999053729426,50,444
204016,MOTOR_ONLY_0.790,0.0,0.79,0.6039867092442487,8.303603603603603,50.78942969675374,50,444
204016,MOTOR_ONLY_0.791,0.0,0.791,0.6082863612268372,8.314606741573034,52.494209172196214,50,445
204016,MOTOR_ONLY_0.792,0.0,0.792,0.6104739383390656,8.533638443935926,52.05915228346144,50,437
204016,MOTOR_ONLY_0.793,0.0,0.793,0.6199755927651959,8.8584686774942,53.71414750956682,50,431
204016,MOTOR_ONLY_0.794,0.0,0.794,0.616129659235547,8.812683681361175,54.54593292179872,50,431
204016,MOTOR_ONLY_0.795,0.0,0.795,0.6162030612605642,8.76735950731332,54.271944446396674,50,433
204016,MOTOR_ONLY_0.796,0.0,0.796,0.6087584794976265,8.619286256643887,56.57741808127288,50,439
204016,MOTOR_ONLY_0.797,0.0,0.797,0.6163509865855193,8.950925925925926,56.21767409723449,50,432
204016,MOTOR_ONLY_0.798,0.0,0.798,0.6179605914684531,9.05891472868217,57.00052211200843,50,430
204016,MOTOR_ONLY_0.799,0.0,0.799,0.6255665719573738,9.369267139479906,58.824595333509244,50,423
204016,MOTOR_ONLY_0.800,0.0,0.8,0.6263008829604769,9.46381631037213,58.5243496448151,50,421
204017,SENSORY_SITE_FB,1.0,0.0,0.5817786931179585,4.437981407702523,41.62485907936074,50,502
204017,MOTOR_ONLY_0.700,0.0,0.7,0.3929800313101529,3.5511967308814945,24.728752557857025,50,571
204017,MOTOR_ONLY_0.701,0.0,0.701,0.3900625411817249,3.5497956800934034,24.291838922371568,50,571
204017,MOTOR_ONLY_0.702,0.0,0.702,0.3963558452007453,3.5804195804195804,27.71455157504322,50,572
204017,MOTOR_ONLY_0.703,0.0,0.703,0.3975222627585141,3.5927990708478514,27.145005798739447,50,574
204017,MOTOR_ONLY_0.704,0.0,0.704,0.3953060225193696,3.5953623188405794,27.175535770726327,50,575
204017,MOTOR_ONLY_0.705,0.0,0.705,0.400939832582989,3.616147635524798,26.60972631889229,50,578
204017,MOTOR_ONLY_0.706,0.0,0.706,0.40738948181667367,3.6528695652173915,26.77093813884335,50,575
204017,MOTOR_ONLY_0.707,0.0,0.707,0.4044738478952568,3.671312427409988,27.474855778507603,50,574
204017,MOTOR_ONLY_0.708,0.0,0.708,0.4076061856866415,3.6993600930773702,28.485709916001518,50,573
204017,MOTOR_ONLY_0.709,0.0,0.709,0.4076987858118025,3.721891418563923,29.033225774236886,50,571
204017,MOTOR_ONLY_0.710,0.0,0.71,0.4078109667846993,3.7321637426900582,27.005335791516686,50,570
204017,MOTOR_ONLY_0.711,0.0,0.711,0.40725592269605726,3.7244755244755243,26.989200993584134,50,572
204017,MOTOR_ONLY_0.712,0.0,0.712,0.4069374453977129,3.746364165212333,26.754462974348566,50,573
204017,MOTOR_ONLY_0.713,0.0,0.713,0.40769786472252006,3.789338019917985,28.05697757781744,50,569
204017,MOTOR_ONLY_0.714,0.0,0.714,0.4044687968623402,3.7812865497076023,28.01162199583807,50,570
204017,MOTOR_ONLY_0.715,0.0,0.715,0.41425947843863486,3.855594817432273,28.3788799877283,50,566
204017,MOTOR_ONLY_0.716,0.0,0.716,0.41276514484938526,3.856554967666079,28.370949455418064,50,567
204017,MOTOR_ONLY_0.717,0.0,0.717,0.4111711715653672,3.8888495575221236,28.187235556162346,50,565
204017,MOTOR_ONLY_0.718,0.0,0.718,0.4093139125724994,3.9002364066193853,29.386412728802792,50,564
204017,MOTOR_ONLY_0.719,0.0,0.719,0.42187719080811925,3.99047619047619,29.37780851100026,50,560
204017,MOTOR_ONLY_0.720,0.0,0.72,0.42148608070267507,4.032200357781753,30.623169477073574,50,559
204017,MOTOR_ONLY_0.721,0.0,0.721,0.41897024659700854,4.0422182468694094,30.95765291943781,50,559
204017,MOTOR_ONLY_0.722,0.0,0.722,0.4254283519389383,4.079047619047619,29.722637985908,50,560
204017,MOTOR_ONLY_0.723,0.0,0.723,0.42573292482429076,4.093095238095238,29.92335514938437,50,560
204017,MOTOR_ONLY_0.724,0.0,0.724,0.4293470630577896,4.118306499701848,29.479263936325165,50,559
204017,MOTOR_ONLY_0.725,0.0,0.725,0.42534045394304343,4.116221033868093,30.95138858753388,50,561
204017,MOTOR_ONLY_0.726,0.0,0.726,0.42815462886862365,4.164931178934769,30.718633205223718,50,557
204017,MOTOR_ONLY_0.727,0.0,0.727,0.43081598672631344,4.224789410348977,31.001656797139812,50,554
204017,MOTOR_ONLY_0.728,0.0,0.728,0.44304880150922576,4.286714975845411,30.635928394201258,50,552
204017,MOTOR_ONLY_0.729,0.0,0.729,0.44347456602024043,4.281081081081081,31.1046659876067,50,555
204017,MOTOR_ONLY_0.730,0.0,0.73,0.44537688995874497,4.318599033816425,31.641019573771924,50,552
204017,MOTOR_ONLY_0.731,0.0,0.731,0.44411163792739644,4.339878787878788,33.021697642134335,50,550
204017,MOTOR_ONLY_0.732,0.0,0.732,0.4449165017248325,4.351272727272727,33.27740208174976,50,550
204017,MOTOR_ONLY_0.733,0.0,0.733,0.4402645763854635,4.31913357400722,35.10999263064153,50,554
204017,MOTOR_ONLY_0.734,0.0,0.734,0.44452192145160174,4.327707959305805,34.51165730851021,50,557
204017,MOTOR_ONLY_0.735,0.0,0.735,0.4427549687269132,4.319618366129993,34.897109296075506,50,559
204017,MOTOR_ONLY_0.736,0.0,0.736,0.4279657711163119,4.201182033096926,34.106680860182315,50,564
204017,MOTOR_ONLY_0.737,0.0,0.737,0.41893197352508127,4.174395280235988,34.06576781974677,50,565
204017,MOTOR_ONLY_0.738,0.0,0.738,0.4217111385690244,4.179740871613663,33.658843106248476,50,566
204017,MOTOR_ONLY_0.739,0.0,0.739,0.42172961404133674,4.217643576080521,33.8881644086153,50,563
204017,MOTOR_ONLY_0.740,0.0,0.74,0.4265335534641721,4.2759193357058125,35.200497431340565,50,562
204017,MOTOR_ONLY_0.741,0.0,0.741,0.43036713794174036,4.336904761904762,35.90846181284905,50,560
204017,MOTOR_ONLY_0.742,0.0,0.742,0.4301314233247044,4.3566666666666665,36.70154401004881,50,560
204017,MOTOR_ONLY_0.743,0.0,0.743,0.4294635444214389,4.373954599761051,33.46556149935283,50,558
204017,MOTOR_ONLY_0.744,0.0,0.744,0.42825763386642046,4.354685646500593,33.62033540562811,50,562
204017,MOTOR_ONLY_0.745,0.0,0.745,0.4465215391470724,4.486570743405276,34.118911929893876,50,556
204017,MOTOR_ONLY_0.746,0.0,0.746,0.44943667319410874,4.559515151515152,35.38376843424057,50,550
204017,MOTOR_ONLY_0.747,0.0,0.747,0.4481927901853228,4.561262902246509,34.22638255285554,50,549
204017,MOTOR_ONLY_0.748,0.0,0.748,0.45853845750200956,4.671776155717762,36.06407332894266,50,548
204017,MOTOR_ONLY_0.749,0.0,0.749,0.457953036431748,4.688564476885645,36.21085859571965,50,548
204017,MOTOR_ONLY_0.750,0.0,0.75,0.4557602260093722,4.690623109497882,36.71422061392806,50,551
204017,MOTOR_ONLY_0.751,0.0,0.751,0.4492340427275978,4.66546329723225,37.48307635349064,50,554
204017,MOTOR_ONLY_0.752,0.0,0.752,0.4429525946567197,4.644804804804805,37.33521000425715,50,555
204017,MOTOR_ONLY_0.753,0.0,0.753,0.4527198763923028,4.723947051744886,37.322090776622375,50,554
204017,MOTOR_ONLY_0.754,0.0,0.754,0.455068497217376,4.752192192192193,37.57859105967214,50,555
204017,MOTOR_ONLY_0.755,0.0,0.755,0.45093268776902695,4.751079136690648,38.528127865117305,50,556
204017,MOTOR_ONLY_0.756,0.0,0.756,0.45722915220363064,4.824067388688327,37.846602188873064,50,554
204017,MOTOR_ONLY_0.757,0.0,0.757,0.45370187444796706,4.837304452466907,38.10109159599721,50,554
204017,MOTOR_ONLY_0.758,0.0,0.758,0.46073549132992636,4.912597950572634,38.04867718346991,50,553
204017,MOTOR_ONLY_0.759,0.0,0.759,0.48287970675510433,5.1395948434622465,40.03557182091506,50,543
204017,MOTOR_ONLY_0.760,0.0,0.76,0.48926472805029564,5.250216450216451,39.39895669222141,50,539
204017,MOTOR_ONLY_0.761,0.0,0.761,0.49430453503569644,5.363157894736842,42.919395142497194,50,532
204017,MOTOR_ONLY_0.762,0.0,0.762,0.5093257611121262,5.539531941808981,45.33734375598064,50,527
204017,MOTOR_ONLY_0.763,0.0,0.763,0.5229176068639083,5.6232323232323225,44.9236104492227,50,528
204017,MOTOR_ONLY_0.764,0.0,0.764,0.5190917459474013,5.605524168236032,44.294887995210985,50,531
204017,MOTOR_ONLY_0.765,0.0,0.765,0.5105242408631164,5.5533083645443195,43.89486879763383,50,534
204017,MOTOR_ONLY_0.766,0.0,0.766,0.5027268924763901,5.563841807909604,43.5999148142679,50,531
204017,MOTOR_ONLY_0.767,0.0,0.767,0.476270407522355,5.429463171036205,42.321174547371854,50,534
204017,MOTOR_ONLY_0.768,0.0,0.768,0.48260401476276105,5.49812734082397,43.04597103553204,50,534
204017,MOTOR_ONLY_0.769,0.0,0.769,0.489186943521731,5.582323232323232,44.446394425314935,50,528
204017,MOTOR_ONLY_0.770,0.0,0.77,0.5071465783068164,5.903100775193798,46.470130852635315,50,516
204017,MOTOR_ONLY_0.771,0.0,0.771,0.5400581358104746,6.3540594059405935,50.03591512313466,50,505
204017,MOTOR_ONLY_0.772,0.0,0.772,0.556979147710254,6.647773279352227,52.401828925834444,50,494
204017,MOTOR_ONLY_0.773,0.0,0.773,0.5553029908091701,6.678566599053414,52.56313278344157,50,493
204017,MOTOR_ONLY_0.774,0.0,0.774,0.5360414887535898,6.43186077643909,51.033022924887035,50,498
204017,MOTOR_ONLY_0.775,0.0,0.775,0.5377884309442844,6.472971160295104,49.578371693421,50,497
204017,MOTOR_ONLY_0.776,0.0,0.776,0.5368555394284157,6.5665990534144685,48.84793268835958,50,493
204017,MOTOR_ONLY_0.777,0.0,0.777,0.5424895918898898,6.61090909090909,50.6791257716296,50,495
204017,MOTOR_ONLY_0.778,0.0,0.778,0.5417934233555433,6.630913978494624,51.3897262411476,50,496
204017,MOTOR_ONLY_0.779,0.0,0.779,0.5401436519820484,6.64037558685446,53.451648730190726,50,497
204017,MOTOR_ONLY_0.780,0.0,0.78,0.5279592974270954,6.560053440213761,53.957480621866324,50,499
204017,MOTOR_ONLY_0.781,0.0,0.781,0.5261589693637602,6.587999999999999,54.2680167998823,50,500
204017,MOTOR_ONLY_0.782,0.0,0.782,0.5461324188401351,6.9603825136612025,56.29946653434819,50,488
204017,MOTOR_ONLY_0.783,0.0,0.783,0.5368344266256414,6.848215488215488,55.5933784823345,50,495
204017,MOTOR_ONLY_0.784,0.0,0.784,0.5489496996909978,7.030549898167006,55.02286488709031,50,491
204017,MOTOR_ONLY_0.785,0.0,0.785,0.5501260462698061,7.106585200271555,54.996630284140146,50,491
204017,MOTOR_ONLY_0.786,0.0,0.786,0.5536825633484314,7.2214965986394555,56.26554576179135,50,490
204017,MOTOR_ONLY_0.787,0.0,0.787,0.5584460998093926,7.4224043715847,56.567253662988406,50,488
204017,MOTOR_ONLY_0.788,0.0,0.788,0.5692470839263264,7.67955647955648,55.93830229678106,50,481
204017,MOTOR_ONLY_0.789,0.0,0.789,0.5769478964757315,7.756198347107438,56.327676248318596,50,484
204017,MOTOR_ONLY_0.790,0.0,0.79,0.5758037561309707,7.784297520661157,57.07295678663809,50,484
204017,MOTOR_ONLY_0.791,0.0,0.791,0.5790044496375661,7.907306889352818,56.311610095822154,50,479
204017,MOTOR_ONLY_0.792,0.0,0.792,0.5720938509173317,7.913987473903966,56.83974908819912,50,479
204017,MOTOR_ONLY_0.793,0.0,0.793,0.5695925165546409,8.0,56.262930633415934,50,473
204017,MOTOR_ONLY_0.794,0.0,0.794,0.5706497849555072,8.116065109695683,60.12440124712096,50,471
204017,MOTOR_ONLY_0.795,0.0,0.795,0.5787644726620822,8.243304843304843,58.441128898546694,50,468
204017,MOTOR_ONLY_0.796,0.0,0.796,0.5852721441718401,8.373673036093418,59.92630495631476,50,471
204017,MOTOR_ONLY_0.797,0.0,0.797,0.5848646062364029,8.422978723404254,59.66286996933768,50,470
204017,MOTOR_ONLY_0.798,0.0,0.798,0.584037199396559,8.444255319148935,57.19799080082115,50,470
204017,MOTOR_ONLY_0.799,0.0,0.799,0.6045801203556576,8.965274725274725,58.98528437976262,50,455
204017,MOTOR_ONLY_0.800,0.0,0.8,0.6098894717775906,9.108537490720119,60.245690590229344,50,449
204018,SENSORY_SITE_FB,1.0,0.0,0.6072322541806469,4.750033944331296,41.557630553774544,50,491
204018,MOTOR_ONLY_0.700,0.0,0.7,0.4999601676617195,4.174787878787879,28.315793803497844,50,550
204018,MOTOR_ONLY_0.701,0.0,0.701,0.49771452320573456,4.129009009009009,29.00682447516493,50,555
204018,MOTOR_ONLY_0.702,0.0,0.702,0.4978353965412937,4.160337552742616,28.815077875529415,50,553
204018,MOTOR_ONLY_0.703,0.0,0.703,0.5026577236126606,4.191681735985533,34.75060397089918,50,553
204018,MOTOR_ONLY_0.704,0.0,0.704,0.5094021772668829,4.251690821256038,31.869943145179718,50,552
204018,MOTOR_ONLY_0.705,0.0,0.705,0.5108686160911846,4.318840579710145,32.809450917480675,50,552
204018,MOTOR_ONLY_0.706,0.0,0.706,0.5144774869624257,4.365333333333334,29.954922025707425,50,550
204018,MOTOR_ONLY_0.707,0.0,0.707,0.513076162782882,4.383757575757575,30.426216197973726,50,550
204018,MOTOR_ONLY_0.708,0.0,0.708,0.5139289456909617,4.395620437956204,31.861896677284037,50,548
204018,MOTOR_ONLY_0.709,0.0,0.709,0.5145538106268589,4.432782874617738,31.792476772342543,50,545
204018,MOTOR_ONLY_0.710,0.0,0.71,0.5141205388156125,4.484938271604938,33.1286498538979,50,540
204018,MOTOR_ONLY_0.711,0.0,0.711,0.5022578931801681,4.428500619578687,33.88506007388426,50,538
204018,MOTOR_ONLY_0.712,0.0,0.712,0.5134614118477302,4.560397268777157,35.84689169435963,50,537
204018,MOTOR_ONLY_0.713,0.0,0.713,0.5212451788447824,4.620740740740741,35.81155665289133,50,540
204018,MOTOR_ONLY_0.714,0.0,0.714,0.5123295226048481,4.5492647058823525,36.488759817526365,50,544
204018,MOTOR_ONLY_0.715,0.0,0.715,0.5118326874402681,4.579327217125382,35.048886534345286,50,545
204018,MOTOR_ONLY_0.716,0.0,0.716,0.5131775199577929,4.627205882352941,37.40079787720415,50,544
204018,MOTOR_ONLY_0.717,0.0,0.717,0.5117249103896683,4.6382352941176475,40.08323553378775,50,544
204018,MOTOR_ONLY_0.718,0.0,0.718,0.5232906941395118,4.6993894993895,39.08529640249293,50,546
204018,MOTOR_ONLY_0.719,0.0,0.719,0.5277314046853109,4.7289215686274515,34.986662093683066,50,544
204018,MOTOR_ONLY_0.720,0.0,0.72,0.5319979673602103,4.7496024464831805,33.241986862483024,50,545
204018,MOTOR_ONLY_0.721,0.0,0.721,0.5428457794542986,4.888559059987632,35.50207447462241,50,539
204018,MOTOR_ONLY_0.722,0.0,0.722,0.5429419409702827,4.958801498127341,34.84911422217032,50,534
204018,MOTOR_ONLY_0.723,0.0,0.723,0.5413176031463105,4.951560549313358,34.83714896368243,50,534
204018,MOTOR_ONLY_0.724,0.0,0.724,0.5435475957414203,4.985115697310819,33.31032454597359,50,533
204018,MOTOR_ONLY_0.725,0.0,0.725,0.5419770377545176,5.003627267041901,34.43229593424589,50,533
204018,MOTOR_ONLY_0.726,0.0,0.726,0.5371806921830218,5.064146187775678,35.45075803631447,50,529
204018,MOTOR_ONLY_0.727,0.0,0.727,0.54092875453364,5.08939393939394,36.464815791411645,50,528
204018,MOTOR_ONLY_0.728,0.0,0.728,0.5362536827446615,5.101581277672359,36.56300958886267,50,527
204018,MOTOR_ONLY_0.729,0.0,0.729,0.5343329609494089,5.15876027830487,36.75405548622567,50,527
204018,MOTOR_ONLY_0.730,0.0,0.73,0.5333069777816696,5.185804816223067,37.37128195408601,50,526
204018,MOTOR_ONLY_0.731,0.0,0.731,0.5433717338369489,5.297896749521988,38.06728968911253,50,523
204018,MOTOR_ONLY_0.732,0.0,0.732,0.5465229706999879,5.2850793650793655,38.18954924983843,50,525
204018,MOTOR_ONLY_0.733,0.0,0.733,0.5494010353389431,5.310476190476191,41.10581649206389,50,525
204018,MOTOR_ONLY_0.734,0.0,0.734,0.5499940059068973,5.3545338441890165,41.652068417104765,50,522
204018,MOTOR_ONLY_0.735,0.0,0.735,0.5526807800465958,5.405108556832694,43.179761065187584,50,522
204018,MOTOR_ONLY_0.736,0.0,0.736,0.5382254875842233,5.263238095238095,41.719676788738724,50,525
204018,MOTOR_ONLY_0.737,0.0,0.737,0.5483320374600112,5.356400506970849,41.90482966739043,50,526
204018,MOTOR_ONLY_0.738,0.0,0.738,0.5486971007367644,5.3713561470215465,42.09721041893129,50,526
204018,MOTOR_ONLY_0.739,0.0,0.739,0.555117412624838,5.390874524714829,41.32897122668142,50,526
204018,MOTOR_ONLY_0.740,0.0,0.74,0.5471733774882925,5.359949302915083,40.84321964104043,50,526
204018,MOTOR_ONLY_0.741,0.0,0.741,0.5539203753491692,5.487611749680715,41.41794394892595,50,522
204018,MOTOR_ONLY_0.742,0.0,0.742,0.5526648357427307,5.4659047619047625,42.90506565792465,50,525
204018,MOTOR_ONLY_0.743,0.0,0.743,0.5436069284795493,5.453231939163499,42.292203994233795,50,526
204018,MOTOR_ONLY_0.744,0.0,0.744,0.5552082959998452,5.537254901960784,42.637948013563076,50,527
204018,MOTOR_ONLY_0.745,0.0,0.745,0.54747884079495,5.52156862745098,41.545595472276005,50,527
204018,MOTOR_ONLY_0.746,0.0,0.746,0.55001537545023,5.6012746972594005,40.228995628942506,50,523
204018,MOTOR_ONLY_0.747,0.0,0.747,0.5461353904841862,5.5793103448275865,41.153689567128346,50,522
204018,MOTOR_ONLY_0.748,0.0,0.748,0.5488376580789923,5.655491329479769,41.11752470859995,50,519
204018,MOTOR_ONLY_0.749,0.0,0.749,0.556976998268203,5.791927083333333,42.2800544495933,50,512
204018,MOTOR_ONLY_0.750,0.0,0.75,0.5581013528710274,5.821787345075016,42.78888300302236,50,511
204018,MOTOR_ONLY_0.751,0.0,0.751,0.5676580568946086,6.01144377910845,43.95758370389224,50,501
204018,MOTOR_ONLY_0.752,0.0,0.752,0.5699150778012733,6.0066401062417,43.49493685119201,50,502
204018,MOTOR_ONLY_0.753,0.0,0.753,0.582310394062645,6.246693657219973,44.91993791578179,50,494
204018,MOTOR_ONLY_0.754,0.0,0.754,0.5731677310321582,6.192861952861953,45.13253857360789,50,495
204018,MOTOR_ONLY_0.755,0.0,0.755,0.5764639718673614,6.293224932249322,45.17279592240983,50,492
204018,MOTOR_ONLY_0.756,0.0,0.756,0.5780438154743787,6.353374233128834,44.64530040536105,50,489
204018,MOTOR_ONLY_0.757,0.0,0.757,0.5736987868205395,6.324081632653061,43.81909106024094,50,490
204018,MOTOR_ONLY_0.758,0.0,0.758,0.5784057126318342,6.416666666666667,42.94179373073975,50,488
204018,MOTOR_ONLY_0.759,0.0,0.759,0.579039247665845,6.433879781420765,43.2626140559945,50,488
204018,MOTOR_ONLY_0.760,0.0,0.76,0.5766205407477366,6.4100271002710025,43.31602218596382,50,492
204018,MOTOR_ONLY_0.761,0.0,0.761,0.5860589049980448,6.606258503401361,45.94518463961498,50,490
204018,MOTOR_ONLY_0.762,0.0,0.762,0.5930526044993719,6.713565098841173,45.933576611168576,50,489
204018,MOTOR_ONLY_0.763,0.0,0.763,0.5895599727909568,6.747325102880658,48.02758962539072,50,486
204018,MOTOR_ONLY_0.764,0.0,0.764,0.5930135482739743,6.824793388429752,47.017673357196024,50,484
204018,MOTOR_ONLY_0.765,0.0,0.765,0.59125960026863,6.838567493112947,46.98756119820366,50,484
204018,MOTOR_ONLY_0.766,0.0,0.766,0.5967550175654479,6.929500342231348,49.05371793340724,50,487
204018,MOTOR_ONLY_0.767,0.0,0.767,0.5972887397078998,7.083298683298683,49.29277542136353,50,481
204018,MOTOR_ONLY_0.768,0.0,0.768,0.5980910031768338,7.128033472803348,49.02222282851013,50,478
204018,MOTOR_ONLY_0.769,0.0,0.769,0.6020903200048258,7.176240391334731,49.47309196406657,50,477
204018,MOTOR_ONLY_0.770,0.0,0.77,0.6067001478518724,7.35616631430585,52.61110758364024,50,473
204018,MOTOR_ONLY_0.771,0.0,0.771,0.6082488514616292,7.448062015503877,54.3834049334908,50,473
204018,MOTOR_ONLY_0.772,0.0,0.772,0.60749939563836,7.569057665260196,54.51285721995439,50,474
204018,MOTOR_ONLY_0.773,0.0,0.773,0.6320279807814241,8.011206896551723,55.94653949554149,50,464
204018,MOTOR_ONLY_0.774,0.0,0.774,0.6030076401586213,7.578902953586497,54.652182560303736,50,474
204018,MOTOR_ONLY_0.775,0.0,0.775,0.6212117983859453,7.9614110871130315,56.008107206796794,50,463
204018,MOTOR_ONLY_0.776,0.0,0.776,0.6219352958121415,8.001727861771059,55.91986521857746,50,463
204018,MOTOR_ONLY_0.777,0.0,0.777,0.6165404586887095,7.9052105638829415,55.95368701330907,50,467
204018,MOTOR_ONLY_0.778,0.0,0.778,0.6205308921260814,8.038996415770608,56.65284313734368,50,465
204018,MOTOR_ONLY_0.779,0.0,0.779,0.6192093287776256,8.212002892263195,55.99137041149996,50,461
204018,MOTOR_ONLY_0.780,0.0,0.78,0.6031099718234137,7.901350390902629,53.97841734295296,50,469
204018,MOTOR_ONLY_0.781,0.0,0.781,0.6109393824253461,7.989765458422174,54.221871787618795,50,469
204018,MOTOR_ONLY_0.782,0.0,0.782,0.6168834981645643,8.119343326195574,54.72583239606043,50,467
204018,MOTOR_ONLY_0.783,0.0,0.783,0.6089688522404911,8.029282160625444,54.54262378402123,50,469
204018,MOTOR_ONLY_0.784,0.0,0.784,0.6346540767640109,8.648672566371681,57.35912082351996,50,452
204018,MOTOR_ONLY_0.785,0.0,0.785,0.6365914157493959,8.746250927988122,59.92806752928622,50,449
204018,MOTOR_ONLY_0.786,0.0,0.786,0.6325929093090811,8.708240534521158,59.99506393074753,50,449
204018,MOTOR_ONLY_0.787,0.0,0.787,0.6301717692481312,8.67080561714708,59.0705839658177,50,451
204018,MOTOR_ONLY_0.788,0.0,0.788,0.6278688493625488,8.653067257945306,59.455987595529486,50,451
204018,MOTOR_ONLY_0.789,0.0,0.789,0.6275183789304726,8.634584253127299,58.89643931541712,50,453
204018,MOTOR_ONLY_0.790,0.0,0.79,0.6386008735892933,9.092492492492491,62.93885979059548,50,444
204018,MOTOR_ONLY_0.791,0.0,0.791,0.6389317153199262,9.137998495109105,62.976688468411076,50,443
204018,MOTOR_ONLY_0.792,0.0,0.792,0.6361775449463435,9.244042232277527,62.95361257875492,50,442
204018,MOTOR_ONLY_0.793,0.0,0.793,0.6402802649380106,9.414611872146118,63.802858208143434,50,438
204018,MOTOR_ONLY_0.794,0.0,0.794,0.647017022077501,9.687654320987654,64.72065419801568,50,432
204018,MOTOR_ONLY_0.795,0.0,0.795,0.660203207707962,10.093803921568627,65.95775927718574,50,425
204018,MOTOR_ONLY_0.796,0.0,0.796,0.6615015834916269,10.357142857142858,67.7220592222301,50,420
204018,MOTOR_ONLY_0.797,0.0,0.797,0.666628884900285,10.645088566827697,68.90720333599386,50,414
204018,MOTOR_ONLY_0.798,0.0,0.798,0.6695505089323558,10.661231015187848,70.25142605003667,50,417
204018,MOTOR_ONLY_0.799,0.0,0.799,0.6661737262095583,10.638848920863309,68.46378443487333,50,417
204018,MOTOR_ONLY_0.800,0.0,0.8,0.6656485982671008,10.753623188405797,68.86789982454275,50,414
204019,SENSORY_SITE_FB,1.0,0.0,0.5430370356189773,4.564145658263305,27.03600149160604,50,476
204019,MOTOR_ONLY_0.700,0.0,0.7,0.4474135172145159,4.035060780550224,27.97809806173237,50,521
204019,MOTOR_ONLY_0.701,0.0,0.701,0.44500711147813354,4.034161886551944,29.158228180988285,50,523
204019,MOTOR_ONLY_0.702,0.0,0.702,0.45605664555581366,4.126666666666667,29.92370558588969,50,520
204019,MOTOR_ONLY_0.703,0.0,0.703,0.44390738622567566,4.078974358974359,29.35066714958413,50,520
204019,MOTOR_ONLY_0.704,0.0,0.704,0.44389401625961206,4.0859716859716855,29.65934996511031,50,518
204019,MOTOR_ONLY_0.705,0.0,0.705,0.44353186350868773,4.09034749034749,29.266562245560927,50,518
204019,MOTOR_ONLY_0.706,0.0,0.706,0.4431615090889005,4.0840077071290946,29.253167439486564,50,519
204019,MOTOR_ONLY_0.707,0.0,0.707,0.4435328920887654,4.1089743589743595,29.196666261790693,50,520
204019,MOTOR_ONLY_0.708,0.0,0.708,0.4398743782283933,4.159896840747904,30.189719152842212,50,517
204019,MOTOR_ONLY_0.709,0.0,0.709,0.44322830870004437,4.18018018018018,30.34253002769624,50,518
204019,MOTOR_ONLY_0.710,0.0,0.71,0.44726301762866827,4.203088803088803,29.137853508031572,50,518
204019,MOTOR_ONLY_0.711,0.0,0.711,0.44604037430845483,4.207578676942839,29.675563023237483,50,519
204019,MOTOR_ONLY_0.712,0.0,0.712,0.44691766080423784,4.18559592096877,29.445305035545278,50,523
204019,MOTOR_ONLY_0.713,0.0,0.713,0.4500209479075065,4.197833014659018,29.231040821217533,50,523
204019,MOTOR_ONLY_0.714,0.0,0.714,0.44931702264925283,4.205226258763544,29.59688122518316,50,523
204019,MOTOR_ONLY_0.715,0.0,0.715,0.457144540261552,4.266922094508302,31.58438207285285,50,522
204019,MOTOR_ONLY_0.716,0.0,0.716,0.45744733105414376,4.2856046065259115,31.013561103274213,50,521
204019,MOTOR_ONLY_0.717,0.0,0.717,0.4547300018325625,4.282789507357646,31.538791155071266,50,521
204019,MOTOR_ONLY_0.718,0.0,0.718,0.4545674458619606,4.294305822136916,31.273628264392446,50,521
204019,MOTOR_ONLY_0.719,0.0,0.719,0.454472656990461,4.293435309114086,31.167937498565642,50,523
204019,MOTOR_ONLY_0.720,0.0,0.72,0.45186551115195317,4.320921305182342,30.854961707381793,50,521
204019,MOTOR_ONLY_0.721,0.0,0.721,0.4695139184322554,4.4985170857511285,30.961780330051667,50,517
204019,MOTOR_ONLY_0.722,0.0,0.722,0.4550089019312981,4.422820512820513,29.034952819588188,50,520
204019,MOTOR_ONLY_0.723,0.0,0.723,0.4560992905651005,4.421924792861695,28.741258242335853,50,523
204019,MOTOR_ONLY_0.724,0.0,0.724,0.4566702168707143,4.467052023121387,29.883750525928644,50,519
204019,MOTOR_ONLY_0.725,0.0,0.725,0.47552106451278914,4.588888888888889,32.75160906143405,50,516
204019,MOTOR_ONLY_0.726,0.0,0.726,0.48002460326450913,4.616279069767442,32.91044633631591,50,516
204019,MOTOR_ONLY_0.727,0.0,0.727,0.47404223161109965,4.622222222222222,33.227951235159715,50,516
204019,MOTOR_ONLY_0.728,0.0,0.728,0.4584354503233372,4.5233333333333325,31.15504418874218,50,520
204019,MOTOR_ONLY_0.729,0.0,0.729,0.4652084733971696,4.600906148867313,30.824448102280368,50,515
204019,MOTOR_ONLY_0.730,0.0,0.73,0.46041732285764714,4.5764023210831715,32.38789186085832,50,517
204019,MOTOR_ONLY_0.731,0.0,0.731,0.4698418497982312,4.685825242718447,31.23129587040418,50,515
204019,MOTOR_ONLY_0.732,0.0,0.732,0.47164950452038157,4.687855297157623,30.378545746889174,50,516
204019,MOTOR_ONLY_0.733,0.0,0.733,0.46954799704617955,4.684169884169885,30.84203575447644,50,518
204019,MOTOR_ONLY_0.734,0.0,0.734,0.47263545983119937,4.711025641025641,30.649431093317915,50,520
204019,MOTOR_ONLY_0.735,0.0,0.735,0.4693529144407511,4.720930232558139,30.91169390096976,50,516
204019,MOTOR_ONLY_0.736,0.0,0.736,0.4715094106023909,4.774886731391586,31.225407295147644,50,515
204019,MOTOR_ONLY_0.737,0.0,0.737,0.47779608032931026,4.8540117416829744,32.18668968811683,50,511
204019,MOTOR_ONLY_0.738,0.0,0.738,0.4767927903358256,4.862100456621005,33.217076661252186,50,511
204019,MOTOR_ONLY_0.739,0.0,0.739,0.4767759382320414,4.865104166666667,34.302399782603125,50,512
204019,MOTOR_ONLY_0.740,0.0,0.74,0.48693403295221765,4.955643044619422,35.689404128408434,50,508
204019,MOTOR_ONLY_0.741,0.0,0.741,0.49309656645988725,4.9975016436554895,33.86030207827752,50,507
204019,MOTOR_ONLY_0.742,0.0,0.742,0.48998876819047243,4.99265091863517,33.85350352277369,50,508
204019,MOTOR_ONLY_0.743,0.0,0.743,0.4897064069466169,5.01023622047244,36.412783449165865,50,508
204019,MOTOR_ONLY_0.744,0.0,0.744,0.48716211171583024,5.025904010519396,37.34754341786694,50,507
204019,MOTOR_ONLY_0.745,0.0,0.745,0.4934469361695411,5.146984758117958,36.59573607293094,50,503
204019,MOTOR_ONLY_0.746,0.0,0.746,0.4926063270931186,5.156440903054449,37.46032405118067,50,502
204019,MOTOR_ONLY_0.747,0.0,0.747,0.4984121199814526,5.249699398797595,36.729509374800976,50,499
204019,MOTOR_ONLY_0.748,0.0,0.748,0.4965501011285182,5.2584,37.44718656225222,50,500
204019,MOTOR_ONLY_0.749,0.0,0.749,0.5045101680318028,5.319787516600266,37.92219649842214,50,502
204019,MOTOR_ONLY_0.750,0.0,0.75,0.508852992016054,5.354191419141914,38.802408941027196,50,505
204019,MOTOR_ONLY_0.751,0.0,0.751,0.5072073866528131,5.372486772486772,38.82015945811124,50,504
204019,MOTOR_ONLY_0.752,0.0,0.752,0.5062434962124466,5.374685222001325,37.82141103097924,50,503
204019,MOTOR_ONLY_0.753,0.0,0.753,0.5037316978111436,5.382275132275132,38.9825640696711,50,504
204019,MOTOR_ONLY_0.754,0.0,0.754,0.5119114708340301,5.487159015302727,38.04498144797967,50,501
204019,MOTOR_ONLY_0.755,0.0,0.755,0.5101534624291741,5.474384564204923,37.74049509570654,50,501
204019,MOTOR_ONLY_0.756,0.0,0.756,0.518158056495102,5.556353958749169,37.953275166203,50,501
204019,MOTOR_ONLY_0.757,0.0,0.757,0.520904485809521,5.658902275769746,39.26723053477954,50,498
204019,MOTOR_ONLY_0.758,0.0,0.758,0.5261323637097491,5.825933469110658,39.87039544371433,50,491
204019,MOTOR_ONLY_0.759,0.0,0.759,0.525732544401632,5.860408163265306,38.61171074638877,50,490
204019,MOTOR_ONLY_0.760,0.0,0.76,0.5312971703523689,5.90421768707483,39.00113081710916,50,490
204019,MOTOR_ONLY_0.761,0.0,0.761,0.5222959142980979,5.843265306122449,39.470117417625055,50,490
204019,MOTOR_ONLY_0.762,0.0,0.762,0.5203455746761786,5.864758009543285,39.47683520065284,50,489
204019,MOTOR_ONLY_0.763,0.0,0.763,0.5218422181267693,5.966460481099657,40.590135570241785,50,485
204019,MOTOR_ONLY_0.764,0.0,0.764,0.5305739334430052,6.084647302904564,41.83671267715804,50,482
204019,MOTOR_ONLY_0.765,0.0,0.765,0.5329869684822023,6.205299860529986,40.951646751025784,50,478
204019,MOTOR_ONLY_0.766,0.0,0.766,0.5303351232098658,6.198469032707028,42.33996805677565,50,479
204019,MOTOR_ONLY_0.767,0.0,0.767,0.5179999292347439,6.072903672903673,41.19856302655568,50,481
204019,MOTOR_ONLY_0.768,0.0,0.768,0.5179054726357796,6.147309573724669,41.65099141820591,50,477
204019,MOTOR_ONLY_0.769,0.0,0.769,0.5252419234212863,6.2935028248587574,42.05053738221721,50,472
204019,MOTOR_ONLY_0.770,0.0,0.77,0.5217988926278396,6.253164556962025,39.892316993318296,50,474
204019,MOTOR_ONLY_0.771,0.0,0.771,0.5258410776784149,6.240501043841336,41.952947139485374,50,479
204019,MOTOR_ONLY_0.772,0.0,0.772,0.5203843862596702,6.184508990318119,41.677600917324526,50,482
204019,MOTOR_ONLY_0.773,0.0,0.773,0.5148535475109183,6.207345807345807,41.49539893274562,50,481
204019,MOTOR_ONLY_0.774,0.0,0.774,0.5278514842838767,6.323492723492723,41.940422633752284,50,481
204019,MOTOR_ONLY_0.775,0.0,0.775,0.5278255477342356,6.3613888888888885,43.34570993711847,50,480
204019,MOTOR_ONLY_0.776,0.0,0.776,0.5309479704781045,6.441736694677871,40.75431274446923,50,476
204019,MOTOR_ONLY_0.777,0.0,0.777,0.5315881405967053,6.485894736842105,38.36217799969907,50,475
204019,MOTOR_ONLY_0.778,0.0,0.778,0.5267596201412733,6.456862745098039,39.883748000854155,50,476
204019,MOTOR_ONLY_0.779,0.0,0.779,0.5281836096860957,6.482352941176471,40.574428619490675,50,476
204019,MOTOR_ONLY_0.780,0.0,0.78,0.5281454787504406,6.4980392156862745,40.66216681098217,50,476
204019,MOTOR_ONLY_0.781,0.0,0.781,0.5377187618698546,6.638983050847457,41.60938802222892,50,472
204019,MOTOR_ONLY_0.782,0.0,0.782,0.5358327724112849,6.627731092436974,40.23915900158895,50,476
204019,MOTOR_ONLY_0.783,0.0,0.783,0.5319931483544059,6.631372549019607,42.02181929287862,50,476
204019,MOTOR_ONLY_0.784,0.0,0.784,0.5375610539413531,6.768860580325549,42.220841131492755,50,471
204019,MOTOR_ONLY_0.785,0.0,0.785,0.5324151439894104,6.737005649717514,44.92939685061688,50,472
204019,MOTOR_ONLY_0.786,0.0,0.786,0.5287393718037148,6.754228855721393,44.572403814683206,50,469
204019,MOTOR_ONLY_0.787,0.0,0.787,0.5415453474329787,6.956223175965665,45.00007457491876,50,466
204019,MOTOR_ONLY_0.788,0.0,0.788,0.5538568142980809,7.238925199709513,46.39658323764872,50,459
204019,MOTOR_ONLY_0.789,0.0,0.789,0.5624268644646617,7.436098981077147,46.44979505792162,50,458
204019,MOTOR_ONLY_0.790,0.0,0.79,0.5713694013055526,7.702722590139808,50.79109938590238,50,453
204019,MOTOR_ONLY_0.791,0.0,0.791,0.5738547715932232,7.794370370370371,50.609838612587076,50,450
204019,MOTOR_ONLY_0.792,0.0,0.792,0.5739819913563111,7.854464285714286,51.05719127744047,50,448
204019,MOTOR_ONLY_0.793,0.0,0.793,0.5823372213969886,8.084384384384384,51.043484778319296,50,444
204019,MOTOR_ONLY_0.794,0.0,0.794,0.5845858500313938,8.015510812826248,51.67330142940178,50,447
204019,MOTOR_ONLY_0.795,0.0,0.795,0.5869528935816238,8.080536912751677,52.39339288724766,50,447
204019,MOTOR_ONLY_0.796,0.0,0.796,0.5860513586146148,8.126741573033708,51.58444204085221,50,445
204019,MOTOR_ONLY_0.797,0.0,0.797,0.5809538100816996,8.04888888888889,51.21821356332313,50,450
204019,MOTOR_ONLY_0.798,0.0,0.798,0.5871406909616077,8.205381165919283,53.717334247058446,50,446
204019,MOTOR_ONLY_0.799,0.0,0.799,0.5813393437943117,8.156599552572708,54.418029816629186,50,447
204019,MOTOR_ONLY_0.800,0.0,0.8,0.5799400909011517,8.147321428571429,54.57021163092548,50,448
204020,SENSORY_SITE_FB,1.0,0.0,0.6068504392146962,5.018708827404479,50.789267619677965,50,506
204020,MOTOR_ONLY_0.700,0.0,0.7,0.4212444326935218,4.010686095931997,47.83923189914295,50,549
204020,MOTOR_ONLY_0.701,0.0,0.701,0.4165389444559453,3.979189352692075,47.200627682942155,50,551
204020,MOTOR_ONLY_0.702,0.0,0.702,0.423372996045548,4.017859327217126,46.96994152930691,50,545
204020,MOTOR_ONLY_0.703,0.0,0.703,0.42467151411868354,4.064078866296981,47.85561527863518,50,541
204020,MOTOR_ONLY_0.704,0.0,0.704,0.41808578299818727,4.043050430504305,47.63936700011114,50,542
204020,MOTOR_ONLY_0.705,0.0,0.705,0.42987818366350566,4.132839506172839,46.49609778187645,50,540
204020,MOTOR_ONLY_0.706,0.0,0.706,0.4296918318177844,4.1294045426642105,46.62487575880141,50,543
204020,MOTOR_ONLY_0.707,0.0,0.707,0.42916932995854,4.138735420503377,47.45022940527563,50,543
204020,MOTOR_ONLY_0.708,0.0,0.708,0.4331405475620633,4.179987722529159,49.76289740519877,50,543
204020,MOTOR_ONLY_0.709,0.0,0.709,0.448527604371101,4.29541511771995,49.83503198604498,50,538
204020,MOTOR_ONLY_0.710,0.0,0.71,0.45377099621874106,4.353644859813084,49.135417915534,50,535
204020,MOTOR_ONLY_0.711,0.0,0.711,0.4579364620823286,4.405503439649781,48.60628455394576,50,533
204020,MOTOR_ONLY_0.712,0.0,0.712,0.4544494399188335,4.3606965174129355,47.992060639907265,50,536
204020,MOTOR_ONLY_0.713,0.0,0.713,0.458633679916152,4.422055137844612,48.53136014898937,50,532
204020,MOTOR_ONLY_0.714,0.0,0.714,0.47302769095946595,4.537618147448015,49.28311656694339,50,529
204020,MOTOR_ONLY_0.715,0.0,0.715,0.4715742644292588,4.532077840552417,49.30388828943789,50,531
204020,MOTOR_ONLY_0.716,0.0,0.716,0.48340429779022387,4.643018867924528,50.67811407364925,50,530
204020,MOTOR_ONLY_0.717,0.0,0.717,0.4879711552951295,4.698292220113852,50.71789777584104,50,527
204020,MOTOR_ONLY_0.718,0.0,0.718,0.4891239797900535,4.701262626262626,51.079995382135685,50,528
204020,MOTOR_ONLY_0.719,0.0,0.719,0.49399699586404194,4.751492063492064,50.81630627026256,50,525
204020,MOTOR_ONLY_0.720,0.0,0.72,0.49352783870354516,4.760380952380952,50.91071396133838,50,525
204020,MOTOR_ONLY_0.721,0.0,0.721,0.48851329010719974,4.743765903307888,51.13694344184399,50,524
204020,MOTOR_ONLY_0.722,0.0,0.722,0.4884078566522148,4.779094964945825,52.929493308201025,50,523
204020,MOTOR_ONLY_0.723,0.0,0.723,0.4900048547401962,4.801787994891443,51.207743384318704,50,522
204020,MOTOR_ONLY_0.724,0.0,0.724,0.49230812938547164,4.83659628918746,51.39174735773844,50,521
204020,MOTOR_ONLY_0.725,0.0,0.725,0.47965481209963967,4.7291428571428575,51.010578649168814,50,525
204020,MOTOR_ONLY_0.726,0.0,0.726,0.48015166581999974,4.711111111111111,49.533705082442076,50,528
204020,MOTOR_ONLY_0.727,0.0,0.727,0.47818668137504095,4.723086654016445,49.814009753464376,50,527
204020,MOTOR_ONLY_0.728,0.0,0.728,0.47313608260962564,4.700628930817611,49.26172186155123,50,530
204020,MOTOR_ONLY_0.729,0.0,0.729,0.4673563624031442,4.66516290726817,49.02643238953313,50,532
204020,MOTOR_ONLY_0.730,0.0,0.73,0.4659185798920263,4.68750784682988,48.033375446889835,50,531
204020,MOTOR_ONLY_0.731,0.0,0.731,0.47085721411082415,4.736974262397991,48.16067075330505,50,531
204020,MOTOR_ONLY_0.732,0.0,0.732,0.47939878712784373,4.796219281663515,48.04411739630961,50,529
204020,MOTOR_ONLY_0.733,0.0,0.733,0.4840257909502819,4.8662871600253,49.25424721631166,50,527
204020,MOTOR_ONLY_0.734,0.0,0.734,0.48351935789281036,4.92215873015873,49.069628693987646,50,525
204020,MOTOR_ONLY_0.735,0.0,0.735,0.48411516273043137,4.926489226869455,50.047160050200354,50,526
204020,MOTOR_ONLY_0.736,0.0,0.736,0.47445787876600337,4.978371501272265,50.75261854157181,50,524
204020,MOTOR_ONLY_0.737,0.0,0.737,0.47232797285995826,4.983969465648855,51.37526873573038,50,524
204020,MOTOR_ONLY_0.738,0.0,0.738,0.4727921864512066,5.004071246819338,51.09354445114101,50,524
204020,MOTOR_ONLY_0.739,0.0,0.739,0.48358966124798364,5.160025789813024,50.96691567154939,50,517
204020,MOTOR_ONLY_0.740,0.0,0.74,0.484338988776361,5.202330097087379,52.112845890093915,50,515
204020,MOTOR_ONLY_0.741,0.0,0.741,0.48237608683396044,5.255922330097087,51.71562276375459,50,515
204020,MOTOR_ONLY_0.742,0.0,0.742,0.482838034618586,5.255705996131528,51.140237197148046,50,517
204020,MOTOR_ONLY_0.743,0.0,0.743,0.48328899701530537,5.28957928802589,50.762276842204685,50,515
204020,MOTOR_ONLY_0.744,0.0,0.744,0.4827755176080842,5.311067961165048,51.140680943410835,50,515
204020,MOTOR_ONLY_0.745,0.0,0.745,0.4858899447804256,5.3758754863813225,52.9477898356514,50,514
204020,MOTOR_ONLY_0.746,0.0,0.746,0.4790501538693881,5.367315175097276,52.66859754811034,50,514
204020,MOTOR_ONLY_0.747,0.0,0.747,0.478896086195193,5.436339869281046,53.69114991582488,50,510
204020,MOTOR_ONLY_0.748,0.0,0.748,0.48244924994293525,5.497900262467191,54.47193984113526,50,508
204020,MOTOR_ONLY_0.749,0.0,0.749,0.47751508218277916,5.508218277449046,53.68223752202786,50,507
204020,MOTOR_ONLY_0.750,0.0,0.75,0.48482940594182794,5.5673254281949935,54.747877130897514,50,506
204020,MOTOR_ONLY_0.751,0.0,0.751,0.4869476149392005,5.551277013752456,53.92863805640376,50,509
204020,MOTOR_ONLY_0.752,0.0,0.752,0.4899559360371613,5.582449246889325,54.110704632543694,50,509
204020,MOTOR_ONLY_0.753,0.0,0.753,0.4878141803580506,5.57751633986928,54.18652384692938,50,510
204020,MOTOR_ONLY_0.754,0.0,0.754,0.4870711605024184,5.6013097576948265,54.16617863990357,50,509
204020,MOTOR_ONLY_0.755,0.0,0.755,0.4859595722126383,5.602614379084968,54.29962282780781,50,510
204020,MOTOR_ONLY_0.756,0.0,0.756,0.49629220440441235,5.677537655533726,52.964357488225076,50,509
204020,MOTOR_ONLY_0.757,0.0,0.757,0.4987331292016831,5.736231884057971,52.53666093570632,50,506
204020,MOTOR_ONLY_0.758,0.0,0.758,0.49810398017588103,5.788469184890657,51.58423181330403,50,503
204020,MOTOR_ONLY_0.759,0.0,0.759,0.4966826384272065,5.798011928429423,52.05250298273287,50,503
204020,MOTOR_ONLY_0.760,0.0,0.76,0.49471131234855104,5.794059405940594,51.845579930835605,50,505
204020,MOTOR_ONLY_0.761,0.0,0.761,0.5006676133844282,5.891269841269842,53.25230279315471,50,504
204020,MOTOR_ONLY_0.762,0.0,0.762,0.4995887638994731,5.926336633663366,54.70409366981701,50,505
204020,MOTOR_ONLY_0.763,0.0,0.763,0.5007422752604946,6.016766467065868,55.20102912022714,50,501
204020,MOTOR_ONLY_0.764,0.0,0.764,0.5040696481314388,6.089333333333333,55.26161771162709,50,500
204020,MOTOR_ONLY_0.765,0.0,0.765,0.5065105216396123,6.156626506024097,54.06589211491624,50,498
204020,MOTOR_ONLY_0.766,0.0,0.766,0.5163857956351802,6.371428571428571,55.58216538845361,50,490
204020,MOTOR_ONLY_0.767,0.0,0.767,0.5087187917197897,6.272861952861954,56.5624217322394,50,495
204020,MOTOR_ONLY_0.768,0.0,0.768,0.5081945151036452,6.291717171717171,56.95114376846897,50,495
204020,MOTOR_ONLY_0.769,0.0,0.769,0.5208224104754524,6.486338797814208,57.82347347408583,50,488
204020,MOTOR_ONLY_0.770,0.0,0.77,0.5250324030071403,6.569347079037801,57.23438407964767,50,485
204020,MOTOR_ONLY_0.771,0.0,0.771,0.5292650966081656,6.6733056708160445,58.24333556269194,50,482
204020,MOTOR_ONLY_0.772,0.0,0.772,0.5349815655975032,6.735689535689535,58.97186329619656,50,481
204020,MOTOR_ONLY_0.773,0.0,0.773,0.537945290063098,6.796944444444445,59.61055227348659,50,480
204020,MOTOR_ONLY_0.774,0.0,0.774,0.5320323095492893,6.809147609147609,59.81601871241248,50,481
204020,MOTOR_ONLY_0.775,0.0,0.775,0.5380278760178505,6.926666666666667,60.276236388018454,50,480
204020,MOTOR_ONLY_0.776,0.0,0.776,0.5366447038367613,6.915869715869716,60.285294665616505,50,481
204020,MOTOR_ONLY_0.777,0.0,0.777,0.5417978978395804,6.987275242047025,61.85134703334627,50,482
204020,MOTOR_ONLY_0.778,0.0,0.778,0.5368149563818434,6.893004115226337,59.90030933469246,50,486
204020,MOTOR_ONLY_0.779,0.0,0.779,0.5350632182138233,6.986887508626639,61.008662716083215,50,483
204020,MOTOR_ONLY_0.780,0.0,0.78,0.543602166063072,7.171944444444445,62.044629486372166,50,480
204020,MOTOR_ONLY_0.781,0.0,0.781,0.5502410313769033,7.269722222222222,61.9109203358058,50,480
204020,MOTOR_ONLY_0.782,0.0,0.782,0.561964342560867,7.563789473684211,62.725014192400565,50,475
204020,MOTOR_ONLY_0.783,0.0,0.783,0.5600695781848896,7.536401673640167,64.0016960374226,50,478
204020,MOTOR_ONLY_0.784,0.0,0.784,0.5602271816662419,7.625035161744022,64.64503551290449,50,474
204020,MOTOR_ONLY_0.785,0.0,0.785,0.560646124243067,7.717128642501777,64.8910678304066,50,469
204020,MOTOR_ONLY_0.786,0.0,0.786,0.5712242647813487,7.936480686695279,65.66763269616062,50,466
204020,MOTOR_ONLY_0.787,0.0,0.787,0.563439525913784,7.929462365591397,66.62507250121128,50,465
204020,MOTOR_ONLY_0.788,0.0,0.788,0.565157307634615,7.953648068669527,65.85755555015129,50,466
204020,MOTOR_ONLY_0.789,0.0,0.789,0.5623425058965336,7.991971326164874,66.70264220901245,50,465
204020,MOTOR_ONLY_0.790,0.0,0.79,0.563543356802748,8.084848484848484,67.72196374238203,50,462
204020,MOTOR_ONLY_0.791,0.0,0.791,0.5793267121482184,8.48849557522124,68.04293445174017,50,452
204020,MOTOR_ONLY_0.792,0.0,0.792,0.562665500904174,8.082539682539682,68.36721692947005,50,462
204020,MOTOR_ONLY_0.793,0.0,0.793,0.5731459235940112,8.310625909752547,69.82594357451825,50,458
204020,MOTOR_ONLY_0.794,0.0,0.794,0.567053572476399,8.18494623655914,69.10492579670445,50,465
204020,MOTOR_ONLY_0.795,0.0,0.795,0.5911092898748345,8.824000000000002,69.97081748839592,50,450
204020,MOTOR_ONLY_0.796,0.0,0.796,0.5846272232605899,8.748311306901616,69.86053123544153,50,454
204020,MOTOR_ONLY_0.797,0.0,0.797,0.5716024513837147,8.627937915742793,71.17722089737028,50,451
204020,MOTOR_ONLY_0.798,0.0,0.798,0.5824917237439069,8.91509715994021,73.4429362230278,50,446
204020,MOTOR_ONLY_0.799,0.0,0.799,0.581162588721615,8.832815964523283,71.9876818872387,50,451
204020,MOTOR_ONLY_0.800,0.0,0.8,0.5801325484665983,8.903703703703703,70.77177061825324,50,450
204021,SENSORY_SITE_FB,1.0,0.0,0.5845184315596181,4.8582345191040845,39.043220956698214,50,506
204021,MOTOR_ONLY_0.700,0.0,0.7,0.4414665984523692,4.248028673835125,35.21023395504846,50,558
204021,MOTOR_ONLY_0.701,0.0,0.701,0.4438559913813713,4.28369304556355,34.696918183974645,50,556
204021,MOTOR_ONLY_0.702,0.0,0.702,0.44055818593088225,4.295306859205777,35.37390474031131,50,554
204021,MOTOR_ONLY_0.703,0.0,0.703,0.44141510751309493,4.335632183908046,35.56424454463334,50,551
204021,MOTOR_ONLY_0.704,0.0,0.704,0.4373030087770511,4.338535995160314,36.52423251584009,50,551
204021,MOTOR_ONLY_0.705,0.0,0.705,0.44447705167383567,4.368427443837279,34.431123010369866,50,549
204021,MOTOR_ONLY_0.706,0.0,0.706,0.44842179274141253,4.3863995142683665,35.6801274499289,50,549
204021,MOTOR_ONLY_0.707,0.0,0.707,0.44849991122876437,4.427350427350428,35.87310847721207,50,546
204021,MOTOR_ONLY_0.708,0.0,0.708,0.4496776036647178,4.463235294117648,36.36704580970952,50,544
204021,MOTOR_ONLY_0.709,0.0,0.709,0.4506839674754055,4.488397790055249,35.66607534714573,50,543
204021,MOTOR_ONLY_0.710,0.0,0.71,0.4516631032345698,4.51389913899139,36.0221307953399,50,542
204021,MOTOR_ONLY_0.711,0.0,0.711,0.4419343798087414,4.467401960784314,34.71781258898709,50,544
204021,MOTOR_ONLY_0.712,0.0,0.712,0.4481350973092634,4.50348623853211,34.64111152821362,50,545
204021,MOTOR_ONLY_0.713,0.0,0.713,0.45035695613129145,4.527941176470589,35.54784800967886,50,544
204021,MOTOR_ONLY_0.714,0.0,0.714,0.45151666526509243,4.547767584097859,35.249766952933605,50,545
204021,MOTOR_ONLY_0.715,0.0,0.715,0.4499842599702361,4.556085626911314,35.25041613879135,50,545
204021,MOTOR_ONLY_0.716,0.0,0.716,0.4546437859209711,4.614950980392156,36.67672827858066,50,544
204021,MOTOR_ONLY_0.717,0.0,0.717,0.4509519386072438,4.612599388379206,36.87128182379706,50,545
204021,MOTOR_ONLY_0.718,0.0,0.718,0.4541022600058341,4.664456721915285,36.932518234352244,50,543
204021,MOTOR_ONLY_0.719,0.0,0.719,0.4533743435289872,4.679458794587946,37.55567225099835,50,542
204021,MOTOR_ONLY_0.720,0.0,0.72,0.45213454058629304,4.676243093922652,39.21336777245681,50,543
204021,MOTOR_ONLY_0.721,0.0,0.721,0.45185970935496506,4.702337023370234,38.58619786892033,50,542
204021,MOTOR_ONLY_0.722,0.0,0.722,0.4537605508418773,4.72731737262124,38.241593824292046,50,543
204021,MOTOR_ONLY_0.723,0.0,0.723,0.45435773485376235,4.748585485854859,37.89112763235809,50,542
204021,MOTOR_ONLY_0.724,0.0,0.724,0.452574829698647,4.759581022797289,38.555925521621106,50,541
204021,MOTOR_ONLY_0.725,0.0,0.725,0.4603161904327789,4.8277571251548945,38.52418353241274,50,538
204021,MOTOR_ONLY_0.726,0.0,0.726,0.45830211256252257,4.824242424242424,38.53345957044105,50,539
204021,MOTOR_ONLY_0.727,0.0,0.727,0.45846156182713105,4.844444444444445,38.9712064210162,50,537
204021,MOTOR_ONLY_0.728,0.0,0.728,0.4568560911985236,4.843122676579926,38.88036093597584,50,538
204021,MOTOR_ONLY_0.729,0.0,0.729,0.4574197947345674,4.862701363073111,39.00852577375814,50,538
204021,MOTOR_ONLY_0.730,0.0,0.73,0.457002118912231,4.892613283674736,40.088899636722715,50,537
204021,MOTOR_ONLY_0.731,0.0,0.731,0.4572489531325737,4.901669758812616,40.30199491143062,50,539
204021,MOTOR_ONLY_0.732,0.0,0.732,0.4552129671134642,4.9037037037037035,41.19907864597138,50,540
204021,MOTOR_ONLY_0.733,0.0,0.733,0.45177647684643263,4.886999383857055,40.514297170450305,50,541
204021,MOTOR_ONLY_0.734,0.0,0.734,0.45126178956588153,4.89249692496925,39.63172345643056,50,542
204021,MOTOR_ONLY_0.735,0.0,0.735,0.4545315375322147,4.9111931119311185,39.6358974900958,50,542
204021,MOTOR_ONLY_0.736,0.0,0.736,0.45438293920322886,4.931111111111111,38.308907244106756,50,540
204021,MOTOR_ONLY_0.737,0.0,0.737,0.4659256996562735,5.081812538795779,39.97011098969427,50,537
204021,MOTOR_ONLY_0.738,0.0,0.738,0.4668653678802236,5.114835505896958,40.82957985825899,50,537
204021,MOTOR_ONLY_0.739,0.0,0.739,0.46833295256926893,5.133581164807931,40.926236775758305,50,538
204021,MOTOR_ONLY_0.740,0.0,0.74,0.4719066307986384,5.1672253258845435,40.47050858402796,50,537
204021,MOTOR_ONLY_0.741,0.0,0.741,0.4661563923421252,5.163883735312307,41.27108972248951,50,539
204021,MOTOR_ONLY_0.742,0.0,0.742,0.47089552216618796,5.179128299570289,43.128597104168854,50,543
204021,MOTOR_ONLY_0.743,0.0,0.743,0.4735463648769018,5.315737298636927,45.03777699368479,50,538
204021,MOTOR_ONLY_0.744,0.0,0.744,0.4698598023609264,5.294814814814814,46.41395644827044,50,540
204021,MOTOR_ONLY_0.745,0.0,0.745,0.4701502933860011,5.352736318407961,45.78948781186381,50,536
204021,MOTOR_ONLY_0.746,0.0,0.746,0.4726477203176386,5.373880597014926,45.15497573043589,50,536
204021,MOTOR_ONLY_0.747,0.0,0.747,0.47541728107442094,5.41542288557214,43.93033657694541,50,536
204021,MOTOR_ONLY_0.748,0.0,0.748,0.47072668575331084,5.4810062893081755,44.26528091975303,50,530
204021,MOTOR_ONLY_0.749,0.0,0.749,0.4736121756331502,5.539760554505356,45.59891038783392,50,529
204021,MOTOR_ONLY_0.750,0.0,0.75,0.4896348803545977,5.631698113207547,46.839638570874946,50,530
204021,MOTOR_ONLY_0.751,0.0,0.751,0.48785818907905104,5.664393939393939,46.08278623292065,50,528
204021,MOTOR_ONLY_0.752,0.0,0.752,0.4900273229757215,5.695129664769133,46.97387983180072,50,527
204021,MOTOR_ONLY_0.753,0.0,0.753,0.49124054798208117,5.719898605830165,45.484107638995845,50,526
204021,MOTOR_ONLY_0.754,0.0,0.754,0.4820015911256841,5.704126984126984,47.34040916152548,50,525
204021,MOTOR_ONLY_0.755,0.0,0.755,0.48913559605078083,5.819321817018554,47.596218590041154,50,521
204021,MOTOR_ONLY_0.756,0.0,0.756,0.4948854168768952,5.916344916344916,48.76664929998938,50,518
204021,MOTOR_ONLY_0.757,0.0,0.757,0.4944146057203818,5.96046511627907,48.857714151167194,50,516
204021,MOTOR_ONLY_0.758,0.0,0.758,0.4927567390022363,5.974468085106383,49.35071163221485,50,517
204021,MOTOR_ONLY_0.759,0.0,0.759,0.4913420842939553,6.020233463035019,49.43638659378855,50,514
204021,MOTOR_ONLY_0.760,0.0,0.76,0.4897971176192156,6.002067183462532,49.04204057907632,50,516
204021,MOTOR_ONLY_0.761,0.0,0.761,0.4890418317566667,6.04798962386511,48.3759790898284,50,514
204021,MOTOR_ONLY_0.762,0.0,0.762,0.4876054495641001,6.081770833333334,50.16384759613117,50,512
204021,MOTOR_ONLY_0.763,0.0,0.763,0.4869825393469328,6.07367055771725,50.944699945790624,50,514
204021,MOTOR_ONLY_0.764,0.0,0.764,0.4926829348680837,6.145525291828793,50.29566217361525,50,514
204021,MOTOR_ONLY_0.765,0.0,0.765,0.4895086277673404,6.18969341161122,50.23464575444254,50,511
204021,MOTOR_ONLY_0.766,0.0,0.766,0.49006303353488057,6.179166666666666,50.53402317492168,50,512
204021,MOTOR_ONLY_0.767,0.0,0.767,0.4966921253117667,6.219363222871994,50.74822527009097,50,513
204021,MOTOR_ONLY_0.768,0.0,0.768,0.4983703573567297,6.264579256360078,49.910118248770566,50,511
204021,MOTOR_ONLY_0.769,0.0,0.769,0.4910897089611977,6.202067183462532,49.784312264370286,50,516
204021,MOTOR_ONLY_0.770,0.0,0.77,0.4940941636960976,6.2988326848249026,50.843128218858084,50,514
204021,MOTOR_ONLY_0.771,0.0,0.771,0.5047991228888112,6.469019607843137,50.57797452304979,50,510
204021,MOTOR_ONLY_0.772,0.0,0.772,0.4957491217542078,6.455795677799607,50.51198252113205,50,509
204021,MOTOR_ONLY_0.773,0.0,0.773,0.5012264769048489,6.6079681274900395,51.99038694688984,50,502
204021,MOTOR_ONLY_0.774,0.0,0.774,0.5092360443088839,6.8080160320641285,54.609295058863154,50,499
204021,MOTOR_ONLY_0.775,0.0,0.775,0.5225932274679311,7.015280594996619,56.12296483319145,50,493
204021,MOTOR_ONLY_0.776,0.0,0.776,0.5221946711232853,7.024561403508772,56.90358291986114,50,494
204021,MOTOR_ONLY_0.777,0.0,0.777,0.5366442356261675,7.332508591065292,58.6968167883924,50,485
204021,MOTOR_ONLY_0.778,0.0,0.778,0.5354943893205055,7.422591822591823,61.72204968555126,50,481
204021,MOTOR_ONLY_0.779,0.0,0.779,0.5326731526169056,7.421853388658367,64.1787277242849,50,482
204021,MOTOR_ONLY_0.780,0.0,0.78,0.5353070040286666,7.4512077294685986,65.21583949207806,50,483
204021,MOTOR_ONLY_0.781,0.0,0.781,0.5326102267782875,7.422496570644718,64.57268515469698,50,486
204021,MOTOR_ONLY_0.782,0.0,0.782,0.5532518182605937,7.842296918767507,66.46329879809447,50,476
204021,MOTOR_ONLY_0.783,0.0,0.783,0.5531638349986244,7.933614627285513,66.19481302805329,50,474
204021,MOTOR_ONLY_0.784,0.0,0.784,0.5572692479964789,8.12934472934473,65.89618432919517,50,468
204021,MOTOR_ONLY_0.785,0.0,0.785,0.5577827011459552,8.169438521677328,65.21458749138534,50,469
204021,MOTOR_ONLY_0.786,0.0,0.786,0.5551159008801938,8.107909604519774,64.07566912362203,50,472
204021,MOTOR_ONLY_0.787,0.0,0.787,0.5553074609198658,8.20899357601713,64.47904999662893,50,467
204021,MOTOR_ONLY_0.788,0.0,0.788,0.5548750148234707,8.149752300070771,65.7775706041257,50,471
204021,MOTOR_ONLY_0.789,0.0,0.789,0.5503068089462905,8.226149425287357,68.11194231132089,50,464
204021,MOTOR_ONLY_0.790,0.0,0.79,0.5414506558107326,8.134470504619758,67.27529688973442,50,469
204021,MOTOR_ONLY_0.791,0.0,0.791,0.5455442224963163,8.238358103326256,65.85424228212024,50,471
204021,MOTOR_ONLY_0.792,0.0,0.792,0.5633655781421146,8.626666666666667,65.84058581421142,50,460
204021,MOTOR_ONLY_0.793,0.0,0.793,0.5655865505778113,8.816703296703295,65.03494178474983,50,455
204021,MOTOR_ONLY_0.794,0.0,0.794,0.5752109893750835,8.958590308370045,65.43935126204408,50,454
204021,MOTOR_ONLY_0.795,0.0,0.795,0.5755989110100487,9.038348082595869,63.48732665500096,50,452
204021,MOTOR_ONLY_0.796,0.0,0.796,0.579674120103447,9.150923872875092,64.06374399378637,50,451
204021,MOTOR_ONLY_0.797,0.0,0.797,0.5748388596622109,9.126253687315634,64.00184029717414,50,452
204021,MOTOR_ONLY_0.798,0.0,0.798,0.5686668095712526,9.096198830409357,62.52091683681672,50,456
204021,MOTOR_ONLY_0.799,0.0,0.799,0.5671618288928758,9.136703296703297,63.48985598647616,50,455
204021,MOTOR_ONLY_0.800,0.0,0.8,0.5778702420487878,9.432813659985152,66.98263711788105,50,449
204022,SENSORY_SITE_FB,1.0,0.0,0.5951222991433898,4.529987129987131,35.105666530976976,50,518
204022,MOTOR_ONLY_0.700,0.0,0.7,0.5277845299775951,4.8202729044834305,32.44003727570614,50,513
204022,MOTOR_ONLY_0.701,0.0,0.701,0.5210579710598474,4.809915198956294,32.094436408056225,50,511
204022,MOTOR_ONLY_0.702,0.0,0.702,0.519249827619329,4.831833007175473,31.432939720085386,50,511
204022,MOTOR_ONLY_0.703,0.0,0.703,0.5110459972019225,4.790142671854734,31.078843386181347,50,514
204022,MOTOR_ONLY_0.704,0.0,0.704,0.5123444643628793,4.818193632228719,30.98479295289458,50,513
204022,MOTOR_ONLY_0.705,0.0,0.705,0.513098121467638,4.817380025940337,30.560018788156867,50,514
204022,MOTOR_ONLY_0.706,0.0,0.706,0.5094981566096738,4.822308690012971,31.33651267848181,50,514
204022,MOTOR_ONLY_0.707,0.0,0.707,0.5095629545088407,4.805931656995487,31.01184117169761,50,517
204022,MOTOR_ONLY_0.708,0.0,0.708,0.5118598457819431,4.847545219638242,33.36985490253044,50,516
204022,MOTOR_ONLY_0.709,0.0,0.709,0.5198552660873709,4.912062256809338,32.42603944765327,50,514
204022,MOTOR_ONLY_0.710,0.0,0.71,0.5192019724599154,4.9188349514563106,32.697275437140135,50,515
204022,MOTOR_ONLY_0.711,0.0,0.711,0.5200153792490811,4.898449612403101,33.26971410867755,50,516
204022,MOTOR_ONLY_0.712,0.0,0.712,0.5169711127185216,4.891295938104449,32.9998343998677,50,517
204022,MOTOR_ONLY_0.713,0.0,0.713,0.51782652490899,4.913695090439276,32.088404813655785,50,516
204022,MOTOR_ONLY_0.714,0.0,0.714,0.5164593577643533,4.944228274967575,32.58043474652962,50,514
204022,MOTOR_ONLY_0.715,0.0,0.715,0.5224720466649392,4.97346278317152,31.664164992953584,50,515
204022,MOTOR_ONLY_0.716,0.0,0.716,0.5236845815274107,4.996108949416342,31.479693576362077,50,514
204022,MOTOR_ONLY_0.717,0.0,0.717,0.5286965478082507,5.087239583333333,31.24460204697147,50,512
204022,MOTOR_ONLY_0.718,0.0,0.718,0.5273720409418492,5.075503573749188,31.54873187604016,50,513
204022,MOTOR_ONLY_0.719,0.0,0.719,0.5260380648108073,5.10078125,31.628827389277617,50,512
204022,MOTOR_ONLY_0.720,0.0,0.72,0.5262340585700003,5.110241356816699,30.32787015858074,50,511
204022,MOTOR_ONLY_0.721,0.0,0.721,0.5231058808211183,5.102674494455316,32.49074841029742,50,511
204022,MOTOR_ONLY_0.722,0.0,0.722,0.5238920389133609,5.111460379829732,30.792220978061188,50,509
204022,MOTOR_ONLY_0.723,0.0,0.723,0.5147446040187499,5.0865749836280285,33.77102953952226,50,509
204022,MOTOR_ONLY_0.724,0.0,0.724,0.5105333409569908,5.099737532808399,34.86364537086728,50,508
204022,MOTOR_ONLY_0.725,0.0,0.725,0.5126544456428888,5.104052287581699,35.4083645635147,50,510
204022,MOTOR_ONLY_0.726,0.0,0.726,0.5102551414755203,5.090318388564002,34.72590628214073,50,513
204022,MOTOR_ONLY_0.727,0.0,0.727,0.5128970200008935,5.132291666666666,33.026138882310974,50,512
204022,MOTOR_ONLY_0.728,0.0,0.728,0.5291521275630654,5.279841897233202,32.19128003551779,50,506
204022,MOTOR_ONLY_0.729,0.0,0.729,0.5222897179328854,5.261923583662714,33.206727331299405,50,506
204022,MOTOR_ONLY_0.730,0.0,0.73,0.5191908443290012,5.281584158415842,32.86943108190206,50,505
204022,MOTOR_ONLY_0.731,0.0,0.731,0.5226107518375609,5.342629482071713,34.392951910060155,50,502
204022,MOTOR_ONLY_0.732,0.0,0.732,0.5228608192587896,5.361904761904762,34.059803422085324,50,504
204022,MOTOR_ONLY_0.733,0.0,0.733,0.5222506299292695,5.402921646746348,33.73625840337287,50,502
204022,MOTOR_ONLY_0.734,0.0,0.734,0.5261102945789182,5.430278884462152,33.77711301097165,50,502
204022,MOTOR_ONLY_0.735,0.0,0.735,0.5304623609888914,5.480478087649402,33.96245941460853,50,502
204022,MOTOR_ONLY_0.736,0.0,0.736,0.5235450815954664,5.461630218687873,34.886712064051096,50,503
204022,MOTOR_ONLY_0.737,0.0,0.737,0.5311089508036652,5.541750167000668,35.96147505530251,50,499
204022,MOTOR_ONLY_0.738,0.0,0.738,0.5390171241321494,5.6409638554216865,33.54902363512185,50,498
204022,MOTOR_ONLY_0.739,0.0,0.739,0.5444920711666439,5.749161636485581,33.971720728471695,50,497
204022,MOTOR_ONLY_0.740,0.0,0.74,0.5433141874794624,5.805668016194332,33.14336883441588,50,494
204022,MOTOR_ONLY_0.741,0.0,0.741,0.5558229644381493,6.009016393442623,33.43724188468378,50,488
204022,MOTOR_ONLY_0.742,0.0,0.742,0.5590388184117551,6.071311475409836,33.54032993410283,50,488
204022,MOTOR_ONLY_0.743,0.0,0.743,0.5584562128472822,6.087158469945355,33.421987344952186,50,488
204022,MOTOR_ONLY_0.744,0.0,0.744,0.5577488372362472,6.125377229080932,34.24142406097663,50,486
204022,MOTOR_ONLY_0.745,0.0,0.745,0.5419550610588704,5.9216802168021685,34.12822486327073,50,492
204022,MOTOR_ONLY_0.746,0.0,0.746,0.5406955206724201,5.942701968771216,34.12405381201672,50,491
204022,MOTOR_ONLY_0.747,0.0,0.747,0.5390018331410978,5.95112016293279,33.76726403224785,50,491
204022,MOTOR_ONLY_0.748,0.0,0.748,0.5364062632557591,5.9466124661246615,32.38525118662888,50,492
204022,MOTOR_ONLY_0.749,0.0,0.749,0.540025890829073,5.975782312925171,33.29506212598167,50,490
204022,MOTOR_ONLY_0.750,0.0,0.75,0.5303196289067972,5.919945909398241,33.71853338263474,50,493
204022,MOTOR_ONLY_0.751,0.0,0.751,0.5253902360814424,5.9616326530612245,33.70019155860112,50,490
204022,MOTOR_ONLY_0.752,0.0,0.752,0.5296273576708651,6.030265848670756,34.04969255724639,50,489
204022,MOTOR_ONLY_0.753,0.0,0.753,0.5300101597518695,6.036612021857923,33.622915938141105,50,488
204022,MOTOR_ONLY_0.754,0.0,0.754,0.5360695850468516,6.1314089347079035,34.22731474786225,50,485
204022,MOTOR_ONLY_0.755,0.0,0.755,0.5354424705064261,6.11772758384668,34.09906762166772,50,487
204022,MOTOR_ONLY_0.756,0.0,0.756,0.5423651388076086,6.200137457044674,35.13659357554356,50,485
204022,MOTOR_ONLY_0.757,0.0,0.757,0.5498995821904297,6.289073305670816,35.38554149165769,50,482
204022,MOTOR_ONLY_0.758,0.0,0.758,0.5487556010380965,6.37907949790795,41.199907802594815,50,478
204022,MOTOR_ONLY_0.759,0.0,0.759,0.5485221579746938,6.359444444444445,39.479555746805794,50,480
204022,MOTOR_ONLY_0.760,0.0,0.76,0.5503495110497645,6.467087719298246,40.33345151802142,50,475
204022,MOTOR_ONLY_0.761,0.0,0.761,0.5446593022155792,6.424649859943977,41.61389853179301,50,476
204022,MOTOR_ONLY_0.762,0.0,0.762,0.5462690178405186,6.423152022315203,43.33225959400489,50,478
204022,MOTOR_ONLY_0.763,0.0,0.763,0.5446518399942782,6.461495457721872,43.282665073520704,50,477
204022,MOTOR_ONLY_0.764,0.0,0.764,0.5418204191282506,6.4517120894479385,43.13931687083284,50,477
204022,MOTOR_ONLY_0.765,0.0,0.765,0.5438852019245516,6.460984060984061,42.9000492873013,50,481
204022,MOTOR_ONLY_0.766,0.0,0.766,0.5454842556724769,6.548117154811716,44.64441426688364,50,478
204022,MOTOR_ONLY_0.767,0.0,0.767,0.5471462862222676,6.694915254237288,44.772970234246294,50,472
204022,MOTOR_ONLY_0.768,0.0,0.768,0.5493255132569457,6.732485875706215,44.387353743107205,50,472
204022,MOTOR_ONLY_0.769,0.0,0.769,0.5477021292211618,6.789765458422174,46.624002300248875,50,469
204022,MOTOR_ONLY_0.770,0.0,0.77,0.5494980472923222,6.862978723404256,46.631781317008105,50,470
204022,MOTOR_ONLY_0.771,0.0,0.771,0.5554459880195769,7.02078853046595,45.914685535543384,50,465
204022,MOTOR_ONLY_0.772,0.0,0.772,0.5598875892509696,7.084444444444444,44.94204980334547,50,465
204022,MOTOR_ONLY_0.773,0.0,0.773,0.5610426677333018,7.19942154736081,46.0540390956181,50,461
204022,MOTOR_ONLY_0.774,0.0,0.774,0.5623570170253394,7.236652236652237,47.68255224860797,50,462
204022,MOTOR_ONLY_0.775,0.0,0.775,0.5538286722138045,7.165442764578834,47.749458365238794,50,463
204022,MOTOR_ONLY_0.776,0.0,0.776,0.5614159546721788,7.268405797101449,51.66648796410318,50,460
204022,MOTOR_ONLY_0.777,0.0,0.777,0.5605729041537995,7.274041937816341,50.835848459837244,50,461
204022,MOTOR_ONLY_0.778,0.0,0.778,0.5581997454980703,7.298260869565217,48.626661324207696,50,460
204022,MOTOR_ONLY_0.779,0.0,0.779,0.555837283078406,7.321739130434782,51.30087663339409,50,460
204022,MOTOR_ONLY_0.780,0.0,0.78,0.5573660333588087,7.392592592592592,51.243113118207404,50,459
204022,MOTOR_ONLY_0.781,0.0,0.781,0.5419769133180808,7.235709143268538,53.523006779976456,50,463
204022,MOTOR_ONLY_0.782,0.0,0.782,0.5423342752345689,7.233762517882689,54.190023040534946,50,466
204022,MOTOR_ONLY_0.783,0.0,0.783,0.5390610859459253,7.252819414703783,53.85956552714373,50,467
204022,MOTOR_ONLY_0.784,0.0,0.784,0.5620544534822404,7.622757111597374,56.31751475933577,50,457
204022,MOTOR_ONLY_0.785,0.0,0.785,0.5489665252004103,7.394672426205903,56.26762797385607,50,463
204022,MOTOR_ONLY_0.786,0.0,0.786,0.5464516269358102,7.387982832618025,55.788231592415194,50,466
204022,MOTOR_ONLY_0.787,0.0,0.787,0.5488293725745221,7.502663786897048,55.69524017523022,50,463
204022,MOTOR_ONLY_0.788,0.0,0.788,0.5738253668334534,8.03370288248337,55.07107079890362,50,451
204022,MOTOR_ONLY_0.789,0.0,0.789,0.5734390728588735,8.122296793437734,54.26606955060295,50,447
204022,MOTOR_ONLY_0.790,0.0,0.79,0.5690995441030641,8.125560538116591,55.846564969067515,50,446
204022,MOTOR_ONLY_0.791,0.0,0.791,0.5688628196227529,8.104166666666666,54.813577293429056,50,448
204022,MOTOR_ONLY_0.792,0.0,0.792,0.5880718351282671,8.572817008352315,56.43801300551499,50,439
204022,MOTOR_ONLY_0.793,0.0,0.793,0.5858671672393072,8.591647684130601,56.06237298257061,50,439
204022,MOTOR_ONLY_0.794,0.0,0.794,0.5820578082872218,8.551131221719457,53.89998865565514,50,442
204022,MOTOR_ONLY_0.795,0.0,0.795,0.5835576115981953,8.637575757575757,51.42998320250779,50,440
204022,MOTOR_ONLY_0.796,0.0,0.796,0.5680332607957101,8.462022471910112,50.653291360036256,50,445
204022,MOTOR_ONLY_0.797,0.0,0.797,0.5686271251302522,8.594130925507901,54.12852255164308,50,443
204022,MOTOR_ONLY_0.798,0.0,0.798,0.5848420109701818,9.06078886310905,54.44012938353434,50,431
204022,MOTOR_ONLY_0.799,0.0,0.799,0.5876744052415449,9.18881118881119,53.92820407042699,50,429
204022,MOTOR_ONLY_0.800,0.0,0.8,0.5761771331765528,8.88153256704981,53.515556089294726,50,435
204023,SENSORY_SITE_FB,1.0,0.0,0.4990935751239599,4.152487562189055,29.878421930708022,50,536
204023,MOTOR_ONLY_0.700,0.0,0.7,0.43965718167129414,4.111029411764706,26.362163651542318,50,544
204023,MOTOR_ONLY_0.701,0.0,0.701,0.43976586753296354,4.114705882352941,26.64561845952906,50,544
204023,MOTOR_ONLY_0.702,0.0,0.702,0.45786641645372794,4.278250154035736,27.644963992480307,50,541
204023,MOTOR_ONLY_0.703,0.0,0.703,0.4662493995633148,4.3774053382991935,28.559358841692333,50,537
204023,MOTOR_ONLY_0.704,0.0,0.704,0.46652841037381554,4.387112763320942,31.1832671818755,50,538
204023,MOTOR_ONLY_0.705,0.0,0.705,0.4652294497946327,4.405959031657356,31.52816445109689,50,537
204023,MOTOR_ONLY_0.706,0.0,0.706,0.46442652665423517,4.438451935081148,30.795909912107344,50,534
204023,MOTOR_ONLY_0.707,0.0,0.707,0.4613574897636535,4.440968342644321,31.565057795009174,50,537
204023,MOTOR_ONLY_0.708,0.0,0.708,0.4607283079203125,4.466169154228855,33.28023706282062,50,536
204023,MOTOR_ONLY_0.709,0.0,0.709,0.45773705071272264,4.445925925925925,32.14639541113764,50,540
204023,MOTOR_ONLY_0.710,0.0,0.71,0.4557555819558557,4.415686274509804,30.255928472965643,50,544
204023,MOTOR_ONLY_0.711,0.0,0.711,0.46184154040700787,4.4613873542050335,32.810265594525724,50,543
204023,MOTOR_ONLY_0.712,0.0,0.712,0.4545703046991047,4.429465930018416,33.99046668133723,50,543
204023,MOTOR_ONLY_0.713,0.0,0.713,0.4559566006219496,4.478866296980899,33.508956372595165,50,541
204023,MOTOR_ONLY_0.714,0.0,0.714,0.45542634263638043,4.505237215033888,35.582498490460075,50,541
204023,MOTOR_ONLY_0.715,0.0,0.715,0.4523597808036332,4.547680890538033,36.257933684593475,50,539
204023,MOTOR_ONLY_0.716,0.0,0.716,0.43877199965322433,4.492039800995025,34.293946320417795,50,536
204023,MOTOR_ONLY_0.717,0.0,0.717,0.4447551134037196,4.55202492211838,33.380961168424435,50,535
204023,MOTOR_ONLY_0.718,0.0,0.718,0.4459724487163515,4.57478152309613,33.747149871035255,50,534
204023,MOTOR_ONLY_0.719,0.0,0.719,0.4451135258934013,4.6040100250626566,36.05324779848511,50,532
204023,MOTOR_ONLY_0.720,0.0,0.72,0.4432830602184235,4.597873671044402,35.906893266191595,50,533
204023,MOTOR_ONLY_0.721,0.0,0.721,0.4478622246127944,4.670433145009416,38.28960263945346,50,531
204023,MOTOR_ONLY_0.722,0.0,0.722,0.4562066253017689,4.763061353573688,36.182437495623816,50,527
204023,MOTOR_ONLY_0.723,0.0,0.723,0.45725826569519046,4.758993710691824,35.29064774651742,50,530
204023,MOTOR_ONLY_0.724,0.0,0.724,0.45603819423690356,4.690210656753408,34.56846448084118,50,538
204023,MOTOR_ONLY_0.725,0.0,0.725,0.4535439676634281,4.674799753542821,37.79109681551636,50,541
204023,MOTOR_ONLY_0.726,0.0,0.726,0.4521021981626631,4.688601355514479,36.38592644991738,50,541
204023,MOTOR_ONLY_0.727,0.0,0.727,0.4667569993113865,4.895919648462022,36.83979891498059,50,531
204023,MOTOR_ONLY_0.728,0.0,0.728,0.46775661914510397,4.909273182957393,36.15548250101968,50,532
204023,MOTOR_ONLY_0.729,0.0,0.729,0.45658302943994034,4.84726368159204,39.02068880400535,50,536
204023,MOTOR_ONLY_0.730,0.0,0.73,0.460191170766464,4.929323308270677,40.970177661409636,50,532
204023,MOTOR_ONLY_0.731,0.0,0.731,0.46105436699888497,4.9601000625390865,40.666810308891826,50,533
204023,MOTOR_ONLY_0.732,0.0,0.732,0.46736189969703507,5.053308128544423,41.08091268845312,50,529
204023,MOTOR_ONLY_0.733,0.0,0.733,0.47436451415854575,5.09353421217828,43.26268339767086,50,531
204023,MOTOR_ONLY_0.734,0.0,0.734,0.4715254079191272,5.146768060836502,41.64329325082622,50,526
204023,MOTOR_ONLY_0.735,0.0,0.735,0.4739070758401275,5.219885277246654,40.41860296197866,50,523
204023,MOTOR_ONLY_0.736,0.0,0.736,0.4717434224708245,5.216793893129771,43.23191841241598,50,524
204023,MOTOR_ONLY_0.737,0.0,0.737,0.4764595094775296,5.320978120978121,42.73083933851093,50,518
204023,MOTOR_ONLY_0.738,0.0,0.738,0.4773755801104194,5.316634553628774,42.78248401658857,50,519
204023,MOTOR_ONLY_0.739,0.0,0.739,0.4800217985126527,5.364932562620424,43.386170554960735,50,519
204023,MOTOR_ONLY_0.740,0.0,0.74,0.48364388732974656,5.457382333978078,40.988357989284324,50,517
204023,MOTOR_ONLY_0.741,0.0,0.741,0.4801667092744766,5.4837540453074425,44.281218268670656,50,515
204023,MOTOR_ONLY_0.742,0.0,0.742,0.4812913434766371,5.500454840805718,44.86085096017823,50,513
204023,MOTOR_ONLY_0.743,0.0,0.743,0.49448823791769647,5.621572449642625,47.240680627543604,50,513
204023,MOTOR_ONLY_0.744,0.0,0.744,0.4977588253007276,5.66822308690013,46.24078763539854,50,514
204023,MOTOR_ONLY_0.745,0.0,0.745,0.4891860320105424,5.648508430609597,45.29155194723422,50,514
204023,MOTOR_ONLY_0.746,0.0,0.746,0.5034431490568181,5.79921875,43.52254035911464,50,512
204023,MOTOR_ONLY_0.747,0.0,0.747,0.5045978338245477,5.768217054263565,41.59175193820151,50,516
204023,MOTOR_ONLY_0.748,0.0,0.748,0.5023881442586191,5.8,42.87809193298819,50,512
204023,MOTOR_ONLY_0.749,0.0,0.749,0.5127739118659347,5.927034120734907,41.56083848160403,50,508
204023,MOTOR_ONLY_0.750,0.0,0.75,0.5094276879585118,5.932283464566929,42.54999982173531,50,508
204023,MOTOR_ONLY_0.751,0.0,0.751,0.5140413042817683,6.048941798941799,43.66342147086293,50,504
204023,MOTOR_ONLY_0.752,0.0,0.752,0.5084612813966218,5.9889980353634575,44.81233819783254,50,509
204023,MOTOR_ONLY_0.753,0.0,0.753,0.5097120670184071,6.042866535174228,45.37758019511303,50,507
204023,MOTOR_ONLY_0.754,0.0,0.754,0.509463819645653,6.059842519685039,47.37306479220472,50,508
204023,MOTOR_ONLY_0.755,0.0,0.755,0.5007995798666999,6.061034708578913,43.74983977531668,50,509
204023,MOTOR_ONLY_0.756,0.0,0.756,0.5055052284793004,6.175396825396826,43.56106837712384,50,504
204023,MOTOR_ONLY_0.757,0.0,0.757,0.5006522266357327,6.162640264026403,43.71642770203503,50,505
204023,MOTOR_ONLY_0.758,0.0,0.758,0.49350995575167206,6.12094861660079,42.920305999495284,50,506
204023,MOTOR_ONLY_0.759,0.0,0.759,0.5030428884762029,6.267989417989417,42.55103071861361,50,504
204023,MOTOR_ONLY_0.760,0.0,0.76,0.5174198622688763,6.420615796519411,44.354686598024166,50,498
204023,MOTOR_ONLY_0.761,0.0,0.761,0.5127139106666863,6.442289562289562,43.579477137993166,50,495
204023,MOTOR_ONLY_0.762,0.0,0.762,0.5058468490523201,6.303733333333333,41.746688297155146,50,500
204023,MOTOR_ONLY_0.763,0.0,0.763,0.504356708973878,6.280715705765407,44.57048806082565,50,503
204023,MOTOR_ONLY_0.764,0.0,0.764,0.5144508537317269,6.438095238095237,41.67778433671905,50,497
204023,MOTOR_ONLY_0.765,0.0,0.765,0.5133612284874486,6.488799463447351,45.49884008235807,50,497
204023,MOTOR_ONLY_0.766,0.0,0.766,0.5258554969991733,6.687116564417178,46.63950874683781,50,489
204023,MOTOR_ONLY_0.767,0.0,0.767,0.5109489291982499,6.6723926380368095,47.655972318697174,50,489
204023,MOTOR_ONLY_0.768,0.0,0.768,0.5225552049962773,6.8175582990397805,49.714815687526325,50,486
204023,MOTOR_ONLY_0.769,0.0,0.769,0.5297202519475331,6.902139406487233,49.562820819066054,50,483
204023,MOTOR_ONLY_0.770,0.0,0.77,0.5334842572934244,6.989648033126294,49.25009102765243,50,483
204023,MOTOR_ONLY_0.771,0.0,0.771,0.5469252135282539,7.273263157894736,49.75769048094078,50,475
204023,MOTOR_ONLY_0.772,0.0,0.772,0.553503174673261,7.468652482269504,50.61746143566773,50,470
204023,MOTOR_ONLY_0.773,0.0,0.773,0.5532033476437047,7.564502164502164,51.900056444053824,50,462
204023,MOTOR_ONLY_0.774,0.0,0.774,0.5548740650085171,7.5759942154736075,50.79571474282567,50,461
204023,MOTOR_ONLY_0.775,0.0,0.775,0.5509768113757884,7.520402298850574,51.57421273211304,50,464
204023,MOTOR_ONLY_0.776,0.0,0.776,0.5598430741939922,7.634408602150537,53.7735642416622,50,465
204023,MOTOR_ONLY_0.777,0.0,0.777,0.562047401278447,7.612847965738758,54.76437272002885,50,467
204023,MOTOR_ONLY_0.778,0.0,0.778,0.56528656777562,7.751359084406294,54.6769993975198,50,466
204023,MOTOR_ONLY_0.779,0.0,0.779,0.5638186385565004,7.805304659498208,54.038680498054234,50,465
204023,MOTOR_ONLY_0.780,0.0,0.78,0.5636440737120303,7.8784229390681,55.14321130802975,50,465
204023,MOTOR_ONLY_0.781,0.0,0.781,0.5639127144895804,7.906552706552707,55.70313827129604,50,468
204023,MOTOR_ONLY_0.782,0.0,0.782,0.5703902293923131,8.043290043290042,56.747213772277995,50,462
204023,MOTOR_ONLY_0.783,0.0,0.783,0.5616818251648962,7.989985693848355,56.04520404031495,50,466
204023,MOTOR_ONLY_0.784,0.0,0.784,0.5637595824233993,8.063082437275986,55.728118701996216,50,465
204023,MOTOR_ONLY_0.785,0.0,0.785,0.5627794296755146,8.116342692584594,56.19299477851877,50,463
204023,MOTOR_ONLY_0.786,0.0,0.786,0.5769464468993958,8.383333333333333,56.61160768911804,50,456
204023,MOTOR_ONLY_0.787,0.0,0.787,0.5711987625908723,8.302106027596222,56.876562278448475,50,459
204023,MOTOR_ONLY_0.788,0.0,0.788,0.5768748812531519,8.581497797356828,60.79282444228048,50,454
204023,MOTOR_ONLY_0.789,0.0,0.789,0.5787583781956157,8.747080561714709,64.35093336766482,50,451
204023,MOTOR_ONLY_0.790,0.0,0.79,0.5815276047413362,8.860014781966001,63.78399488033496,50,451
204023,MOTOR_ONLY_0.791,0.0,0.791,0.5893380130936656,9.126756352765321,62.34888783094106,50,446
204023,MOTOR_ONLY_0.792,0.0,0.792,0.5839376669583339,9.08247576435496,61.93877504527746,50,447
204023,MOTOR_ONLY_0.793,0.0,0.793,0.5888144159589006,9.199406087602078,64.34377059231743,50,449
204023,MOTOR_ONLY_0.794,0.0,0.794,0.591637760902917,9.47121212121212,66.42484507562129,50,440
204023,MOTOR_ONLY_0.795,0.0,0.795,0.6010955989566097,9.656140350877193,65.02270121358708,50,437
204023,MOTOR_ONLY_0.796,0.0,0.796,0.5993499101052401,9.638787878787879,65.55213028082383,50,440
204023,MOTOR_ONLY_0.797,0.0,0.797,0.5977594334567322,9.655203619909503,65.9579327515012,50,442
204023,MOTOR_ONLY_0.798,0.0,0.798,0.6223988307382677,10.469633099141296,70.57619977062589,50,427
204023,MOTOR_ONLY_0.799,0.0,0.799,0.6245836221561649,10.640688575899844,74.40363353736304,50,426
204023,MOTOR_ONLY_0.800,0.0,0.8,0.6185541636883424,10.622327044025157,74.1904588819422,50,424
204024,SENSORY_SITE_FB,1.0,0.0,0.5723486802606957,4.455878284923928,28.8596636831166,50,482
204024,MOTOR_ONLY_0.700,0.0,0.7,0.43243949459450065,3.8113695090439275,21.056604652638484,50,516
204024,MOTOR_ONLY_0.701,0.0,0.701,0.4392930447675126,3.8765239948119325,21.076883399524572,50,514
204024,MOTOR_ONLY_0.702,0.0,0.702,0.4380631706716703,3.856885456885457,20.35920249884378,50,518
204024,MOTOR_ONLY_0.703,0.0,0.703,0.4420132729411425,3.9036175710594314,20.515960488289853,50,516
204024,MOTOR_ONLY_0.704,0.0,0.704,0.44966435660730564,3.978036175710594,20.332428022512133,50,516
204024,MOTOR_ONLY_0.705,0.0,0.705,0.4430225522381929,3.9347572815533978,17.962432783253636,50,515
204024,MOTOR_ONLY_0.706,0.0,0.706,0.44865747883792434,3.9540051679586563,18.97918231507304,50,516
204024,MOTOR_ONLY_0.707,0.0,0.707,0.4632464758512794,4.088197146562905,18.868311054192585,50,514
204024,MOTOR_ONLY_0.708,0.0,0.708,0.46055936938609265,4.071232876712329,19.787464631612412,50,511
204024,MOTOR_ONLY_0.709,0.0,0.709,0.4536046681704242,4.008317089018844,18.959939764560552,50,513
204024,MOTOR_ONLY_0.710,0.0,0.71,0.4499178855844265,4.009114583333333,20.147454448221037,50,512
204024,MOTOR_ONLY_0.711,0.0,0.711,0.4508888737126983,4.011673151750973,20.323205414678068,50,514
204024,MOTOR_ONLY_0.712,0.0,0.712,0.4667188628049213,4.131245923026745,19.95591419892531,50,511
204024,MOTOR_ONLY_0.713,0.0,0.713,0.4644284939258853,4.158480681074002,21.058705034209844,50,509
204024,MOTOR_ONLY_0.714,0.0,0.714,0.462381746919963,4.159790438768828,21.631001998392417,50,509
204024,MOTOR_ONLY_0.715,0.0,0.715,0.46344610886964155,4.17969875573019,23.573829256801737,50,509
204024,MOTOR_ONLY_0.716,0.0,0.716,0.45701637228954406,4.168047337278106,22.416102452777398,50,507
204024,MOTOR_ONLY_0.717,0.0,0.717,0.45950800962621385,4.189763779527559,23.387998281176923,50,508
204024,MOTOR_ONLY_0.718,0.0,0.718,0.46640312777466075,4.317989417989418,24.932999218519356,50,504
204024,MOTOR_ONLY_0.719,0.0,0.719,0.46779305704556284,4.358749168330006,23.37359102320637,50,501
204024,MOTOR_ONLY_0.720,0.0,0.72,0.4719184087197796,4.370991350632069,23.49479746601209,50,501
204024,MOTOR_ONLY_0.721,0.0,0.721,0.47436208326948176,4.3984,23.01823293569298,50,500
204024,MOTOR_ONLY_0.722,0.0,0.722,0.4655372097458949,4.365737051792829,22.56397810461769,50,502
204024,MOTOR_ONLY_0.723,0.0,0.723,0.47229348113883735,4.4185553346587145,22.25703748606596,50,503
204024,MOTOR_ONLY_0.724,0.0,0.724,0.4716483715645872,4.413993399339934,22.73840143837681,50,505
204024,MOTOR_ONLY_0.725,0.0,0.725,0.47160638856474985,4.426930693069307,22.539067855089097,50,505
204024,MOTOR_ONLY_0.726,0.0,0.726,0.47019202967990653,4.437491749174917,22.71591582894821,50,505
204024,MOTOR_ONLY_0.727,0.0,0.727,0.4769056022054141,4.5367861885790175,24.535024620191983,50,502
204024,MOTOR_ONLY_0.728,0.0,0.728,0.48381089812050754,4.6088000000000005,26.20908592268136,50,500
204024,MOTOR_ONLY_0.729,0.0,0.729,0.4821862717099192,4.599068529607452,26.812567880780296,50,501
204024,MOTOR_ONLY_0.730,0.0,0.73,0.47779873590802885,4.575466666666667,24.44265441825126,50,500
204024,MOTOR_ONLY_0.731,0.0,0.731,0.4842916794507885,4.651169004676019,24.958974643811107,50,499
204024,MOTOR_ONLY_0.732,0.0,0.732,0.48028017332206563,4.6251497005988025,25.324583096397372,50,501
204024,MOTOR_ONLY_0.733,0.0,0.733,0.4772244078205421,4.650432468396541,24.295478525239208,50,501
204024,MOTOR_ONLY_0.734,0.0,0.734,0.4899111037114385,4.808032128514056,24.894121948636293,50,498
204024,MOTOR_ONLY_0.735,0.0,0.735,0.48728198493354663,4.787927565392354,24.6127497749822,50,497
204024,MOTOR_ONLY_0.736,0.0,0.736,0.48839238862029766,4.893957909029193,24.547857653543844,50,491
204024,MOTOR_ONLY_0.737,0.0,0.737,0.500864657300276,4.996303901437372,24.25789576254337,50,487
204024,MOTOR_ONLY_0.738,0.0,0.738,0.5084597779902982,5.045311430527036,24.059409899576252,50,487
204024,MOTOR_ONLY_0.739,0.0,0.739,0.5076860324646644,5.04765784114053,26.16175923134304,50,491
204024,MOTOR_ONLY_0.740,0.0,0.74,0.5057638069227443,5.065034013605442,26.86766404411435,50,490
204024,MOTOR_ONLY_0.741,0.0,0.741,0.5059360597043036,5.1020408163265305,26.824813000239583,50,490
204024,MOTOR_ONLY_0.742,0.0,0.742,0.5020136301989757,5.125442176870749,28.887265251289417,50,490
204024,MOTOR_ONLY_0.743,0.0,0.743,0.5016302370746374,5.124236252545825,28.457944945999643,50,491
204024,MOTOR_ONLY_0.744,0.0,0.744,0.5131086999354244,5.164426340801086,28.427594138557225,50,491
204024,MOTOR_ONLY_0.745,0.0,0.745,0.5138185672589937,5.173441734417344,28.314757688334808,50,492
204024,MOTOR_ONLY_0.746,0.0,0.746,0.5027345393954723,5.138628649015614,27.049485108809925,50,491
204024,MOTOR_ONLY_0.747,0.0,0.747,0.4982658136101883,5.112010796221322,26.598663274466595,50,494
204024,MOTOR_ONLY_0.748,0.0,0.748,0.5157467558653065,5.266802443991853,28.25199501945338,50,491
204024,MOTOR_ONLY_0.749,0.0,0.749,0.5138735467322554,5.2578769438810005,28.211786820405887,50,493
204024,MOTOR_ONLY_0.750,0.0,0.75,0.5152704517788955,5.317344173441735,27.799268279435374,50,492
204024,MOTOR_ONLY_0.751,0.0,0.751,0.519793231520252,5.403148528405201,26.66036872412893,50,487
204024,MOTOR_ONLY_0.752,0.0,0.752,0.5295557010001894,5.5392931392931395,29.490335929159816,50,481
204024,MOTOR_ONLY_0.753,0.0,0.753,0.5133726297012557,5.469709543568465,29.811106235400437,50,482
204024,MOTOR_ONLY_0.754,0.0,0.754,0.5218740977086993,5.555370755370755,30.913689331228248,50,481
204024,MOTOR_ONLY_0.755,0.0,0.755,0.524005603139592,5.572060857538036,30.44927678095845,50,482
204024,MOTOR_ONLY_0.756,0.0,0.756,0.5318108667441788,5.6733056708160445,31.884761377614613,50,482
204024,MOTOR_ONLY_0.757,0.0,0.757,0.5308863686445535,5.697020097020097,32.58656059585117,50,481
204024,MOTOR_ONLY_0.758,0.0,0.758,0.5342774532789917,5.755509355509356,33.015126120381176,50,481
204024,MOTOR_ONLY_0.759,0.0,0.759,0.5329912893209077,5.786555786555786,33.31483941445585,50,481
204024,MOTOR_ONLY_0.760,0.0,0.76,0.5346848022620907,5.8013831258644535,33.19380450100998,50,482
204024,MOTOR_ONLY_0.761,0.0,0.761,0.5391975183447651,5.876604554865424,33.653040588564416,50,483
204024,MOTOR_ONLY_0.762,0.0,0.762,0.5398442996694691,5.9816283924843425,33.05853013384738,50,479
204024,MOTOR_ONLY_0.763,0.0,0.763,0.5433618736796995,6.0966386554621845,33.231950262481114,50,476
204024,MOTOR_ONLY_0.764,0.0,0.764,0.5451779299004178,6.12606568832984,33.52012556695194,50,477
204024,MOTOR_ONLY_0.765,0.0,0.765,0.544150869406202,6.164210526315789,33.53584042378789,50,475
204024,MOTOR_ONLY_0.766,0.0,0.766,0.5475256820007713,6.218385964912281,34.56983926173016,50,475
204024,MOTOR_ONLY_0.767,0.0,0.767,0.5476447156726237,6.226330532212885,35.398641363701195,50,476
204024,MOTOR_ONLY_0.768,0.0,0.768,0.5373737932869829,6.170182841068917,37.427093861481175,50,474
204024,MOTOR_ONLY_0.769,0.0,0.769,0.5450836865098659,6.251758087201125,36.505298072430875,50,474
204024,MOTOR_ONLY_0.770,0.0,0.77,0.5427685063278227,6.227848101265822,37.77107958872243,50,474
204024,MOTOR_ONLY_0.771,0.0,0.771,0.5444442082403205,6.306298655343241,38.065046732986254,50,471
204024,MOTOR_ONLY_0.772,0.0,0.772,0.5503659278166566,6.398294243070363,35.958150551232514,50,469
204024,MOTOR_ONLY_0.773,0.0,0.773,0.5497036209641525,6.407659574468085,36.77936982403723,50,470
204024,MOTOR_ONLY_0.774,0.0,0.774,0.5516384575010029,6.467945984363895,36.78178978002146,50,469
204024,MOTOR_ONLY_0.775,0.0,0.775,0.5527381335720122,6.570243204577968,37.92764224891274,50,466
204024,MOTOR_ONLY_0.776,0.0,0.776,0.5540981511952165,6.61659513590844,37.67557931607369,50,466
204024,MOTOR_ONLY_0.777,0.0,0.777,0.5613985668221986,6.794215473608098,40.56303052329953,50,461
204024,MOTOR_ONLY_0.778,0.0,0.778,0.5595315516907482,6.860869565217391,39.51891897794022,50,460
204024,MOTOR_ONLY_0.779,0.0,0.779,0.557684102236555,6.865943600867679,39.84407387174573,50,461
204024,MOTOR_ONLY_0.780,0.0,0.78,0.5673825067757217,7.049161196207148,40.04184895750667,50,457
204024,MOTOR_ONLY_0.781,0.0,0.781,0.5652633536357494,6.949855072463768,38.5728569665588,50,460
204024,MOTOR_ONLY_0.782,0.0,0.782,0.5693765640695851,7.104970760233917,37.28140383573028,50,456
204024,MOTOR_ONLY_0.783,0.0,0.783,0.5712321494493744,7.159587020648968,41.446465144953315,50,452
204024,MOTOR_ONLY_0.784,0.0,0.784,0.5648859320784665,7.183370452858203,43.05813243517718,50,449
204024,MOTOR_ONLY_0.785,0.0,0.785,0.57913938087626,7.459209545115585,45.79345243203815,50,447
204024,MOTOR_ONLY_0.786,0.0,0.786,0.5826431319584444,7.57123595505618,45.58868825302887,50,445
204024,MOTOR_ONLY_0.787,0.0,0.787,0.5823617404112765,7.603948367501898,43.75768189906313,50,439
204024,MOTOR_ONLY_0.788,0.0,0.788,0.5842936926250434,7.767434715821812,44.51759497267422,50,434
204024,MOTOR_ONLY_0.789,0.0,0.789,0.5835001689874033,7.862365591397849,43.54310183657019,50,434
204024,MOTOR_ONLY_0.790,0.0,0.79,0.5819895607103213,7.903225806451613,44.63611900582818,50,434
204024,MOTOR_ONLY_0.791,0.0,0.791,0.5765822683619282,7.6854545454545455,44.45232686236705,50,440
204024,MOTOR_ONLY_0.792,0.0,0.792,0.5922635059563051,7.9730886850152904,45.7898212336225,50,436
204024,MOTOR_ONLY_0.793,0.0,0.793,0.5920873779306979,8.088888888888889,45.74085022775826,50,435
204024,MOTOR_ONLY_0.794,0.0,0.794,0.5702543984985685,7.708352144469526,47.95733405298,50,443
204024,MOTOR_ONLY_0.795,0.0,0.795,0.5774806855738615,7.917878787878788,48.94625512864129,50,440
204024,MOTOR_ONLY_0.796,0.0,0.796,0.561832205387963,7.687987987987987,47.61977111693246,50,444
204024,MOTOR_ONLY_0.797,0.0,0.797,0.5478507902664456,7.492978566149297,48.59482958328212,50,451
204024,MOTOR_ONLY_0.798,0.0,0.798,0.552131453274692,7.651967334818114,48.48330600077162,50,449
204024,MOTOR_ONLY_0.799,0.0,0.799,0.5511217380598873,7.785285285285285,50.14156988623836,50,444
204024,MOTOR_ONLY_0.800,0.0,0.8,0.5763529855833625,8.236085626911315,50.372983166299946,50,436
204025,SENSORY_SITE_FB,1.0,0.0,0.5671158986229484,4.558870967741936,22.1292713156251,50,496
204025,MOTOR_ONLY_0.700,0.0,0.7,0.4825088434876669,4.17743979721166,20.988469434184427,50,526
204025,MOTOR_ONLY_0.701,0.0,0.701,0.48906340982188357,4.213181242078581,19.52464976538698,50,526
204025,MOTOR_ONLY_0.702,0.0,0.702,0.4848736480239776,4.2267175572519085,19.41639240563982,50,524
204025,MOTOR_ONLY_0.703,0.0,0.703,0.4980314726862983,4.315869980879541,19.874723026569747,50,523
204025,MOTOR_ONLY_0.704,0.0,0.704,0.49293479974369847,4.315012722646311,20.295638157236425,50,524
204025,MOTOR_ONLY_0.705,0.0,0.705,0.4954025331035654,4.3194920634920635,18.494031211117164,50,525
204025,MOTOR_ONLY_0.706,0.0,0.706,0.49003562136978074,4.316603295310519,17.597270823132,50,526
204025,MOTOR_ONLY_0.707,0.0,0.707,0.48921674128361886,4.335746031746031,18.410262620177424,50,525
204025,MOTOR_ONLY_0.708,0.0,0.708,0.4920339809400457,4.389251439539348,20.763268436961752,50,521
204025,MOTOR_ONLY_0.709,0.0,0.709,0.4900951311467904,4.372976418100701,20.094005808058693,50,523
204025,MOTOR_ONLY_0.710,0.0,0.71,0.48911286706679324,4.37735368956743,21.17127861098929,50,524
204025,MOTOR_ONLY_0.711,0.0,0.711,0.49333943198047525,4.402298850574712,20.29689163043178,50,522
204025,MOTOR_ONLY_0.712,0.0,0.712,0.4935389229183516,4.435521235521236,20.335874797341557,50,518
204025,MOTOR_ONLY_0.713,0.0,0.713,0.4948718663093356,4.479328165374677,20.75251310296038,50,516
204025,MOTOR_ONLY_0.714,0.0,0.714,0.4973250351706878,4.527378640776699,19.962414321151776,50,515
204025,MOTOR_ONLY_0.715,0.0,0.715,0.505915030222416,4.643307086614173,20.23411804037278,50,508
204025,MOTOR_ONLY_0.716,0.0,0.716,0.5130639570448292,4.693123772102161,21.61097406713112,50,509
204025,MOTOR_ONLY_0.717,0.0,0.717,0.5084577998303131,4.664579256360078,21.094615917818775,50,511
204025,MOTOR_ONLY_0.718,0.0,0.718,0.5069877164978412,4.668489583333333,20.56255999368872,50,512
204025,MOTOR_ONLY_0.719,0.0,0.719,0.5017974327348186,4.64327485380117,19.26591964717305,50,513
204025,MOTOR_ONLY_0.720,0.0,0.72,0.5010528868986065,4.682552083333333,20.258494919065797,50,512
204025,MOTOR_ONLY_0.721,0.0,0.721,0.5041156189441119,4.708171206225681,20.107737639015387,50,514
204025,MOTOR_ONLY_0.722,0.0,0.722,0.5043950483453374,4.746354166666666,20.242251025843466,50,512
204025,MOTOR_ONLY_0.723,0.0,0.723,0.5033026243569841,4.728923476005188,20.23737537137305,50,514
204025,MOTOR_ONLY_0.724,0.0,0.724,0.5042064703384159,4.7706302794022095,20.48925182939835,50,513
204025,MOTOR_ONLY_0.725,0.0,0.725,0.5018604449377704,4.80390625,22.181665424238986,50,512
204025,MOTOR_ONLY_0.726,0.0,0.726,0.5022417137366953,4.8125,22.94187896052772,50,512
204025,MOTOR_ONLY_0.727,0.0,0.727,0.5022941661007629,4.814239482200647,22.634810240083354,50,515
204025,MOTOR_ONLY_0.728,0.0,0.728,0.5023183091661735,4.865625,24.08401456569873,50,512
204025,MOTOR_ONLY_0.729,0.0,0.729,0.5042213647132604,4.84789644012945,22.832236714425857,50,515
204025,MOTOR_ONLY_0.730,0.0,0.73,0.5037092680745981,4.872892347600518,24.148759200943214,50,514
204025,MOTOR_ONLY_0.731,0.0,0.731,0.49849442789733867,4.872514619883041,23.02282893080654,50,513
204025,MOTOR_ONLY_0.732,0.0,0.732,0.501260968849772,4.915104166666667,20.76516323506576,50,512
204025,MOTOR_ONLY_0.733,0.0,0.733,0.49719609381342894,4.945335942596216,22.78161134446157,50,511
204025,MOTOR_ONLY_0.734,0.0,0.734,0.4996279036451432,4.97437908496732,23.099018738197763,50,510
204025,MOTOR_ONLY_0.735,0.0,0.735,0.49980406304695424,4.958804418453541,23.877455174924165,50,513
204025,MOTOR_ONLY_0.736,0.0,0.736,0.5083788708183857,5.014165042235218,24.285507897659805,50,513
204025,MOTOR_ONLY_0.737,0.0,0.737,0.507175825895561,5.047581699346406,25.93251835473469,50,510
204025,MOTOR_ONLY_0.738,0.0,0.738,0.5150108161762772,5.136470588235294,26.093663559833814,50,510
204025,MOTOR_ONLY_0.739,0.0,0.739,0.5242413267900454,5.1783431180691455,24.488535750242328,50,511
204025,MOTOR_ONLY_0.740,0.0,0.74,0.5196195336371987,5.185882352941176,23.288000013951127,50,510
204025,MOTOR_ONLY_0.741,0.0,0.741,0.5152436578477483,5.1958087753765545,24.595706809720934,50,509
204025,MOTOR_ONLY_0.742,0.0,0.742,0.5363598192157945,5.37391304347826,23.883619634526603,50,506
204025,MOTOR_ONLY_0.743,0.0,0.743,0.5335134478125891,5.378829717291255,24.725518388867116,50,507
204025,MOTOR_ONLY_0.744,0.0,0.744,0.5387850490080556,5.479365079365079,26.626944987324418,50,504
204025,MOTOR_ONLY_0.745,0.0,0.745,0.5397559596605038,5.539973439575033,26.872393928387723,50,502
204025,MOTOR_ONLY_0.746,0.0,0.746,0.5385817208781062,5.5512974051896204,29.630823909202615,50,501
204025,MOTOR_ONLY_0.747,0.0,0.747,0.5386824995749078,5.552988047808765,27.57929532899911,50,502
204025,MOTOR_ONLY_0.748,0.0,0.748,0.5382406448831024,5.627364185110664,30.120261729394752,50,497
204025,MOTOR_ONLY_0.749,0.0,0.749,0.5370080220688089,5.659825620389,29.970624342386714,50,497
204025,MOTOR_ONLY_0.750,0.0,0.75,0.5321236970119094,5.61851106639839,29.152373141185258,50,497
204025,MOTOR_ONLY_0.751,0.0,0.751,0.539810896160908,5.752996632996632,32.80044244626577,50,495
204025,MOTOR_ONLY_0.752,0.0,0.752,0.5414281508780063,5.756405097250168,32.44573436971889,50,497
204025,MOTOR_ONLY_0.753,0.0,0.753,0.5419121531003612,5.766800535475234,31.309323761925167,50,498
204025,MOTOR_ONLY_0.754,0.0,0.754,0.5408334293456971,5.806720430107527,32.049879950762346,50,496
204025,MOTOR_ONLY_0.755,0.0,0.755,0.5398625199781623,5.808718980549966,32.21845739624436,50,497
204025,MOTOR_ONLY_0.756,0.0,0.756,0.5421269711137167,5.871515151515152,33.221805203829874,50,495
204025,MOTOR_ONLY_0.757,0.0,0.757,0.5455481145414999,5.922580645161291,33.10994518194018,50,496
204025,MOTOR_ONLY_0.758,0.0,0.758,0.5464609151555133,5.968421052631579,32.88870254593316,50,494
204025,MOTOR_ONLY_0.759,0.0,0.759,0.5466478800888208,5.925450901803607,31.744535085268016,50,499
204025,MOTOR_ONLY_0.760,0.0,0.76,0.5584055540159019,6.116163648558015,32.39161283578079,50,497
204025,MOTOR_ONLY_0.761,0.0,0.761,0.5633762363393897,6.239946018893388,33.9732379277,50,494
204025,MOTOR_ONLY_0.762,0.0,0.762,0.5519112759738951,6.134939759036144,35.19162881858393,50,498
204025,MOTOR_ONLY_0.763,0.0,0.763,0.5539518304076119,6.235897435897435,35.61934302172766,50,494
204025,MOTOR_ONLY_0.764,0.0,0.764,0.5651845089478138,6.39265306122449,37.59543299964862,50,490
204025,MOTOR_ONLY_0.765,0.0,0.765,0.5693490377769528,6.436388323150034,38.19147924628761,50,491
204025,MOTOR_ONLY_0.766,0.0,0.766,0.566382847906238,6.4554644808743165,38.23724839433774,50,488
204025,MOTOR_ONLY_0.767,0.0,0.767,0.567342136565551,6.554918032786885,39.08886019238228,50,488
204025,MOTOR_ONLY_0.768,0.0,0.768,0.5560191156736427,6.4294478527607355,36.42535428180846,50,489
204025,MOTOR_ONLY_0.769,0.0,0.769,0.5616388105240568,6.558963871847308,37.60395384630836,50,489
204025,MOTOR_ONLY_0.770,0.0,0.77,0.5487707650885102,6.451052274270197,37.6284752850008,50,491
204025,MOTOR_ONLY_0.771,0.0,0.771,0.5487285648461616,6.562962962962962,37.350891883910194,50,486
204025,MOTOR_ONLY_0.772,0.0,0.772,0.5502972981655694,6.575323790047716,38.07640489174707,50,489
204025,MOTOR_ONLY_0.773,0.0,0.773,0.5448445819591597,6.549659863945578,38.05990250029677,50,490
204025,MOTOR_ONLY_0.774,0.0,0.774,0.542066084991075,6.577687074829932,40.1739385007573,50,490
204025,MOTOR_ONLY_0.775,0.0,0.775,0.5478288585648223,6.727572016460905,41.06724961672571,50,486
204025,MOTOR_ONLY_0.776,0.0,0.776,0.5420453267461178,6.730434782608696,40.31397231495748,50,483
204025,MOTOR_ONLY_0.777,0.0,0.777,0.5551128312016849,6.939789473684211,39.47090974878541,50,475
204025,MOTOR_ONLY_0.778,0.0,0.778,0.5632977210825211,7.047859649122807,41.172381348505745,50,475
204025,MOTOR_ONLY_0.779,0.0,0.779,0.5646233242511077,7.10126582278481,41.53573673546495,50,474
204025,MOTOR_ONLY_0.780,0.0,0.78,0.5592888786428062,7.148761500353857,40.540410682881266,50,471
204025,MOTOR_ONLY_0.781,0.0,0.781,0.5638484044092086,7.187033121916842,41.1493459736238,50,473
204025,MOTOR_ONLY_0.782,0.0,0.782,0.5727428226025809,7.290304317055909,42.31940362295034,50,471
204025,MOTOR_ONLY_0.783,0.0,0.783,0.5703087356847493,7.333333333333333,41.18824839952862,50,472
204025,MOTOR_ONLY_0.784,0.0,0.784,0.5705245215224172,7.344890768146582,41.19035092839766,50,473
204025,MOTOR_ONLY_0.785,0.0,0.785,0.5724834369425233,7.424203821656051,41.86758219955591,50,471
204025,MOTOR_ONLY_0.786,0.0,0.786,0.5737944993078207,7.487048832271761,40.02814813108183,50,471
204025,MOTOR_ONLY_0.787,0.0,0.787,0.5825555107814189,7.65379113018598,43.503053816909485,50,466
204025,MOTOR_ONLY_0.788,0.0,0.788,0.5791706525923741,7.665811965811966,43.46096224238269,50,468
204025,MOTOR_ONLY_0.789,0.0,0.789,0.5942135772395358,7.912931034482758,40.3626765328055,50,464
204025,MOTOR_ONLY_0.790,0.0,0.79,0.5950777977756426,8.059002169197397,43.004757229101315,50,461
204025,MOTOR_ONLY_0.791,0.0,0.791,0.6044656563756063,8.274561403508772,43.71041635399336,50,456
204025,MOTOR_ONLY_0.792,0.0,0.792,0.6033545798980481,8.39475982532751,46.70543033215289,50,458
204025,MOTOR_ONLY_0.793,0.0,0.793,0.6303187960899823,8.771027346637103,48.06826081210804,50,451
204025,MOTOR_ONLY_0.794,0.0,0.794,0.6191608575768401,8.618101545253863,46.458807959708686,50,453
204025,MOTOR_ONLY_0.795,0.0,0.795,0.6218787625405949,8.797030438010392,48.18993702328023,50,449
204025,MOTOR_ONLY_0.796,0.0,0.796,0.6358807153224726,9.129588014981273,49.00258115559158,50,445
204025,MOTOR_ONLY_0.797,0.0,0.797,0.6373394112835634,9.257878787878788,50.056384007069774,50,440
204025,MOTOR_ONLY_0.798,0.0,0.798,0.6329251548569195,9.244042232277527,50.15276817549241,50,442
204025,MOTOR_ONLY_0.799,0.0,0.799,0.6371432250685442,9.476452599388379,50.05565698192816,50,436
204025,MOTOR_ONLY_0.800,0.0,0.8,0.6310276802390072,9.43264367816092,50.68456886992685,50,435
204026,SENSORY_SITE_FB,1.0,0.0,0.6028847569374034,4.746883468834688,33.10846531404744,50,492
204026,MOTOR_ONLY_0.700,0.0,0.7,0.464341573300265,3.982205971968312,18.794046963408157,50,547
204026,MOTOR_ONLY_0.701,0.0,0.701,0.4577524233916793,3.9683698296836982,18.969380911216856,50,548
204026,MOTOR_ONLY_0.702,0.0,0.702,0.461390259011512,3.982270795385549,17.633993031931794,50,549
204026,MOTOR_ONLY_0.703,0.0,0.703,0.4604907936229218,3.9820606060606063,17.713505207355986,50,550
204026,MOTOR_ONLY_0.704,0.0,0.704,0.46477192876888657,4.050213284582572,17.146948847166055,50,547
204026,MOTOR_ONLY_0.705,0.0,0.705,0.4669062247814294,4.078287461773701,16.31256136996694,50,545
204026,MOTOR_ONLY_0.706,0.0,0.706,0.4723617984743566,4.106077348066298,17.885930290072935,50,543
204026,MOTOR_ONLY_0.707,0.0,0.707,0.4709539757534153,4.094993894993895,18.82231263727199,50,546
204026,MOTOR_ONLY_0.708,0.0,0.708,0.4814231366423422,4.2008562691131495,18.976889905222677,50,545
204026,MOTOR_ONLY_0.709,0.0,0.709,0.4711340899711173,4.122851919561243,19.054725648720044,50,547
204026,MOTOR_ONLY_0.710,0.0,0.71,0.48391077318780396,4.220353443022548,17.48084746800158,50,547
204026,MOTOR_ONLY_0.711,0.0,0.711,0.4873515084344631,4.2434676434676435,16.651103936711316,50,546
204026,MOTOR_ONLY_0.712,0.0,0.712,0.48291708676405737,4.249084249084249,15.932479474146986,50,546
204026,MOTOR_ONLY_0.713,0.0,0.713,0.4659550245520756,4.156043956043956,16.230688709697873,50,546
204026,MOTOR_ONLY_0.714,0.0,0.714,0.467749940834834,4.2218942189421895,20.46600253282763,50,542
204026,MOTOR_ONLY_0.715,0.0,0.715,0.4635910887080507,4.238024691358024,21.380606044002104,50,540
204026,MOTOR_ONLY_0.716,0.0,0.716,0.4548187575525974,4.205185185185185,21.92843045525789,50,540
204026,MOTOR_ONLY_0.717,0.0,0.717,0.4609945486796878,4.2426716141001855,19.95562017731246,50,539
204026,MOTOR_ONLY_0.718,0.0,0.718,0.4636981241680796,4.26542750929368,20.614658397641183,50,538
204026,MOTOR_ONLY_0.719,0.0,0.719,0.4647885836947248,4.332461059190031,21.82875346454872,50,535
204026,MOTOR_ONLY_0.720,0.0,0.72,0.462813948640779,4.364610591900312,20.491182646364706,50,535
204026,MOTOR_ONLY_0.721,0.0,0.721,0.4717991798249827,4.440601503759399,19.043352024558356,50,532
204026,MOTOR_ONLY_0.722,0.0,0.722,0.47554584819247,4.492808005003127,20.109198431092,50,533
204026,MOTOR_ONLY_0.723,0.0,0.723,0.47950147696754597,4.500934579439252,20.609700025237363,50,535
204026,MOTOR_ONLY_0.724,0.0,0.724,0.48145796832699445,4.527102803738318,22.820580934941322,50,535
204026,MOTOR_ONLY_0.725,0.0,0.725,0.4821532619491139,4.527870887647424,22.222731152269624,50,537
204026,MOTOR_ONLY_0.726,0.0,0.726,0.4787107553674372,4.500554528650646,23.00380714990325,50,541
204026,MOTOR_ONLY_0.727,0.0,0.727,0.475848968204603,4.498956414978514,22.671635130959814,50,543
204026,MOTOR_ONLY_0.728,0.0,0.728,0.48384417748712233,4.584938271604939,21.927597156912096,50,540
204026,MOTOR_ONLY_0.729,0.0,0.729,0.4824125913002925,4.616202844774274,21.95913818086832,50,539
204026,MOTOR_ONLY_0.730,0.0,0.73,0.48862240018733116,4.693582554517134,22.01232940461071,50,535
204026,MOTOR_ONLY_0.731,0.0,0.731,0.48730200614719277,4.680348258706468,23.066108263347683,50,536
204026,MOTOR_ONLY_0.732,0.0,0.732,0.4991314267425132,4.836911487758945,23.442724946251992,50,531
204026,MOTOR_ONLY_0.733,0.0,0.733,0.5019445073729847,4.888216761184625,23.09405597678533,50,529
204026,MOTOR_ONLY_0.734,0.0,0.734,0.49997233270475133,4.897794580970384,23.413114107859677,50,529
204026,MOTOR_ONLY_0.735,0.0,0.735,0.4981340949574747,4.875580665411174,23.424312379804636,50,531
204026,MOTOR_ONLY_0.736,0.0,0.736,0.4849479933211509,4.827620841180163,24.78272095013043,50,531
204026,MOTOR_ONLY_0.737,0.0,0.737,0.49085806552961864,4.902197112366604,23.66279786966293,50,531
204026,MOTOR_ONLY_0.738,0.0,0.738,0.49433986686243836,4.9070175438596495,23.57678675710557,50,532
204026,MOTOR_ONLY_0.739,0.0,0.739,0.5027409906194108,4.997112366603892,23.389545423216596,50,531
204026,MOTOR_ONLY_0.740,0.0,0.74,0.5017500304494343,5.045707070707071,25.605370247320312,50,528
204026,MOTOR_ONLY_0.741,0.0,0.741,0.4951456526006454,5.031313131313131,27.934287060878543,50,528
204026,MOTOR_ONLY_0.742,0.0,0.742,0.5009208518320927,5.088846880907372,27.09205198559903,50,529
204026,MOTOR_ONLY_0.743,0.0,0.743,0.5130482468047708,5.189079365079365,26.987862801587262,50,525
204026,MOTOR_ONLY_0.744,0.0,0.744,0.5138175791690086,5.210666666666667,26.797706999029884,50,525
204026,MOTOR_ONLY_0.745,0.0,0.745,0.521857298666634,5.3016602809706255,26.60899334068408,50,522
204026,MOTOR_ONLY_0.746,0.0,0.746,0.5243628588491537,5.309923664122137,29.17386297701306,50,524
204026,MOTOR_ONLY_0.747,0.0,0.747,0.5253347488691342,5.386052463211772,31.71561086696633,50,521
204026,MOTOR_ONLY_0.748,0.0,0.748,0.5229597074419687,5.417435897435897,31.132852246419976,50,520
204026,MOTOR_ONLY_0.749,0.0,0.749,0.5328572555105409,5.4404580152671755,30.281928385876032,50,524
204026,MOTOR_ONLY_0.750,0.0,0.75,0.5431650442609622,5.577047066408769,29.184427839672566,50,517
204026,MOTOR_ONLY_0.751,0.0,0.751,0.5312265201608496,5.565831727681439,28.64923584387218,50,519
204026,MOTOR_ONLY_0.752,0.0,0.752,0.53541668764704,5.682170542635659,28.588739913205032,50,516
204026,MOTOR_ONLY_0.753,0.0,0.753,0.53670919175593,5.7495107632093925,28.191122291611613,50,511
204026,MOTOR_ONLY_0.754,0.0,0.754,0.5334870788917795,5.739831059129305,28.16389839657031,50,513
204026,MOTOR_ONLY_0.755,0.0,0.755,0.5531678521043443,5.972332015810277,31.064799569370845,50,506
204026,MOTOR_ONLY_0.756,0.0,0.756,0.5485778149244024,5.959317585301837,31.97753690701906,50,508
204026,MOTOR_ONLY_0.757,0.0,0.757,0.5501742834236968,6.065473823724321,32.76283008333516,50,503
204026,MOTOR_ONLY_0.758,0.0,0.758,0.5498462742059389,6.06746347941567,33.62826790217505,50,502
204026,MOTOR_ONLY_0.759,0.0,0.759,0.5599482689326498,6.180533333333333,33.31992528904518,50,500
204026,MOTOR_ONLY_0.760,0.0,0.76,0.5603471396419574,6.15,33.79550883089277,50,504
204026,MOTOR_ONLY_0.761,0.0,0.761,0.5701620449952374,6.370161290322581,34.06025936070193,50,496
204026,MOTOR_ONLY_0.762,0.0,0.762,0.5563765011765343,6.232999331997329,33.66927394252854,50,499
204026,MOTOR_ONLY_0.763,0.0,0.763,0.5553481748257646,6.203174603174603,34.85023990509841,50,504
204026,MOTOR_ONLY_0.764,0.0,0.764,0.5609010561246759,6.280478087649402,34.96990666093921,50,502
204026,MOTOR_ONLY_0.765,0.0,0.765,0.56580711874793,6.377555110220441,33.54854821157509,50,499
204026,MOTOR_ONLY_0.766,0.0,0.766,0.5816530361188672,6.64642375168691,35.808120650767115,50,494
204026,MOTOR_ONLY_0.767,0.0,0.767,0.5745544448684262,6.621592442645074,37.37216329978153,50,494
204026,MOTOR_ONLY_0.768,0.0,0.768,0.5689834528031493,6.576881720430108,35.05086009699857,50,496
204026,MOTOR_ONLY_0.769,0.0,0.769,0.5697379236273684,6.580360721442886,39.337128982858665,50,499
204026,MOTOR_ONLY_0.770,0.0,0.77,0.5716548387728555,6.645204560697518,41.123898273475135,50,497
204026,MOTOR_ONLY_0.771,0.0,0.771,0.5745144209947809,6.810884353741497,40.4668035704519,50,490
204026,MOTOR_ONLY_0.772,0.0,0.772,0.5728901629106421,6.804336043360434,43.337507897400926,50,492
204026,MOTOR_ONLY_0.773,0.0,0.773,0.566816172798345,6.778451178451179,41.75302717314939,50,495
204026,MOTOR_ONLY_0.774,0.0,0.774,0.5676290828531982,6.855218855218855,43.06980346503263,50,495
204026,MOTOR_ONLY_0.775,0.0,0.775,0.559690125905622,6.805376344086021,42.375011990644836,50,496
204026,MOTOR_ONLY_0.776,0.0,0.776,0.5718289131400606,7.172073921971252,47.95129741978332,50,487
204026,MOTOR_ONLY_0.777,0.0,0.777,0.5765445175965314,7.238603696098563,46.11873965231852,50,487
204026,MOTOR_ONLY_0.778,0.0,0.778,0.5713802848546694,7.105691056910569,43.305008181666736,50,492
204026,MOTOR_ONLY_0.779,0.0,0.779,0.5742031910641768,7.13130493576741,44.89663253243554,50,493
204026,MOTOR_ONLY_0.780,0.0,0.78,0.5731188368295386,7.174202308214529,47.12173708595399,50,491
204026,MOTOR_ONLY_0.781,0.0,0.781,0.5861802078223075,7.415468856947297,51.49263640488746,50,487
204026,MOTOR_ONLY_0.782,0.0,0.782,0.5902666741003776,7.509828178694158,52.0268112168684,50,485
204026,MOTOR_ONLY_0.783,0.0,0.783,0.5846686253911907,7.439561943874058,49.732773261046795,50,487
204026,MOTOR_ONLY_0.784,0.0,0.784,0.5876212928137218,7.494262295081967,49.54762882298061,50,488
204026,MOTOR_ONLY_0.785,0.0,0.785,0.5874404589107941,7.587654320987654,50.31913988384409,50,486
204026,MOTOR_ONLY_0.786,0.0,0.786,0.5924338328348608,7.747688060731539,50.246458961401785,50,483
204026,MOTOR_ONLY_0.787,0.0,0.787,0.5927120411270411,7.836666666666666,51.33332572057976,50,480
204026,MOTOR_ONLY_0.788,0.0,0.788,0.5886398042927874,7.878382147838215,49.351025932749735,50,478
204026,MOTOR_ONLY_0.789,0.0,0.789,0.600091778346847,8.12595744680851,50.82891048696012,50,470
204026,MOTOR_ONLY_0.790,0.0,0.79,0.5977101587106894,8.040481245576787,49.34291169165564,50,471
204026,MOTOR_ONLY_0.791,0.0,0.791,0.6037398874584701,8.199145299145298,49.663497995335355,50,468
204026,MOTOR_ONLY_0.792,0.0,0.792,0.6124949275257721,8.421551724137931,52.4628086748709,50,464
204026,MOTOR_ONLY_0.793,0.0,0.793,0.6131955411676677,8.584526391901662,55.66818571372691,50,461
204026,MOTOR_ONLY_0.794,0.0,0.794,0.6126899045043296,8.616811594202899,54.25344733729937,50,460
204026,MOTOR_ONLY_0.795,0.0,0.795,0.6107964530401049,8.661739130434782,54.83664667846662,50,460
204026,MOTOR_ONLY_0.796,0.0,0.796,0.6088084946221484,8.722730573710967,56.45559347768922,50,459
204026,MOTOR_ONLY_0.797,0.0,0.797,0.6086243224904643,8.727536231884057,58.4358560176862,50,460
204026,MOTOR_ONLY_0.798,0.0,0.798,0.6093201977592588,8.780537400145244,57.26382229715742,50,459
204026,MOTOR_ONLY_0.799,0.0,0.799,0.6063944549735387,8.86039387308534,58.09586556301852,50,457
204026,MOTOR_ONLY_0.800,0.0,0.8,0.6121519040967157,9.155263157894735,59.52667434169519,50,456
204027,SENSORY_SITE_FB,1.0,0.0,0.581852384990732,4.614908579465541,37.86997854508212,50,474
204027,MOTOR_ONLY_0.700,0.0,0.7,0.4486827544033756,3.746285714285714,30.416778726748422,50,525
204027,MOTOR_ONLY_0.701,0.0,0.701,0.4471745401488196,3.753904761904762,32.0766867368492,50,525
204027,MOTOR_ONLY_0.702,0.0,0.702,0.4453983642699413,3.777182919056724,31.13774028958198,50,523
204027,MOTOR_ONLY_0.703,0.0,0.703,0.44412845186933025,3.780934101087652,29.522816597350904,50,521
204027,MOTOR_ONLY_0.704,0.0,0.704,0.44123479752953326,3.815186615186615,29.962769020259167,50,518
204027,MOTOR_ONLY_0.705,0.0,0.705,0.44505066673791527,3.849129593810445,29.162565394711237,50,517
204027,MOTOR_ONLY_0.706,0.0,0.706,0.45122957577416617,3.876923076923077,29.87420312095584,50,520
204027,MOTOR_ONLY_0.707,0.0,0.707,0.45676619529622375,3.946460746460746,30.96001705538224,50,518
204027,MOTOR_ONLY_0.708,0.0,0.708,0.45698947593897066,3.968974358974359,31.14139417378046,50,520
204027,MOTOR_ONLY_0.709,0.0,0.709,0.4559124642520519,3.9841025641025642,35.10394470570253,50,520
204027,MOTOR_ONLY_0.710,0.0,0.71,0.48043310644567244,4.163565891472868,31.610444795067544,50,516
204027,MOTOR_ONLY_0.711,0.0,0.711,0.48113382214346617,4.21364522417154,29.86137858042338,50,513
204027,MOTOR_ONLY_0.712,0.0,0.712,0.48490472695225545,4.267452521283563,28.285684091334865,50,509
204027,MOTOR_ONLY_0.713,0.0,0.713,0.47568094077304157,4.201435094585779,27.052599571311035,50,511
204027,MOTOR_ONLY_0.714,0.0,0.714,0.46738290861383097,4.173776908023483,28.3772037325024,50,511
204027,MOTOR_ONLY_0.715,0.0,0.715,0.4716244048151937,4.19987004548408,28.397411645778515,50,513
204027,MOTOR_ONLY_0.716,0.0,0.716,0.48250103543148976,4.31023622047244,28.877443509988733,50,508
204027,MOTOR_ONLY_0.717,0.0,0.717,0.48337101386679115,4.2943790849673205,29.06053743511241,50,510
204027,MOTOR_ONLY_0.718,0.0,0.718,0.4726228323831553,4.236057068741894,31.314218814759926,50,514
204027,MOTOR_ONLY_0.719,0.0,0.719,0.47827976764954605,4.327462491846053,31.217255457966516,50,511
204027,MOTOR_ONLY_0.720,0.0,0.72,0.4787335812146541,4.385359477124183,32.18415527959967,50,510
204027,MOTOR_ONLY_0.721,0.0,0.721,0.4836921203821815,4.49238845144357,32.469181805602595,50,508
204027,MOTOR_ONLY_0.722,0.0,0.722,0.4774220311171526,4.483629191321499,36.75447923790161,50,507
204027,MOTOR_ONLY_0.723,0.0,0.723,0.4753826037885669,4.483432343234323,35.24628202976433,50,505
204027,MOTOR_ONLY_0.724,0.0,0.724,0.48915160724943957,4.603326679973387,34.085158190156605,50,501
204027,MOTOR_ONLY_0.725,0.0,0.725,0.4849677342324711,4.634602538410153,34.1638168357292,50,499
204027,MOTOR_ONLY_0.726,0.0,0.726,0.48190305295243535,4.594810379241517,33.87157784555246,50,501
204027,MOTOR_ONLY_0.727,0.0,0.727,0.4760442124334337,4.581142098273572,38.1255907171711,50,502
204027,MOTOR_ONLY_0.728,0.0,0.728,0.4888475508329586,4.67037773359841,38.44653012404243,50,503
204027,MOTOR_ONLY_0.729,0.0,0.729,0.49166736480994333,4.737990685296074,38.26294455987362,50,501
204027,MOTOR_ONLY_0.730,0.0,0.73,0.49076130391053224,4.794634473507713,38.15786015882111,50,497
204027,MOTOR_ONLY_0.731,0.0,0.731,0.4904046809409062,4.814784946236559,37.671440777227076,50,496
204027,MOTOR_ONLY_0.732,0.0,0.732,0.4917717683795444,4.854901960784314,34.97206842346127,50,493
204027,MOTOR_ONLY_0.733,0.0,0.733,0.5040229545285556,4.977596741344196,36.26256330456393,50,491
204027,MOTOR_ONLY_0.734,0.0,0.734,0.5124652849724012,5.056619144602851,35.29121583021585,50,491
204027,MOTOR_ONLY_0.735,0.0,0.735,0.5200492055860559,5.1646817248459955,37.35142149150304,50,487
204027,MOTOR_ONLY_0.736,0.0,0.736,0.5199442837714623,5.20877914951989,37.748939011747076,50,486
204027,MOTOR_ONLY_0.737,0.0,0.737,0.5321354650897858,5.349377593360996,35.94716485575343,50,482
204027,MOTOR_ONLY_0.738,0.0,0.738,0.5364518409685157,5.369072164948453,35.38983786311411,50,485
204027,MOTOR_ONLY_0.739,0.0,0.739,0.540574175882108,5.523130677847659,36.466877636795964,50,477
204027,MOTOR_ONLY_0.740,0.0,0.74,0.5453620925482325,5.629254571026723,37.63624514746044,50,474
204027,MOTOR_ONLY_0.741,0.0,0.741,0.5418001322080604,5.7063255152807395,34.787248492702695,50,469
204027,MOTOR_ONLY_0.742,0.0,0.742,0.5420663125357588,5.789942528735632,33.94049653783681,50,464
204027,MOTOR_ONLY_0.743,0.0,0.743,0.5390755999550011,5.753361945636624,35.320492768906846,50,466
204027,MOTOR_ONLY_0.744,0.0,0.744,0.5351908520656887,5.7350463954318345,35.82708170214746,50,467
204027,MOTOR_ONLY_0.745,0.0,0.745,0.5439849572646842,5.817060931899642,38.28818860319487,50,465
204027,MOTOR_ONLY_0.746,0.0,0.746,0.5364757870804909,5.810632183908045,36.85990716916892,50,464
204027,MOTOR_ONLY_0.747,0.0,0.747,0.5314258203345831,5.706099290780142,36.722668343166745,50,470
204027,MOTOR_ONLY_0.748,0.0,0.748,0.5214016387004135,5.568495077355837,36.65226359465868,50,474
204027,MOTOR_ONLY_0.749,0.0,0.749,0.5208741295523237,5.608738548273433,35.24376061441184,50,473
204027,MOTOR_ONLY_0.750,0.0,0.75,0.5380429272545849,5.748587570621469,34.66092581681703,50,472
204027,MOTOR_ONLY_0.751,0.0,0.751,0.536095353422221,5.769415081042989,34.95711600773681,50,473
204027,MOTOR_ONLY_0.752,0.0,0.752,0.5363516416487606,5.768213783403657,36.83370698412785,50,474
204027,MOTOR_ONLY_0.753,0.0,0.753,0.5384733970827892,5.777684210526316,34.42476289896403,50,475
204027,MOTOR_ONLY_0.754,0.0,0.754,0.5443554772813183,5.83017543859649,35.91514744754895,50,475
204027,MOTOR_ONLY_0.755,0.0,0.755,0.526241414553433,5.712605042016807,37.90978819985436,50,476
204027,MOTOR_ONLY_0.756,0.0,0.756,0.5272812246146182,5.7213137665967855,38.27354205775226,50,477
204027,MOTOR_ONLY_0.757,0.0,0.757,0.5262005842046719,5.687872487872488,37.39286703998355,50,481
204027,MOTOR_ONLY_0.758,0.0,0.758,0.5191809964505084,5.7169102296450935,38.77468849755094,50,479
204027,MOTOR_ONLY_0.759,0.0,0.759,0.5246672693112165,5.7813888888888885,38.838444903711654,50,480
204027,MOTOR_ONLY_0.760,0.0,0.76,0.5199288293546854,5.795946890286513,40.24349500732112,50,477
204027,MOTOR_ONLY_0.761,0.0,0.761,0.5231898205677955,5.836541143654115,39.93430078997489,50,478
204027,MOTOR_ONLY_0.762,0.0,0.762,0.5389691602046898,6.04897381457891,40.123840878304,50,471
204027,MOTOR_ONLY_0.763,0.0,0.763,0.5339517896014478,5.994947368421053,41.51547681955124,50,475
204027,MOTOR_ONLY_0.764,0.0,0.764,0.5382762725222056,6.126300984528832,44.01024721179558,50,474
204027,MOTOR_ONLY_0.765,0.0,0.765,0.537760594733901,6.258990760483298,43.61760336089054,50,469
204027,MOTOR_ONLY_0.766,0.0,0.766,0.5716241178355744,6.64669603524229,45.788179418793824,50,454
204027,MOTOR_ONLY_0.767,0.0,0.767,0.5805464464828471,6.77787481804949,47.89328369418779,50,458
204027,MOTOR_ONLY_0.768,0.0,0.768,0.5751846017092446,6.717362637362638,45.792697812405784,50,455
204027,MOTOR_ONLY_0.769,0.0,0.769,0.5715481256937517,6.699051787016776,46.47827986825227,50,457
204027,MOTOR_ONLY_0.770,0.0,0.77,0.5541080428469067,6.576623376623377,46.128952500325305,50,462
204027,MOTOR_ONLY_0.771,0.0,0.771,0.5583244982815782,6.673029645697758,46.85954190716303,50,461
204027,MOTOR_ONLY_0.772,0.0,0.772,0.5569582835132211,6.672161966738973,44.737450950515466,50,461
204027,MOTOR_ONLY_0.773,0.0,0.773,0.5597297517035339,6.8052287581699344,47.15911074249905,50,459
204027,MOTOR_ONLY_0.774,0.0,0.774,0.5598312235889669,6.904908424908425,48.14880369866908,50,455
204027,MOTOR_ONLY_0.775,0.0,0.775,0.5644033724054102,7.024390243902438,49.70175350051367,50,451
204027,MOTOR_ONLY_0.776,0.0,0.776,0.5509723953562664,6.886360320933624,48.773619155193444,50,457
204027,MOTOR_ONLY_0.777,0.0,0.777,0.5617952235711131,7.1862788963460105,47.89499843504832,50,447
204027,MOTOR_ONLY_0.778,0.0,0.778,0.5696642037887003,7.241980783444197,46.98865022494596,50,451
204027,MOTOR_ONLY_0.779,0.0,0.779,0.57535346494669,7.437369207772795,44.7810021459213,50,446
204027,MOTOR_ONLY_0.780,0.0,0.78,0.5814476659964093,7.524324324324325,44.61861707090527,50,444
204027,MOTOR_ONLY_0.781,0.0,0.781,0.5820210504246861,7.548048048048048,44.80524294645639,50,444
204027,MOTOR_ONLY_0.782,0.0,0.782,0.5910116548031247,7.782681992337165,43.547903903704885,50,435
204027,MOTOR_ONLY_0.783,0.0,0.783,0.5895671372758776,7.826299694189602,44.26742147134662,50,436
204027,MOTOR_ONLY_0.784,0.0,0.784,0.5860901995875482,7.844239631336405,43.56285850582119,50,434
204027,MOTOR_ONLY_0.785,0.0,0.785,0.5847256881352498,7.817737003058103,43.371905091961644,50,436
204027,MOTOR_ONLY_0.786,0.0,0.786,0.5915913266662359,8.114597970335675,43.26401052084634,50,427
204027,MOTOR_ONLY_0.787,0.0,0.787,0.6001835844249156,8.245019607843137,46.429778597215524,50,425
204027,MOTOR_ONLY_0.788,0.0,0.788,0.6008552357659932,8.252895148669797,46.171399135894106,50,426
204027,MOTOR_ONLY_0.789,0.0,0.789,0.6075025702232111,8.431058823529412,46.159316198791494,50,425
204027,MOTOR_ONLY_0.790,0.0,0.79,0.6106567819911266,8.665714285714285,48.016974367973596,50,420
204027,MOTOR_ONLY_0.791,0.0,0.791,0.5989281346260316,8.587173396674585,46.450730226005106,50,421
204027,MOTOR_ONLY_0.792,0.0,0.792,0.6075771286712848,8.695555555555556,46.32949263221554,50,420
204027,MOTOR_ONLY_0.793,0.0,0.793,0.609184008128296,8.770125786163522,47.36058058871456,50,424
204027,MOTOR_ONLY_0.794,0.0,0.794,0.6048447921988208,8.752515723270442,48.6281623935935,50,424
204027,MOTOR_ONLY_0.795,0.0,0.795,0.6032194229240804,8.82565320665083,48.56836951780211,50,421
204027,MOTOR_ONLY_0.796,0.0,0.796,0.6024435832921737,8.74797507788162,49.91284056618553,50,428
204027,MOTOR_ONLY_0.797,0.0,0.797,0.6044506964582445,8.851764705882353,48.98830144997056,50,425
204027,MOTOR_ONLY_0.798,0.0,0.798,0.6155638722739979,9.052201257861636,50.32296474147874,50,424
204027,MOTOR_ONLY_0.799,0.0,0.799,0.6332833619303619,9.451958433253397,54.62266201073553,50,417
204027,MOTOR_ONLY_0.800,0.0,0.8,0.6193794357310812,9.125925925925925,51.682798879926914,50,423
204028,SENSORY_SITE_FB,1.0,0.0,0.5706171992478959,4.403674540682415,37.50048536067624,50,508
204028,MOTOR_ONLY_0.700,0.0,0.7,0.4439679322111784,4.0633147113594035,26.464919313177752,50,537
204028,MOTOR_ONLY_0.701,0.0,0.701,0.4482277086844743,4.077075588599752,26.96648974266942,50,538
204028,MOTOR_ONLY_0.702,0.0,0.702,0.4471223504350699,4.08286951144094,26.768291498244544,50,539
204028,MOTOR_ONLY_0.703,0.0,0.703,0.45554343505154604,4.150529595015576,27.663877294231693,50,535
204028,MOTOR_ONLY_0.704,0.0,0.704,0.45716377332089786,4.171785268414482,28.310356595232133,50,534
204028,MOTOR_ONLY_0.705,0.0,0.705,0.4568486068307513,4.179275905118602,28.582727667418,50,534
204028,MOTOR_ONLY_0.706,0.0,0.706,0.4522063140071272,4.166417910447761,28.545671703510617,50,536
204028,MOTOR_ONLY_0.707,0.0,0.707,0.45682103885404174,4.204859813084112,27.770376093199253,50,535
204028,MOTOR_ONLY_0.708,0.0,0.708,0.45438265033763464,4.203233830845771,28.81294125240496,50,536
204028,MOTOR_ONLY_0.709,0.0,0.709,0.4589146241119658,4.2360696517412935,28.980766709233148,50,536
204028,MOTOR_ONLY_0.710,0.0,0.71,0.4626280516190314,4.2470879801734815,28.635250894221734,50,538
204028,MOTOR_ONLY_0.711,0.0,0.711,0.464728709372585,4.262469135802469,27.506721018145353,50,540
204028,MOTOR_ONLY_0.712,0.0,0.712,0.45656816637856973,4.277571251548947,30.14760478114816,50,538
204028,MOTOR_ONLY_0.713,0.0,0.713,0.4622844751887973,4.31960420531849,30.517815504821286,50,539
204028,MOTOR_ONLY_0.714,0.0,0.714,0.47016781716873507,4.334941249226963,31.565785541420485,50,539
204028,MOTOR_ONLY_0.715,0.0,0.715,0.4722293337425345,4.384415584415584,31.43249703955843,50,539
204028,MOTOR_ONLY_0.716,0.0,0.716,0.48218063290216706,4.517103620474407,33.422510910925475,50,534
204028,MOTOR_ONLY_0.717,0.0,0.717,0.4800550695054919,4.544110275689223,35.15918325609267,50,532
204028,MOTOR_ONLY_0.718,0.0,0.718,0.4934575744584552,4.630759573132455,35.43193502634094,50,531
204028,MOTOR_ONLY_0.719,0.0,0.719,0.49750940132835286,4.686868686868687,34.81280346306557,50,528
204028,MOTOR_ONLY_0.720,0.0,0.72,0.49550115246285337,4.689098928796471,35.511714284650104,50,529
204028,MOTOR_ONLY_0.721,0.0,0.721,0.4924160366734331,4.676729559748427,34.72619501215175,50,530
204028,MOTOR_ONLY_0.722,0.0,0.722,0.4932215212478737,4.717520556609741,33.31881702546141,50,527
204028,MOTOR_ONLY_0.723,0.0,0.723,0.49625055423199294,4.759949302915082,34.23806881460664,50,526
204028,MOTOR_ONLY_0.724,0.0,0.724,0.48953156738476267,4.737389100126743,34.32532502713335,50,526
204028,MOTOR_ONLY_0.725,0.0,0.725,0.4988700873487987,4.808349146110057,35.451483342166945,50,527
204028,MOTOR_ONLY_0.726,0.0,0.726,0.4983485568143225,4.840811153358682,36.34876354714133,50,526
204028,MOTOR_ONLY_0.727,0.0,0.727,0.4971555534462502,4.884250474383302,39.3743682548608,50,527
204028,MOTOR_ONLY_0.728,0.0,0.728,0.4980789318087325,4.906717363751584,40.34384260798456,50,526
204028,MOTOR_ONLY_0.729,0.0,0.729,0.4933026844405695,4.90853889943074,39.47059286080399,50,527
204028,MOTOR_ONLY_0.730,0.0,0.73,0.4896756600637317,4.902777777777778,39.20296459149297,50,528
204028,MOTOR_ONLY_0.731,0.0,0.731,0.4891722812258673,4.9396704689480355,39.4217289077655,50,526
204028,MOTOR_ONLY_0.732,0.0,0.732,0.5080385795779658,5.090978886756238,37.58698780035209,50,521
204028,MOTOR_ONLY_0.733,0.0,0.733,0.5053563827890498,5.0768642447418735,36.96135922000392,50,523
204028,MOTOR_ONLY_0.734,0.0,0.734,0.5129778849255011,5.182564102564102,37.737431544756234,50,520
204028,MOTOR_ONLY_0.735,0.0,0.735,0.5114756454524946,5.167367750159338,37.865341255669755,50,523
204028,MOTOR_ONLY_0.736,0.0,0.736,0.5182640154266641,5.20941475826972,37.829163882542204,50,524
204028,MOTOR_ONLY_0.737,0.0,0.737,0.5245222255878438,5.324632117722329,40.191024253780924,50,521
204028,MOTOR_ONLY_0.738,0.0,0.738,0.5271008241391367,5.387596899224806,40.543174352214024,50,516
204028,MOTOR_ONLY_0.739,0.0,0.739,0.5219014492389872,5.374597034171503,42.26419730469014,50,517
204028,MOTOR_ONLY_0.740,0.0,0.74,0.5334393718882364,5.49727626459144,41.26669116348515,50,514
204028,MOTOR_ONLY_0.741,0.0,0.741,0.5324969253152055,5.504392764857881,41.16804704980032,50,516
204028,MOTOR_ONLY_0.742,0.0,0.742,0.5403122425491592,5.660653594771242,40.283906718517976,50,510
204028,MOTOR_ONLY_0.743,0.0,0.743,0.5423711959477201,5.699212598425197,39.29294416983308,50,508
204028,MOTOR_ONLY_0.744,0.0,0.744,0.5396028528671831,5.752079207920792,40.06170469681114,50,505
204028,MOTOR_ONLY_0.745,0.0,0.745,0.545304222233723,5.816037110669317,42.00873144644847,50,503
204028,MOTOR_ONLY_0.746,0.0,0.746,0.5445821831441473,5.8797595190380765,40.85853277276415,50,499
204028,MOTOR_ONLY_0.747,0.0,0.747,0.552900946676782,5.966666666666667,42.59248034114808,50,496
204028,MOTOR_ONLY_0.748,0.0,0.748,0.5639657782406698,6.0892473118279575,43.08304671866411,50,496
204028,MOTOR_ONLY_0.749,0.0,0.749,0.5668792724038467,6.1325268817204295,43.389457564850474,50,496
204028,MOTOR_ONLY_0.750,0.0,0.75,0.5683859799238032,6.143219772879092,43.12071573604949,50,499
204028,MOTOR_ONLY_0.751,0.0,0.751,0.5665585229621166,6.206036217303823,43.47626137159311,50,497
204028,MOTOR_ONLY_0.752,0.0,0.752,0.5683049492360294,6.2390342052313885,41.814382925997236,50,497
204028,MOTOR_ONLY_0.753,0.0,0.753,0.5733042830475292,6.294354838709678,40.653828824548114,50,496
204028,MOTOR_ONLY_0.754,0.0,0.754,0.5805965749124263,6.447329276538201,41.59193558623422,50,493
204028,MOTOR_ONLY_0.755,0.0,0.755,0.5801926455393904,6.493877551020408,40.9063353676248,50,490
204028,MOTOR_ONLY_0.756,0.0,0.756,0.5813325956774728,6.514792092706203,40.13054154761689,50,489
204028,MOTOR_ONLY_0.757,0.0,0.757,0.5791996438837644,6.50346232179226,40.11093228057837,50,491
204028,MOTOR_ONLY_0.758,0.0,0.758,0.5767086329252645,6.543189596167009,40.71478576948821,50,487
204028,MOTOR_ONLY_0.759,0.0,0.759,0.5834197808078597,6.687370600414078,43.73381111430031,50,483
204028,MOTOR_ONLY_0.760,0.0,0.76,0.5794802254450986,6.600136892539356,43.176883079588094,50,487
204028,MOTOR_ONLY_0.761,0.0,0.761,0.5929072618027018,6.838253638253638,43.89373772880301,50,481
204028,MOTOR_ONLY_0.762,0.0,0.762,0.5925391721136117,6.853665283540803,43.725995162477545,50,482
204028,MOTOR_ONLY_0.763,0.0,0.763,0.593999535912626,6.906224066390041,43.855378164695566,50,482
204028,MOTOR_ONLY_0.764,0.0,0.764,0.5927003277534192,6.944421344421344,45.029840966342455,50,481
204028,MOTOR_ONLY_0.765,0.0,0.765,0.5946153146216517,6.967634854771784,45.865047047741335,50,482
204028,MOTOR_ONLY_0.766,0.0,0.766,0.5873249875948473,6.8765432098765435,45.31868531531215,50,486
204028,MOTOR_ONLY_0.767,0.0,0.767,0.5882934186160911,6.919341563786008,44.149703763629994,50,486
204028,MOTOR_ONLY_0.768,0.0,0.768,0.5936160096268257,7.07027027027027,44.04842238449461,50,481
204028,MOTOR_ONLY_0.769,0.0,0.769,0.5941332435518878,7.109812108559499,43.50899565201332,50,479
204028,MOTOR_ONLY_0.770,0.0,0.77,0.5969328343766152,7.133888888888889,44.49011486455509,50,480
204028,MOTOR_ONLY_0.771,0.0,0.771,0.5958048660160955,7.214535290006989,45.361255037370064,50,477
204028,MOTOR_ONLY_0.772,0.0,0.772,0.5968261040996256,7.2759916492693115,45.83974841514169,50,479
204028,MOTOR_ONLY_0.773,0.0,0.773,0.5890468014857568,7.197227997227997,45.64910759121428,50,481
204028,MOTOR_ONLY_0.774,0.0,0.774,0.5991706400388312,7.461052631578948,47.47100048627307,50,475
204028,MOTOR_ONLY_0.775,0.0,0.775,0.60077768493512,7.555461592670895,48.305592824521824,50,473
204028,MOTOR_ONLY_0.776,0.0,0.776,0.5901277237275797,7.449336128581411,48.08678647107477,50,477
204028,MOTOR_ONLY_0.777,0.0,0.777,0.5979909494915331,7.547899159663866,48.21171153404128,50,476
204028,MOTOR_ONLY_0.778,0.0,0.778,0.5877423188600202,7.5296918767507,48.1682103882637,50,476
204028,MOTOR_ONLY_0.779,0.0,0.779,0.5932013055681963,7.574283717679944,48.67714319240756,50,477
204028,MOTOR_ONLY_0.780,0.0,0.78,0.5897092236711283,7.5770789657582105,49.15461619197875,50,477
204028,MOTOR_ONLY_0.781,0.0,0.781,0.5883096806012382,7.563382250174703,50.282104525232356,50,477
204028,MOTOR_ONLY_0.782,0.0,0.782,0.595320697663844,7.727131782945737,50.11982584817254,50,473
204028,MOTOR_ONLY_0.783,0.0,0.783,0.5953554450848307,7.707563025210083,49.200670999934445,50,476
204028,MOTOR_ONLY_0.784,0.0,0.784,0.5996250570034266,7.861299435028248,49.67401951984985,50,472
204028,MOTOR_ONLY_0.785,0.0,0.785,0.6088467437462514,8.070806566738044,50.29373262607358,50,467
204028,MOTOR_ONLY_0.786,0.0,0.786,0.6081247308958603,8.074074074074074,49.520479309773016,50,468
204028,MOTOR_ONLY_0.787,0.0,0.787,0.6096340648074631,8.148433048433048,51.28635948841479,50,468
204028,MOTOR_ONLY_0.788,0.0,0.788,0.6042892030362983,8.153604568165596,52.01855834121732,50,467
204028,MOTOR_ONLY_0.789,0.0,0.789,0.6109005985119798,8.39768618944324,52.67837200819444,50,461
204028,MOTOR_ONLY_0.790,0.0,0.79,0.60796689938247,8.430434782608696,52.86033856852945,50,460
204028,MOTOR_ONLY_0.791,0.0,0.791,0.6112407223397216,8.524561403508772,55.40166836666417,50,456
204028,MOTOR_ONLY_0.792,0.0,0.792,0.6188808477026233,8.771027346637103,55.03111205789008,50,451
204028,MOTOR_ONLY_0.793,0.0,0.793,0.6220429942378275,8.878761061946904,52.71690015659923,50,452
204028,MOTOR_ONLY_0.794,0.0,0.794,0.6227039039679633,8.99269202087994,52.82250549442913,50,447
204028,MOTOR_ONLY_0.795,0.0,0.795,0.6095694058449954,8.918385650224216,53.652834128219965,50,446
204028,MOTOR_ONLY_0.796,0.0,0.796,0.6001635881293922,8.776991150442479,52.26556943353981,50,452
204028,MOTOR_ONLY_0.797,0.0,0.797,0.6072998464768088,8.962536873156342,54.28136024394972,50,452
204028,MOTOR_ONLY_0.798,0.0,0.798,0.6125072919776802,9.055407407407408,54.94029098260489,50,450
204028,MOTOR_ONLY_0.799,0.0,0.799,0.609918245597685,9.08065476190476,57.05295538667133,50,448
204028,MOTOR_ONLY_0.800,0.0,0.8,0.6139925423217811,9.41030303030303,56.38748995791795,50,440
204029,SENSORY_SITE_FB,1.0,0.0,0.5538371217514212,4.469598470363289,39.7051401564156,50,523
204029,MOTOR_ONLY_0.700,0.0,0.7,0.40304838924588393,3.9079308288610615,33.56288128005618,50,559
204029,MOTOR_ONLY_0.701,0.0,0.701,0.40146346988086196,3.9016666666666664,31.9861902260728,50,560
204029,MOTOR_ONLY_0.702,0.0,0.702,0.39871355844738077,3.910077519379845,32.51108783991277,50,559
204029,MOTOR_ONLY_0.703,0.0,0.703,0.4105153837607307,3.9961630695443646,32.01512402915194,50,556
204029,MOTOR_ONLY_0.704,0.0,0.704,0.40963492704661464,4.006714628297362,32.04366591259435,50,556
204029,MOTOR_ONLY_0.705,0.0,0.705,0.4115323723543647,4.017026378896882,30.669571257068956,50,556
204029,MOTOR_ONLY_0.706,0.0,0.706,0.40335241101505165,3.9833035181872387,29.425526492128032,50,559
204029,MOTOR_ONLY_0.707,0.0,0.707,0.405650375644175,4.025374027528426,29.11922106903712,50,557
204029,MOTOR_ONLY_0.708,0.0,0.708,0.4102165787647858,4.040787119856887,30.648731246637464,50,559
204029,MOTOR_ONLY_0.709,0.0,0.709,0.40832645734426337,4.049311789347696,31.396070864025567,50,557
204029,MOTOR_ONLY_0.710,0.0,0.71,0.41815870481011036,4.0852184320766005,32.70110930675433,50,557
204029,MOTOR_ONLY_0.711,0.0,0.711,0.41356559499292184,4.091442250149611,33.72079687926011,50,557
204029,MOTOR_ONLY_0.712,0.0,0.712,0.41265466559754166,4.088172043010752,33.393507811693716,50,558
204029,MOTOR_ONLY_0.713,0.0,0.713,0.4106752833389401,4.0962962962962965,31.16524366917131,50,558
204029,MOTOR_ONLY_0.714,0.0,0.714,0.4096474871426104,4.085,33.103812847262425,50,560
204029,MOTOR_ONLY_0.715,0.0,0.715,0.4166127013902963,4.143130227001194,34.60800585637646,50,558
204029,MOTOR_ONLY_0.716,0.0,0.716,0.4225433301531199,4.209832134292566,33.40572175592721,50,556
204029,MOTOR_ONLY_0.717,0.0,0.717,0.4239384174465164,4.191562685680333,32.905704466605464,50,561
204029,MOTOR_ONLY_0.718,0.0,0.718,0.42463461978942113,4.199285714285714,34.357159144927635,50,560
204029,MOTOR_ONLY_0.719,0.0,0.719,0.4185875639863096,4.172172883362936,33.988453315497885,50,563
204029,MOTOR_ONLY_0.720,0.0,0.72,0.4171935658527685,4.188374851720047,34.29778566283202,50,562
204029,MOTOR_ONLY_0.721,0.0,0.721,0.419776520011707,4.2283333333333335,32.23816474808324,50,560
204029,MOTOR_ONLY_0.722,0.0,0.722,0.4265678271677174,4.281666666666666,32.14206545506449,50,560
204029,MOTOR_ONLY_0.723,0.0,0.723,0.4320854567600953,4.348773189706763,31.04155144157385,50,557
204029,MOTOR_ONLY_0.724,0.0,0.724,0.4329595970426987,4.364937388193202,31.600393660285043,50,559
204029,MOTOR_ONLY_0.725,0.0,0.725,0.4304548482185309,4.365591397849462,33.74599466487988,50,558
204029,MOTOR_ONLY_0.726,0.0,0.726,0.4284689513513304,4.377340488968396,35.810886091084136,50,559
204029,MOTOR_ONLY_0.727,0.0,0.727,0.44273057011424327,4.497841726618705,35.45035373112784,50,556
204029,MOTOR_ONLY_0.728,0.0,0.728,0.4522287904959028,4.553680430879712,34.60235240316387,50,557
204029,MOTOR_ONLY_0.729,0.0,0.729,0.4546085171915869,4.590167865707434,33.949708693964,50,556
204029,MOTOR_ONLY_0.730,0.0,0.73,0.453779521909712,4.625437010247137,33.895418982270705,50,553
204029,MOTOR_ONLY_0.731,0.0,0.731,0.4530930338405813,4.67298117789921,33.84270211483203,50,549
204029,MOTOR_ONLY_0.732,0.0,0.732,0.4512960397177916,4.645728038507822,34.3306888162934,50,554
204029,MOTOR_ONLY_0.733,0.0,0.733,0.4625344067481951,4.7895377128953776,35.21791667267643,50,548
204029,MOTOR_ONLY_0.734,0.0,0.734,0.47408032186941435,4.918354818907305,36.635380102057354,50,543
204029,MOTOR_ONLY_0.735,0.0,0.735,0.469486262145683,4.8765749235474,35.79200640832601,50,545
204029,MOTOR_ONLY_0.736,0.0,0.736,0.4703241241460032,4.905250305250306,36.31175467764143,50,546
204029,MOTOR_ONLY_0.737,0.0,0.737,0.4734731632597412,4.963591635916359,35.81373615470745,50,542
204029,MOTOR_ONLY_0.738,0.0,0.738,0.47685442012783263,5.005147058823529,33.71396655545255,50,544
204029,MOTOR_ONLY_0.739,0.0,0.739,0.465682506383926,4.9084704448507015,34.32396600121311,50,547
204029,MOTOR_ONLY_0.740,0.0,0.74,0.4836727475237339,5.045264452644527,35.36829627240491,50,542
204029,MOTOR_ONLY_0.741,0.0,0.741,0.4855994422480779,5.156965174129353,36.23090662151877,50,536
204029,MOTOR_ONLY_0.742,0.0,0.742,0.48851114417501706,5.1962546816479405,35.53738723483076,50,534
204029,MOTOR_ONLY_0.743,0.0,0.743,0.5007482853973931,5.369949494949495,33.187252409279246,50,528
204029,MOTOR_ONLY_0.744,0.0,0.744,0.5043283327055995,5.456020278833966,35.01658981100054,50,526
204029,MOTOR_ONLY_0.745,0.0,0.745,0.5108178665439946,5.5277566539923955,35.97001659040617,50,526
204029,MOTOR_ONLY_0.746,0.0,0.746,0.5067379769242352,5.49854522454143,34.05812188608352,50,527
204029,MOTOR_ONLY_0.747,0.0,0.747,0.5055480470404126,5.49811320754717,34.651032333831694,50,530
204029,MOTOR_ONLY_0.748,0.0,0.748,0.5038000419513164,5.52598225602028,34.8115317904457,50,526
204029,MOTOR_ONLY_0.749,0.0,0.749,0.5055098776609221,5.563567362428842,35.453514166453054,50,527
204029,MOTOR_ONLY_0.750,0.0,0.75,0.5039600842617465,5.577735610373182,36.32116941110796,50,527
204029,MOTOR_ONLY_0.751,0.0,0.751,0.5179475621382077,5.744316730523627,35.9755038714196,50,522
204029,MOTOR_ONLY_0.752,0.0,0.752,0.5220909157393625,5.825463851567498,35.26307447590436,50,521
204029,MOTOR_ONLY_0.753,0.0,0.753,0.5208487372984802,5.9047249190938516,33.800162371819766,50,515
204029,MOTOR_ONLY_0.754,0.0,0.754,0.5266999655421286,6.0230065359477125,35.22059592151871,50,510
204029,MOTOR_ONLY_0.755,0.0,0.755,0.5369239171205499,6.173993399339934,37.07447516566964,50,505
204029,MOTOR_ONLY_0.756,0.0,0.756,0.536171573730098,6.231341301460823,37.476537782064746,50,502
204029,MOTOR_ONLY_0.757,0.0,0.757,0.5305349217511157,6.16957671957672,38.23910912457501,50,504
204029,MOTOR_ONLY_0.758,0.0,0.758,0.5321838210751355,6.144400527009223,36.629957758708095,50,506
204029,MOTOR_ONLY_0.759,0.0,0.759,0.5356754913008168,6.228042328042328,38.41825552222055,50,504
204029,MOTOR_ONLY_0.760,0.0,0.76,0.5356304419098612,6.222309711286089,40.20004843260899,50,508
204029,MOTOR_ONLY_0.761,0.0,0.761,0.5288232780552106,6.263227513227513,42.17207818726879,50,504
204029,MOTOR_ONLY_0.762,0.0,0.762,0.5342473553041123,6.367395626242544,43.51558972278416,50,503
204029,MOTOR_ONLY_0.763,0.0,0.763,0.5341020344614488,6.393625498007967,42.18198621751864,50,502
204029,MOTOR_ONLY_0.764,0.0,0.764,0.5309338977199198,6.381254125412541,43.54553311539391,50,505
204029,MOTOR_ONLY_0.765,0.0,0.765,0.5289084662031821,6.394168323392975,43.615267073621496,50,503
204029,MOTOR_ONLY_0.766,0.0,0.766,0.5180764415141969,6.342743538767396,43.92015235066967,50,503
204029,MOTOR_ONLY_0.767,0.0,0.767,0.5359329395418303,6.656224899598393,43.497882860211966,50,498
204029,MOTOR_ONLY_0.768,0.0,0.768,0.532946123137749,6.686827956989247,44.86340296085581,50,496
204029,MOTOR_ONLY_0.769,0.0,0.769,0.5357514944353351,6.718933333333333,44.58032166200994,50,500
204029,MOTOR_ONLY_0.770,0.0,0.77,0.5365382340939018,6.77621910487642,45.55391200352217,50,499
204029,MOTOR_ONLY_0.771,0.0,0.771,0.5421933522449737,6.969376693766938,47.33702336805091,50,492
204029,MOTOR_ONLY_0.772,0.0,0.772,0.5544828863165926,7.130612244897959,47.21251220080303,50,490
204029,MOTOR_ONLY_0.773,0.0,0.773,0.5516806111495182,7.1413769597818675,47.278653210194086,50,489
204029,MOTOR_ONLY_0.774,0.0,0.774,0.549977877378684,7.234019204389575,47.64066036396731,50,486
204029,MOTOR_ONLY_0.775,0.0,0.775,0.5483443980705575,7.212568306010929,47.214677690488216,50,488
204029,MOTOR_ONLY_0.776,0.0,0.776,0.5463474086027207,7.257768651608488,48.6597349544585,50,487
204029,MOTOR_ONLY_0.777,0.0,0.777,0.544734439853209,7.3176308539944905,49.3779008685909,50,484
204029,MOTOR_ONLY_0.778,0.0,0.778,0.5461720150237447,7.379710144927536,49.69588027638494,50,483
204029,MOTOR_ONLY_0.779,0.0,0.779,0.5450711974987416,7.392132505175983,50.196005558092736,50,483
204029,MOTOR_ONLY_0.780,0.0,0.78,0.5614826224292778,7.667919276270006,50.27125689253281,50,479
204029,MOTOR_ONLY_0.781,0.0,0.781,0.5585720503388554,7.684239888423988,49.86335313964793,50,478
204029,MOTOR_ONLY_0.782,0.0,0.782,0.5605155719201561,7.727209464161447,50.090466709416276,50,479
204029,MOTOR_ONLY_0.783,0.0,0.783,0.5679346155692149,7.915406162464986,48.427020718361334,50,476
204029,MOTOR_ONLY_0.784,0.0,0.784,0.5742208344602627,8.063009845288326,49.65060886745544,50,474
204029,MOTOR_ONLY_0.785,0.0,0.785,0.5739808387087517,8.0,49.739579261391334,50,478
204029,MOTOR_ONLY_0.786,0.0,0.786,0.5815920573834387,8.096995108315863,51.381923814638746,50,477
204029,MOTOR_ONLY_0.787,0.0,0.787,0.5828240158109912,8.252290345313602,50.64171245604383,50,473
204029,MOTOR_ONLY_0.788,0.0,0.788,0.5814410756062885,8.293785310734464,51.804187410069105,50,472
204029,MOTOR_ONLY_0.789,0.0,0.789,0.5913639923123658,8.482798001427552,53.60133827035087,50,467
204029,MOTOR_ONLY_0.790,0.0,0.79,0.6150518682984858,9.002911208151382,55.758357615787396,50,458
204029,MOTOR_ONLY_0.791,0.0,0.791,0.6133065053144166,9.058187134502925,57.28118492602658,50,456
204029,MOTOR_ONLY_0.792,0.0,0.792,0.6175727660674165,9.183259911894273,59.46199267722838,50,454
204029,MOTOR_ONLY_0.793,0.0,0.793,0.6153019862183258,9.262536873156341,59.3008852027396,50,452
204029,MOTOR_ONLY_0.794,0.0,0.794,0.6097167785584382,9.19793966151582,57.631037433547434,50,453
204029,MOTOR_ONLY_0.795,0.0,0.795,0.6054272994887115,9.173804267844002,56.51584561046826,50,453
204029,MOTOR_ONLY_0.796,0.0,0.796,0.6103243008185801,9.40820283370619,56.90341523427112,50,447
204029,MOTOR_ONLY_0.797,0.0,0.797,0.60971703439096,9.534391534391535,58.79468036037194,50,441
204029,MOTOR_ONLY_0.798,0.0,0.798,0.607856476500957,9.542212189616254,58.64735438993352,50,443
204029,MOTOR_ONLY_0.799,0.0,0.799,0.606748836616913,9.542172284644193,58.27529483364509,50,445
204029,MOTOR_ONLY_0.800,0.0,0.8,0.6045590975193702,9.632350718065004,57.132104749922064,50,441
