seed,delay,arm,training_labels_delivered,test_accuracy,test_cross_entropy
0,1,exact_replay,500,0.701,1.3593362085901899
0,1,eligibility_trace,500,0.514,1.3368917020248792
0,1,no_trace,500,0.397,1.3821338405422776
0,1,exact_replay,1000,0.704,1.3340270054755896
0,1,eligibility_trace,1000,0.505,1.3069180739453017
0,1,no_trace,1000,0.37,1.382090856247311
0,1,exact_replay,1500,0.717,1.3115415534637522
0,1,eligibility_trace,1500,0.54,1.2858281306282202
0,1,no_trace,1500,0.348,1.3815724437551775
0,1,exact_replay,2000,0.713,1.288618636889113
0,1,eligibility_trace,2000,0.582,1.2702153043263076
0,1,no_trace,2000,0.345,1.3827304947505064
0,1,exact_replay,2500,0.713,1.2668530961991575
0,1,eligibility_trace,2500,0.616,1.257168405177868
0,1,no_trace,2500,0.308,1.3842285710261364
0,1,exact_replay,3000,0.72,1.2470503213590878
0,1,eligibility_trace,3000,0.628,1.2396222679848339
0,1,no_trace,3000,0.276,1.3854429004884337
0,4,exact_replay,500,0.701,1.3593325660344113
0,4,eligibility_trace,500,0.517,1.336987541145154
0,4,no_trace,500,0.309,1.3851080710336623
0,4,exact_replay,1000,0.704,1.3340206373342076
0,4,eligibility_trace,1000,0.505,1.3070187280841108
0,4,no_trace,1000,0.289,1.3849929726376053
0,4,exact_replay,1500,0.718,1.3115320756326698
0,4,eligibility_trace,1500,0.539,1.2884219103657861
0,4,no_trace,1500,0.252,1.3860351786141847
0,4,exact_replay,2000,0.713,1.288606337660735
0,4,eligibility_trace,2000,0.577,1.273335721546302
0,4,no_trace,2000,0.254,1.3862652094470425
0,4,exact_replay,2500,0.713,1.2668384665368777
0,4,eligibility_trace,2500,0.581,1.2622709546376292
0,4,no_trace,2500,0.228,1.387272336016389
0,4,exact_replay,3000,0.72,1.2470340491552347
0,4,eligibility_trace,3000,0.608,1.244929697818213
0,4,no_trace,3000,0.247,1.3871777099333862
0,16,exact_replay,500,0.701,1.3593162005467287
0,16,eligibility_trace,500,0.493,1.3419288679334713
0,16,no_trace,500,0.288,1.3853834160545482
0,16,exact_replay,1000,0.704,1.333990435878366
0,16,eligibility_trace,1000,0.5,1.3146119383383652
0,16,no_trace,1000,0.33,1.3844446848442538
0,16,exact_replay,1500,0.717,1.3114922715528528
0,16,eligibility_trace,1500,0.522,1.2958200452735749
0,16,no_trace,1500,0.298,1.3843811382197824
0,16,exact_replay,2000,0.712,1.2885549187347163
0,16,eligibility_trace,2000,0.57,1.2806012439100667
0,16,no_trace,2000,0.319,1.3823538608615056
0,16,exact_replay,2500,0.713,1.2667774638593896
0,16,eligibility_trace,2500,0.562,1.2761222901291447
0,16,no_trace,2500,0.346,1.3819215961761788
0,16,exact_replay,3000,0.72,1.2469652811081429
0,16,eligibility_trace,3000,0.582,1.2571538100596784
0,16,no_trace,3000,0.294,1.3820230290097906
0,64,exact_replay,500,0.701,1.3592547796784415
0,64,eligibility_trace,500,0.368,1.372553546254429
0,64,no_trace,500,0.256,1.386155611082226
0,64,exact_replay,1000,0.704,1.3338720335179697
0,64,eligibility_trace,1000,0.417,1.3505588087372808
0,64,no_trace,1000,0.299,1.385057113406676
0,64,exact_replay,1500,0.717,1.3113320131901978
0,64,eligibility_trace,1500,0.455,1.342655356916384
0,64,no_trace,1500,0.245,1.386893049615082
0,64,exact_replay,2000,0.711,1.2883548228231816
0,64,eligibility_trace,2000,0.434,1.3455108306653825
0,64,no_trace,2000,0.261,1.3863447151641008
0,64,exact_replay,2500,0.713,1.2665400843912564
0,64,eligibility_trace,2500,0.445,1.3427436048750405
0,64,no_trace,2500,0.309,1.3840894029530812
0,64,exact_replay,3000,0.72,1.2466999098773215
0,64,eligibility_trace,3000,0.462,1.3321632456815344
0,64,no_trace,3000,0.349,1.3826529198832906
1,1,exact_replay,500,0.733,1.3583579000250547
1,1,eligibility_trace,500,0.45,1.3568962460701526
1,1,no_trace,500,0.305,1.3847318176196852
1,1,exact_replay,1000,0.745,1.3316745485841295
1,1,eligibility_trace,1000,0.503,1.3324479812467285
1,1,no_trace,1000,0.245,1.3868815025044614
1,1,exact_replay,1500,0.759,1.306265745896226
1,1,eligibility_trace,1500,0.544,1.3112143603837336
1,1,no_trace,1500,0.28,1.3854623019102432
1,1,exact_replay,2000,0.756,1.2819703594317042
1,1,eligibility_trace,2000,0.587,1.2885376487388234
1,1,no_trace,2000,0.267,1.3859885632919668
1,1,exact_replay,2500,0.757,1.258658540955073
1,1,eligibility_trace,2500,0.592,1.2680315440057757
1,1,no_trace,2500,0.23,1.3874345699369928
1,1,exact_replay,3000,0.762,1.2366604020593677
1,1,eligibility_trace,3000,0.611,1.2453147713781356
1,1,no_trace,3000,0.229,1.3882349150750697
1,4,exact_replay,500,0.733,1.3583547698579335
1,4,eligibility_trace,500,0.435,1.358747259701572
1,4,no_trace,500,0.229,1.3866720960679464
1,4,exact_replay,1000,0.745,1.3316671546058247
1,4,eligibility_trace,1000,0.492,1.334868796091203
1,4,no_trace,1000,0.258,1.3863954362295106
1,4,exact_replay,1500,0.759,1.306255467330768
1,4,eligibility_trace,1500,0.549,1.3147735573881822
1,4,no_trace,1500,0.264,1.3860430170875357
1,4,exact_replay,2000,0.756,1.2819576131935095
1,4,eligibility_trace,2000,0.562,1.2928441259302408
1,4,no_trace,2000,0.262,1.3856893288748169
1,4,exact_replay,2500,0.757,1.2586431689443944
1,4,eligibility_trace,2500,0.584,1.2762615226425913
1,4,no_trace,2500,0.216,1.387693712012699
1,4,exact_replay,3000,0.762,1.2366430496709178
1,4,eligibility_trace,3000,0.593,1.2554279095299887
1,4,no_trace,3000,0.225,1.3885230105986754
1,16,exact_replay,500,0.733,1.3583392475580924
1,16,eligibility_trace,500,0.421,1.358237842152949
1,16,no_trace,500,0.219,1.3871099086418062
1,16,exact_replay,1000,0.745,1.3316370597004679
1,16,eligibility_trace,1000,0.441,1.341460939542284
1,16,no_trace,1000,0.234,1.3868206130367196
1,16,exact_replay,1500,0.759,1.3062120615721269
1,16,eligibility_trace,1500,0.476,1.3233895562899172
1,16,no_trace,1500,0.224,1.3878096796256991
1,16,exact_replay,2000,0.756,1.2819026959498934
1,16,eligibility_trace,2000,0.505,1.3070317100207383
1,16,no_trace,2000,0.224,1.3886659899598257
1,16,exact_replay,2500,0.757,1.25857820770111
1,16,eligibility_trace,2500,0.519,1.2936427102352173
1,16,no_trace,2500,0.217,1.389858535166535
1,16,exact_replay,3000,0.762,1.2365682997211087
1,16,eligibility_trace,3000,0.541,1.2795096790261755
1,16,no_trace,3000,0.21,1.3908857132897436
1,64,exact_replay,500,0.733,1.3582827824209265
1,64,eligibility_trace,500,0.341,1.375875725486322
1,64,no_trace,500,0.228,1.3873669202315828
1,64,exact_replay,1000,0.745,1.3315211903062563
1,64,eligibility_trace,1000,0.317,1.3739735035461682
1,64,no_trace,1000,0.205,1.3886946110474476
1,64,exact_replay,1500,0.759,1.3060439496542053
1,64,eligibility_trace,1500,0.385,1.3598233523670855
1,64,no_trace,1500,0.222,1.3884182661990483
1,64,exact_replay,2000,0.756,1.281688503671403
1,64,eligibility_trace,2000,0.426,1.354264961464685
1,64,no_trace,2000,0.248,1.386482651844841
1,64,exact_replay,2500,0.757,1.258320856524847
1,64,eligibility_trace,2500,0.433,1.3454261157858343
1,64,no_trace,2500,0.254,1.3856374422286464
1,64,exact_replay,3000,0.762,1.236275752555316
1,64,eligibility_trace,3000,0.444,1.3292837606637309
1,64,no_trace,3000,0.234,1.3860271345152058
2,1,exact_replay,500,0.692,1.359104483641397
2,1,eligibility_trace,500,0.331,1.3766687958360289
2,1,no_trace,500,0.137,1.389562449214494
2,1,exact_replay,1000,0.72,1.3330071550156404
2,1,eligibility_trace,1000,0.364,1.3597345345208431
2,1,no_trace,1000,0.15,1.3902098970670924
2,1,exact_replay,1500,0.719,1.3072832744249059
2,1,eligibility_trace,1500,0.468,1.3289573101155694
2,1,no_trace,1500,0.177,1.3893507172664836
2,1,exact_replay,2000,0.737,1.283915125349762
2,1,eligibility_trace,2000,0.48,1.3162355864916513
2,1,no_trace,2000,0.203,1.389102028318709
2,1,exact_replay,2500,0.725,1.2622859334019416
2,1,eligibility_trace,2500,0.484,1.3006087061978024
2,1,no_trace,2500,0.232,1.387545881626711
2,1,exact_replay,3000,0.735,1.241380133310052
2,1,eligibility_trace,3000,0.527,1.2765422325944282
2,1,no_trace,3000,0.209,1.3895670824275
2,4,exact_replay,500,0.692,1.3591002465673756
2,4,eligibility_trace,500,0.32,1.3783716358899532
2,4,no_trace,500,0.231,1.3867538165910227
2,4,exact_replay,1000,0.72,1.3329994855528393
2,4,eligibility_trace,1000,0.377,1.3621396306935345
2,4,no_trace,1000,0.204,1.3879831892732872
2,4,exact_replay,1500,0.719,1.3072730909503976
2,4,eligibility_trace,1500,0.457,1.331324943746788
2,4,no_trace,1500,0.238,1.3870134127820306
2,4,exact_replay,2000,0.737,1.2839024718373249
2,4,eligibility_trace,2000,0.48,1.3188415191403957
2,4,no_trace,2000,0.237,1.3867696422901103
2,4,exact_replay,2500,0.725,1.2622706138768562
2,4,eligibility_trace,2500,0.471,1.3004239288920247
2,4,no_trace,2500,0.243,1.386465172629314
2,4,exact_replay,3000,0.735,1.241362619372514
2,4,eligibility_trace,3000,0.514,1.2778094513870373
2,4,no_trace,3000,0.213,1.387129841496958
2,16,exact_replay,500,0.692,1.359083034565935
2,16,eligibility_trace,500,0.279,1.3852076287641066
2,16,no_trace,500,0.215,1.3875321026026173
2,16,exact_replay,1000,0.72,1.3329679211479843
2,16,eligibility_trace,1000,0.338,1.3694794856165755
2,16,no_trace,1000,0.251,1.3867022104075588
2,16,exact_replay,1500,0.719,1.3072276893195753
2,16,eligibility_trace,1500,0.425,1.342420519249763
2,16,no_trace,1500,0.245,1.3868867280787691
2,16,exact_replay,2000,0.737,1.283847715667181
2,16,eligibility_trace,2000,0.417,1.3394755082723817
2,16,no_trace,2000,0.255,1.3867447348853843
2,16,exact_replay,2500,0.725,1.2622061402815212
2,16,eligibility_trace,2500,0.443,1.3272960948161003
2,16,no_trace,2500,0.209,1.3892631405719564
2,16,exact_replay,3000,0.734,1.241289952008106
2,16,eligibility_trace,3000,0.471,1.3083774093513507
2,16,no_trace,3000,0.208,1.388682215544391
2,64,exact_replay,500,0.692,1.3590214327189118
2,64,eligibility_trace,500,0.178,1.4032101802771748
2,64,no_trace,500,0.213,1.3871576614698216
2,64,exact_replay,1000,0.72,1.3328477284102846
2,64,eligibility_trace,1000,0.167,1.4110840840688206
2,64,no_trace,1000,0.225,1.3867653881241222
2,64,exact_replay,1500,0.719,1.3070512823512588
2,64,eligibility_trace,1500,0.22,1.4009565960359422
2,64,no_trace,1500,0.243,1.3866002841448604
2,64,exact_replay,2000,0.736,1.2836285046290672
2,64,eligibility_trace,2000,0.241,1.39783000980596
2,64,no_trace,2000,0.22,1.3878294675699894
2,64,exact_replay,2500,0.725,1.2619482695304125
2,64,eligibility_trace,2500,0.245,1.3951284399908586
2,64,no_trace,2500,0.188,1.3895473466499175
2,64,exact_replay,3000,0.734,1.240997810434946
2,64,eligibility_trace,3000,0.294,1.3788526383288195
2,64,no_trace,3000,0.172,1.3899188034410095
3,1,exact_replay,500,0.76,1.3558692413040714
3,1,eligibility_trace,500,0.455,1.3442220359085035
3,1,no_trace,500,0.386,1.3834981206095085
3,1,exact_replay,1000,0.752,1.325463159753895
3,1,eligibility_trace,1000,0.482,1.3249067592603496
3,1,no_trace,1000,0.341,1.3831720606562143
3,1,exact_replay,1500,0.747,1.297449228484746
3,1,eligibility_trace,1500,0.539,1.2910287673743708
3,1,no_trace,1500,0.319,1.3836373205615045
3,1,exact_replay,2000,0.757,1.2701840450045319
3,1,eligibility_trace,2000,0.524,1.256985388985036
3,1,no_trace,2000,0.343,1.3824414771235525
3,1,exact_replay,2500,0.753,1.2447254751518244
3,1,eligibility_trace,2500,0.564,1.2334853046456065
3,1,no_trace,2500,0.363,1.3818295572833919
3,1,exact_replay,3000,0.755,1.2217057708095782
3,1,eligibility_trace,3000,0.572,1.2039586110105311
3,1,no_trace,3000,0.317,1.382705167507002
3,4,exact_replay,500,0.76,1.3558652910487239
3,4,eligibility_trace,500,0.457,1.3451475932500527
3,4,no_trace,500,0.339,1.384654901379768
3,4,exact_replay,1000,0.752,1.325454822076853
3,4,eligibility_trace,1000,0.481,1.3263521884251124
3,4,no_trace,1000,0.396,1.3828759592063098
3,4,exact_replay,1500,0.747,1.2974375918347019
3,4,eligibility_trace,1500,0.517,1.293780809424422
3,4,no_trace,1500,0.356,1.3823219181070503
3,4,exact_replay,2000,0.757,1.2701688725896487
3,4,eligibility_trace,2000,0.522,1.261505137403124
3,4,no_trace,2000,0.335,1.3830791176755926
3,4,exact_replay,2500,0.753,1.2447071083767856
3,4,eligibility_trace,2500,0.558,1.2398740557333463
3,4,no_trace,2500,0.324,1.382684610208396
3,4,exact_replay,3000,0.755,1.2216858895688043
3,4,eligibility_trace,3000,0.567,1.2120634941681174
3,4,no_trace,3000,0.346,1.381216213994158
3,16,exact_replay,500,0.76,1.355846755153155
3,16,eligibility_trace,500,0.444,1.348817180817875
3,16,no_trace,500,0.211,1.3868963956211664
3,16,exact_replay,1000,0.752,1.3254185090126007
3,16,eligibility_trace,1000,0.474,1.331847343468912
3,16,no_trace,1000,0.249,1.3870326734371101
3,16,exact_replay,1500,0.746,1.297387014309478
3,16,eligibility_trace,1500,0.521,1.3029115091990462
3,16,no_trace,1500,0.24,1.387208704911331
3,16,exact_replay,2000,0.757,1.2701059810637185
3,16,eligibility_trace,2000,0.511,1.272681111700368
3,16,no_trace,2000,0.274,1.385424245897896
3,16,exact_replay,2500,0.753,1.2446325625759969
3,16,eligibility_trace,2500,0.528,1.2562907416236777
3,16,no_trace,2500,0.285,1.3848826362839748
3,16,exact_replay,3000,0.755,1.2216030391388972
3,16,eligibility_trace,3000,0.55,1.2279455046806205
3,16,no_trace,3000,0.335,1.381747932622098
3,64,exact_replay,500,0.76,1.3557743025586504
3,64,eligibility_trace,500,0.234,1.3865939104548368
3,64,no_trace,500,0.237,1.386273639125931
3,64,exact_replay,1000,0.752,1.3252751707466408
3,64,eligibility_trace,1000,0.262,1.3836807073855557
3,64,no_trace,1000,0.267,1.386238684697441
3,64,exact_replay,1500,0.746,1.297183878509959
3,64,eligibility_trace,1500,0.308,1.371928029444479
3,64,no_trace,1500,0.31,1.3842037316658817
3,64,exact_replay,2000,0.756,1.2698459872336596
3,64,eligibility_trace,2000,0.305,1.363892201552128
3,64,no_trace,2000,0.306,1.3843920774961567
3,64,exact_replay,2500,0.753,1.24432724235743
3,64,eligibility_trace,2500,0.315,1.3586980433784615
3,64,no_trace,2500,0.284,1.3846362817889966
3,64,exact_replay,3000,0.754,1.221260007834182
3,64,eligibility_trace,3000,0.353,1.3401303112006173
3,64,no_trace,3000,0.322,1.3823128752451963
4,1,exact_replay,500,0.684,1.3608115301479824
4,1,eligibility_trace,500,0.513,1.3528909654813874
4,1,no_trace,500,0.317,1.3847950126907353
4,1,exact_replay,1000,0.697,1.334515499460124
4,1,eligibility_trace,1000,0.525,1.3245131927814988
4,1,no_trace,1000,0.295,1.3838379928704219
4,1,exact_replay,1500,0.707,1.3096261982457806
4,1,eligibility_trace,1500,0.57,1.3021368108391287
4,1,no_trace,1500,0.284,1.3830765290921818
4,1,exact_replay,2000,0.717,1.2840782521527587
4,1,eligibility_trace,2000,0.574,1.2838785717880719
4,1,no_trace,2000,0.252,1.3849460124923996
4,1,exact_replay,2500,0.714,1.26113113738271
4,1,eligibility_trace,2500,0.621,1.255699778275723
4,1,no_trace,2500,0.291,1.3829247667959212
4,1,exact_replay,3000,0.715,1.239103002010943
4,1,eligibility_trace,3000,0.637,1.232260712558042
4,1,no_trace,3000,0.312,1.3809199049197654
4,4,exact_replay,500,0.684,1.3608077470971847
4,4,eligibility_trace,500,0.509,1.3539726801429743
4,4,no_trace,500,0.357,1.3842955400775927
4,4,exact_replay,1000,0.697,1.3345073525219073
4,4,eligibility_trace,1000,0.509,1.3295325480332936
4,4,no_trace,1000,0.23,1.3873976774113665
4,4,exact_replay,1500,0.707,1.3096141252496334
4,4,eligibility_trace,1500,0.558,1.305965330276768
4,4,no_trace,1500,0.252,1.3862814684931402
4,4,exact_replay,2000,0.717,1.2840631082830976
4,4,eligibility_trace,2000,0.569,1.2850646510036554
4,4,no_trace,2000,0.323,1.383284231156162
4,4,exact_replay,2500,0.714,1.2611138504014343
4,4,eligibility_trace,2500,0.596,1.25624264142798
4,4,no_trace,2500,0.34,1.3823676374089433
4,4,exact_replay,3000,0.716,1.2390834494331402
4,4,eligibility_trace,3000,0.616,1.2367838739431969
4,4,no_trace,3000,0.326,1.38335444007751
4,16,exact_replay,500,0.684,1.3607936020545905
4,16,eligibility_trace,500,0.378,1.3674764836137634
4,16,no_trace,500,0.167,1.38845075983592
4,16,exact_replay,1000,0.697,1.3344795645279937
4,16,eligibility_trace,1000,0.484,1.3418612233099798
4,16,no_trace,1000,0.219,1.3870750113406216
4,16,exact_replay,1500,0.707,1.3095727914741502
4,16,eligibility_trace,1500,0.538,1.3171356796457052
4,16,no_trace,1500,0.222,1.3873956612151774
4,16,exact_replay,2000,0.717,1.284006533315809
4,16,eligibility_trace,2000,0.553,1.301513847529425
4,16,no_trace,2000,0.266,1.385826629037047
4,16,exact_replay,2500,0.714,1.2610473252458427
4,16,eligibility_trace,2500,0.571,1.2779551023398137
4,16,no_trace,2500,0.276,1.3844820130838575
4,16,exact_replay,3000,0.715,1.239007066319068
4,16,eligibility_trace,3000,0.587,1.2621537665833051
4,16,no_trace,3000,0.238,1.3871614431446573
4,64,exact_replay,500,0.684,1.3607405698949722
4,64,eligibility_trace,500,0.225,1.3882062045220285
4,64,no_trace,500,0.285,1.3856441352202202
4,64,exact_replay,1000,0.697,1.334369307488338
4,64,eligibility_trace,1000,0.275,1.3806319806350016
4,64,no_trace,1000,0.268,1.3859669764300784
4,64,exact_replay,1500,0.707,1.3094110946285005
4,64,eligibility_trace,1500,0.288,1.369172329632509
4,64,no_trace,1500,0.305,1.3845173938117696
4,64,exact_replay,2000,0.717,1.2837889873800654
4,64,eligibility_trace,2000,0.272,1.3802525911927828
4,64,no_trace,2000,0.285,1.385653657668379
4,64,exact_replay,2500,0.714,1.2607890943725657
4,64,eligibility_trace,2500,0.314,1.3672521247363634
4,64,no_trace,2500,0.296,1.3848242540734763
4,64,exact_replay,3000,0.715,1.2387118585552948
4,64,eligibility_trace,3000,0.337,1.3557468699507744
4,64,no_trace,3000,0.283,1.3857204294922516
5,1,exact_replay,500,0.71,1.355700045331178
5,1,eligibility_trace,500,0.449,1.3530937358167607
5,1,no_trace,500,0.259,1.3861670579490615
5,1,exact_replay,1000,0.726,1.327504824121705
5,1,eligibility_trace,1000,0.516,1.317006916720173
5,1,no_trace,1000,0.251,1.3866857024365689
5,1,exact_replay,1500,0.742,1.3011566445169165
5,1,eligibility_trace,1500,0.555,1.284708610900827
5,1,no_trace,1500,0.213,1.388017881452864
5,1,exact_replay,2000,0.747,1.2762347673363688
5,1,eligibility_trace,2000,0.6,1.257336923206702
5,1,no_trace,2000,0.258,1.386306665339191
5,1,exact_replay,2500,0.754,1.250523794853377
5,1,eligibility_trace,2500,0.621,1.2357675505602579
5,1,no_trace,2500,0.216,1.3887556032099222
5,1,exact_replay,3000,0.749,1.2259629379579386
5,1,eligibility_trace,3000,0.617,1.2114177959039567
5,1,no_trace,3000,0.221,1.3886257469446137
5,4,exact_replay,500,0.71,1.3556957839813109
5,4,eligibility_trace,500,0.402,1.35884302110025
5,4,no_trace,500,0.203,1.3876553904380031
5,4,exact_replay,1000,0.726,1.327496731541038
5,4,eligibility_trace,1000,0.474,1.324616616692944
5,4,no_trace,1000,0.22,1.3874616249416065
5,4,exact_replay,1500,0.742,1.3011444799948457
5,4,eligibility_trace,1500,0.53,1.2930282510672415
5,4,no_trace,1500,0.217,1.3875577912580235
5,4,exact_replay,2000,0.747,1.2762196253809692
5,4,eligibility_trace,2000,0.583,1.2673401117481393
5,4,no_trace,2000,0.207,1.3884623348687182
5,4,exact_replay,2500,0.754,1.250505845064767
5,4,eligibility_trace,2500,0.597,1.2482699836453677
5,4,no_trace,2500,0.199,1.3894953455328964
5,4,exact_replay,3000,0.749,1.2259418428075628
5,4,eligibility_trace,3000,0.609,1.222849769267802
5,4,no_trace,3000,0.238,1.3889035345826324
5,16,exact_replay,500,0.71,1.3556771202887337
5,16,eligibility_trace,500,0.37,1.3671961417628609
5,16,no_trace,500,0.163,1.3891157512395609
5,16,exact_replay,1000,0.726,1.3274618248784655
5,16,eligibility_trace,1000,0.429,1.3379446804478112
5,16,no_trace,1000,0.15,1.390950654637324
5,16,exact_replay,1500,0.742,1.3010962394627437
5,16,eligibility_trace,1500,0.476,1.3095558456931953
5,16,no_trace,1500,0.163,1.3902767727026162
5,16,exact_replay,2000,0.747,1.2761592716989967
5,16,eligibility_trace,2000,0.509,1.2923188761465219
5,16,no_trace,2000,0.207,1.3908157130062666
5,16,exact_replay,2500,0.754,1.2504346478127317
5,16,eligibility_trace,2500,0.534,1.2795787689388796
5,16,no_trace,2500,0.198,1.39157246518462
5,16,exact_replay,3000,0.749,1.2258606303473873
5,16,eligibility_trace,3000,0.549,1.2584995698204493
5,16,no_trace,3000,0.189,1.3922931763274822
5,64,exact_replay,500,0.71,1.3556055677741257
5,64,eligibility_trace,500,0.382,1.3669482586521289
5,64,no_trace,500,0.242,1.3867137270857688
5,64,exact_replay,1000,0.726,1.3273270633411154
5,64,eligibility_trace,1000,0.411,1.3449432503209537
5,64,no_trace,1000,0.202,1.3881426673986526
5,64,exact_replay,1500,0.742,1.300908848552642
5,64,eligibility_trace,1500,0.423,1.3309207521308881
5,64,no_trace,1500,0.231,1.3874991867748148
5,64,exact_replay,2000,0.747,1.2759262279950165
5,64,eligibility_trace,2000,0.442,1.3245730901981954
5,64,no_trace,2000,0.246,1.3864448490976409
5,64,exact_replay,2500,0.753,1.2501511258111646
5,64,eligibility_trace,2500,0.445,1.3186158330235636
5,64,no_trace,2500,0.238,1.386957722624138
5,64,exact_replay,3000,0.75,1.225531122080977
5,64,eligibility_trace,3000,0.461,1.2977104664613088
5,64,no_trace,3000,0.224,1.3875933854589386
6,1,exact_replay,500,0.723,1.3549938687551275
6,1,eligibility_trace,500,0.488,1.3559071869115529
6,1,no_trace,500,0.194,1.3871500939212111
6,1,exact_replay,1000,0.754,1.3259422872131963
6,1,eligibility_trace,1000,0.562,1.321535967887321
6,1,no_trace,1000,0.27,1.3854315919728688
6,1,exact_replay,1500,0.762,1.2989725232400582
6,1,eligibility_trace,1500,0.562,1.3018355454246087
6,1,no_trace,1500,0.276,1.3856956993595833
6,1,exact_replay,2000,0.767,1.2716478305815162
6,1,eligibility_trace,2000,0.611,1.2639395850317567
6,1,no_trace,2000,0.257,1.385482349360326
6,1,exact_replay,2500,0.765,1.2476016799243115
6,1,eligibility_trace,2500,0.598,1.2395365031618566
6,1,no_trace,2500,0.289,1.384652611712749
6,1,exact_replay,3000,0.767,1.2240638994660122
6,1,eligibility_trace,3000,0.624,1.2064597101375323
6,1,no_trace,3000,0.298,1.384422052490189
6,4,exact_replay,500,0.722,1.3549881658220384
6,4,eligibility_trace,500,0.467,1.358055060581074
6,4,no_trace,500,0.248,1.386987594635515
6,4,exact_replay,1000,0.754,1.3259324256105578
6,4,eligibility_trace,1000,0.524,1.3244154475544228
6,4,no_trace,1000,0.297,1.385549463842045
6,4,exact_replay,1500,0.762,1.2989588805261187
6,4,eligibility_trace,1500,0.552,1.3069196004637038
6,4,no_trace,1500,0.264,1.3870408983230675
6,4,exact_replay,2000,0.767,1.2716305355117017
6,4,eligibility_trace,2000,0.604,1.2712086928769455
6,4,no_trace,2000,0.221,1.3884001056811317
6,4,exact_replay,2500,0.765,1.247581405533483
6,4,eligibility_trace,2500,0.593,1.2472125476482918
6,4,no_trace,2500,0.237,1.387375722666529
6,4,exact_replay,3000,0.767,1.2240403996825353
6,4,eligibility_trace,3000,0.621,1.2116070408214519
6,4,no_trace,3000,0.252,1.3859862592251089
6,16,exact_replay,500,0.723,1.3549701004694144
6,16,eligibility_trace,500,0.432,1.3624059692956043
6,16,no_trace,500,0.268,1.3860734944963349
6,16,exact_replay,1000,0.754,1.3258982592552047
6,16,eligibility_trace,1000,0.528,1.3324180280202818
6,16,no_trace,1000,0.228,1.3868771938198123
6,16,exact_replay,1500,0.762,1.2989113207480956
6,16,eligibility_trace,1500,0.556,1.3175787175566067
6,16,no_trace,1500,0.222,1.3877323687195553
6,16,exact_replay,2000,0.767,1.2715681343888237
6,16,eligibility_trace,2000,0.597,1.2855385723592263
6,16,no_trace,2000,0.207,1.3878580790811115
6,16,exact_replay,2500,0.765,1.2475084282618643
6,16,eligibility_trace,2500,0.596,1.262994812363709
6,16,no_trace,2500,0.237,1.3869118502965687
6,16,exact_replay,3000,0.767,1.2239563621636427
6,16,eligibility_trace,3000,0.6,1.2330737689453128
6,16,no_trace,3000,0.219,1.387910128850695
6,64,exact_replay,500,0.722,1.3548960488482107
6,64,eligibility_trace,500,0.339,1.3745397543180653
6,64,no_trace,500,0.244,1.3865512373600222
6,64,exact_replay,1000,0.754,1.3257556048600063
6,64,eligibility_trace,1000,0.32,1.3716303675260504
6,64,no_trace,1000,0.261,1.3852380959988286
6,64,exact_replay,1500,0.762,1.2987080106294646
6,64,eligibility_trace,1500,0.29,1.3766591277160196
6,64,no_trace,1500,0.221,1.3869547668354107
6,64,exact_replay,2000,0.767,1.2712997313099255
6,64,eligibility_trace,2000,0.375,1.347576587306935
6,64,no_trace,2000,0.254,1.3851406829287887
6,64,exact_replay,2500,0.765,1.247199943730769
6,64,eligibility_trace,2500,0.401,1.3439654763528266
6,64,no_trace,2500,0.25,1.386216067099379
6,64,exact_replay,3000,0.766,1.223607750815312
6,64,eligibility_trace,3000,0.458,1.3172266073545602
6,64,no_trace,3000,0.295,1.3823177078101438
7,1,exact_replay,500,0.744,1.356043358751541
7,1,eligibility_trace,500,0.43,1.3589782422360703
7,1,no_trace,500,0.381,1.3836299697489598
7,1,exact_replay,1000,0.743,1.3273229989034543
7,1,eligibility_trace,1000,0.488,1.3433470125363682
7,1,no_trace,1000,0.283,1.3854118489919087
7,1,exact_replay,1500,0.767,1.2993537895163052
7,1,eligibility_trace,1500,0.532,1.3018453680972175
7,1,no_trace,1500,0.353,1.383007576490846
7,1,exact_replay,2000,0.77,1.2736995432626628
7,1,eligibility_trace,2000,0.558,1.2820723179257505
7,1,no_trace,2000,0.321,1.3833189052639085
7,1,exact_replay,2500,0.77,1.2479136023382111
7,1,eligibility_trace,2500,0.579,1.260291675151463
7,1,no_trace,2500,0.257,1.3864913406464858
7,1,exact_replay,3000,0.777,1.2236756687083985
7,1,eligibility_trace,3000,0.638,1.2324164356020806
7,1,no_trace,3000,0.301,1.3833847468658085
7,4,exact_replay,500,0.744,1.3560397010848046
7,4,eligibility_trace,500,0.403,1.3618253172427361
7,4,no_trace,500,0.289,1.3859574736156632
7,4,exact_replay,1000,0.743,1.3273150750552718
7,4,eligibility_trace,1000,0.433,1.347760216055834
7,4,no_trace,1000,0.277,1.3861875842075584
7,4,exact_replay,1500,0.767,1.2993420720751905
7,4,eligibility_trace,1500,0.498,1.3076945379387936
7,4,no_trace,1500,0.258,1.3867197590475762
7,4,exact_replay,2000,0.77,1.2736851493228645
7,4,eligibility_trace,2000,0.547,1.290123662645266
7,4,no_trace,2000,0.229,1.3878010712557725
7,4,exact_replay,2500,0.77,1.2478960118994669
7,4,eligibility_trace,2500,0.565,1.2692591581221313
7,4,no_trace,2500,0.211,1.3880585913635455
7,4,exact_replay,3000,0.777,1.2236550984884274
7,4,eligibility_trace,3000,0.626,1.2420080401649747
7,4,no_trace,3000,0.226,1.3874034107012767
7,16,exact_replay,500,0.743,1.3560219573303776
7,16,eligibility_trace,500,0.368,1.369847092694245
7,16,no_trace,500,0.181,1.3877128205031053
7,16,exact_replay,1000,0.743,1.327281039089608
7,16,eligibility_trace,1000,0.397,1.3582460564494236
7,16,no_trace,1000,0.153,1.3899627911634462
7,16,exact_replay,1500,0.767,1.2992912901852014
7,16,eligibility_trace,1500,0.461,1.319166581020798
7,16,no_trace,1500,0.179,1.3888370677003663
7,16,exact_replay,2000,0.77,1.2736224306862636
7,16,eligibility_trace,2000,0.489,1.3016925502090444
7,16,no_trace,2000,0.219,1.3870977989824975
7,16,exact_replay,2500,0.77,1.2478229658677724
7,16,eligibility_trace,2500,0.525,1.2842228981620514
7,16,no_trace,2500,0.19,1.3888619027927103
7,16,exact_replay,3000,0.777,1.2235720993131105
7,16,eligibility_trace,3000,0.575,1.2657991228764525
7,16,no_trace,3000,0.191,1.3901576020795
7,64,exact_replay,500,0.743,1.3559577070426208
7,64,eligibility_trace,500,0.338,1.3763747048988058
7,64,no_trace,500,0.318,1.3849567198965302
7,64,exact_replay,1000,0.743,1.3271460504185952
7,64,eligibility_trace,1000,0.254,1.3864467526384643
7,64,no_trace,1000,0.276,1.385484659736976
7,64,exact_replay,1500,0.767,1.2990960340145947
7,64,eligibility_trace,1500,0.365,1.362478370011177
7,64,no_trace,1500,0.261,1.385563539380919
7,64,exact_replay,2000,0.769,1.2733824323587506
7,64,eligibility_trace,2000,0.386,1.3502822647568067
7,64,no_trace,2000,0.244,1.3860430090825453
7,64,exact_replay,2500,0.77,1.2475364604727996
7,64,eligibility_trace,2500,0.383,1.3504216583617559
7,64,no_trace,2500,0.271,1.3849385303483683
7,64,exact_replay,3000,0.776,1.2232434017480427
7,64,eligibility_trace,3000,0.406,1.3326765396235332
7,64,no_trace,3000,0.274,1.3850970859882619
8,1,exact_replay,500,0.702,1.3582225027721657
8,1,eligibility_trace,500,0.518,1.3526144253782098
8,1,no_trace,500,0.278,1.3858570767011151
8,1,exact_replay,1000,0.705,1.3303584215494453
8,1,eligibility_trace,1000,0.527,1.3130205177332723
8,1,no_trace,1000,0.27,1.3851861643119883
8,1,exact_replay,1500,0.715,1.3045494857310191
8,1,eligibility_trace,1500,0.551,1.2705211727259516
8,1,no_trace,1500,0.271,1.384539058511914
8,1,exact_replay,2000,0.721,1.2803436560880226
8,1,eligibility_trace,2000,0.573,1.2426867396137882
8,1,no_trace,2000,0.256,1.3857915972248402
8,1,exact_replay,2500,0.723,1.2579698216039688
8,1,eligibility_trace,2500,0.605,1.2298950116586493
8,1,no_trace,2500,0.252,1.3851901682419647
8,1,exact_replay,3000,0.715,1.2372251035468431
8,1,eligibility_trace,3000,0.594,1.210711033521254
8,1,no_trace,3000,0.292,1.383947134265302
8,4,exact_replay,500,0.702,1.3582186683600495
8,4,eligibility_trace,500,0.494,1.354366165027295
8,4,no_trace,500,0.229,1.386935048872463
8,4,exact_replay,1000,0.705,1.330350165544624
8,4,eligibility_trace,1000,0.531,1.3142931847514647
8,4,no_trace,1000,0.235,1.387671539175443
8,4,exact_replay,1500,0.715,1.3045373589394236
8,4,eligibility_trace,1500,0.546,1.274624476331427
8,4,no_trace,1500,0.246,1.3869016498112585
8,4,exact_replay,2000,0.721,1.2803280566411563
8,4,eligibility_trace,2000,0.566,1.2471278857935746
8,4,no_trace,2000,0.267,1.3855193165470923
8,4,exact_replay,2500,0.723,1.2579518808210788
8,4,eligibility_trace,2500,0.597,1.2348034898955542
8,4,no_trace,2500,0.266,1.3857806469865461
8,4,exact_replay,3000,0.715,1.2372056203615434
8,4,eligibility_trace,3000,0.58,1.2157305026661416
8,4,no_trace,3000,0.247,1.3856110555658239
8,16,exact_replay,500,0.702,1.3582016617461876
8,16,eligibility_trace,500,0.386,1.3668962488302887
8,16,no_trace,500,0.286,1.385571228485875
8,16,exact_replay,1000,0.705,1.3303155889120826
8,16,eligibility_trace,1000,0.48,1.3367105739383554
8,16,no_trace,1000,0.27,1.3856757777122792
8,16,exact_replay,1500,0.715,1.3044890887290677
8,16,eligibility_trace,1500,0.531,1.2968495530068669
8,16,no_trace,1500,0.328,1.3834640695162037
8,16,exact_replay,2000,0.722,1.2802678072548865
8,16,eligibility_trace,2000,0.555,1.2684469794540099
8,16,no_trace,2000,0.331,1.3830687014322272
8,16,exact_replay,2500,0.722,1.2578809713205188
8,16,eligibility_trace,2500,0.553,1.2641969212085413
8,16,no_trace,2500,0.343,1.3823590109082011
8,16,exact_replay,3000,0.715,1.2371264771742891
8,16,eligibility_trace,3000,0.547,1.2507002903676028
8,16,no_trace,3000,0.287,1.3848335029355807
8,64,exact_replay,500,0.701,1.3581388844301052
8,64,eligibility_trace,500,0.338,1.3729753554166264
8,64,no_trace,500,0.216,1.3867824726617715
8,64,exact_replay,1000,0.705,1.3301860263198475
8,64,eligibility_trace,1000,0.357,1.360741547618925
8,64,no_trace,1000,0.19,1.3887902131857608
8,64,exact_replay,1500,0.715,1.304303704969972
8,64,eligibility_trace,1500,0.431,1.3348018879728156
8,64,no_trace,1500,0.204,1.3886026221365337
8,64,exact_replay,2000,0.722,1.2800331317714966
8,64,eligibility_trace,2000,0.46,1.3154041896083237
8,64,no_trace,2000,0.236,1.3875955001988984
8,64,exact_replay,2500,0.723,1.2576071298106746
8,64,eligibility_trace,2500,0.459,1.3189234776329133
8,64,no_trace,2500,0.259,1.3870390846025134
8,64,exact_replay,3000,0.715,1.2368213387415876
8,64,eligibility_trace,3000,0.443,1.3179045867294936
8,64,no_trace,3000,0.23,1.3882761687339797
9,1,exact_replay,500,0.752,1.3573322109549983
9,1,eligibility_trace,500,0.459,1.3626020239696397
9,1,no_trace,500,0.239,1.3870209081136053
9,1,exact_replay,1000,0.783,1.3283016902209523
9,1,eligibility_trace,1000,0.483,1.3355211604407542
9,1,no_trace,1000,0.204,1.3878236312987313
9,1,exact_replay,1500,0.79,1.3016057897779276
9,1,eligibility_trace,1500,0.548,1.313258970370322
9,1,no_trace,1500,0.166,1.3902193653967625
9,1,exact_replay,2000,0.781,1.2751354017832355
9,1,eligibility_trace,2000,0.518,1.3022195715509683
9,1,no_trace,2000,0.138,1.392217430940221
9,1,exact_replay,2500,0.781,1.2496783682229642
9,1,eligibility_trace,2500,0.55,1.2838508564080198
9,1,no_trace,2500,0.186,1.3923373507803418
9,1,exact_replay,3000,0.789,1.226297502277449
9,1,eligibility_trace,3000,0.556,1.270310879251153
9,1,no_trace,3000,0.215,1.3888457624808155
9,4,exact_replay,500,0.752,1.3573279787791548
9,4,eligibility_trace,500,0.467,1.3633920931490844
9,4,no_trace,500,0.244,1.386435339570483
9,4,exact_replay,1000,0.783,1.3282928917512362
9,4,eligibility_trace,1000,0.473,1.3392856273507863
9,4,no_trace,1000,0.285,1.3857649845618667
9,4,exact_replay,1500,0.79,1.301593377573749
9,4,eligibility_trace,1500,0.533,1.3199763365116481
9,4,no_trace,1500,0.253,1.386441198794339
9,4,exact_replay,2000,0.781,1.2751195443459633
9,4,eligibility_trace,2000,0.506,1.306088798101401
9,4,no_trace,2000,0.304,1.383975377850542
9,4,exact_replay,2500,0.781,1.2496596978745482
9,4,eligibility_trace,2500,0.544,1.2879992472530504
9,4,no_trace,2500,0.299,1.383842069595562
9,4,exact_replay,3000,0.789,1.2262765431409715
9,4,eligibility_trace,3000,0.522,1.2783452289029646
9,4,no_trace,3000,0.301,1.3833395105844946
9,16,exact_replay,500,0.752,1.3573116138222567
9,16,eligibility_trace,500,0.368,1.3705471232470199
9,16,no_trace,500,0.188,1.3872789113350013
9,16,exact_replay,1000,0.782,1.3282609636076135
9,16,eligibility_trace,1000,0.396,1.3547428671725348
9,16,no_trace,1000,0.22,1.38762457648244
9,16,exact_replay,1500,0.79,1.3015473443207404
9,16,eligibility_trace,1500,0.43,1.3416314661901165
9,16,no_trace,1500,0.212,1.3872210622460206
9,16,exact_replay,2000,0.781,1.275060158806085
9,16,eligibility_trace,2000,0.435,1.3372962806220818
9,16,no_trace,2000,0.183,1.3896863502871557
9,16,exact_replay,2500,0.781,1.2495896137353066
9,16,eligibility_trace,2500,0.453,1.3293498419767484
9,16,no_trace,2500,0.178,1.3903698230808652
9,16,exact_replay,3000,0.789,1.2261977342666004
9,16,eligibility_trace,3000,0.449,1.321018982705859
9,16,no_trace,3000,0.178,1.390294816179077
9,64,exact_replay,500,0.752,1.3572536048062511
9,64,eligibility_trace,500,0.251,1.3852288929491747
9,64,no_trace,500,0.179,1.3879193450233702
9,64,exact_replay,1000,0.782,1.328134004196184
9,64,eligibility_trace,1000,0.27,1.3787637448047811
9,64,no_trace,1000,0.245,1.3863004110712578
9,64,exact_replay,1500,0.79,1.3013626689769788
9,64,eligibility_trace,1500,0.26,1.3792127922481876
9,64,no_trace,1500,0.221,1.3875978921129721
9,64,exact_replay,2000,0.781,1.2748189493258033
9,64,eligibility_trace,2000,0.262,1.387502124255634
9,64,no_trace,2000,0.211,1.3880581573491109
9,64,exact_replay,2500,0.781,1.2492999513165048
9,64,eligibility_trace,2500,0.26,1.385150290405985
9,64,no_trace,2500,0.21,1.38825897717615
9,64,exact_replay,3000,0.789,1.22586702298934
9,64,eligibility_trace,3000,0.247,1.3867386125627286
9,64,no_trace,3000,0.207,1.3892848534946507
10,1,exact_replay,500,0.716,1.356815289678637
10,1,eligibility_trace,500,0.491,1.3548519799009222
10,1,no_trace,500,0.342,1.383672556434816
10,1,exact_replay,1000,0.722,1.3290009327629733
10,1,eligibility_trace,1000,0.489,1.3360822760060431
10,1,no_trace,1000,0.336,1.382402531546557
10,1,exact_replay,1500,0.727,1.3024747844676021
10,1,eligibility_trace,1500,0.493,1.3186958270690612
10,1,no_trace,1500,0.302,1.3837854159708722
10,1,exact_replay,2000,0.728,1.2774173490795293
10,1,eligibility_trace,2000,0.534,1.2929473403511096
10,1,no_trace,2000,0.315,1.3826904566928464
10,1,exact_replay,2500,0.731,1.2539112368446996
10,1,eligibility_trace,2500,0.56,1.2778300662288593
10,1,no_trace,2500,0.299,1.3829326208130905
10,1,exact_replay,3000,0.729,1.2305097453759726
10,1,eligibility_trace,3000,0.581,1.2623820041384024
10,1,no_trace,3000,0.268,1.3845460575158148
10,4,exact_replay,500,0.716,1.3568111333162878
10,4,eligibility_trace,500,0.452,1.3591258634017405
10,4,no_trace,500,0.237,1.3866113816946608
10,4,exact_replay,1000,0.722,1.3289922552845082
10,4,eligibility_trace,1000,0.473,1.3438229233632195
10,4,no_trace,1000,0.231,1.3874641678906061
10,4,exact_replay,1500,0.727,1.302462669980297
10,4,eligibility_trace,1500,0.501,1.3245728773824494
10,4,no_trace,1500,0.244,1.3868212903867438
10,4,exact_replay,2000,0.728,1.2774023898686473
10,4,eligibility_trace,2000,0.545,1.2966808371789524
10,4,no_trace,2000,0.278,1.385174374196558
10,4,exact_replay,2500,0.731,1.2538935813208776
10,4,eligibility_trace,2500,0.576,1.280004757694604
10,4,no_trace,2500,0.256,1.3853002168422213
10,4,exact_replay,3000,0.729,1.2304895464289083
10,4,eligibility_trace,3000,0.606,1.2655871435833994
10,4,no_trace,3000,0.272,1.385567872328501
10,16,exact_replay,500,0.716,1.356793257481369
10,16,eligibility_trace,500,0.463,1.3541576588517865
10,16,no_trace,500,0.302,1.3852073803523761
10,16,exact_replay,1000,0.722,1.3289571262722184
10,16,eligibility_trace,1000,0.479,1.3466939348790339
10,16,no_trace,1000,0.248,1.3856105544297086
10,16,exact_replay,1500,0.727,1.302412596159456
10,16,eligibility_trace,1500,0.466,1.342067109773353
10,16,no_trace,1500,0.234,1.3869928227108128
10,16,exact_replay,2000,0.728,1.2773392539498123
10,16,eligibility_trace,2000,0.483,1.3231385651995737
10,16,no_trace,2000,0.214,1.3883302667526063
10,16,exact_replay,2500,0.731,1.2538200589931494
10,16,eligibility_trace,2500,0.506,1.3105054075282556
10,16,no_trace,2500,0.175,1.3915093825309863
10,16,exact_replay,3000,0.729,1.230405946098979
10,16,eligibility_trace,3000,0.517,1.297091793969797
10,16,no_trace,3000,0.19,1.3908487799154214
10,64,exact_replay,500,0.715,1.3567263557451374
10,64,eligibility_trace,500,0.276,1.3787736492000506
10,64,no_trace,500,0.255,1.3860033060843766
10,64,exact_replay,1000,0.722,1.3288178877636092
10,64,eligibility_trace,1000,0.26,1.3850971353922983
10,64,no_trace,1000,0.262,1.385779964006831
10,64,exact_replay,1500,0.727,1.3022138331279784
10,64,eligibility_trace,1500,0.269,1.3788186648455203
10,64,no_trace,1500,0.218,1.3865758450309764
10,64,exact_replay,2000,0.728,1.2770861781773957
10,64,eligibility_trace,2000,0.344,1.361013952905217
10,64,no_trace,2000,0.296,1.383782732277608
10,64,exact_replay,2500,0.731,1.253525676207572
10,64,eligibility_trace,2500,0.365,1.350135931575322
10,64,no_trace,2500,0.272,1.383974337184568
10,64,exact_replay,3000,0.729,1.2300750748384583
10,64,eligibility_trace,3000,0.396,1.3456238571519357
10,64,no_trace,3000,0.22,1.387349886451393
11,1,exact_replay,500,0.688,1.3574700969151081
11,1,eligibility_trace,500,0.414,1.3649063223718771
11,1,no_trace,500,0.219,1.386848327107784
11,1,exact_replay,1000,0.7,1.330343991438099
11,1,eligibility_trace,1000,0.539,1.3301944599721822
11,1,no_trace,1000,0.261,1.3864820666795303
11,1,exact_replay,1500,0.718,1.304784834300974
11,1,eligibility_trace,1500,0.55,1.313041945126251
11,1,no_trace,1500,0.238,1.3868322487233418
11,1,exact_replay,2000,0.717,1.2799706491755707
11,1,eligibility_trace,2000,0.58,1.284225818663977
11,1,no_trace,2000,0.25,1.385486612932889
11,1,exact_replay,2500,0.731,1.2567913519810539
11,1,eligibility_trace,2500,0.587,1.2648656237197606
11,1,no_trace,2500,0.261,1.3852442504609388
11,1,exact_replay,3000,0.73,1.2345615440765851
11,1,eligibility_trace,3000,0.613,1.2461861287039375
11,1,no_trace,3000,0.242,1.3863713674424016
11,4,exact_replay,500,0.688,1.3574654448902166
11,4,eligibility_trace,500,0.425,1.3664642882798745
11,4,no_trace,500,0.241,1.3866172974240967
11,4,exact_replay,1000,0.7,1.3303359403462287
11,4,eligibility_trace,1000,0.539,1.3326681915736058
11,4,no_trace,1000,0.223,1.3871507167771133
11,4,exact_replay,1500,0.718,1.304773403843003
11,4,eligibility_trace,1500,0.558,1.3170537675216305
11,4,no_trace,1500,0.222,1.388063869401261
11,4,exact_replay,2000,0.717,1.2799561988962
11,4,eligibility_trace,2000,0.593,1.2912127044671835
11,4,no_trace,2000,0.225,1.3880382067083408
11,4,exact_replay,2500,0.731,1.2567741525545393
11,4,eligibility_trace,2500,0.583,1.2726548400829898
11,4,no_trace,2500,0.239,1.387306119575367
11,4,exact_replay,3000,0.73,1.2345423205669377
11,4,eligibility_trace,3000,0.611,1.2559155577458865
11,4,no_trace,3000,0.225,1.3879243204841791
11,16,exact_replay,500,0.688,1.3574478985992384
11,16,eligibility_trace,500,0.34,1.3724861035921363
11,16,no_trace,500,0.315,1.3849373259222029
11,16,exact_replay,1000,0.7,1.3303022795425279
11,16,eligibility_trace,1000,0.497,1.3440247389630835
11,16,no_trace,1000,0.329,1.3835222859579348
11,16,exact_replay,1500,0.718,1.3047277783352382
11,16,eligibility_trace,1500,0.519,1.3282991925376981
11,16,no_trace,1500,0.288,1.3840935530167036
11,16,exact_replay,2000,0.717,1.2798971628506832
11,16,eligibility_trace,2000,0.565,1.3064679620845054
11,16,no_trace,2000,0.309,1.3835978418166919
11,16,exact_replay,2500,0.731,1.2567035812789298
11,16,eligibility_trace,2500,0.575,1.2905799937044016
11,16,no_trace,2500,0.271,1.3851153236385927
11,16,exact_replay,3000,0.73,1.2344622793382027
11,16,eligibility_trace,3000,0.579,1.2797043214299972
11,16,no_trace,3000,0.286,1.3839543987700804
11,64,exact_replay,500,0.687,1.357375940940724
11,64,eligibility_trace,500,0.29,1.380003279896576
11,64,no_trace,500,0.238,1.3865015502599196
11,64,exact_replay,1000,0.7,1.3301659754884922
11,64,eligibility_trace,1000,0.24,1.394000647966399
11,64,no_trace,1000,0.238,1.387347399385725
11,64,exact_replay,1500,0.718,1.3045382354589032
11,64,eligibility_trace,1500,0.207,1.4049978581146487
11,64,no_trace,1500,0.259,1.3870986130418896
11,64,exact_replay,2000,0.717,1.2796577297177374
11,64,eligibility_trace,2000,0.234,1.4092089722902568
11,64,no_trace,2000,0.2,1.3900390369037843
11,64,exact_replay,2500,0.73,1.2564188902243474
11,64,eligibility_trace,2500,0.247,1.4024811585582386
11,64,no_trace,2500,0.203,1.3910357062718453
11,64,exact_replay,3000,0.73,1.2341438671448985
11,64,eligibility_trace,3000,0.258,1.4043323925715978
11,64,no_trace,3000,0.189,1.3917413695668708
12,1,exact_replay,500,0.742,1.3576097867998507
12,1,eligibility_trace,500,0.529,1.3437825348588772
12,1,no_trace,500,0.28,1.3852423122563697
12,1,exact_replay,1000,0.749,1.330148055689361
12,1,eligibility_trace,1000,0.538,1.3176228203753118
12,1,no_trace,1000,0.252,1.3856012326001392
12,1,exact_replay,1500,0.756,1.3032538637904665
12,1,eligibility_trace,1500,0.534,1.3025960976135398
12,1,no_trace,1500,0.268,1.3847880910210077
12,1,exact_replay,2000,0.76,1.2792601205205887
12,1,eligibility_trace,2000,0.557,1.2748376526833087
12,1,no_trace,2000,0.263,1.385368858430399
12,1,exact_replay,2500,0.765,1.2560443742549336
12,1,eligibility_trace,2500,0.565,1.252006691167412
12,1,no_trace,2500,0.285,1.384650127492057
12,1,exact_replay,3000,0.764,1.233096473215763
12,1,eligibility_trace,3000,0.605,1.2241201497483483
12,1,no_trace,3000,0.315,1.3827861982588068
12,4,exact_replay,500,0.742,1.357605570598329
12,4,eligibility_trace,500,0.533,1.3435262275800655
12,4,no_trace,500,0.234,1.386355435376699
12,4,exact_replay,1000,0.749,1.3301402545739993
12,4,eligibility_trace,1000,0.522,1.3200876382367317
12,4,no_trace,1000,0.24,1.38654312493312
12,4,exact_replay,1500,0.755,1.3032426177165517
12,4,eligibility_trace,1500,0.523,1.3043000634063155
12,4,no_trace,1500,0.295,1.3843523897758185
12,4,exact_replay,2000,0.76,1.2792461738520013
12,4,eligibility_trace,2000,0.549,1.2776895337638237
12,4,no_trace,2000,0.301,1.3838916288482028
12,4,exact_replay,2500,0.765,1.256027844486916
12,4,eligibility_trace,2500,0.559,1.2537319397521693
12,4,no_trace,2500,0.328,1.3818586363745244
12,4,exact_replay,3000,0.764,1.2330774561612747
12,4,eligibility_trace,3000,0.596,1.229582737783838
12,4,no_trace,3000,0.307,1.3830319125558126
12,16,exact_replay,500,0.742,1.357588968880266
12,16,eligibility_trace,500,0.431,1.356268144066412
12,16,no_trace,500,0.191,1.3875538778384562
12,16,exact_replay,1000,0.749,1.3301084264829035
12,16,eligibility_trace,1000,0.461,1.342966792899883
12,16,no_trace,1000,0.249,1.3863050619317245
12,16,exact_replay,1500,0.754,1.3031969165191126
12,16,eligibility_trace,1500,0.436,1.3328986992325254
12,16,no_trace,1500,0.238,1.387198970648273
12,16,exact_replay,2000,0.76,1.2791892944745646
12,16,eligibility_trace,2000,0.489,1.3098067668200222
12,16,no_trace,2000,0.245,1.3862473598476859
12,16,exact_replay,2500,0.765,1.2559597598131633
12,16,eligibility_trace,2500,0.515,1.2927079928282077
12,16,no_trace,2500,0.226,1.38640710554225
12,16,exact_replay,3000,0.764,1.2329997198359874
12,16,eligibility_trace,3000,0.564,1.2658311398545066
12,16,no_trace,3000,0.263,1.3850093593698207
12,64,exact_replay,500,0.742,1.3575257460203285
12,64,eligibility_trace,500,0.358,1.3670522474352769
12,64,no_trace,500,0.242,1.3865958694912155
12,64,exact_replay,1000,0.749,1.3299836566249268
12,64,eligibility_trace,1000,0.389,1.3626407555854745
12,64,no_trace,1000,0.245,1.3865237691296552
12,64,exact_replay,1500,0.754,1.3030120773312168
12,64,eligibility_trace,1500,0.405,1.3505353268116573
12,64,no_trace,1500,0.217,1.3880869112387157
12,64,exact_replay,2000,0.76,1.2789582193170395
12,64,eligibility_trace,2000,0.412,1.333713295277652
12,64,no_trace,2000,0.163,1.3908548330288013
12,64,exact_replay,2500,0.765,1.25569044215278
12,64,eligibility_trace,2500,0.431,1.3292890440272331
12,64,no_trace,2500,0.153,1.3914294546850665
12,64,exact_replay,3000,0.764,1.2326894557030887
12,64,eligibility_trace,3000,0.47,1.3148383241110775
12,64,no_trace,3000,0.164,1.3913654163682365
13,1,exact_replay,500,0.745,1.3560086427109417
13,1,eligibility_trace,500,0.455,1.3596188738056132
13,1,no_trace,500,0.346,1.3845896495079089
13,1,exact_replay,1000,0.759,1.3285878341334547
13,1,eligibility_trace,1000,0.517,1.328759620654413
13,1,no_trace,1000,0.345,1.3838473852911632
13,1,exact_replay,1500,0.769,1.3030800843681578
13,1,eligibility_trace,1500,0.591,1.2980321395221635
13,1,no_trace,1500,0.343,1.382254401174776
13,1,exact_replay,2000,0.771,1.2762759093144387
13,1,eligibility_trace,2000,0.591,1.2769814700137272
13,1,no_trace,2000,0.343,1.381676277355211
13,1,exact_replay,2500,0.772,1.2508857127595803
13,1,eligibility_trace,2500,0.617,1.248281741240595
13,1,no_trace,2500,0.332,1.38207730727368
13,1,exact_replay,3000,0.782,1.2277121351491407
13,1,eligibility_trace,3000,0.643,1.2316351749339807
13,1,no_trace,3000,0.311,1.381458857699034
13,4,exact_replay,500,0.745,1.3560042280384537
13,4,eligibility_trace,500,0.47,1.3580741359225454
13,4,no_trace,500,0.309,1.3847966429897822
13,4,exact_replay,1000,0.759,1.3285796037813027
13,4,eligibility_trace,1000,0.519,1.332017983579548
13,4,no_trace,1000,0.246,1.3866672792042127
13,4,exact_replay,1500,0.769,1.3030688647968298
13,4,eligibility_trace,1500,0.573,1.3063591593265949
13,4,no_trace,1500,0.222,1.3877568854695064
13,4,exact_replay,2000,0.771,1.2762614509058186
13,4,eligibility_trace,2000,0.584,1.2896080408799162
13,4,no_trace,2000,0.205,1.3889063858007857
13,4,exact_replay,2500,0.772,1.2508686540875644
13,4,eligibility_trace,2500,0.598,1.2605905735923715
13,4,no_trace,2500,0.24,1.3877965635752394
13,4,exact_replay,3000,0.782,1.227692924151215
13,4,eligibility_trace,3000,0.623,1.2481337048913792
13,4,no_trace,3000,0.199,1.38996751401545
13,16,exact_replay,500,0.745,1.3559866981310371
13,16,eligibility_trace,500,0.437,1.359173205993533
13,16,no_trace,500,0.34,1.384608827537215
13,16,exact_replay,1000,0.759,1.328546882043248
13,16,eligibility_trace,1000,0.516,1.332741682934118
13,16,no_trace,1000,0.31,1.3845703148013175
13,16,exact_replay,1500,0.769,1.3030238384753454
13,16,eligibility_trace,1500,0.536,1.3103289949033934
13,16,no_trace,1500,0.273,1.3857086084699677
13,16,exact_replay,2000,0.771,1.2762021638942074
13,16,eligibility_trace,2000,0.522,1.3013872157934792
13,16,no_trace,2000,0.219,1.3878862642722807
13,16,exact_replay,2500,0.772,1.2507971788807977
13,16,eligibility_trace,2500,0.546,1.2793084811242397
13,16,no_trace,2500,0.219,1.3883358778013695
13,16,exact_replay,3000,0.782,1.2276119310036069
13,16,eligibility_trace,3000,0.559,1.2675475345347516
13,16,no_trace,3000,0.244,1.3864059760570118
13,64,exact_replay,500,0.745,1.3559211427650089
13,64,eligibility_trace,500,0.378,1.3713952338946798
13,64,no_trace,500,0.262,1.3859831990300395
13,64,exact_replay,1000,0.759,1.3284240337722804
13,64,eligibility_trace,1000,0.395,1.3558650671177217
13,64,no_trace,1000,0.231,1.386374777634723
13,64,exact_replay,1500,0.768,1.302849635749188
13,64,eligibility_trace,1500,0.425,1.335917989895865
13,64,no_trace,1500,0.256,1.3859169469267563
13,64,exact_replay,2000,0.771,1.2759697478803032
13,64,eligibility_trace,2000,0.416,1.3336100420054235
13,64,no_trace,2000,0.289,1.3837157483137121
13,64,exact_replay,2500,0.771,1.250517547520731
13,64,eligibility_trace,2500,0.435,1.326162053206996
13,64,no_trace,2500,0.29,1.3837680899289826
13,64,exact_replay,3000,0.782,1.227294296312047
13,64,eligibility_trace,3000,0.412,1.3302877158991677
13,64,no_trace,3000,0.3,1.38298261984627
14,1,exact_replay,500,0.679,1.3560946092747177
14,1,eligibility_trace,500,0.461,1.3573498550816205
14,1,no_trace,500,0.229,1.386508406931758
14,1,exact_replay,1000,0.724,1.3271085510500884
14,1,eligibility_trace,1000,0.509,1.3357345489651402
14,1,no_trace,1000,0.239,1.3873243125243504
14,1,exact_replay,1500,0.726,1.2988426146806837
14,1,eligibility_trace,1500,0.562,1.306460310989997
14,1,no_trace,1500,0.205,1.3890020535654883
14,1,exact_replay,2000,0.742,1.2731767444953388
14,1,eligibility_trace,2000,0.569,1.2702627449947357
14,1,no_trace,2000,0.199,1.3901167714359768
14,1,exact_replay,2500,0.754,1.2491467009635306
14,1,eligibility_trace,2500,0.615,1.246069642385508
14,1,no_trace,2500,0.216,1.390080111467134
14,1,exact_replay,3000,0.757,1.225715809960483
14,1,eligibility_trace,3000,0.624,1.2197362408991672
14,1,no_trace,3000,0.195,1.3913265552423582
14,4,exact_replay,500,0.679,1.356089899692467
14,4,eligibility_trace,500,0.433,1.360134919995214
14,4,no_trace,500,0.284,1.3852316184687647
14,4,exact_replay,1000,0.724,1.3270996897397813
14,4,eligibility_trace,1000,0.473,1.3419894368752954
14,4,no_trace,1000,0.257,1.3859181138689263
14,4,exact_replay,1500,0.726,1.2988302398226577
14,4,eligibility_trace,1500,0.53,1.3135549556819937
14,4,no_trace,1500,0.252,1.3867012515159811
14,4,exact_replay,2000,0.742,1.2731612545529192
14,4,eligibility_trace,2000,0.551,1.2786763764209885
14,4,no_trace,2000,0.237,1.3876031751712612
14,4,exact_replay,2500,0.754,1.2491290015792338
14,4,eligibility_trace,2500,0.585,1.2562476171756833
14,4,no_trace,2500,0.213,1.3887197422392656
14,4,exact_replay,3000,0.757,1.225695553893609
14,4,eligibility_trace,3000,0.598,1.2273125793643038
14,4,no_trace,3000,0.248,1.3866121270499043
14,16,exact_replay,500,0.678,1.3560705106352657
14,16,eligibility_trace,500,0.41,1.3632566076050223
14,16,no_trace,500,0.252,1.3867171401230118
14,16,exact_replay,1000,0.724,1.3270612826655306
14,16,eligibility_trace,1000,0.431,1.351176866719813
14,16,no_trace,1000,0.224,1.3874374286001563
14,16,exact_replay,1500,0.726,1.298775515823455
14,16,eligibility_trace,1500,0.481,1.3300839284819408
14,16,no_trace,1500,0.232,1.3877925567534057
14,16,exact_replay,2000,0.742,1.2730953136169314
14,16,eligibility_trace,2000,0.503,1.3014855700476764
14,16,no_trace,2000,0.266,1.38601424702736
14,16,exact_replay,2500,0.754,1.249052567866554
14,16,eligibility_trace,2500,0.517,1.2909468897465846
14,16,no_trace,2500,0.214,1.388681744887384
14,16,exact_replay,3000,0.758,1.2256096762013762
14,16,eligibility_trace,3000,0.541,1.2647935444972227
14,16,no_trace,3000,0.216,1.3876525732843492
14,64,exact_replay,500,0.678,1.3560013714591654
14,64,eligibility_trace,500,0.364,1.3746412686734244
14,64,no_trace,500,0.277,1.3855506288613597
14,64,exact_replay,1000,0.723,1.3269191457464977
14,64,eligibility_trace,1000,0.36,1.3699577255877156
14,64,no_trace,1000,0.292,1.384613650278086
14,64,exact_replay,1500,0.726,1.2985674065984354
14,64,eligibility_trace,1500,0.361,1.3644706886655376
14,64,no_trace,1500,0.333,1.3821254603752524
14,64,exact_replay,2000,0.741,1.2728341637527574
14,64,eligibility_trace,2000,0.394,1.340928814088742
14,64,no_trace,2000,0.35,1.3814694889509551
14,64,exact_replay,2500,0.754,1.248746828879387
14,64,eligibility_trace,2500,0.383,1.3356414858203385
14,64,no_trace,2500,0.351,1.3817578757522238
14,64,exact_replay,3000,0.758,1.2252688227866593
14,64,eligibility_trace,3000,0.41,1.3286443334712816
14,64,no_trace,3000,0.353,1.380672418898993
15,1,exact_replay,500,0.718,1.3614319303994606
15,1,eligibility_trace,500,0.41,1.3688337618206357
15,1,no_trace,500,0.218,1.3871354763533623
15,1,exact_replay,1000,0.721,1.3384886145627544
15,1,eligibility_trace,1000,0.536,1.3358990632092738
15,1,no_trace,1000,0.272,1.3860588769969842
15,1,exact_replay,1500,0.718,1.3171525610847088
15,1,eligibility_trace,1500,0.586,1.3183165903315457
15,1,no_trace,1500,0.276,1.3857000743331427
15,1,exact_replay,2000,0.731,1.2964209176016543
15,1,eligibility_trace,2000,0.571,1.2972518472749375
15,1,no_trace,2000,0.282,1.3844371881152766
15,1,exact_replay,2500,0.735,1.276329748341578
15,1,eligibility_trace,2500,0.623,1.2659936332064858
15,1,no_trace,2500,0.287,1.3843284585288846
15,1,exact_replay,3000,0.731,1.2570639009555684
15,1,eligibility_trace,3000,0.635,1.2492553889018085
15,1,no_trace,3000,0.286,1.3836579299617984
15,4,exact_replay,500,0.718,1.3614287938609133
15,4,eligibility_trace,500,0.379,1.3715904304321964
15,4,no_trace,500,0.265,1.385405834400902
15,4,exact_replay,1000,0.721,1.3384828164747327
15,4,eligibility_trace,1000,0.51,1.341506369376387
15,4,no_trace,1000,0.242,1.3858798709273277
15,4,exact_replay,1500,0.718,1.3171445535495305
15,4,eligibility_trace,1500,0.544,1.325343814244909
15,4,no_trace,1500,0.252,1.3858039586733528
15,4,exact_replay,2000,0.731,1.2964106869976673
15,4,eligibility_trace,2000,0.585,1.3040958402375944
15,4,no_trace,2000,0.239,1.3857165756575311
15,4,exact_replay,2500,0.735,1.2763175556768709
15,4,eligibility_trace,2500,0.615,1.2731407904583993
15,4,no_trace,2500,0.264,1.3852642040893142
15,4,exact_replay,3000,0.731,1.2570502708001212
15,4,eligibility_trace,3000,0.628,1.2586645349270134
15,4,no_trace,3000,0.227,1.387462835370338
15,16,exact_replay,500,0.717,1.361416115101736
15,16,eligibility_trace,500,0.356,1.3778844124158278
15,16,no_trace,500,0.206,1.3874468886463482
15,16,exact_replay,1000,0.72,1.3384599112861386
15,16,eligibility_trace,1000,0.445,1.3524197434268934
15,16,no_trace,1000,0.221,1.3865804537689528
15,16,exact_replay,1500,0.718,1.3171130086888267
15,16,eligibility_trace,1500,0.454,1.3484095637621343
15,16,no_trace,1500,0.196,1.3887172273072583
15,16,exact_replay,2000,0.731,1.2963699003788256
15,16,eligibility_trace,2000,0.511,1.3237608536412426
15,16,no_trace,2000,0.188,1.389275064957376
15,16,exact_replay,2500,0.735,1.2762686098106368
15,16,eligibility_trace,2500,0.578,1.2988190400381572
15,16,no_trace,2500,0.207,1.3882717666315874
15,16,exact_replay,3000,0.731,1.256993188568334
15,16,eligibility_trace,3000,0.596,1.2848263537222655
15,16,no_trace,3000,0.234,1.3877982227518628
15,64,exact_replay,500,0.717,1.3613690052372072
15,64,eligibility_trace,500,0.361,1.3769571330912909
15,64,no_trace,500,0.313,1.385311921300249
15,64,exact_replay,1000,0.72,1.3383686399731627
15,64,eligibility_trace,1000,0.342,1.3695800575699195
15,64,no_trace,1000,0.255,1.3867414711685355
15,64,exact_replay,1500,0.718,1.3169858294806782
15,64,eligibility_trace,1500,0.329,1.3708998347951953
15,64,no_trace,1500,0.263,1.3869311760668515
15,64,exact_replay,2000,0.732,1.2962098960550392
15,64,eligibility_trace,2000,0.336,1.3650683284421243
15,64,no_trace,2000,0.278,1.3852613382668124
15,64,exact_replay,2500,0.735,1.2760769782213823
15,64,eligibility_trace,2500,0.361,1.3554460512860473
15,64,no_trace,2500,0.278,1.3842341108080396
15,64,exact_replay,3000,0.731,1.256774202669991
15,64,eligibility_trace,3000,0.394,1.346305798591105
15,64,no_trace,3000,0.299,1.3836688785172093
16,1,exact_replay,500,0.666,1.361914630574781
16,1,eligibility_trace,500,0.47,1.36398979876169
16,1,no_trace,500,0.281,1.3859506725531945
16,1,exact_replay,1000,0.682,1.338208910720502
16,1,eligibility_trace,1000,0.486,1.3480414149981597
16,1,no_trace,1000,0.228,1.3874274101314024
16,1,exact_replay,1500,0.704,1.316055778538905
16,1,eligibility_trace,1500,0.533,1.3276234376353677
16,1,no_trace,1500,0.223,1.388108219892678
16,1,exact_replay,2000,0.694,1.2946020134991245
16,1,eligibility_trace,2000,0.562,1.2968687194994737
16,1,no_trace,2000,0.249,1.3874321734910955
16,1,exact_replay,2500,0.711,1.2745563515749974
16,1,eligibility_trace,2500,0.586,1.2751925186518829
16,1,no_trace,2500,0.231,1.3877223772009852
16,1,exact_replay,3000,0.713,1.2552749121358184
16,1,eligibility_trace,3000,0.603,1.2643306597520203
16,1,no_trace,3000,0.219,1.3879644169071994
16,4,exact_replay,500,0.666,1.361911464117945
16,4,eligibility_trace,500,0.454,1.3624911655164529
16,4,no_trace,500,0.349,1.3842499178366903
16,4,exact_replay,1000,0.682,1.3382023420383888
16,4,eligibility_trace,1000,0.515,1.3434600720353351
16,4,no_trace,1000,0.355,1.383024224938057
16,4,exact_replay,1500,0.704,1.3160465087903406
16,4,eligibility_trace,1500,0.534,1.3263226973175106
16,4,no_trace,1500,0.336,1.383509267242499
16,4,exact_replay,2000,0.694,1.2945907489434312
16,4,eligibility_trace,2000,0.578,1.2964809145992438
16,4,no_trace,2000,0.332,1.383182429062583
16,4,exact_replay,2500,0.711,1.2745430442402061
16,4,eligibility_trace,2500,0.591,1.2774527378299996
16,4,no_trace,2500,0.295,1.3840741458294077
16,4,exact_replay,3000,0.713,1.2552597830916625
16,4,eligibility_trace,3000,0.608,1.2681117437854126
16,4,no_trace,3000,0.285,1.3843105599328023
16,16,exact_replay,500,0.666,1.3618973277886135
16,16,eligibility_trace,500,0.418,1.3675779690972227
16,16,no_trace,500,0.241,1.38653970097595
16,16,exact_replay,1000,0.682,1.338174330994766
16,16,eligibility_trace,1000,0.432,1.350586130610513
16,16,no_trace,1000,0.21,1.3873573610406225
16,16,exact_replay,1500,0.704,1.316007772672006
16,16,eligibility_trace,1500,0.47,1.336489207936804
16,16,no_trace,1500,0.245,1.386697906109736
16,16,exact_replay,2000,0.694,1.2945428161095014
16,16,eligibility_trace,2000,0.554,1.3087425623027704
16,16,no_trace,2000,0.189,1.3887664315258021
16,16,exact_replay,2500,0.711,1.274486446100658
16,16,eligibility_trace,2500,0.547,1.291317840211645
16,16,no_trace,2500,0.228,1.3876562217854767
16,16,exact_replay,3000,0.713,1.2551952050972202
16,16,eligibility_trace,3000,0.539,1.2834915866550545
16,16,no_trace,3000,0.216,1.3877563787567468
16,64,exact_replay,500,0.666,1.361844989201793
16,64,eligibility_trace,500,0.332,1.378995646076111
16,64,no_trace,500,0.237,1.3865180652893152
16,64,exact_replay,1000,0.681,1.3380686072213364
16,64,eligibility_trace,1000,0.347,1.372169796468867
16,64,no_trace,1000,0.273,1.3854772729552336
16,64,exact_replay,1500,0.704,1.3158568664463237
16,64,eligibility_trace,1500,0.396,1.365707139851513
16,64,no_trace,1500,0.274,1.3852221134601779
16,64,exact_replay,2000,0.695,1.2943551353220333
16,64,eligibility_trace,2000,0.453,1.349540654092021
16,64,no_trace,2000,0.292,1.3839474435077685
16,64,exact_replay,2500,0.711,1.2742641833892647
16,64,eligibility_trace,2500,0.459,1.3391885684422742
16,64,no_trace,2500,0.268,1.3846417934976063
16,64,exact_replay,3000,0.713,1.2549421689697307
16,64,eligibility_trace,3000,0.461,1.3357627808113746
16,64,no_trace,3000,0.244,1.386022705188378
17,1,exact_replay,500,0.665,1.3609144076139361
17,1,eligibility_trace,500,0.434,1.3637968777514469
17,1,no_trace,500,0.283,1.3855794071392808
17,1,exact_replay,1000,0.683,1.3357131267004256
17,1,eligibility_trace,1000,0.453,1.339399199298437
17,1,no_trace,1000,0.198,1.3874822305153858
17,1,exact_replay,1500,0.698,1.3126727767255877
17,1,eligibility_trace,1500,0.498,1.3219224505872436
17,1,no_trace,1500,0.204,1.3881675778084896
17,1,exact_replay,2000,0.704,1.2917116166792366
17,1,eligibility_trace,2000,0.483,1.299868807850618
17,1,no_trace,2000,0.181,1.3895693997152494
17,1,exact_replay,2500,0.705,1.2709081660418808
17,1,eligibility_trace,2500,0.493,1.287950450913055
17,1,no_trace,2500,0.211,1.3884348190750826
17,1,exact_replay,3000,0.697,1.2510402375795588
17,1,eligibility_trace,3000,0.521,1.265171936509454
17,1,no_trace,3000,0.193,1.3891151293039325
17,4,exact_replay,500,0.665,1.360911329722057
17,4,eligibility_trace,500,0.453,1.362044036467952
17,4,no_trace,500,0.225,1.386803501388897
17,4,exact_replay,1000,0.683,1.3357067610448934
17,4,eligibility_trace,1000,0.462,1.3387153478306941
17,4,no_trace,1000,0.266,1.3863958695845155
17,4,exact_replay,1500,0.698,1.3126634111362692
17,4,eligibility_trace,1500,0.491,1.3209707307858751
17,4,no_trace,1500,0.278,1.3855708424167499
17,4,exact_replay,2000,0.704,1.2916998598386367
17,4,eligibility_trace,2000,0.474,1.3023572221127786
17,4,no_trace,2000,0.274,1.3854807776189286
17,4,exact_replay,2500,0.705,1.2708940123664803
17,4,eligibility_trace,2500,0.503,1.2901487050917895
17,4,no_trace,2500,0.296,1.384651915411599
17,4,exact_replay,3000,0.697,1.2510243175979225
17,4,eligibility_trace,3000,0.508,1.270878853392142
17,4,no_trace,3000,0.252,1.38711222507266
17,16,exact_replay,500,0.665,1.3608954661457737
17,16,eligibility_trace,500,0.385,1.3728889999787177
17,16,no_trace,500,0.165,1.3885421078418219
17,16,exact_replay,1000,0.683,1.3356760995584451
17,16,eligibility_trace,1000,0.388,1.3545426798257576
17,16,no_trace,1000,0.178,1.3898212157472667
17,16,exact_replay,1500,0.698,1.3126205956920023
17,16,eligibility_trace,1500,0.428,1.3396559924410893
17,16,no_trace,1500,0.17,1.3902834463394216
17,16,exact_replay,2000,0.703,1.2916485188664149
17,16,eligibility_trace,2000,0.428,1.3190095417250045
17,16,no_trace,2000,0.162,1.390864361390682
17,16,exact_replay,2500,0.705,1.2708332509333595
17,16,eligibility_trace,2500,0.426,1.3138454521521044
17,16,no_trace,2500,0.16,1.3916241231306807
17,16,exact_replay,3000,0.697,1.2509546942312404
17,16,eligibility_trace,3000,0.455,1.2966840148714678
17,16,no_trace,3000,0.148,1.3942487057176918
17,64,exact_replay,500,0.665,1.360844374409381
17,64,eligibility_trace,500,0.296,1.3799185509584386
17,64,no_trace,500,0.298,1.3851046533023132
17,64,exact_replay,1000,0.683,1.3355655338501453
17,64,eligibility_trace,1000,0.323,1.3721198645186135
17,64,no_trace,1000,0.293,1.38500298478169
17,64,exact_replay,1500,0.697,1.3124647566604717
17,64,eligibility_trace,1500,0.317,1.370542514214517
17,64,no_trace,1500,0.252,1.3864947162229395
17,64,exact_replay,2000,0.703,1.2914587614790125
17,64,eligibility_trace,2000,0.332,1.364560759981477
17,64,no_trace,2000,0.288,1.3847046943545387
17,64,exact_replay,2500,0.705,1.2706077821341155
17,64,eligibility_trace,2500,0.316,1.3682328987522128
17,64,no_trace,2500,0.251,1.386622576207706
17,64,exact_replay,3000,0.696,1.2506963103576578
17,64,eligibility_trace,3000,0.301,1.371000865048905
17,64,no_trace,3000,0.223,1.388269844245448
18,1,exact_replay,500,0.681,1.357075672046507
18,1,eligibility_trace,500,0.39,1.3656295562289797
18,1,no_trace,500,0.34,1.3837737511542123
18,1,exact_replay,1000,0.697,1.3300078221200973
18,1,eligibility_trace,1000,0.488,1.3354369420346035
18,1,no_trace,1000,0.391,1.3817197617024755
18,1,exact_replay,1500,0.715,1.3036592249904346
18,1,eligibility_trace,1500,0.476,1.316272792226011
18,1,no_trace,1500,0.313,1.3834618738413291
18,1,exact_replay,2000,0.729,1.2791637153510673
18,1,eligibility_trace,2000,0.499,1.2892678136913547
18,1,no_trace,2000,0.391,1.3786025928402539
18,1,exact_replay,2500,0.738,1.2552559104488585
18,1,eligibility_trace,2500,0.532,1.2735891947642701
18,1,no_trace,2500,0.345,1.3797151745763732
18,1,exact_replay,3000,0.74,1.2328650825835858
18,1,eligibility_trace,3000,0.578,1.2559700078827853
18,1,no_trace,3000,0.343,1.3807287756538618
18,4,exact_replay,500,0.681,1.3570707023272488
18,4,eligibility_trace,500,0.408,1.3641937294112134
18,4,no_trace,500,0.244,1.3864478971910266
18,4,exact_replay,1000,0.697,1.3299986222098081
18,4,eligibility_trace,1000,0.483,1.3344791023168245
18,4,no_trace,1000,0.26,1.386091191542885
18,4,exact_replay,1500,0.715,1.303646211675695
18,4,eligibility_trace,1500,0.478,1.3141082232656804
18,4,no_trace,1500,0.241,1.3859429191357644
18,4,exact_replay,2000,0.729,1.2791481722100093
18,4,eligibility_trace,2000,0.514,1.289144486542028
18,4,no_trace,2000,0.236,1.3863527599481782
18,4,exact_replay,2500,0.738,1.2552379423212956
18,4,eligibility_trace,2500,0.538,1.2761147798156125
18,4,no_trace,2500,0.206,1.3875840830620645
18,4,exact_replay,3000,0.74,1.232844422953089
18,4,eligibility_trace,3000,0.566,1.2590359150485726
18,4,no_trace,3000,0.201,1.387968037934622
18,16,exact_replay,500,0.681,1.357053085789249
18,16,eligibility_trace,500,0.383,1.3673679012036
18,16,no_trace,500,0.325,1.3846563862169246
18,16,exact_replay,1000,0.695,1.3299662370349083
18,16,eligibility_trace,1000,0.438,1.3396188667844153
18,16,no_trace,1000,0.294,1.3841091311579008
18,16,exact_replay,1500,0.714,1.3035997233242322
18,16,eligibility_trace,1500,0.479,1.3192448134378751
18,16,no_trace,1500,0.281,1.3832083784518776
18,16,exact_replay,2000,0.729,1.2790899414369006
18,16,eligibility_trace,2000,0.513,1.2988936671093716
18,16,no_trace,2000,0.302,1.3826060183477646
18,16,exact_replay,2500,0.738,1.2551682628581247
18,16,eligibility_trace,2500,0.534,1.2877534969168325
18,16,no_trace,2500,0.298,1.3825481503102102
18,16,exact_replay,3000,0.74,1.2327651889625895
18,16,eligibility_trace,3000,0.533,1.277629910426912
18,16,no_trace,3000,0.243,1.3854924335811758
18,64,exact_replay,500,0.681,1.3569900227719662
18,64,eligibility_trace,500,0.265,1.3882301048973986
18,64,no_trace,500,0.271,1.3857058369591022
18,64,exact_replay,1000,0.695,1.3298372453428577
18,64,eligibility_trace,1000,0.247,1.392880945495971
18,64,no_trace,1000,0.233,1.3877734339762573
18,64,exact_replay,1500,0.714,1.3034135378766956
18,64,eligibility_trace,1500,0.273,1.3910588884946131
18,64,no_trace,1500,0.206,1.3891335080958493
18,64,exact_replay,2000,0.729,1.2788581106739705
18,64,eligibility_trace,2000,0.298,1.384241652119763
18,64,no_trace,2000,0.215,1.3884954497564963
18,64,exact_replay,2500,0.738,1.2548928048414405
18,64,eligibility_trace,2500,0.31,1.372780545465857
18,64,no_trace,2500,0.288,1.3859692040177511
18,64,exact_replay,3000,0.739,1.2324504242199286
18,64,eligibility_trace,3000,0.341,1.3588108025693502
18,64,no_trace,3000,0.281,1.3848608016197468
19,1,exact_replay,500,0.702,1.357918028822469
19,1,eligibility_trace,500,0.464,1.3586657113611842
19,1,no_trace,500,0.158,1.389186505399282
19,1,exact_replay,1000,0.729,1.330566728493682
19,1,eligibility_trace,1000,0.532,1.3340794719640716
19,1,no_trace,1000,0.143,1.391520070717226
19,1,exact_replay,1500,0.739,1.3037163389183726
19,1,eligibility_trace,1500,0.548,1.315866594409313
19,1,no_trace,1500,0.136,1.3934713345673266
19,1,exact_replay,2000,0.739,1.2776502532735272
19,1,eligibility_trace,2000,0.6,1.295764379553715
19,1,no_trace,2000,0.126,1.3925751657928431
19,1,exact_replay,2500,0.749,1.2547097139452659
19,1,eligibility_trace,2500,0.634,1.279611168919467
19,1,no_trace,2500,0.159,1.3919949997154717
19,1,exact_replay,3000,0.753,1.2330970478257604
19,1,eligibility_trace,3000,0.651,1.2700117440631726
19,1,no_trace,3000,0.154,1.3928304313088935
19,4,exact_replay,500,0.702,1.3579131634867758
19,4,eligibility_trace,500,0.453,1.3601801671981764
19,4,no_trace,500,0.334,1.3840356235059434
19,4,exact_replay,1000,0.729,1.3305584415268867
19,4,eligibility_trace,1000,0.5,1.33707700574329
19,4,no_trace,1000,0.286,1.3847789753726316
19,4,exact_replay,1500,0.739,1.3037044084532687
19,4,eligibility_trace,1500,0.543,1.3181017297238231
19,4,no_trace,1500,0.352,1.381939284069083
19,4,exact_replay,2000,0.739,1.2776351976235722
19,4,eligibility_trace,2000,0.593,1.3001926606247394
19,4,no_trace,2000,0.341,1.3811011090599885
19,4,exact_replay,2500,0.749,1.2546918570347958
19,4,eligibility_trace,2500,0.633,1.283605285668845
19,4,no_trace,2500,0.351,1.3804441663920328
19,4,exact_replay,3000,0.753,1.2330768667750402
19,4,eligibility_trace,3000,0.639,1.2748886068336596
19,4,no_trace,3000,0.354,1.3809373837990766
19,16,exact_replay,500,0.702,1.3578965897838122
19,16,eligibility_trace,500,0.388,1.3680591632434957
19,16,no_trace,500,0.185,1.3875686907697993
19,16,exact_replay,1000,0.728,1.330526036639658
19,16,eligibility_trace,1000,0.42,1.3507727379284358
19,16,no_trace,1000,0.165,1.3892220878627481
19,16,exact_replay,1500,0.739,1.3036569475069533
19,16,eligibility_trace,1500,0.481,1.3346998401850791
19,16,no_trace,1500,0.192,1.3897958460428812
19,16,exact_replay,2000,0.739,1.2775740818615564
19,16,eligibility_trace,2000,0.522,1.3240012918394661
19,16,no_trace,2000,0.174,1.3903239055509775
19,16,exact_replay,2500,0.749,1.2546232504289678
19,16,eligibility_trace,2500,0.498,1.3159033195076
19,16,no_trace,2500,0.171,1.3919108160529734
19,16,exact_replay,3000,0.753,1.2329998931962063
19,16,eligibility_trace,3000,0.508,1.3101338582064659
19,16,no_trace,3000,0.157,1.393416579958871
19,64,exact_replay,500,0.701,1.3578361172303621
19,64,eligibility_trace,500,0.338,1.3741132319043246
19,64,no_trace,500,0.282,1.3849453698379803
19,64,exact_replay,1000,0.728,1.3304046059484695
19,64,eligibility_trace,1000,0.363,1.363082582058053
19,64,no_trace,1000,0.215,1.3868564582960123
19,64,exact_replay,1500,0.739,1.3034784757500388
19,64,eligibility_trace,1500,0.34,1.3644813731340664
19,64,no_trace,1500,0.234,1.3870477636857266
19,64,exact_replay,2000,0.739,1.277341665541081
19,64,eligibility_trace,2000,0.364,1.362763210117611
19,64,no_trace,2000,0.237,1.3868931155141262
19,64,exact_replay,2500,0.749,1.2543519330979813
19,64,eligibility_trace,2500,0.365,1.3617676449202263
19,64,no_trace,2500,0.238,1.3862135861102538
19,64,exact_replay,3000,0.753,1.2326939993989219
19,64,eligibility_trace,3000,0.346,1.363588551797231
19,64,no_trace,3000,0.235,1.387791545521556
20,1,exact_replay,500,0.705,1.359063357724975
20,1,eligibility_trace,500,0.471,1.3495521020591374
20,1,no_trace,500,0.229,1.3869202404808751
20,1,exact_replay,1000,0.721,1.3326673158711315
20,1,eligibility_trace,1000,0.499,1.3286396686671476
20,1,no_trace,1000,0.241,1.3867471261271143
20,1,exact_replay,1500,0.74,1.3087524325201776
20,1,eligibility_trace,1500,0.532,1.3095059746688111
20,1,no_trace,1500,0.197,1.3889518493934296
20,1,exact_replay,2000,0.742,1.2862661390264831
20,1,eligibility_trace,2000,0.563,1.2960236261125788
20,1,no_trace,2000,0.202,1.3894567655962942
20,1,exact_replay,2500,0.749,1.2651463518071486
20,1,eligibility_trace,2500,0.562,1.274131119961168
20,1,no_trace,2500,0.192,1.3897838850929927
20,1,exact_replay,3000,0.741,1.2437781842246018
20,1,eligibility_trace,3000,0.58,1.2590256560978241
20,1,no_trace,3000,0.218,1.388591127678856
20,4,exact_replay,500,0.705,1.3590591835534283
20,4,eligibility_trace,500,0.459,1.3517175247314617
20,4,no_trace,500,0.22,1.3869421030218683
20,4,exact_replay,1000,0.721,1.3326590557538833
20,4,eligibility_trace,1000,0.487,1.33419912934383
20,4,no_trace,1000,0.223,1.3869813701456866
20,4,exact_replay,1500,0.74,1.3087418963358
20,4,eligibility_trace,1500,0.522,1.3179813544067525
20,4,no_trace,1500,0.19,1.3884277657728057
20,4,exact_replay,2000,0.742,1.2862532128075768
20,4,eligibility_trace,2000,0.541,1.305918888767069
20,4,no_trace,2000,0.189,1.390145830346079
20,4,exact_replay,2500,0.749,1.2651315361296371
20,4,eligibility_trace,2500,0.54,1.2862678415175397
20,4,no_trace,2500,0.174,1.390143861239833
20,4,exact_replay,3000,0.741,1.2437614251247933
20,4,eligibility_trace,3000,0.549,1.2724255642464368
20,4,no_trace,3000,0.176,1.3901195392612467
20,16,exact_replay,500,0.704,1.359043187013027
20,16,eligibility_trace,500,0.447,1.3562276962125215
20,16,no_trace,500,0.281,1.3856293861682023
20,16,exact_replay,1000,0.721,1.3326283864510353
20,16,eligibility_trace,1000,0.457,1.3495303194443196
20,16,no_trace,1000,0.23,1.3870991728724993
20,16,exact_replay,1500,0.74,1.308701324493277
20,16,eligibility_trace,1500,0.492,1.3330544966016586
20,16,no_trace,1500,0.264,1.3864561737846093
20,16,exact_replay,2000,0.742,1.2862042551599118
20,16,eligibility_trace,2000,0.497,1.3252844465954614
20,16,no_trace,2000,0.26,1.3877180397264173
20,16,exact_replay,2500,0.749,1.2650748356989736
20,16,eligibility_trace,2500,0.511,1.3078209139172037
20,16,no_trace,2500,0.25,1.3877794542371882
20,16,exact_replay,3000,0.741,1.2436959149301017
20,16,eligibility_trace,3000,0.507,1.2985047279775308
20,16,no_trace,3000,0.268,1.3853290517932717
20,64,exact_replay,500,0.704,1.3589826994814809
20,64,eligibility_trace,500,0.372,1.3700597989907841
20,64,no_trace,500,0.322,1.3846160757229
20,64,exact_replay,1000,0.721,1.3325124203930063
20,64,eligibility_trace,1000,0.312,1.3692542701411952
20,64,no_trace,1000,0.293,1.3854903524864974
20,64,exact_replay,1500,0.74,1.308543207263639
20,64,eligibility_trace,1500,0.29,1.3714567206889665
20,64,no_trace,1500,0.235,1.387795210197532
20,64,exact_replay,2000,0.742,1.286007883307214
20,64,eligibility_trace,2000,0.295,1.3759015232678804
20,64,no_trace,2000,0.199,1.3889470159762405
20,64,exact_replay,2500,0.749,1.2648461723369673
20,64,eligibility_trace,2500,0.321,1.366323198024781
20,64,no_trace,2500,0.213,1.38807768019495
20,64,exact_replay,3000,0.741,1.2434324846050495
20,64,eligibility_trace,3000,0.355,1.3608175281522368
20,64,no_trace,3000,0.215,1.3892922683116296
21,1,exact_replay,500,0.732,1.3559695524119892
21,1,eligibility_trace,500,0.43,1.3587753802452172
21,1,no_trace,500,0.246,1.386301036247806
21,1,exact_replay,1000,0.736,1.326033613863503
21,1,eligibility_trace,1000,0.508,1.333614569265696
21,1,no_trace,1000,0.279,1.3857028688979596
21,1,exact_replay,1500,0.733,1.2969545528673747
21,1,eligibility_trace,1500,0.567,1.313519359752144
21,1,no_trace,1500,0.23,1.3871485985383762
21,1,exact_replay,2000,0.737,1.2696439033961606
21,1,eligibility_trace,2000,0.602,1.291549773801167
21,1,no_trace,2000,0.259,1.3863782397333009
21,1,exact_replay,2500,0.737,1.24415203370452
21,1,eligibility_trace,2500,0.621,1.2619614429373642
21,1,no_trace,2500,0.246,1.3863366999801006
21,1,exact_replay,3000,0.742,1.2206111559029305
21,1,eligibility_trace,3000,0.639,1.2381224011596306
21,1,no_trace,3000,0.228,1.3870118749285436
21,4,exact_replay,500,0.732,1.3559651307336273
21,4,eligibility_trace,500,0.426,1.358930125691522
21,4,no_trace,500,0.229,1.3867625713073495
21,4,exact_replay,1000,0.736,1.3260250569387377
21,4,eligibility_trace,1000,0.505,1.3326514801618228
21,4,no_trace,1000,0.31,1.384131394325716
21,4,exact_replay,1500,0.733,1.2969414520251359
21,4,eligibility_trace,1500,0.542,1.3135871473573666
21,4,no_trace,1500,0.301,1.3833941096978122
21,4,exact_replay,2000,0.737,1.2696268784705298
21,4,eligibility_trace,2000,0.588,1.292467516874405
21,4,no_trace,2000,0.303,1.3828196488781659
21,4,exact_replay,2500,0.737,1.244132320807792
21,4,eligibility_trace,2500,0.583,1.267713667438436
21,4,no_trace,2500,0.268,1.3851730313782773
21,4,exact_replay,3000,0.742,1.220588814321568
21,4,eligibility_trace,3000,0.625,1.243470585135019
21,4,no_trace,3000,0.281,1.3838722785607764
21,16,exact_replay,500,0.732,1.3559451629973784
21,16,eligibility_trace,500,0.432,1.359174246110133
21,16,no_trace,500,0.235,1.3866828065071772
21,16,exact_replay,1000,0.736,1.32598478891787
21,16,eligibility_trace,1000,0.451,1.344900189360636
21,16,no_trace,1000,0.192,1.3885411957396576
21,16,exact_replay,1500,0.732,1.2968846090230945
21,16,eligibility_trace,1500,0.533,1.322974133198077
21,16,no_trace,1500,0.211,1.3881842970702087
21,16,exact_replay,2000,0.737,1.2695566866035275
21,16,eligibility_trace,2000,0.56,1.306217217414813
21,16,no_trace,2000,0.227,1.3881193886048626
21,16,exact_replay,2500,0.737,1.2440505313939871
21,16,eligibility_trace,2500,0.565,1.280317110272178
21,16,no_trace,2500,0.242,1.3864950472782465
21,16,exact_replay,3000,0.742,1.2204966476502546
21,16,eligibility_trace,3000,0.61,1.254888862154573
21,16,no_trace,3000,0.273,1.384004207403768
21,64,exact_replay,500,0.732,1.3558737238832863
21,64,eligibility_trace,500,0.353,1.3703894887402093
21,64,no_trace,500,0.247,1.386580314986787
21,64,exact_replay,1000,0.736,1.3258392552983056
21,64,eligibility_trace,1000,0.39,1.3606037402360476
21,64,no_trace,1000,0.23,1.3874054048847086
21,64,exact_replay,1500,0.732,1.2966717025149386
21,64,eligibility_trace,1500,0.364,1.357537521256228
21,64,no_trace,1500,0.225,1.3878309953221037
21,64,exact_replay,2000,0.737,1.2692795681095204
21,64,eligibility_trace,2000,0.376,1.3551314960989715
21,64,no_trace,2000,0.238,1.3879131247521923
21,64,exact_replay,2500,0.736,1.2437236231448519
21,64,eligibility_trace,2500,0.418,1.3447010700974333
21,64,no_trace,2500,0.256,1.386999846379757
21,64,exact_replay,3000,0.742,1.220129440097104
21,64,eligibility_trace,3000,0.444,1.326442446554411
21,64,no_trace,3000,0.241,1.3868790597983018
22,1,exact_replay,500,0.755,1.358606165124966
22,1,eligibility_trace,500,0.368,1.370134001464402
22,1,no_trace,500,0.209,1.387412177309254
22,1,exact_replay,1000,0.774,1.3307490053423559
22,1,eligibility_trace,1000,0.466,1.346554727920035
22,1,no_trace,1000,0.165,1.3890945357434947
22,1,exact_replay,1500,0.784,1.3056270481292775
22,1,eligibility_trace,1500,0.481,1.3307725767816758
22,1,no_trace,1500,0.191,1.389222006421368
22,1,exact_replay,2000,0.801,1.280891740206517
22,1,eligibility_trace,2000,0.545,1.3032268607108954
22,1,no_trace,2000,0.232,1.3870106624734175
22,1,exact_replay,2500,0.797,1.2588130343086341
22,1,eligibility_trace,2500,0.567,1.2774654399084413
22,1,no_trace,2500,0.263,1.3863185114968606
22,1,exact_replay,3000,0.796,1.2370064621184855
22,1,eligibility_trace,3000,0.569,1.2580141669184046
22,1,no_trace,3000,0.241,1.3869607139232367
22,4,exact_replay,500,0.755,1.35860299081304
22,4,eligibility_trace,500,0.36,1.3716518925550982
22,4,no_trace,500,0.269,1.3859392765039182
22,4,exact_replay,1000,0.774,1.3307418791566001
22,4,eligibility_trace,1000,0.434,1.3511565696412462
22,4,no_trace,1000,0.267,1.3857345031582686
22,4,exact_replay,1500,0.784,1.3056168574301104
22,4,eligibility_trace,1500,0.503,1.3331625622359784
22,4,no_trace,1500,0.298,1.3850163249045457
22,4,exact_replay,2000,0.801,1.2808789909340408
22,4,eligibility_trace,2000,0.551,1.3049310095860769
22,4,no_trace,2000,0.299,1.3841258618700043
22,4,exact_replay,2500,0.797,1.2587984155167942
22,4,eligibility_trace,2500,0.58,1.2788964872221804
22,4,no_trace,2500,0.349,1.3821580257430814
22,4,exact_replay,3000,0.795,1.2369896953571728
22,4,eligibility_trace,3000,0.558,1.2630984459414203
22,4,no_trace,3000,0.33,1.3826279966467505
22,16,exact_replay,500,0.755,1.3585896338741905
22,16,eligibility_trace,500,0.34,1.371620820403353
22,16,no_trace,500,0.253,1.3861867403537165
22,16,exact_replay,1000,0.774,1.3307137909040303
22,16,eligibility_trace,1000,0.394,1.3596623833835089
22,16,no_trace,1000,0.219,1.38683265522941
22,16,exact_replay,1500,0.784,1.305575973041986
22,16,eligibility_trace,1500,0.441,1.34932794784831
22,16,no_trace,1500,0.182,1.389537461938735
22,16,exact_replay,2000,0.801,1.2808270433175266
22,16,eligibility_trace,2000,0.479,1.3261990919172157
22,16,no_trace,2000,0.183,1.389336196103824
22,16,exact_replay,2500,0.797,1.2587379438287412
22,16,eligibility_trace,2500,0.527,1.303764177114052
22,16,no_trace,2500,0.225,1.387510513026466
22,16,exact_replay,3000,0.795,1.236921148593381
22,16,eligibility_trace,3000,0.504,1.2931169240931852
22,16,no_trace,3000,0.241,1.3867410326391978
22,64,exact_replay,500,0.755,1.3585355087762392
22,64,eligibility_trace,500,0.24,1.3858949996853929
22,64,no_trace,500,0.36,1.3838612340853393
22,64,exact_replay,1000,0.772,1.330601350644414
22,64,eligibility_trace,1000,0.314,1.3756144482919699
22,64,no_trace,1000,0.379,1.3821501759100328
22,64,exact_replay,1500,0.784,1.3054173041524222
22,64,eligibility_trace,1500,0.301,1.3776326328740867
22,64,no_trace,1500,0.341,1.3818901583096053
22,64,exact_replay,2000,0.801,1.2806226827356846
22,64,eligibility_trace,2000,0.32,1.3745657394258746
22,64,no_trace,2000,0.364,1.3808756841466674
22,64,exact_replay,2500,0.796,1.2584968965059695
22,64,eligibility_trace,2500,0.344,1.3615945692413993
22,64,no_trace,2500,0.381,1.3789709941985115
22,64,exact_replay,3000,0.795,1.2366464264401915
22,64,eligibility_trace,3000,0.344,1.356833548943578
22,64,no_trace,3000,0.393,1.377537531834084
23,1,exact_replay,500,0.707,1.3606794290219082
23,1,eligibility_trace,500,0.431,1.3644987096645864
23,1,no_trace,500,0.27,1.3858585736473474
23,1,exact_replay,1000,0.715,1.336096725851844
23,1,eligibility_trace,1000,0.543,1.3389576465408268
23,1,no_trace,1000,0.297,1.3857186903370715
23,1,exact_replay,1500,0.726,1.3119907665094523
23,1,eligibility_trace,1500,0.586,1.3153362194385532
23,1,no_trace,1500,0.306,1.3845702984967712
23,1,exact_replay,2000,0.732,1.2900006743005248
23,1,eligibility_trace,2000,0.597,1.2951313688176251
23,1,no_trace,2000,0.286,1.384026785976955
23,1,exact_replay,2500,0.739,1.2695692384965662
23,1,eligibility_trace,2500,0.617,1.2608969197492081
23,1,no_trace,2500,0.332,1.381632066538641
23,1,exact_replay,3000,0.738,1.2489816091488588
23,1,eligibility_trace,3000,0.652,1.2368120845516373
23,1,no_trace,3000,0.338,1.3820886875975835
23,4,exact_replay,500,0.707,1.3606759336048908
23,4,eligibility_trace,500,0.44,1.363352412169155
23,4,no_trace,500,0.285,1.385205401834893
23,4,exact_replay,1000,0.715,1.3360898557136855
23,4,eligibility_trace,1000,0.523,1.3416099780769877
23,4,no_trace,1000,0.266,1.3858339442106393
23,4,exact_replay,1500,0.726,1.3119808637270398
23,4,eligibility_trace,1500,0.589,1.318459501620449
23,4,no_trace,1500,0.301,1.3839840122729887
23,4,exact_replay,2000,0.732,1.28998841899343
23,4,eligibility_trace,2000,0.609,1.3017414990437401
23,4,no_trace,2000,0.303,1.3840847497701831
23,4,exact_replay,2500,0.739,1.2695554307721422
23,4,eligibility_trace,2500,0.628,1.2673914073897308
23,4,no_trace,2500,0.301,1.3839679295379252
23,4,exact_replay,3000,0.738,1.248965763836976
23,4,eligibility_trace,3000,0.65,1.2438004486774088
23,4,no_trace,3000,0.29,1.384073220299783
23,16,exact_replay,500,0.707,1.360662854620662
23,16,eligibility_trace,500,0.412,1.366392342026734
23,16,no_trace,500,0.269,1.3860961712187527
23,16,exact_replay,1000,0.715,1.336063317850995
23,16,eligibility_trace,1000,0.508,1.3489734683055612
23,16,no_trace,1000,0.256,1.3862635831498615
23,16,exact_replay,1500,0.726,1.3119424145783367
23,16,eligibility_trace,1500,0.52,1.3325291900491816
23,16,no_trace,1500,0.216,1.3875058723522276
23,16,exact_replay,2000,0.732,1.2899399363321478
23,16,eligibility_trace,2000,0.549,1.3241089155867476
23,16,no_trace,2000,0.19,1.389225830683038
23,16,exact_replay,2500,0.739,1.269499280663542
23,16,eligibility_trace,2500,0.594,1.2937539758027026
23,16,no_trace,2500,0.171,1.3908664014120231
23,16,exact_replay,3000,0.738,1.2489014925186492
23,16,eligibility_trace,3000,0.609,1.272254912195557
23,16,no_trace,3000,0.159,1.3920296435287092
23,64,exact_replay,500,0.706,1.360609779512085
23,64,eligibility_trace,500,0.297,1.3789939993331353
23,64,no_trace,500,0.274,1.385723661462642
23,64,exact_replay,1000,0.715,1.3359605771889855
23,64,eligibility_trace,1000,0.335,1.3730430795620154
23,64,no_trace,1000,0.224,1.387275453802129
23,64,exact_replay,1500,0.726,1.31179273198385
23,64,eligibility_trace,1500,0.308,1.3732031089089458
23,64,no_trace,1500,0.2,1.3883383156317437
23,64,exact_replay,2000,0.731,1.2897515627168752
23,64,eligibility_trace,2000,0.337,1.3672253306297981
23,64,no_trace,2000,0.181,1.389847300008099
23,64,exact_replay,2500,0.739,1.2692799817543146
23,64,eligibility_trace,2500,0.432,1.348771411865564
23,64,no_trace,2500,0.16,1.3908184291060701
23,64,exact_replay,3000,0.738,1.2486505053070307
23,64,eligibility_trace,3000,0.477,1.3344939064822112
23,64,no_trace,3000,0.187,1.389179594729255
24,1,exact_replay,500,0.648,1.3638481987851547
24,1,eligibility_trace,500,0.433,1.368750813313426
24,1,no_trace,500,0.23,1.3865220432907566
24,1,exact_replay,1000,0.673,1.3411010606593212
24,1,eligibility_trace,1000,0.515,1.34725980100223
24,1,no_trace,1000,0.233,1.386475900591005
24,1,exact_replay,1500,0.715,1.3200641517508866
24,1,eligibility_trace,1500,0.514,1.3323801888340332
24,1,no_trace,1500,0.259,1.3851995707462201
24,1,exact_replay,2000,0.714,1.2984638780597888
24,1,eligibility_trace,2000,0.581,1.306960712640821
24,1,no_trace,2000,0.269,1.3855627154884682
24,1,exact_replay,2500,0.715,1.2787948593887566
24,1,eligibility_trace,2500,0.605,1.2800857490998583
24,1,no_trace,2500,0.247,1.3862239118571185
24,1,exact_replay,3000,0.708,1.2604766578786915
24,1,eligibility_trace,3000,0.616,1.265166103757705
24,1,no_trace,3000,0.245,1.3866197517178507
24,4,exact_replay,500,0.648,1.3638452611226557
24,4,eligibility_trace,500,0.44,1.366916643627633
24,4,no_trace,500,0.267,1.3859060314433742
24,4,exact_replay,1000,0.673,1.3410955026729077
24,4,eligibility_trace,1000,0.509,1.3452868247106424
24,4,no_trace,1000,0.309,1.3841886763308937
24,4,exact_replay,1500,0.715,1.3200563106365073
24,4,eligibility_trace,1500,0.532,1.330023291446253
24,4,no_trace,1500,0.329,1.3834781879986318
24,4,exact_replay,2000,0.714,1.2984538558494743
24,4,eligibility_trace,2000,0.562,1.304527777467069
24,4,no_trace,2000,0.31,1.383384064852706
24,4,exact_replay,2500,0.715,1.2787832565715953
24,4,eligibility_trace,2500,0.592,1.278613501779771
24,4,no_trace,2500,0.269,1.384557684298879
24,4,exact_replay,3000,0.708,1.2604633749004635
24,4,eligibility_trace,3000,0.617,1.2664463956686796
24,4,no_trace,3000,0.245,1.3856556744729565
24,16,exact_replay,500,0.648,1.36383429112391
24,16,eligibility_trace,500,0.357,1.3720634511185863
24,16,no_trace,500,0.274,1.3859763146272688
24,16,exact_replay,1000,0.673,1.3410727862865428
24,16,eligibility_trace,1000,0.461,1.353487715545766
24,16,no_trace,1000,0.313,1.3843685096571874
24,16,exact_replay,1500,0.715,1.320024837352165
24,16,eligibility_trace,1500,0.458,1.342256148406555
24,16,no_trace,1500,0.312,1.384336187816839
24,16,exact_replay,2000,0.714,1.2984122300145295
24,16,eligibility_trace,2000,0.525,1.3210328747217208
24,16,no_trace,2000,0.325,1.3830140941262128
24,16,exact_replay,2500,0.715,1.2787332751412708
24,16,eligibility_trace,2500,0.543,1.3000364225971512
24,16,no_trace,2500,0.339,1.3822428872965915
24,16,exact_replay,3000,0.708,1.2604077109537226
24,16,eligibility_trace,3000,0.551,1.2910715874981038
24,16,no_trace,3000,0.328,1.3822215938285944
24,64,exact_replay,500,0.648,1.363796622027291
24,64,eligibility_trace,500,0.294,1.3849095619077703
24,64,no_trace,500,0.287,1.3855906437269792
24,64,exact_replay,1000,0.673,1.340989661903755
24,64,eligibility_trace,1000,0.316,1.3771653659313914
24,64,no_trace,1000,0.253,1.3863777332470673
24,64,exact_replay,1500,0.715,1.319905438363102
24,64,eligibility_trace,1500,0.305,1.377903041389459
24,64,no_trace,1500,0.28,1.3853707113303468
24,64,exact_replay,2000,0.713,1.2982549519393218
24,64,eligibility_trace,2000,0.344,1.370261859568811
24,64,no_trace,2000,0.278,1.3854627090150713
24,64,exact_replay,2500,0.713,1.2785463804612518
24,64,eligibility_trace,2500,0.398,1.3540115286319638
24,64,no_trace,2500,0.272,1.3853261128622918
24,64,exact_replay,3000,0.708,1.2601959503375388
24,64,eligibility_trace,3000,0.391,1.352903587598393
24,64,no_trace,3000,0.284,1.3844503718024745
25,1,exact_replay,500,0.718,1.3594468146543155
25,1,eligibility_trace,500,0.499,1.3574753496887413
25,1,no_trace,500,0.239,1.3875019488812697
25,1,exact_replay,1000,0.739,1.335330610992516
25,1,eligibility_trace,1000,0.547,1.333527584323584
25,1,no_trace,1000,0.216,1.3880257220771768
25,1,exact_replay,1500,0.738,1.3116048191688479
25,1,eligibility_trace,1500,0.607,1.3101713238170216
25,1,no_trace,1500,0.206,1.3892560646982155
25,1,exact_replay,2000,0.741,1.2906497623970725
25,1,eligibility_trace,2000,0.632,1.2912295674916088
25,1,no_trace,2000,0.231,1.3881494554151974
25,1,exact_replay,2500,0.738,1.2697081753880979
25,1,eligibility_trace,2500,0.619,1.2643615194664048
25,1,no_trace,2500,0.241,1.3870233338146964
25,1,exact_replay,3000,0.746,1.2493759711605197
25,1,eligibility_trace,3000,0.62,1.2429635150897793
25,1,no_trace,3000,0.234,1.387746903143656
25,4,exact_replay,500,0.718,1.359442783998768
25,4,eligibility_trace,500,0.488,1.3622709787210583
25,4,no_trace,500,0.207,1.3867778455854627
25,4,exact_replay,1000,0.739,1.3353237471046426
25,4,eligibility_trace,1000,0.547,1.3352316701783404
25,4,no_trace,1000,0.296,1.384420583247372
25,4,exact_replay,1500,0.738,1.311595195080478
25,4,eligibility_trace,1500,0.6,1.3134114501818963
25,4,no_trace,1500,0.304,1.3841216877133937
25,4,exact_replay,2000,0.741,1.2906378061712045
25,4,eligibility_trace,2000,0.628,1.2968256231387028
25,4,no_trace,2000,0.279,1.3838574279241265
25,4,exact_replay,2500,0.738,1.2696937884718544
25,4,eligibility_trace,2500,0.616,1.2694478957517734
25,4,no_trace,2500,0.278,1.3840109779708512
25,4,exact_replay,3000,0.746,1.249359271436305
25,4,eligibility_trace,3000,0.627,1.2481031139354855
25,4,no_trace,3000,0.299,1.3826407645615395
25,16,exact_replay,500,0.718,1.3594263928111396
25,16,eligibility_trace,500,0.436,1.3639495730179834
25,16,no_trace,500,0.224,1.386430286642814
25,16,exact_replay,1000,0.739,1.3352951030901372
25,16,eligibility_trace,1000,0.503,1.3403756409149303
25,16,no_trace,1000,0.241,1.3864698740545358
25,16,exact_replay,1500,0.737,1.311555293531745
25,16,eligibility_trace,1500,0.579,1.3174058807252715
25,16,no_trace,1500,0.287,1.3838622262809686
25,16,exact_replay,2000,0.741,1.2905897102970476
25,16,eligibility_trace,2000,0.572,1.305520353192651
25,16,no_trace,2000,0.304,1.383694154706856
25,16,exact_replay,2500,0.738,1.2696373133017982
25,16,eligibility_trace,2500,0.595,1.277500491793843
25,16,no_trace,2500,0.299,1.3833513411359326
25,16,exact_replay,3000,0.746,1.2492945509666433
25,16,eligibility_trace,3000,0.594,1.2644260333953545
25,16,no_trace,3000,0.262,1.3850150802186314
25,64,exact_replay,500,0.718,1.3593673678481974
25,64,eligibility_trace,500,0.24,1.384066492697863
25,64,no_trace,500,0.274,1.3856777855735027
25,64,exact_replay,1000,0.738,1.3351860531924509
25,64,eligibility_trace,1000,0.389,1.3619128228705182
25,64,no_trace,1000,0.305,1.3846042072468974
25,64,exact_replay,1500,0.737,1.3114025069367667
25,64,eligibility_trace,1500,0.399,1.3563891803644026
25,64,no_trace,1500,0.302,1.3842553190314293
25,64,exact_replay,2000,0.741,1.2904026568558737
25,64,eligibility_trace,2000,0.396,1.3540994526589838
25,64,no_trace,2000,0.285,1.3845453063079123
25,64,exact_replay,2500,0.738,1.2694161965985682
25,64,eligibility_trace,2500,0.438,1.3429898415771713
25,64,no_trace,2500,0.285,1.3852744946107214
25,64,exact_replay,3000,0.746,1.2490408788105603
25,64,eligibility_trace,3000,0.43,1.3406631745234694
25,64,no_trace,3000,0.285,1.3857910940370965
26,1,exact_replay,500,0.687,1.3613196602852977
26,1,eligibility_trace,500,0.46,1.3631554205645497
26,1,no_trace,500,0.241,1.3864145469252822
26,1,exact_replay,1000,0.7,1.3369106641877098
26,1,eligibility_trace,1000,0.561,1.3356638720596141
26,1,no_trace,1000,0.209,1.3877521777429824
26,1,exact_replay,1500,0.716,1.3141791854288896
26,1,eligibility_trace,1500,0.572,1.3132361578419023
26,1,no_trace,1500,0.181,1.3889512724573272
26,1,exact_replay,2000,0.712,1.2940625440420768
26,1,eligibility_trace,2000,0.609,1.2925203856423582
26,1,no_trace,2000,0.178,1.3901019268185888
26,1,exact_replay,2500,0.735,1.2740955796994349
26,1,eligibility_trace,2500,0.642,1.276034375315868
26,1,no_trace,2500,0.164,1.3908716730026354
26,1,exact_replay,3000,0.741,1.2535606403078885
26,1,eligibility_trace,3000,0.65,1.252038867711804
26,1,no_trace,3000,0.171,1.390879040725398
26,4,exact_replay,500,0.687,1.3613158745393885
26,4,eligibility_trace,500,0.464,1.3635767352164558
26,4,no_trace,500,0.313,1.3854431383347723
26,4,exact_replay,1000,0.7,1.3369039654766708
26,4,eligibility_trace,1000,0.559,1.3387926500003524
26,4,no_trace,1000,0.306,1.384859650925301
26,4,exact_replay,1500,0.716,1.3141698461025992
26,4,eligibility_trace,1500,0.558,1.3166891083010523
26,4,no_trace,1500,0.304,1.3849723630924882
26,4,exact_replay,2000,0.712,1.294050504621857
26,4,eligibility_trace,2000,0.592,1.3001645414344816
26,4,no_trace,2000,0.267,1.3878261842732795
26,4,exact_replay,2500,0.735,1.2740817756783063
26,4,eligibility_trace,2500,0.618,1.2862960456597885
26,4,no_trace,2500,0.237,1.3887123604905711
26,4,exact_replay,3000,0.741,1.2535451954634
26,4,eligibility_trace,3000,0.629,1.2642550805727215
26,4,no_trace,3000,0.24,1.3892000063052563
26,16,exact_replay,500,0.687,1.3613034601409066
26,16,eligibility_trace,500,0.366,1.3746805862106106
26,16,no_trace,500,0.221,1.3868833371045153
26,16,exact_replay,1000,0.699,1.3368785774078784
26,16,eligibility_trace,1000,0.463,1.3530674373129934
26,16,no_trace,1000,0.189,1.3877607751878254
26,16,exact_replay,1500,0.716,1.3141332346449903
26,16,eligibility_trace,1500,0.493,1.330952003489104
26,16,no_trace,1500,0.231,1.3876345459877995
26,16,exact_replay,2000,0.712,1.294005808692165
26,16,eligibility_trace,2000,0.523,1.316486018819132
26,16,no_trace,2000,0.236,1.3879470717760138
26,16,exact_replay,2500,0.735,1.2740286755213366
26,16,eligibility_trace,2500,0.542,1.3075036792842183
26,16,no_trace,2500,0.224,1.3886564357301676
26,16,exact_replay,3000,0.741,1.253483900893382
26,16,eligibility_trace,3000,0.585,1.2885898628523789
26,16,no_trace,3000,0.199,1.3898893321902854
26,64,exact_replay,500,0.687,1.3612575215581373
26,64,eligibility_trace,500,0.25,1.3861689832283388
26,64,no_trace,500,0.169,1.3879899372120044
26,64,exact_replay,1000,0.699,1.3367801606020457
26,64,eligibility_trace,1000,0.336,1.3730275804059775
26,64,no_trace,1000,0.206,1.3872105101122152
26,64,exact_replay,1500,0.716,1.3139936942949246
26,64,eligibility_trace,1500,0.401,1.358680997366379
26,64,no_trace,1500,0.218,1.387633207043273
26,64,exact_replay,2000,0.712,1.2938358368297271
26,64,eligibility_trace,2000,0.396,1.3529346502002315
26,64,no_trace,2000,0.26,1.3868986743521041
26,64,exact_replay,2500,0.735,1.2738266377297232
26,64,eligibility_trace,2500,0.43,1.34023382275721
26,64,no_trace,2500,0.262,1.386373383631631
26,64,exact_replay,3000,0.74,1.2532515449234498
26,64,eligibility_trace,3000,0.459,1.3327814363498867
26,64,no_trace,3000,0.294,1.3846927182583912
27,1,exact_replay,500,0.747,1.3573581582182923
27,1,eligibility_trace,500,0.49,1.3530861361566713
27,1,no_trace,500,0.246,1.386569265655498
27,1,exact_replay,1000,0.755,1.327575948819474
27,1,eligibility_trace,1000,0.522,1.3239556066143185
27,1,no_trace,1000,0.259,1.3857711430038844
27,1,exact_replay,1500,0.787,1.3007770383008697
27,1,eligibility_trace,1500,0.602,1.2929325498923137
27,1,no_trace,1500,0.267,1.3856133193467501
27,1,exact_replay,2000,0.783,1.2756991916276608
27,1,eligibility_trace,2000,0.63,1.2697325981590852
27,1,no_trace,2000,0.277,1.3856520275236053
27,1,exact_replay,2500,0.796,1.2528173135701426
27,1,eligibility_trace,2500,0.636,1.2471812159922164
27,1,no_trace,2500,0.246,1.387353268639139
27,1,exact_replay,3000,0.797,1.2288384111813722
27,1,eligibility_trace,3000,0.662,1.2255115841937414
27,1,no_trace,3000,0.23,1.387765407753308
27,4,exact_replay,500,0.747,1.3573538575075728
27,4,eligibility_trace,500,0.486,1.3543432038015113
27,4,no_trace,500,0.213,1.3876781614939901
27,4,exact_replay,1000,0.755,1.3275669817006865
27,4,eligibility_trace,1000,0.517,1.3246386219807853
27,4,no_trace,1000,0.197,1.3883430506094032
27,4,exact_replay,1500,0.787,1.3007640516255041
27,4,eligibility_trace,1500,0.587,1.2976271433612114
27,4,no_trace,1500,0.213,1.3877391882620373
27,4,exact_replay,2000,0.783,1.2756836910453604
27,4,eligibility_trace,2000,0.592,1.2766467680773115
27,4,no_trace,2000,0.219,1.386901453652368
27,4,exact_replay,2500,0.796,1.2527999472605449
27,4,eligibility_trace,2500,0.61,1.2530747965239726
27,4,no_trace,2500,0.229,1.3868195746916578
27,4,exact_replay,3000,0.797,1.2288179665894199
27,4,eligibility_trace,3000,0.641,1.2302482256862657
27,4,no_trace,3000,0.24,1.3862735050353439
27,16,exact_replay,500,0.747,1.3573365479120783
27,16,eligibility_trace,500,0.467,1.35820506553702
27,16,no_trace,500,0.285,1.3853423584287472
27,16,exact_replay,1000,0.756,1.3275316572831217
27,16,eligibility_trace,1000,0.545,1.3287385773068998
27,16,no_trace,1000,0.289,1.3842455205519468
27,16,exact_replay,1500,0.786,1.3007155867069453
27,16,eligibility_trace,1500,0.602,1.306667321392455
27,16,no_trace,1500,0.338,1.3832719675384042
27,16,exact_replay,2000,0.783,1.2756236227161988
27,16,eligibility_trace,2000,0.59,1.2880313061604234
27,16,no_trace,2000,0.315,1.383468036163107
27,16,exact_replay,2500,0.796,1.2527291792464652
27,16,eligibility_trace,2500,0.599,1.2695160580415177
27,16,no_trace,2500,0.3,1.3833235070769148
27,16,exact_replay,3000,0.797,1.2287380684416112
27,16,eligibility_trace,3000,0.617,1.2534022707112922
27,16,no_trace,3000,0.295,1.3832682349724033
27,64,exact_replay,500,0.746,1.3572773831153317
27,64,eligibility_trace,500,0.309,1.37718986769329
27,64,no_trace,500,0.211,1.3876460723024966
27,64,exact_replay,1000,0.755,1.3273985981931617
27,64,eligibility_trace,1000,0.353,1.3600698431449751
27,64,no_trace,1000,0.305,1.384731762274234
27,64,exact_replay,1500,0.786,1.30052908514319
27,64,eligibility_trace,1500,0.394,1.3493355220460175
27,64,no_trace,1500,0.28,1.383733783779256
27,64,exact_replay,2000,0.783,1.275389684727542
27,64,eligibility_trace,2000,0.394,1.3464679603999286
27,64,no_trace,2000,0.277,1.3851276039597777
27,64,exact_replay,2500,0.795,1.2524583554938902
27,64,eligibility_trace,2500,0.385,1.3383193472508332
27,64,no_trace,2500,0.281,1.384177798420348
27,64,exact_replay,3000,0.797,1.2284246176089137
27,64,eligibility_trace,3000,0.357,1.3464470281865561
27,64,no_trace,3000,0.278,1.3842534297749052
28,1,exact_replay,500,0.75,1.3586574006545833
28,1,eligibility_trace,500,0.441,1.3642391761477715
28,1,no_trace,500,0.177,1.3886503044073601
28,1,exact_replay,1000,0.776,1.3333152319800796
28,1,eligibility_trace,1000,0.452,1.337649217395671
28,1,no_trace,1000,0.162,1.389634483306969
28,1,exact_replay,1500,0.771,1.3081494257005777
28,1,eligibility_trace,1500,0.554,1.311449468058307
28,1,no_trace,1500,0.199,1.3893673635163104
28,1,exact_replay,2000,0.786,1.2839683394080021
28,1,eligibility_trace,2000,0.515,1.3051774743032911
28,1,no_trace,2000,0.222,1.387983815331347
28,1,exact_replay,2500,0.785,1.2606558518774174
28,1,eligibility_trace,2500,0.567,1.286412805744641
28,1,no_trace,2500,0.212,1.3894505136370807
28,1,exact_replay,3000,0.788,1.2388414461318926
28,1,eligibility_trace,3000,0.601,1.271944849056968
28,1,no_trace,3000,0.212,1.3911960880772591
28,4,exact_replay,500,0.75,1.3586531932358799
28,4,eligibility_trace,500,0.387,1.368863365150548
28,4,no_trace,500,0.199,1.3878000560676258
28,4,exact_replay,1000,0.776,1.3333082420403601
28,4,eligibility_trace,1000,0.446,1.3431943958089088
28,4,no_trace,1000,0.156,1.3895308501466883
28,4,exact_replay,1500,0.771,1.3081402222559684
28,4,eligibility_trace,1500,0.505,1.3196758616389537
28,4,no_trace,1500,0.159,1.3906906518614757
28,4,exact_replay,2000,0.786,1.2839561318426744
28,4,eligibility_trace,2000,0.49,1.313890548180104
28,4,no_trace,2000,0.142,1.3915734098294992
28,4,exact_replay,2500,0.785,1.2606410981274303
28,4,eligibility_trace,2500,0.509,1.2990554852617633
28,4,no_trace,2500,0.166,1.390598197800322
28,4,exact_replay,3000,0.787,1.238824542031299
28,4,eligibility_trace,3000,0.556,1.2882453534705216
28,4,no_trace,3000,0.18,1.390603722129201
28,16,exact_replay,500,0.75,1.3586387794333306
28,16,eligibility_trace,500,0.374,1.3714184963964609
28,16,no_trace,500,0.224,1.386926601608526
28,16,exact_replay,1000,0.776,1.3332825739520373
28,16,eligibility_trace,1000,0.461,1.3458510927546798
28,16,no_trace,1000,0.221,1.38756369713697
28,16,exact_replay,1500,0.771,1.3081015352614604
28,16,eligibility_trace,1500,0.503,1.3271140536798984
28,16,no_trace,1500,0.274,1.3858549043455473
28,16,exact_replay,2000,0.786,1.2839056200470422
28,16,eligibility_trace,2000,0.475,1.3205154833673847
28,16,no_trace,2000,0.271,1.3859296212346657
28,16,exact_replay,2500,0.785,1.2605804030172334
28,16,eligibility_trace,2500,0.486,1.3105435473550442
28,16,no_trace,2500,0.227,1.3876786274382897
28,16,exact_replay,3000,0.787,1.2387538880995563
28,16,eligibility_trace,3000,0.522,1.2987757854614856
28,16,no_trace,3000,0.247,1.3869746509290644
28,64,exact_replay,500,0.75,1.3585820916807048
28,64,eligibility_trace,500,0.283,1.382795233756169
28,64,no_trace,500,0.207,1.3867364088044167
28,64,exact_replay,1000,0.776,1.3331731407477514
28,64,eligibility_trace,1000,0.34,1.373049026773298
28,64,no_trace,1000,0.195,1.3878000803778678
28,64,exact_replay,1500,0.77,1.3079417718556174
28,64,eligibility_trace,1500,0.383,1.3605454741538183
28,64,no_trace,1500,0.198,1.388104124794813
28,64,exact_replay,2000,0.786,1.2837012019910754
28,64,eligibility_trace,2000,0.364,1.360943387290657
28,64,no_trace,2000,0.204,1.3879734663805727
28,64,exact_replay,2500,0.785,1.2603317347834269
28,64,eligibility_trace,2500,0.371,1.3609491188631802
28,64,no_trace,2500,0.185,1.3891046878135531
28,64,exact_replay,3000,0.787,1.2384714405477442
28,64,eligibility_trace,3000,0.377,1.3571752708460134
28,64,no_trace,3000,0.181,1.3900001278328
29,1,exact_replay,500,0.703,1.3565345899348018
29,1,eligibility_trace,500,0.519,1.3529329265540173
29,1,no_trace,500,0.315,1.384900755495289
29,1,exact_replay,1000,0.736,1.3291065092488719
29,1,eligibility_trace,1000,0.558,1.32275306949306
29,1,no_trace,1000,0.323,1.3842156512801553
29,1,exact_replay,1500,0.731,1.3032721116918609
29,1,eligibility_trace,1500,0.599,1.3020131066825735
29,1,no_trace,1500,0.271,1.3857089877660143
29,1,exact_replay,2000,0.736,1.2787474726748242
29,1,eligibility_trace,2000,0.611,1.271082662630283
29,1,no_trace,2000,0.288,1.3843018046704543
29,1,exact_replay,2500,0.734,1.2563742734622645
29,1,eligibility_trace,2500,0.618,1.2491670944660673
29,1,no_trace,2500,0.291,1.3842571177077099
29,1,exact_replay,3000,0.748,1.2349088018990304
29,1,eligibility_trace,3000,0.634,1.2232983745801551
29,1,no_trace,3000,0.296,1.3849410420519948
29,4,exact_replay,500,0.703,1.3565308049794715
29,4,eligibility_trace,500,0.496,1.3537594737140135
29,4,no_trace,500,0.238,1.3864151849197999
29,4,exact_replay,1000,0.736,1.3290990987060785
29,4,eligibility_trace,1000,0.54,1.3242712524921822
29,4,no_trace,1000,0.258,1.3858911839598254
29,4,exact_replay,1500,0.731,1.3032614120344574
29,4,eligibility_trace,1500,0.578,1.3052149602621128
29,4,no_trace,1500,0.245,1.3859841630929146
29,4,exact_replay,2000,0.736,1.2787341743727694
29,4,eligibility_trace,2000,0.623,1.2736930908708455
29,4,no_trace,2000,0.243,1.3854910180682514
29,4,exact_replay,2500,0.734,1.2563585786324656
29,4,eligibility_trace,2500,0.622,1.2507946703095731
29,4,no_trace,2500,0.277,1.3853264978264106
29,4,exact_replay,3000,0.748,1.2348909877379148
29,4,eligibility_trace,3000,0.656,1.2245164490001899
29,4,no_trace,3000,0.283,1.3834647958345123
29,16,exact_replay,500,0.703,1.3565124901265966
29,16,eligibility_trace,500,0.394,1.3632561242045267
29,16,no_trace,500,0.198,1.3875031462847245
29,16,exact_replay,1000,0.736,1.3290662318261752
29,16,eligibility_trace,1000,0.493,1.3351368174896665
29,16,no_trace,1000,0.22,1.3872702918583806
29,16,exact_replay,1500,0.731,1.3032169360887789
29,16,eligibility_trace,1500,0.541,1.3165082554967233
29,16,no_trace,1500,0.244,1.3863526588241453
29,16,exact_replay,2000,0.736,1.2786781030794683
29,16,eligibility_trace,2000,0.553,1.2931696566019677
29,16,no_trace,2000,0.232,1.3864024172765423
29,16,exact_replay,2500,0.734,1.256294062342186
29,16,eligibility_trace,2500,0.543,1.278231630107297
29,16,no_trace,2500,0.238,1.3862916259374432
29,16,exact_replay,3000,0.748,1.234818370250299
29,16,eligibility_trace,3000,0.565,1.2599747648723452
29,16,no_trace,3000,0.266,1.3856929555061561
29,64,exact_replay,500,0.702,1.356442857165951
29,64,eligibility_trace,500,0.333,1.3703543448525155
29,64,no_trace,500,0.201,1.3875430003816882
29,64,exact_replay,1000,0.736,1.3289363591167276
29,64,eligibility_trace,1000,0.286,1.3704177434774583
29,64,no_trace,1000,0.216,1.388077916948622
29,64,exact_replay,1500,0.731,1.3030339176579824
29,64,eligibility_trace,1500,0.381,1.3535359501314743
29,64,no_trace,1500,0.199,1.3894645824489644
29,64,exact_replay,2000,0.736,1.27844736930069
29,64,eligibility_trace,2000,0.388,1.3425126929748303
29,64,no_trace,2000,0.204,1.3892766321825212
29,64,exact_replay,2500,0.734,1.2560259454277347
29,64,eligibility_trace,2500,0.413,1.3324323145256003
29,64,no_trace,2500,0.201,1.3889137634873183
29,64,exact_replay,3000,0.748,1.234518561858365
29,64,eligibility_trace,3000,0.417,1.3241454125849346
29,64,no_trace,3000,0.198,1.3897862996515657
