seed,delay,arm,training_labels_delivered,test_accuracy,test_cross_entropy
0,1,exact_replay,500,0.701,1.3187466512712436
0,1,eligibility_trace_raw,500,0.512,1.271782885991421
0,1,eligibility_trace_norm_matched,500,0.505,1.3603160623528259
0,1,no_trace,500,0.386,1.376077494035508
0,1,exact_replay,1000,0.709,1.260306934982629
0,1,eligibility_trace_raw,1000,0.505,1.216804683840588
0,1,eligibility_trace_norm_matched,1000,0.505,1.3458735553289882
0,1,no_trace,1000,0.366,1.3764989454196834
0,1,exact_replay,1500,0.731,1.211607818524532
0,1,eligibility_trace_raw,1500,0.544,1.1747020794708003
0,1,eligibility_trace_norm_matched,1500,0.544,1.3340736147000911
0,1,no_trace,1500,0.347,1.3752646914779667
0,1,exact_replay,2000,0.726,1.1654422256211978
0,1,eligibility_trace_raw,2000,0.591,1.142339719439199
0,1,eligibility_trace_norm_matched,2000,0.589,1.324175714618668
0,1,no_trace,2000,0.329,1.3782548372653682
0,1,exact_replay,2500,0.725,1.124317161347493
0,1,eligibility_trace_raw,2500,0.628,1.1150170673891666
0,1,eligibility_trace_norm_matched,2500,0.607,1.3155656276069378
0,1,no_trace,2500,0.298,1.382162179750599
0,1,exact_replay,3000,0.735,1.0889756700130642
0,1,eligibility_trace_raw,3000,0.631,1.0849219856452956
0,1,eligibility_trace_norm_matched,3000,0.622,1.3049889542214264
0,1,no_trace,3000,0.271,1.3856647354144107
0,1,batch_logistic,3000,0.934,0.24967576571541547
0,4,exact_replay,500,0.701,1.3187244678858536
0,4,eligibility_trace_raw,500,0.517,1.2723157175565374
0,4,eligibility_trace_norm_matched,500,0.508,1.3606251290119566
0,4,no_trace,500,0.307,1.383276567579593
0,4,exact_replay,1000,0.709,1.260271605755607
0,4,eligibility_trace_raw,1000,0.499,1.2183695981390563
0,4,eligibility_trace_norm_matched,1000,0.495,1.3461484106966999
0,4,no_trace,1000,0.284,1.3834047557212348
0,4,exact_replay,1500,0.731,1.2115585549667534
0,4,eligibility_trace_raw,1500,0.545,1.180880067280851
0,4,eligibility_trace_norm_matched,1500,0.54,1.33595746072343
0,4,no_trace,1500,0.245,1.3864378489777356
0,4,exact_replay,2000,0.726,1.1653841368589946
0,4,eligibility_trace_raw,2000,0.583,1.1490913958790614
0,4,eligibility_trace_norm_matched,2000,0.57,1.3263310531438262
0,4,no_trace,2000,0.256,1.3871472022493507
0,4,exact_replay,2500,0.724,1.1242541979515839
0,4,eligibility_trace_raw,2500,0.593,1.1262548307850906
0,4,eligibility_trace_norm_matched,2500,0.582,1.319039213215547
0,4,no_trace,2500,0.228,1.390127738061565
0,4,exact_replay,3000,0.735,1.088910175168288
0,4,eligibility_trace_raw,3000,0.614,1.0954925898743364
0,4,eligibility_trace_norm_matched,3000,0.596,1.3088603072446188
0,4,no_trace,3000,0.246,1.3904186473148379
0,4,batch_logistic,3000,0.934,0.24967576571541547
0,16,exact_replay,500,0.701,1.3186235580621417
0,16,eligibility_trace_raw,500,0.496,1.28385454812868
0,16,eligibility_trace_norm_matched,500,0.502,1.3627987554814385
0,16,no_trace,500,0.284,1.384012876428879
0,16,exact_replay,1000,0.709,1.2601055275464987
0,16,eligibility_trace_raw,1000,0.495,1.236457914274019
0,16,eligibility_trace_norm_matched,1000,0.493,1.34953148778129
0,16,no_trace,1000,0.339,1.381729302381289
0,16,exact_replay,1500,0.731,1.2113574857699176
0,16,eligibility_trace_raw,1500,0.527,1.1962955915151083
0,16,eligibility_trace_norm_matched,1500,0.521,1.339781635987482
0,16,no_trace,1500,0.304,1.381374603843325
0,16,exact_replay,2000,0.726,1.1651452475510617
0,16,eligibility_trace_raw,2000,0.576,1.1620438896351806
0,16,eligibility_trace_norm_matched,2000,0.566,1.330227251633209
0,16,no_trace,2000,0.32,1.3762417009567554
0,16,exact_replay,2500,0.724,1.123993081122963
0,16,eligibility_trace_raw,2500,0.566,1.153420385746059
0,16,eligibility_trace_norm_matched,2500,0.558,1.3270986485573613
0,16,no_trace,2500,0.35,1.375085687759504
0,16,exact_replay,3000,0.735,1.088634935411506
0,16,eligibility_trace_raw,3000,0.59,1.1179237956428805
0,16,eligibility_trace_norm_matched,3000,0.59,1.3161726349908758
0,16,no_trace,3000,0.299,1.37557352648141
0,16,batch_logistic,3000,0.934,0.24967576571541547
0,64,exact_replay,500,0.701,1.3182440459496192
0,64,eligibility_trace_raw,500,0.359,1.3550029392076661
0,64,eligibility_trace_norm_matched,500,0.367,1.3783345910015283
0,64,no_trace,500,0.252,1.3861346882652201
0,64,exact_replay,1000,0.71,1.259447940168368
0,64,eligibility_trace_raw,1000,0.422,1.3088094673260084
0,64,eligibility_trace_norm_matched,1000,0.429,1.3679166414336834
0,64,no_trace,1000,0.293,1.3834332724199268
0,64,exact_replay,1500,0.731,1.2105384985010723
0,64,eligibility_trace_raw,1500,0.461,1.2870907328941714
0,64,eligibility_trace_norm_matched,1500,0.46,1.3638406952127597
0,64,no_trace,1500,0.241,1.388264048666199
0,64,exact_replay,2000,0.725,1.1642051302088843
0,64,eligibility_trace_raw,2000,0.438,1.2951984501552645
0,64,eligibility_trace_norm_matched,2000,0.462,1.3651923128261878
0,64,no_trace,2000,0.256,1.3868918781873467
0,64,exact_replay,2500,0.724,1.122969569152658
0,64,eligibility_trace_raw,2500,0.449,1.2880130961004184
0,64,eligibility_trace_norm_matched,2500,0.451,1.3630600033972153
0,64,no_trace,2500,0.293,1.3815555420817618
0,64,exact_replay,3000,0.734,1.0875734831048125
0,64,eligibility_trace_raw,3000,0.461,1.2668592043774636
0,64,eligibility_trace_norm_matched,3000,0.461,1.356402333632353
0,64,no_trace,3000,0.337,1.3780151046456341
0,64,batch_logistic,3000,0.934,0.24967576571541547
1,1,exact_replay,500,0.741,1.3190112093978523
1,1,eligibility_trace_raw,500,0.445,1.3201923461739988
1,1,eligibility_trace_norm_matched,500,0.458,1.3709866575802911
1,1,no_trace,500,0.298,1.3825123396967374
1,1,exact_replay,1000,0.754,1.2587830524853592
1,1,eligibility_trace_raw,1000,0.507,1.2675102045913194
1,1,eligibility_trace_norm_matched,1000,0.504,1.3576705132268871
1,1,no_trace,1000,0.246,1.387502970228882
1,1,exact_replay,1500,0.763,1.2057256280747164
1,1,eligibility_trace_raw,1500,0.557,1.2237650250488017
1,1,eligibility_trace_norm_matched,1500,0.563,1.3459296123544273
1,1,no_trace,1500,0.287,1.3835455313754519
1,1,exact_replay,2000,0.766,1.1582341303043877
1,1,eligibility_trace_raw,2000,0.597,1.1788670294473071
1,1,eligibility_trace_norm_matched,2000,0.588,1.3339064697599805
1,1,no_trace,2000,0.279,1.3849970504505384
1,1,exact_replay,2500,0.765,1.1152095049202209
1,1,eligibility_trace_raw,2500,0.605,1.142791695634503
1,1,eligibility_trace_norm_matched,2500,0.591,1.3233601762148834
1,1,no_trace,2500,0.234,1.388576866755309
1,1,exact_replay,3000,0.778,1.0771049920591438
1,1,eligibility_trace_raw,3000,0.638,1.1050793361443514
1,1,eligibility_trace_norm_matched,3000,0.61,1.3116156333775684
1,1,no_trace,3000,0.238,1.3906767801985818
1,1,batch_logistic,3000,0.922,0.254115207452021
1,4,exact_replay,500,0.741,1.3189940201863974
1,4,eligibility_trace_raw,500,0.44,1.3242005922406868
1,4,eligibility_trace_norm_matched,500,0.457,1.3717787109024029
1,4,no_trace,500,0.223,1.3872388900715877
1,4,exact_replay,1000,0.754,1.2587445832897644
1,4,eligibility_trace_raw,1000,0.504,1.2727697460259695
1,4,eligibility_trace_norm_matched,1000,0.515,1.3587397636791825
1,4,no_trace,1000,0.262,1.3870753185391769
1,4,exact_replay,1500,0.763,1.205676625154697
1,4,eligibility_trace_raw,1500,0.555,1.2313724320906927
1,4,eligibility_trace_norm_matched,1500,0.568,1.3477384546703801
1,4,no_trace,1500,0.255,1.3867176879242074
1,4,exact_replay,2000,0.765,1.1581781584455544
1,4,eligibility_trace_raw,2000,0.584,1.1882620997237385
1,4,eligibility_trace_norm_matched,2000,0.579,1.3360432873617787
1,4,no_trace,2000,0.256,1.386150671415218
1,4,exact_replay,2500,0.765,1.115146297936008
1,4,eligibility_trace_raw,2500,0.596,1.1584197253612438
1,4,eligibility_trace_norm_matched,2500,0.587,1.3277211642700861
1,4,no_trace,2500,0.212,1.3911634824902972
1,4,exact_replay,3000,0.778,1.0770384735486875
1,4,eligibility_trace_raw,3000,0.61,1.1231608664223152
1,4,eligibility_trace_norm_matched,3000,0.601,1.31659972659926
1,4,no_trace,3000,0.218,1.3936528188078443
1,4,batch_logistic,3000,0.922,0.254115207452021
1,16,exact_replay,500,0.741,1.3189058816502355
1,16,eligibility_trace_raw,500,0.431,1.3233181221597434
1,16,eligibility_trace_norm_matched,500,0.431,1.3718189187053818
1,16,no_trace,500,0.225,1.3880620545845013
1,16,exact_replay,1000,0.753,1.2585856389362067
1,16,eligibility_trace_raw,1000,0.443,1.2907407866049925
1,16,eligibility_trace_norm_matched,1000,0.439,1.3624953500463899
1,16,no_trace,1000,0.247,1.3871511393250202
1,16,exact_replay,1500,0.763,1.2054675305067597
1,16,eligibility_trace_raw,1500,0.485,1.2544056819660436
1,16,eligibility_trace_norm_matched,1500,0.487,1.3525111039873616
1,16,no_trace,1500,0.229,1.3898441735241558
1,16,exact_replay,2000,0.764,1.1579340879090405
1,16,eligibility_trace_raw,2000,0.516,1.2219148394954196
1,16,eligibility_trace_norm_matched,2000,0.514,1.3435217147746847
1,16,no_trace,2000,0.231,1.3920408175217232
1,16,exact_replay,2500,0.765,1.114878426247129
1,16,eligibility_trace_raw,2500,0.546,1.1961230288620341
1,16,eligibility_trace_norm_matched,2500,0.534,1.337153282426842
1,16,no_trace,2500,0.221,1.3950284429735442
1,16,exact_replay,3000,0.778,1.076750889165348
1,16,eligibility_trace_raw,3000,0.545,1.174005575747185
1,16,eligibility_trace_norm_matched,3000,0.539,1.3287528868083314
1,16,no_trace,3000,0.215,1.397663685461233
1,16,batch_logistic,3000,0.922,0.254115207452021
1,64,exact_replay,500,0.74,1.3185844625955074
1,64,eligibility_trace_raw,500,0.341,1.3654076326855398
1,64,eligibility_trace_norm_matched,500,0.335,1.381714073064806
1,64,no_trace,500,0.234,1.3890778405429778
1,64,exact_replay,1000,0.752,1.2579717846599305
1,64,eligibility_trace_raw,1000,0.314,1.364969723374887
1,64,eligibility_trace_norm_matched,1000,0.316,1.3799357136338997
1,64,no_trace,1000,0.201,1.3926088964834247
1,64,exact_replay,1500,0.763,1.2046489481111171
1,64,eligibility_trace_raw,1500,0.388,1.3308390139760509
1,64,eligibility_trace_norm_matched,1500,0.386,1.3724688029958194
1,64,no_trace,1500,0.214,1.3917668794445457
1,64,exact_replay,2000,0.764,1.156972332237908
1,64,eligibility_trace_raw,2000,0.424,1.316289400440401
1,64,eligibility_trace_norm_matched,2000,0.424,1.3694726765293606
1,64,no_trace,2000,0.253,1.3868379213741164
1,64,exact_replay,2500,0.763,1.113805359070729
1,64,eligibility_trace_raw,2500,0.435,1.2971567309838343
1,64,eligibility_trace_norm_matched,2500,0.426,1.3649499009262982
1,64,no_trace,2500,0.253,1.385695669533955
1,64,exact_replay,3000,0.777,1.075615265470306
1,64,eligibility_trace_raw,3000,0.452,1.267752877254256
1,64,eligibility_trace_norm_matched,3000,0.444,1.3564117562396845
1,64,no_trace,3000,0.243,1.3867151268295441
1,64,batch_logistic,3000,0.922,0.254115207452021
2,1,exact_replay,500,0.698,1.3194596686179012
2,1,eligibility_trace_raw,500,0.326,1.3678584066567163
2,1,eligibility_trace_norm_matched,500,0.327,1.3813096290055318
2,1,no_trace,500,0.139,1.395073917007081
2,1,exact_replay,1000,0.728,1.259884713963706
2,1,eligibility_trace_raw,1000,0.361,1.332810209938561
2,1,eligibility_trace_norm_matched,1000,0.357,1.3726838511680215
2,1,no_trace,1000,0.147,1.3968057460179149
2,1,exact_replay,1500,0.723,1.2053395974511938
2,1,eligibility_trace_raw,1500,0.465,1.268207297552976
2,1,eligibility_trace_norm_matched,1500,0.456,1.35662613468915
2,1,no_trace,1500,0.172,1.3945866344539863
2,1,exact_replay,2000,0.751,1.1589208502420834
2,1,eligibility_trace_raw,2000,0.489,1.2462990967498448
2,1,eligibility_trace_norm_matched,2000,0.48,1.3492659178777353
2,1,no_trace,2000,0.197,1.3941738894021023
2,1,exact_replay,2500,0.742,1.1192477111852388
2,1,eligibility_trace_raw,2500,0.482,1.2207937046519086
2,1,eligibility_trace_norm_matched,2500,0.488,1.3393951957347048
2,1,no_trace,2500,0.236,1.3893020215083915
2,1,exact_replay,3000,0.748,1.0826100136163381
2,1,eligibility_trace_raw,3000,0.526,1.1733827895099462
2,1,eligibility_trace_norm_matched,3000,0.514,1.3273437281615177
2,1,no_trace,3000,0.205,1.3947669263903855
2,1,batch_logistic,3000,0.933,0.2527411323743162
2,4,exact_replay,500,0.698,1.3194344545285819
2,4,eligibility_trace_raw,500,0.312,1.3721109697296
2,4,eligibility_trace_norm_matched,500,0.315,1.3816493733063322
2,4,no_trace,500,0.231,1.3874415183745186
2,4,exact_replay,1000,0.727,1.2598430357483308
2,4,eligibility_trace_raw,1000,0.366,1.3384383211842914
2,4,eligibility_trace_norm_matched,1000,0.368,1.3738938341487088
2,4,no_trace,1000,0.207,1.3904868960931613
2,4,exact_replay,1500,0.723,1.2052887705932038
2,4,eligibility_trace_raw,1500,0.464,1.2714970588070125
2,4,eligibility_trace_norm_matched,1500,0.457,1.3581343664362377
2,4,no_trace,1500,0.237,1.387767293975857
2,4,exact_replay,2000,0.751,1.1588629815610716
2,4,eligibility_trace_raw,2000,0.482,1.2525597922467064
2,4,eligibility_trace_norm_matched,2000,0.48,1.3509196880728895
2,4,no_trace,2000,0.236,1.3875843280288818
2,4,exact_replay,2500,0.742,1.1191822009935346
2,4,eligibility_trace_raw,2500,0.477,1.2216092126979505
2,4,eligibility_trace_norm_matched,2500,0.485,1.3393008224660317
2,4,no_trace,2500,0.249,1.3864541869319342
2,4,exact_replay,3000,0.748,1.0825403912450446
2,4,eligibility_trace_raw,3000,0.515,1.1743964579414818
2,4,eligibility_trace_norm_matched,3000,0.518,1.3280653850740058
2,4,no_trace,3000,0.236,1.3882309480039565
2,4,batch_logistic,3000,0.933,0.2527411323743162
2,16,exact_replay,500,0.698,1.319332706644356
2,16,eligibility_trace_raw,500,0.285,1.3880021007564622
2,16,eligibility_trace_norm_matched,500,0.277,1.3855596382488462
2,16,no_trace,500,0.208,1.3900116366516198
2,16,exact_replay,1000,0.729,1.259671758419322
2,16,eligibility_trace_raw,1000,0.347,1.352894778786773
2,16,eligibility_trace_norm_matched,1000,0.325,1.3790113232482464
2,16,no_trace,1000,0.243,1.3880760641697065
2,16,exact_replay,1500,0.723,1.2050616441461828
2,16,eligibility_trace_raw,1500,0.427,1.2971097324411063
2,16,eligibility_trace_norm_matched,1500,0.419,1.3651599102509777
2,16,no_trace,1500,0.25,1.3883455836674612
2,16,exact_replay,2000,0.751,1.158610430939054
2,16,eligibility_trace_raw,2000,0.417,1.299407531723711
2,16,eligibility_trace_norm_matched,2000,0.414,1.3634270964504258
2,16,no_trace,2000,0.246,1.388572377435454
2,16,exact_replay,2500,0.742,1.1189090794135337
2,16,eligibility_trace_raw,2500,0.448,1.2728069079481392
2,16,eligibility_trace_norm_matched,2500,0.433,1.3562432717193398
2,16,no_trace,2500,0.202,1.3948608253320658
2,16,exact_replay,3000,0.748,1.0822541394497347
2,16,eligibility_trace_raw,3000,0.479,1.2328440760519292
2,16,eligibility_trace_norm_matched,3000,0.47,1.3471628154765503
2,16,no_trace,3000,0.201,1.3935460394457557
2,16,batch_logistic,3000,0.933,0.2527411323743162
2,64,exact_replay,500,0.699,1.3189658131951316
2,64,eligibility_trace_raw,500,0.171,1.4344969510675811
2,64,eligibility_trace_norm_matched,500,0.17,1.3959562870044402
2,64,no_trace,500,0.203,1.3887341515445286
2,64,exact_replay,1000,0.729,1.259016448160626
2,64,eligibility_trace_raw,1000,0.171,1.4554828110227924
2,64,eligibility_trace_norm_matched,1000,0.167,1.3990378284666936
2,64,no_trace,1000,0.232,1.3876294459306646
2,64,exact_replay,1500,0.723,1.2041784668975397
2,64,eligibility_trace_raw,1500,0.215,1.4413620130272387
2,64,eligibility_trace_norm_matched,1500,0.209,1.3935055472895552
2,64,no_trace,1500,0.247,1.38675128718818
2,64,exact_replay,2000,0.75,1.1576018344466588
2,64,eligibility_trace_raw,2000,0.226,1.4375018052591482
2,64,eligibility_trace_norm_matched,2000,0.222,1.3915503127388409
2,64,no_trace,2000,0.229,1.3899178901627356
2,64,exact_replay,2500,0.74,1.1178202329648648
2,64,eligibility_trace_raw,2500,0.248,1.4276343443829282
2,64,eligibility_trace_norm_matched,2500,0.248,1.3896626522026905
2,64,no_trace,2500,0.189,1.3948875959951765
2,64,exact_replay,3000,0.748,1.081108468622945
2,64,eligibility_trace_raw,3000,0.29,1.392563118986517
2,64,eligibility_trace_norm_matched,3000,0.287,1.3810388260995015
2,64,no_trace,3000,0.17,1.3958566515479895
2,64,batch_logistic,3000,0.933,0.2527411323743162
3,1,exact_replay,500,0.769,1.311899158240048
3,1,eligibility_trace_raw,500,0.446,1.2971942054865762
3,1,eligibility_trace_norm_matched,500,0.445,1.3654872112390946
3,1,no_trace,500,0.379,1.379478932858928
3,1,exact_replay,1000,0.757,1.2428425033349375
3,1,eligibility_trace_raw,1000,0.49,1.2554005703969802
3,1,eligibility_trace_norm_matched,1000,0.482,1.3551087216447746
3,1,no_trace,1000,0.333,1.378289408811529
3,1,exact_replay,1500,0.753,1.1838347849432433
3,1,eligibility_trace_raw,1500,0.539,1.1888797874607504
3,1,eligibility_trace_norm_matched,1500,0.535,1.3362493850374728
3,1,no_trace,1500,0.318,1.3793835234554899
3,1,exact_replay,2000,0.76,1.1306076351623409
3,1,eligibility_trace_raw,2000,0.529,1.1434783657602838
3,1,eligibility_trace_norm_matched,2000,0.516,1.3164233958576346
3,1,no_trace,2000,0.35,1.3766893518537604
3,1,exact_replay,2500,0.765,1.0842378861194633
3,1,eligibility_trace_raw,2500,0.572,1.0979923886523224
3,1,eligibility_trace_norm_matched,2500,0.557,1.3027989561427211
3,1,no_trace,2500,0.364,1.3752184029527192
3,1,exact_replay,3000,0.775,1.0450439771101787
3,1,eligibility_trace_raw,3000,0.584,1.0584886333310946
3,1,eligibility_trace_norm_matched,3000,0.567,1.2846881819933456
3,1,no_trace,3000,0.32,1.3778453443004701
3,1,batch_logistic,3000,0.919,0.24510783075306658
3,4,exact_replay,500,0.769,1.3118768249217265
3,4,eligibility_trace_raw,500,0.45,1.2986998529869698
3,4,eligibility_trace_norm_matched,500,0.444,1.3660031722410826
3,4,no_trace,500,0.339,1.382248478101238
3,4,exact_replay,1000,0.757,1.2427979218401224
3,4,eligibility_trace_raw,1000,0.485,1.2582476506461107
3,4,eligibility_trace_norm_matched,1000,0.472,1.356081569703033
3,4,no_trace,1000,0.394,1.3777214345186457
3,4,exact_replay,1500,0.753,1.183777868420693
3,4,eligibility_trace_raw,1500,0.529,1.1954306464209825
3,4,eligibility_trace_norm_matched,1500,0.514,1.3373103043667838
3,4,no_trace,1500,0.362,1.3765420010292073
3,4,exact_replay,2000,0.76,1.130541079875822
3,4,eligibility_trace_raw,2000,0.528,1.152836429148064
3,4,eligibility_trace_norm_matched,2000,0.514,1.3188831524961682
3,4,no_trace,2000,0.328,1.3784234682964334
3,4,exact_replay,2500,0.765,1.0841627466222281
3,4,eligibility_trace_raw,2500,0.562,1.111900604443385
3,4,eligibility_trace_norm_matched,2500,0.554,1.3065602110307841
3,4,no_trace,2500,0.323,1.377988951291022
3,4,exact_replay,3000,0.775,1.044969175376854
3,4,eligibility_trace_raw,3000,0.563,1.074877421303029
3,4,eligibility_trace_norm_matched,3000,0.556,1.289298536890441
3,4,no_trace,3000,0.342,1.3745488969549893
3,4,batch_logistic,3000,0.919,0.24510783075306658
3,16,exact_replay,500,0.769,1.3117680782403052
3,16,eligibility_trace_raw,500,0.434,1.306802563069536
3,16,eligibility_trace_norm_matched,500,0.432,1.3676192103218205
3,16,no_trace,500,0.204,1.388004198476462
3,16,exact_replay,1000,0.757,1.2426023859825561
3,16,eligibility_trace_raw,1000,0.468,1.2675869477910495
3,16,eligibility_trace_norm_matched,1000,0.458,1.358565228958562
3,16,no_trace,1000,0.24,1.3883170273066372
3,16,exact_replay,1500,0.752,1.183528602981125
3,16,eligibility_trace_raw,1500,0.526,1.2122642693962238
3,16,eligibility_trace_norm_matched,1500,0.512,1.3423010668744881
3,16,no_trace,1500,0.243,1.388556038344038
3,16,exact_replay,2000,0.76,1.1302553584825832
3,16,eligibility_trace_raw,2000,0.515,1.1705196671762914
3,16,eligibility_trace_norm_matched,2000,0.503,1.3244658701558925
3,16,no_trace,2000,0.282,1.3838507983215296
3,16,exact_replay,2500,0.765,1.08384892050183
3,16,eligibility_trace_raw,2500,0.539,1.140213370194384
3,16,eligibility_trace_norm_matched,2500,0.525,1.3152839286224498
3,16,no_trace,2500,0.289,1.3829029875381742
3,16,exact_replay,3000,0.775,1.0446461795334339
3,16,eligibility_trace_raw,3000,0.549,1.099632549245975
3,16,eligibility_trace_norm_matched,3000,0.549,1.2987944417676376
3,16,no_trace,3000,0.344,1.375126421905913
3,16,batch_logistic,3000,0.919,0.24510783075306658
3,64,exact_replay,500,0.766,1.311340597443368
3,64,eligibility_trace_raw,500,0.233,1.3990829589460911
3,64,eligibility_trace_norm_matched,500,0.233,1.3856128991195216
3,64,no_trace,500,0.225,1.3867337092414265
3,64,exact_replay,1000,0.757,1.2418297500411568
3,64,eligibility_trace_raw,1000,0.272,1.3926733735354069
3,64,eligibility_trace_norm_matched,1000,0.276,1.383040279993379
3,64,no_trace,1000,0.271,1.3862645467537178
3,64,exact_replay,1500,0.75,1.1825208542006453
3,64,eligibility_trace_raw,1500,0.313,1.3678877973944303
3,64,eligibility_trace_norm_matched,1500,0.318,1.3760518676836018
3,64,no_trace,1500,0.31,1.3815464969961513
3,64,exact_replay,2000,0.76,1.1290694910889834
3,64,eligibility_trace_raw,2000,0.305,1.3676394161253231
3,64,eligibility_trace_norm_matched,2000,0.319,1.370664908720834
3,64,no_trace,2000,0.306,1.3817812734630945
3,64,exact_replay,2500,0.765,1.0825597678522523
3,64,eligibility_trace_raw,2500,0.317,1.3658741037927111
3,64,eligibility_trace_norm_matched,2500,0.319,1.3676383169666795
3,64,no_trace,2500,0.279,1.3828165429398622
3,64,exact_replay,3000,0.774,1.0433034838401323
3,64,eligibility_trace_raw,3000,0.342,1.3374209265197632
3,64,eligibility_trace_norm_matched,3000,0.357,1.3585143876651486
3,64,no_trace,3000,0.331,1.3765530850129617
3,64,batch_logistic,3000,0.919,0.24510783075306658
4,1,exact_replay,500,0.693,1.3222296319822522
4,1,eligibility_trace_raw,500,0.512,1.3051898630837035
4,1,eligibility_trace_norm_matched,500,0.502,1.3699909417567648
4,1,no_trace,500,0.321,1.3823690988459567
4,1,exact_replay,1000,0.702,1.2607729593389743
4,1,eligibility_trace_raw,1000,0.535,1.2457068254861665
4,1,eligibility_trace_norm_matched,1000,0.524,1.354211885469957
4,1,no_trace,1000,0.301,1.380038590345836
4,1,exact_replay,1500,0.722,1.2068493647376675
4,1,eligibility_trace_raw,1500,0.565,1.200794173028035
4,1,eligibility_trace_norm_matched,1500,0.57,1.3410496237434872
4,1,no_trace,1500,0.29,1.3783123494885159
4,1,exact_replay,2000,0.728,1.1557786749261452
4,1,eligibility_trace_raw,2000,0.578,1.1676711592892262
4,1,eligibility_trace_norm_matched,2000,0.572,1.3310644194771035
4,1,no_trace,2000,0.255,1.3829432476036285
4,1,exact_replay,2500,0.726,1.112789450129381
4,1,eligibility_trace_raw,2500,0.636,1.1134466819692421
4,1,eligibility_trace_norm_matched,2500,0.612,1.3157901254257762
4,1,no_trace,2500,0.295,1.3782179808909585
4,1,exact_replay,3000,0.732,1.0743289220899468
4,1,eligibility_trace_raw,3000,0.651,1.0721684281327064
4,1,eligibility_trace_norm_matched,3000,0.64,1.3026313291769729
4,1,no_trace,3000,0.316,1.3736187338571775
4,1,batch_logistic,3000,0.928,0.24976839180372606
4,4,exact_replay,500,0.693,1.3222064588813818
4,4,eligibility_trace_raw,500,0.514,1.3072445967448778
4,4,eligibility_trace_norm_matched,500,0.502,1.3701802933613803
4,4,no_trace,500,0.358,1.3809397477273238
4,4,exact_replay,1000,0.701,1.2607273027259798
4,4,eligibility_trace_raw,1000,0.508,1.2565831900358289
4,4,eligibility_trace_norm_matched,1000,0.502,1.3565136930794874
4,4,no_trace,1000,0.231,1.3893026208750539
4,4,exact_replay,1500,0.722,1.2067869620819334
4,4,eligibility_trace_raw,1500,0.559,1.2076458311687384
4,4,eligibility_trace_norm_matched,1500,0.565,1.3428301148682658
4,4,no_trace,1500,0.254,1.3863032305650551
4,4,exact_replay,2000,0.728,1.1557077057723955
4,4,eligibility_trace_raw,2000,0.576,1.1689214584914234
4,4,eligibility_trace_norm_matched,2000,0.575,1.3309544828814996
4,4,no_trace,2000,0.333,1.3786389271638666
4,4,exact_replay,2500,0.726,1.112714592806559
4,4,eligibility_trace_raw,2500,0.619,1.114571643390368
4,4,eligibility_trace_norm_matched,2500,0.605,1.3152010920539345
4,4,no_trace,2500,0.349,1.3764421177623636
4,4,exact_replay,3000,0.732,1.0742513230757436
4,4,eligibility_trace_raw,3000,0.636,1.0803371116751141
4,4,eligibility_trace_norm_matched,3000,0.614,1.304147732814543
4,4,no_trace,3000,0.328,1.3791076992034232
4,4,batch_logistic,3000,0.928,0.24976839180372606
4,16,exact_replay,500,0.693,1.3221208533152828
4,16,eligibility_trace_raw,500,0.389,1.3399241491645684
4,16,eligibility_trace_norm_matched,500,0.389,1.3768220142404677
4,16,no_trace,500,0.177,1.3914651577348276
4,16,exact_replay,1000,0.701,1.260571906505342
4,16,eligibility_trace_raw,1000,0.483,1.2817999351980305
4,16,eligibility_trace_norm_matched,1000,0.485,1.362743265892589
4,16,no_trace,1000,0.226,1.3882926700340614
4,16,exact_replay,1500,0.722,1.2065752588765009
4,16,eligibility_trace_raw,1500,0.55,1.229407599557959
4,16,eligibility_trace_norm_matched,1500,0.547,1.348891979575039
4,16,no_trace,1500,0.234,1.389007230648121
4,16,exact_replay,2000,0.727,1.1554444165353661
4,16,eligibility_trace_raw,2000,0.572,1.2008560638595311
4,16,eligibility_trace_norm_matched,2000,0.564,1.3400867057872439
4,16,no_trace,2000,0.274,1.3847639274063017
4,16,exact_replay,2500,0.726,1.112428552001854
4,16,eligibility_trace_raw,2500,0.583,1.1547168650188002
4,16,eligibility_trace_norm_matched,2500,0.571,1.32759730110179
4,16,no_trace,2500,0.295,1.3806632459980555
4,16,exact_replay,3000,0.732,1.073946452586205
4,16,eligibility_trace_raw,3000,0.597,1.1272580116578348
4,16,eligibility_trace_norm_matched,3000,0.584,1.3188648615379739
4,16,no_trace,3000,0.244,1.3880414997081791
4,16,batch_logistic,3000,0.928,0.24976839180372606
4,64,exact_replay,500,0.692,1.3217997210290726
4,64,eligibility_trace_raw,500,0.224,1.3953557732019193
4,64,eligibility_trace_norm_matched,500,0.223,1.387594714775908
4,64,no_trace,500,0.279,1.3848992102514046
4,64,exact_replay,1000,0.701,1.2599522507435217
4,64,eligibility_trace_raw,1000,0.281,1.3745359158830794
4,64,eligibility_trace_norm_matched,1000,0.288,1.3827739406649735
4,64,no_trace,1000,0.264,1.3860464078391457
4,64,exact_replay,1500,0.721,1.2057412119010527
4,64,eligibility_trace_raw,1500,0.286,1.3604497496947323
4,64,eligibility_trace_norm_matched,1500,0.288,1.3758448659112799
4,64,no_trace,1500,0.302,1.3827002343278145
4,64,exact_replay,2000,0.727,1.154428295769359
4,64,eligibility_trace_raw,2000,0.259,1.3912216662102974
4,64,eligibility_trace_norm_matched,2000,0.269,1.3809166380120013
4,64,no_trace,2000,0.281,1.3860307398141203
4,64,exact_replay,2500,0.726,1.1113165701622107
4,64,eligibility_trace_raw,2500,0.307,1.358138410750191
4,64,eligibility_trace_norm_matched,2500,0.311,1.3758417085307302
4,64,no_trace,2500,0.291,1.3838861089768033
4,64,exact_replay,3000,0.73,1.072777158460206
4,64,eligibility_trace_raw,3000,0.339,1.33894755790821
4,64,eligibility_trace_norm_matched,3000,0.351,1.3686768158742084
4,64,no_trace,3000,0.28,1.3860952018381605
4,64,batch_logistic,3000,0.928,0.24976839180372606
5,1,exact_replay,500,0.713,1.311416538985369
5,1,eligibility_trace_raw,500,0.447,1.3101931821848798
5,1,eligibility_trace_norm_matched,500,0.451,1.3687295568510796
5,1,no_trace,500,0.266,1.3856028600623373
5,1,exact_replay,1000,0.739,1.247309873747858
5,1,eligibility_trace_raw,1000,0.506,1.2345531124475253
5,1,eligibility_trace_norm_matched,1000,0.523,1.3496700321295727
5,1,no_trace,1000,0.254,1.3871503970687256
5,1,exact_replay,1500,0.751,1.1918495834415144
5,1,eligibility_trace_raw,1500,0.55,1.1756893061671534
5,1,eligibility_trace_norm_matched,1500,0.558,1.3324686123456393
5,1,no_trace,1500,0.218,1.3904170668014908
5,1,exact_replay,2000,0.766,1.1431959725151828
5,1,eligibility_trace_raw,2000,0.595,1.123596211493161
5,1,eligibility_trace_norm_matched,2000,0.598,1.3179478402638043
5,1,no_trace,2000,0.263,1.3864292096280528
5,1,exact_replay,2500,0.764,1.0961407642592058
5,1,eligibility_trace_raw,2500,0.609,1.0892832222910087
5,1,eligibility_trace_norm_matched,2500,0.613,1.3052386385952777
5,1,no_trace,2500,0.215,1.3929003457396048
5,1,exact_replay,3000,0.766,1.0542649746202226
5,1,eligibility_trace_raw,3000,0.619,1.052678020962385
5,1,eligibility_trace_norm_matched,3000,0.617,1.2907333120513158
5,1,no_trace,3000,0.223,1.3930864632533584
5,1,batch_logistic,3000,0.921,0.2418122260494558
5,4,exact_replay,500,0.713,1.3113916729203283
5,4,eligibility_trace_raw,500,0.409,1.324465696085031
5,4,eligibility_trace_norm_matched,500,0.412,1.3720547199594353
5,4,no_trace,500,0.207,1.3896731671852367
5,4,exact_replay,1000,0.739,1.2472662146540001
5,4,eligibility_trace_raw,1000,0.482,1.2513156501471019
5,4,eligibility_trace_norm_matched,1000,0.483,1.3539614394428947
5,4,no_trace,1000,0.219,1.3891287828219023
5,4,exact_replay,1500,0.751,1.1917898559220497
5,4,eligibility_trace_raw,1500,0.533,1.1917872977516961
5,4,eligibility_trace_norm_matched,1500,0.535,1.3374598181520132
5,4,no_trace,1500,0.22,1.3892494580771693
5,4,exact_replay,2000,0.766,1.1431269606074024
5,4,eligibility_trace_raw,2000,0.577,1.141076022619172
5,4,eligibility_trace_norm_matched,2000,0.58,1.3238615391717605
5,4,no_trace,2000,0.211,1.3915208413896454
5,4,exact_replay,2500,0.764,1.0960657770459072
5,4,eligibility_trace_raw,2500,0.594,1.1104742155821485
5,4,eligibility_trace_norm_matched,2500,0.595,1.312898402211024
5,4,no_trace,2500,0.195,1.3944758409766342
5,4,exact_replay,3000,0.766,1.0541839946868359
5,4,eligibility_trace_raw,3000,0.61,1.0707486995665185
5,4,eligibility_trace_norm_matched,3000,0.607,1.298232703472799
5,4,no_trace,3000,0.24,1.393528082782623
5,4,batch_logistic,3000,0.921,0.2418122260494558
5,16,exact_replay,500,0.713,1.3112823594106693
5,16,eligibility_trace_raw,500,0.37,1.3442607755027787
5,16,eligibility_trace_norm_matched,500,0.367,1.3769317579451978
5,16,no_trace,500,0.166,1.3934520886913162
5,16,exact_replay,1000,0.739,1.2470785551148311
5,16,eligibility_trace_raw,1000,0.43,1.281820824034992
5,16,eligibility_trace_norm_matched,1000,0.423,1.361156990031337
5,16,no_trace,1000,0.147,1.3980954956171727
5,16,exact_replay,1500,0.751,1.1915516690060344
5,16,eligibility_trace_raw,1500,0.488,1.2268052651389427
5,16,eligibility_trace_norm_matched,1500,0.487,1.3461116949807193
5,16,no_trace,1500,0.163,1.3967164863721
5,16,exact_replay,2000,0.767,1.142852273181301
5,16,eligibility_trace_raw,2000,0.507,1.1896463496899987
5,16,eligibility_trace_norm_matched,2000,0.505,1.3368919577180418
5,16,no_trace,2000,0.195,1.3986293358662794
5,16,exact_replay,2500,0.764,1.0957700865763682
5,16,eligibility_trace_raw,2500,0.525,1.170084668504182
5,16,eligibility_trace_norm_matched,2500,0.525,1.32970334933028
5,16,no_trace,2500,0.188,1.4007452728623653
5,16,exact_replay,3000,0.766,1.0538753640758907
5,16,eligibility_trace_raw,3000,0.534,1.1350271185480174
5,16,eligibility_trace_norm_matched,3000,0.535,1.3181979869324214
5,16,no_trace,3000,0.189,1.4028482175777552
5,16,batch_logistic,3000,0.921,0.2418122260494558
5,64,exact_replay,500,0.713,1.3108639311292678
5,64,eligibility_trace_raw,500,0.379,1.3425354840897772
5,64,eligibility_trace_norm_matched,500,0.374,1.3772740266959915
5,64,no_trace,500,0.247,1.3877841991646929
5,64,exact_replay,1000,0.738,1.246351572843794
5,64,eligibility_trace_raw,1000,0.405,1.297462036271453
5,64,eligibility_trace_norm_matched,1000,0.405,1.3654199582261703
5,64,no_trace,1000,0.206,1.391384679054297
5,64,exact_replay,1500,0.751,1.1906218711650622
5,64,eligibility_trace_raw,1500,0.419,1.2745233789494477
5,64,eligibility_trace_norm_matched,1500,0.416,1.3581255334807651
5,64,no_trace,1500,0.234,1.3900230469855364
5,64,exact_replay,2000,0.766,1.1417893369632055
5,64,eligibility_trace_raw,2000,0.426,1.2661987579336573
5,64,eligibility_trace_norm_matched,2000,0.426,1.3550557425200531
5,64,no_trace,2000,0.242,1.387695698199603
5,64,exact_replay,2500,0.763,1.0945856642583367
5,64,eligibility_trace_raw,2500,0.433,1.2591971893768743
5,64,eligibility_trace_norm_matched,2500,0.43,1.351667298651735
5,64,no_trace,2500,0.237,1.3886431849875205
5,64,exact_replay,3000,0.765,1.0526106329146838
5,64,eligibility_trace_raw,3000,0.457,1.2208060845466806
5,64,eligibility_trace_norm_matched,3000,0.453,1.34118905323646
5,64,no_trace,3000,0.221,1.3895064875414764
5,64,batch_logistic,3000,0.921,0.2418122260494558
6,1,exact_replay,500,0.729,1.3100124029746454
6,1,eligibility_trace_raw,500,0.489,1.3143455002188507
6,1,eligibility_trace_norm_matched,500,0.499,1.370273657351586
6,1,no_trace,500,0.202,1.3879867087576225
6,1,exact_replay,1000,0.759,1.2439262584495883
6,1,eligibility_trace_raw,1000,0.565,1.2380473911565026
6,1,eligibility_trace_norm_matched,1000,0.562,1.3514445481003063
6,1,no_trace,1000,0.279,1.3837149884431215
6,1,exact_replay,1500,0.766,1.1874881715282217
6,1,eligibility_trace_raw,1500,0.568,1.1985888458829104
6,1,eligibility_trace_norm_matched,1500,0.559,1.3415603450454556
6,1,no_trace,1500,0.28,1.3841456687529303
6,1,exact_replay,2000,0.775,1.1355057209396187
6,1,eligibility_trace_raw,2000,0.617,1.1298734332799067
6,1,eligibility_trace_norm_matched,2000,0.619,1.3198093116740721
6,1,no_trace,2000,0.263,1.3836586208479302
6,1,exact_replay,2500,0.777,1.0922451011529806
6,1,eligibility_trace_raw,2500,0.606,1.0925250696931244
6,1,eligibility_trace_norm_matched,2500,0.594,1.3043668688535657
6,1,no_trace,2500,0.282,1.3822442538170245
6,1,exact_replay,3000,0.776,1.052437908736553
6,1,eligibility_trace_raw,3000,0.626,1.0429103959403085
6,1,eligibility_trace_norm_matched,3000,0.618,1.285677306544246
6,1,no_trace,3000,0.296,1.3814354364715526
6,1,batch_logistic,3000,0.934,0.23824579520054218
6,4,exact_replay,500,0.729,1.3099797141617375
6,4,eligibility_trace_raw,500,0.471,1.3195028443338574
6,4,eligibility_trace_norm_matched,500,0.47,1.3718680285585958
6,4,no_trace,500,0.252,1.3878075165407389
6,4,exact_replay,1000,0.759,1.2438730916486034
6,4,eligibility_trace_raw,1000,0.537,1.2456369445519648
6,4,eligibility_trace_norm_matched,1000,0.525,1.353196127271354
6,4,no_trace,1000,0.3,1.3845586480854517
6,4,exact_replay,1500,0.766,1.1874203660070755
6,4,eligibility_trace_raw,1500,0.556,1.2102259340322556
6,4,eligibility_trace_norm_matched,1500,0.555,1.3444222877455405
6,4,no_trace,1500,0.259,1.3885152617175567
6,4,exact_replay,2000,0.775,1.1354293437838119
6,4,eligibility_trace_raw,2000,0.602,1.1441597417330118
6,4,eligibility_trace_norm_matched,2000,0.599,1.3240577172145904
6,4,no_trace,2000,0.223,1.3921891729405493
6,4,exact_replay,2500,0.777,1.0921621977927203
6,4,eligibility_trace_raw,2500,0.606,1.1057715130001984
6,4,eligibility_trace_norm_matched,2500,0.593,1.3092322988369447
6,4,no_trace,2500,0.234,1.3904399477391824
6,4,exact_replay,3000,0.776,1.052349460454233
6,4,eligibility_trace_raw,3000,0.623,1.051109978667534
6,4,eligibility_trace_norm_matched,3000,0.618,1.289122638696194
6,4,no_trace,3000,0.251,1.3874577743310914
6,4,batch_logistic,3000,0.934,0.23824579520054218
6,16,exact_replay,500,0.729,1.3098733435617695
6,16,eligibility_trace_raw,500,0.44,1.3292437482570727
6,16,eligibility_trace_norm_matched,500,0.444,1.373358504923416
6,16,no_trace,500,0.271,1.3855484079456755
6,16,exact_replay,1000,0.759,1.2436869976524172
6,16,eligibility_trace_raw,1000,0.529,1.2634604945591221
6,16,eligibility_trace_norm_matched,1000,0.534,1.3566934320242428
6,16,no_trace,1000,0.234,1.3879032282666481
6,16,exact_replay,1500,0.766,1.1871849392738227
6,16,eligibility_trace_raw,1500,0.556,1.2331944226857117
6,16,eligibility_trace_norm_matched,1500,0.548,1.3495243747845906
6,16,no_trace,1500,0.225,1.390159267232927
6,16,exact_replay,2000,0.775,1.1351492713707134
6,16,eligibility_trace_raw,2000,0.604,1.1721991819034165
6,16,eligibility_trace_norm_matched,2000,0.595,1.3310688735350913
6,16,no_trace,2000,0.202,1.3913292405006306
6,16,exact_replay,2500,0.776,1.0918628783092077
6,16,eligibility_trace_raw,2500,0.598,1.134916270401617
6,16,eligibility_trace_norm_matched,2500,0.594,1.3177182333915671
6,16,no_trace,2500,0.236,1.3892246757116897
6,16,exact_replay,3000,0.776,1.052030417472237
6,16,eligibility_trace_raw,3000,0.607,1.0842218844418903
6,16,eligibility_trace_norm_matched,3000,0.598,1.3010651757046503
6,16,no_trace,3000,0.214,1.3918348086440862
6,16,batch_logistic,3000,0.934,0.23824579520054218
6,64,exact_replay,500,0.729,1.3094404593627074
6,64,eligibility_trace_raw,500,0.342,1.3599147557154756
6,64,eligibility_trace_norm_matched,500,0.347,1.3793251211129014
6,64,no_trace,500,0.233,1.3875220752998385
6,64,exact_replay,1000,0.759,1.2429092884650657
6,64,eligibility_trace_raw,1000,0.319,1.3596270139189992
6,64,eligibility_trace_norm_matched,1000,0.325,1.3771870412248624
6,64,no_trace,1000,0.253,1.3847867770791598
6,64,exact_replay,1500,0.767,1.186173823814267
6,64,eligibility_trace_raw,1500,0.294,1.3733067960906984
6,64,eligibility_trace_norm_matched,1500,0.305,1.378684276238203
6,64,no_trace,1500,0.218,1.3892111090419934
6,64,exact_replay,2000,0.774,1.1339455188169139
6,64,eligibility_trace_raw,2000,0.383,1.3110513859694355
6,64,eligibility_trace_norm_matched,2000,0.394,1.3634754541599987
6,64,no_trace,2000,0.243,1.3847194227175565
6,64,exact_replay,2500,0.774,1.0905957321030324
6,64,eligibility_trace_raw,2500,0.404,1.304502550941195
6,64,eligibility_trace_norm_matched,2500,0.418,1.3600634159462002
6,64,no_trace,2500,0.249,1.3881237800194424
6,64,exact_replay,3000,0.776,1.050713344807264
6,64,eligibility_trace_raw,3000,0.452,1.25088076849121
6,64,eligibility_trace_norm_matched,3000,0.46,1.3447149149011295
6,64,no_trace,3000,0.287,1.3788156274290346
6,64,batch_logistic,3000,0.934,0.23824579520054218
7,1,exact_replay,500,0.744,1.310683079848435
7,1,eligibility_trace_raw,500,0.414,1.3231835564529106
7,1,eligibility_trace_norm_matched,500,0.421,1.3713804780274759
7,1,no_trace,500,0.367,1.3798616655371856
7,1,exact_replay,1000,0.751,1.2448535915738794
7,1,eligibility_trace_raw,1000,0.485,1.287770917072067
7,1,eligibility_trace_norm_matched,1000,0.488,1.3628051458280557
7,1,no_trace,1000,0.289,1.3843141651106305
7,1,exact_replay,1500,0.775,1.1854633701502342
7,1,eligibility_trace_raw,1500,0.533,1.2058611131280474
7,1,eligibility_trace_norm_matched,1500,0.539,1.34073993575652
7,1,no_trace,1500,0.354,1.377815826812588
7,1,exact_replay,2000,0.774,1.1343331200474094
7,1,eligibility_trace_raw,2000,0.562,1.1641418959712113
7,1,eligibility_trace_norm_matched,2000,0.566,1.3291189455742738
7,1,no_trace,2000,0.327,1.3788023225435813
7,1,exact_replay,2500,0.778,1.0865002407415727
7,1,eligibility_trace_raw,2500,0.58,1.1251271486991592
7,1,eligibility_trace_norm_matched,2500,0.578,1.3167847123591345
7,1,no_trace,2500,0.261,1.3868558947761542
7,1,exact_replay,3000,0.783,1.0447837017067667
7,1,eligibility_trace_raw,3000,0.656,1.0711772316957835
7,1,eligibility_trace_norm_matched,3000,0.636,1.3018388632280822
7,1,no_trace,3000,0.303,1.379302929025173
7,1,batch_logistic,3000,0.921,0.23801799416493252
7,4,exact_replay,500,0.744,1.3106603004390027
7,4,eligibility_trace_raw,500,0.395,1.3313105958869533
7,4,eligibility_trace_norm_matched,500,0.407,1.372800047373893
7,4,no_trace,500,0.278,1.3858021431080978
7,4,exact_replay,1000,0.751,1.2448089903947388
7,4,eligibility_trace_raw,1000,0.438,1.3000500753247757
7,4,eligibility_trace_norm_matched,1000,0.446,1.3649314909784342
7,4,no_trace,1000,0.273,1.3866348660815446
7,4,exact_replay,1500,0.775,1.185403631970776
7,4,eligibility_trace_raw,1500,0.508,1.221353665895361
7,4,eligibility_trace_norm_matched,1500,0.494,1.343535925765214
7,4,no_trace,1500,0.259,1.387902079358795
7,4,exact_replay,2000,0.774,1.134265280874883
7,4,eligibility_trace_raw,2000,0.546,1.1823752575305597
7,4,eligibility_trace_norm_matched,2000,0.539,1.333211947684091
7,4,no_trace,2000,0.228,1.3904737898725785
7,4,exact_replay,2500,0.778,1.0864246352224878
7,4,eligibility_trace_raw,2500,0.572,1.1439871918722597
7,4,eligibility_trace_norm_matched,2500,0.567,1.3213336331792462
7,4,no_trace,2500,0.214,1.3912325098484513
7,4,exact_replay,3000,0.783,1.0447032593134382
7,4,eligibility_trace_raw,3000,0.63,1.0903451793975987
7,4,eligibility_trace_norm_matched,3000,0.617,1.3071133552067187
7,4,no_trace,3000,0.226,1.3898555664723526
7,4,batch_logistic,3000,0.921,0.23801799416493252
7,16,exact_replay,500,0.743,1.310550206243513
7,16,eligibility_trace_raw,500,0.369,1.3492995221528596
7,16,eligibility_trace_norm_matched,500,0.381,1.3767001392580458
7,16,no_trace,500,0.185,1.3900613277545562
7,16,exact_replay,1000,0.751,1.2446193201452143
7,16,eligibility_trace_raw,1000,0.398,1.3232213919697526
7,16,eligibility_trace_norm_matched,1000,0.405,1.3704585751147655
7,16,no_trace,1000,0.152,1.3959126790123597
7,16,exact_replay,1500,0.774,1.1851431460209734
7,16,eligibility_trace_raw,1500,0.468,1.2434074548932998
7,16,eligibility_trace_norm_matched,1500,0.46,1.3506802543422531
7,16,no_trace,1500,0.177,1.3930463001282505
7,16,exact_replay,2000,0.774,1.1339666206671892
7,16,eligibility_trace_raw,2000,0.504,1.2067358800984533
7,16,eligibility_trace_norm_matched,2000,0.493,1.33975438648426
7,16,no_trace,2000,0.216,1.3886588329132952
7,16,exact_replay,2500,0.778,1.0861054760689195
7,16,eligibility_trace_raw,2500,0.533,1.1714669297734994
7,16,eligibility_trace_norm_matched,2500,0.517,1.3302142670060848
7,16,no_trace,2500,0.188,1.3933498156383466
7,16,exact_replay,3000,0.784,1.044369357126025
7,16,eligibility_trace_raw,3000,0.599,1.133536381051494
7,16,eligibility_trace_norm_matched,3000,0.568,1.320735090917265
7,16,no_trace,3000,0.195,1.3972285495023635
7,16,batch_logistic,3000,0.921,0.23801799416493252
7,64,exact_replay,500,0.744,1.3101478847020835
7,64,eligibility_trace_raw,500,0.35,1.3612767245934367
7,64,eligibility_trace_norm_matched,500,0.344,1.3810632122519457
7,64,no_trace,500,0.319,1.3828309981185702
7,64,exact_replay,1000,0.751,1.2438597684450121
7,64,eligibility_trace_raw,1000,0.263,1.3888859294768012
7,64,eligibility_trace_norm_matched,1000,0.262,1.385719888240901
7,64,no_trace,1000,0.274,1.3844911035382594
7,64,exact_replay,1500,0.772,1.1841386334939021
7,64,eligibility_trace_raw,1500,0.355,1.333754170680774
7,64,eligibility_trace_norm_matched,1500,0.366,1.3732817867548524
7,64,no_trace,1500,0.262,1.384968116173932
7,64,exact_replay,2000,0.774,1.1328288418889187
7,64,eligibility_trace_raw,2000,0.398,1.3059679551017185
7,64,eligibility_trace_norm_matched,2000,0.398,1.3670183061783219
7,64,no_trace,2000,0.238,1.3866385635812468
7,64,exact_replay,2500,0.777,1.0848564778812624
7,64,eligibility_trace_raw,2500,0.38,1.3146564082999639
7,64,eligibility_trace_norm_matched,2500,0.369,1.3670940143797148
7,64,no_trace,2500,0.264,1.3840536046111787
7,64,exact_replay,3000,0.783,1.0430490032218145
7,64,eligibility_trace_raw,3000,0.412,1.2795201934220932
7,64,eligibility_trace_norm_matched,3000,0.412,1.3578262373612129
7,64,no_trace,3000,0.269,1.3845836357264365
7,64,batch_logistic,3000,0.921,0.23801799416493252
8,1,exact_replay,500,0.703,1.3172415586994017
8,1,eligibility_trace_raw,500,0.502,1.3099346372369423
8,1,eligibility_trace_norm_matched,500,0.505,1.3684375642058713
8,1,no_trace,500,0.281,1.3847717448844488
8,1,exact_replay,1000,0.718,1.2539766225384947
8,1,eligibility_trace_raw,1000,0.533,1.234745048145456
8,1,eligibility_trace_norm_matched,1000,0.523,1.3491243083041846
8,1,no_trace,1000,0.275,1.3832025692838124
8,1,exact_replay,1500,0.732,1.1996726806161755
8,1,eligibility_trace_raw,1500,0.553,1.1524235970795094
8,1,eligibility_trace_norm_matched,1500,0.55,1.3265604272717977
8,1,no_trace,1500,0.27,1.3821506930604517
8,1,exact_replay,2000,0.742,1.1521017656176094
8,1,eligibility_trace_raw,2000,0.579,1.1098567208527361
8,1,eligibility_trace_norm_matched,2000,0.571,1.3117027172277804
8,1,no_trace,2000,0.254,1.3855231759271938
8,1,exact_replay,2500,0.737,1.1112215460360242
8,1,eligibility_trace_raw,2500,0.61,1.0877413965110938
8,1,eligibility_trace_norm_matched,2500,0.594,1.30305846553674
8,1,no_trace,2500,0.249,1.384023336063301
8,1,exact_replay,3000,0.733,1.075813056109319
8,1,eligibility_trace_raw,3000,0.607,1.06057020044856
8,1,eligibility_trace_norm_matched,3000,0.599,1.2908242214907037
8,1,no_trace,3000,0.297,1.3805130315156704
8,1,batch_logistic,3000,0.926,0.2455638352356836
8,4,exact_replay,500,0.703,1.3172189631972941
8,4,eligibility_trace_raw,500,0.491,1.3138316886063686
8,4,eligibility_trace_norm_matched,500,0.493,1.369472941868556
8,4,no_trace,500,0.227,1.3882574481555288
8,4,exact_replay,1000,0.718,1.2539315736920904
8,4,eligibility_trace_raw,1000,0.533,1.2360285667949447
8,4,eligibility_trace_norm_matched,1000,0.524,1.3497455651723957
8,4,no_trace,1000,0.237,1.3899393986327822
8,4,exact_replay,1500,0.732,1.1996125953865622
8,4,eligibility_trace_raw,1500,0.553,1.1601262448965735
8,4,eligibility_trace_norm_matched,1500,0.537,1.3293864949429721
8,4,no_trace,1500,0.232,1.3886604173202266
8,4,exact_replay,2000,0.742,1.152029851482001
8,4,eligibility_trace_raw,2000,0.567,1.11832904778898
8,4,eligibility_trace_norm_matched,2000,0.561,1.3144793976344773
8,4,no_trace,2000,0.266,1.3850019494233214
8,4,exact_replay,2500,0.737,1.1111462347306902
8,4,eligibility_trace_raw,2500,0.596,1.09634771555764
8,4,eligibility_trace_norm_matched,2500,0.583,1.3064886403985567
8,4,no_trace,2500,0.255,1.3859277007963091
8,4,exact_replay,3000,0.733,1.0757379551834154
8,4,eligibility_trace_raw,3000,0.6,1.068947030323459
8,4,eligibility_trace_norm_matched,3000,0.59,1.2942996267130162
8,4,no_trace,3000,0.239,1.3858964628681756
8,4,batch_logistic,3000,0.926,0.2455638352356836
8,16,exact_replay,500,0.703,1.3171191947178107
8,16,eligibility_trace_raw,500,0.383,1.3429011078394224
8,16,eligibility_trace_norm_matched,500,0.386,1.37668686977048
8,16,no_trace,500,0.292,1.3843518333772848
8,16,exact_replay,1000,0.718,1.2537470565686444
8,16,eligibility_trace_raw,1000,0.476,1.2847700977496521
8,16,eligibility_trace_norm_matched,1000,0.474,1.361962603043314
8,16,no_trace,1000,0.269,1.384997869265504
8,16,exact_replay,1500,0.731,1.1993745264674942
8,16,eligibility_trace_raw,1500,0.525,1.2025179975444347
8,16,eligibility_trace_norm_matched,1500,0.519,1.3417392385514075
8,16,no_trace,1500,0.321,1.379408986115705
8,16,exact_replay,2000,0.742,1.1517553060221555
8,16,eligibility_trace_raw,2000,0.55,1.1530482793736965
8,16,eligibility_trace_norm_matched,2000,0.546,1.3265356243474606
8,16,no_trace,2000,0.335,1.3781014994992278
8,16,exact_replay,2500,0.736,1.1108508635520706
8,16,eligibility_trace_raw,2500,0.554,1.150928953190931
8,16,eligibility_trace_norm_matched,2500,0.548,1.3228487328248504
8,16,no_trace,2500,0.34,1.377035181773983
8,16,exact_replay,3000,0.733,1.0754347320630326
8,16,eligibility_trace_raw,3000,0.558,1.130968735367661
8,16,eligibility_trace_norm_matched,3000,0.555,1.3147934762477262
8,16,no_trace,3000,0.294,1.3833407233144885
8,16,batch_logistic,3000,0.926,0.2455638352356836
8,64,exact_replay,500,0.703,1.3167428647009523
8,64,eligibility_trace_raw,500,0.329,1.360640434298389
8,64,eligibility_trace_norm_matched,500,0.322,1.3805171256459647
8,64,no_trace,500,0.209,1.3880687227376955
8,64,exact_replay,1000,0.717,1.2530438771837422
8,64,eligibility_trace_raw,1000,0.358,1.3505603661317154
8,64,eligibility_trace_norm_matched,1000,0.361,1.3732678354624672
8,64,no_trace,1000,0.178,1.3936520842619782
8,64,exact_replay,1500,0.73,1.198452732041112
8,64,eligibility_trace_raw,1500,0.426,1.2913200368170006
8,64,eligibility_trace_norm_matched,1500,0.426,1.3607142038823066
8,64,no_trace,1500,0.195,1.3935502195085223
8,64,exact_replay,2000,0.739,1.1506808482624016
8,64,eligibility_trace_raw,2000,0.46,1.2517034331478383
8,64,eligibility_trace_norm_matched,2000,0.453,1.350280184264589
8,64,no_trace,2000,0.222,1.391339486131844
8,64,exact_replay,2500,0.734,1.1097023883797552
8,64,eligibility_trace_raw,2500,0.455,1.2657056618704323
8,64,eligibility_trace_norm_matched,2500,0.45,1.3512346256471615
8,64,no_trace,2500,0.252,1.3899356411812238
8,64,exact_replay,3000,0.733,1.0742586394850655
8,64,eligibility_trace_raw,3000,0.446,1.2739128353330829
8,64,eligibility_trace_norm_matched,3000,0.442,1.3497893693797958
8,64,no_trace,3000,0.222,1.3935636719460718
8,64,batch_logistic,3000,0.926,0.2455638352356836
9,1,exact_replay,500,0.758,1.315144767380104
9,1,eligibility_trace_raw,500,0.462,1.3311338935877643
9,1,eligibility_trace_norm_matched,500,0.474,1.3724620659272524
9,1,no_trace,500,0.231,1.3885070508175519
9,1,exact_replay,1000,0.792,1.248953908678047
9,1,eligibility_trace_raw,1000,0.484,1.2747121766720944
9,1,eligibility_trace_norm_matched,1000,0.504,1.3574105544529826
9,1,no_trace,1000,0.202,1.3910906346295724
9,1,exact_replay,1500,0.797,1.192921745217606
9,1,eligibility_trace_raw,1500,0.551,1.2305551967746131
9,1,eligibility_trace_norm_matched,1500,0.56,1.3452195419959794
9,1,no_trace,1500,0.164,1.3975133997706661
9,1,exact_replay,2000,0.785,1.1408384874114537
9,1,eligibility_trace_raw,2000,0.522,1.2158938954591807
9,1,eligibility_trace_norm_matched,2000,0.535,1.3380933324761013
9,1,no_trace,2000,0.135,1.4026580472709447
9,1,exact_replay,2500,0.79,1.0940568332415654
9,1,eligibility_trace_raw,2500,0.549,1.1762838971008582
9,1,eligibility_trace_norm_matched,2500,0.553,1.3285497477730268
9,1,no_trace,2500,0.184,1.4026669498988145
9,1,exact_replay,3000,0.805,1.0536198322674657
9,1,eligibility_trace_raw,3000,0.55,1.1621275845622427
9,1,eligibility_trace_norm_matched,3000,0.56,1.3199055385559542
9,1,no_trace,3000,0.215,1.3937683498363866
9,1,batch_logistic,3000,0.944,0.2146733095533924
9,4,exact_replay,500,0.758,1.3151201493977833
9,4,eligibility_trace_raw,500,0.46,1.3327476618506984
9,4,eligibility_trace_norm_matched,500,0.458,1.3733180228793704
9,4,no_trace,500,0.237,1.386980364673997
9,4,exact_replay,1000,0.791,1.2489072285000662
9,4,eligibility_trace_raw,1000,0.478,1.2835668528526192
9,4,eligibility_trace_norm_matched,1000,0.475,1.3602106925696258
9,4,no_trace,1000,0.28,1.3858228089499767
9,4,exact_replay,1500,0.797,1.192861442344442
9,4,eligibility_trace_raw,1500,0.536,1.2458725800012385
9,4,eligibility_trace_norm_matched,1500,0.545,1.3491603490706396
9,4,no_trace,1500,0.243,1.38777400547824
9,4,exact_replay,2000,0.785,1.1407673342803573
9,4,eligibility_trace_raw,2000,0.51,1.2259212643344721
9,4,eligibility_trace_norm_matched,2000,0.512,1.340957227760716
9,4,no_trace,2000,0.294,1.3821815756302203
9,4,exact_replay,2500,0.79,1.0939798151229463
9,4,eligibility_trace_raw,2500,0.536,1.1874587296211792
9,4,eligibility_trace_norm_matched,2500,0.534,1.3315621707896121
9,4,no_trace,2500,0.281,1.3824396309713247
9,4,exact_replay,3000,0.805,1.0535398995567833
9,4,eligibility_trace_raw,3000,0.527,1.1827771515761911
9,4,eligibility_trace_norm_matched,3000,0.53,1.3256464173024838
9,4,no_trace,3000,0.283,1.3815394082462966
9,4,batch_logistic,3000,0.944,0.2146733095533924
9,16,exact_replay,500,0.758,1.3150249660424207
9,16,eligibility_trace_raw,500,0.362,1.352672529732912
9,16,eligibility_trace_norm_matched,500,0.364,1.3774950191303654
9,16,no_trace,500,0.185,1.3891185849495975
9,16,exact_replay,1000,0.791,1.2487358238700248
9,16,eligibility_trace_raw,1000,0.395,1.3229709944877637
9,16,eligibility_trace_norm_matched,1000,0.394,1.3692772234322834
9,16,no_trace,1000,0.216,1.3903760393472104
9,16,exact_replay,1500,0.797,1.19263478058711
9,16,eligibility_trace_raw,1500,0.429,1.295459752428676
9,16,eligibility_trace_norm_matched,1500,0.423,1.3619829147995963
9,16,no_trace,1500,0.213,1.38893489690968
9,16,exact_replay,2000,0.785,1.1404985368117222
9,16,eligibility_trace_raw,2000,0.433,1.2949874041547
9,16,eligibility_trace_norm_matched,2000,0.439,1.358701855070294
9,16,no_trace,2000,0.181,1.3952249000203027
9,16,exact_replay,2500,0.79,1.0936892526683615
9,16,eligibility_trace_raw,2500,0.459,1.272486690859289
9,16,eligibility_trace_norm_matched,2500,0.444,1.355198569829215
9,16,no_trace,2500,0.183,1.397400926592061
9,16,exact_replay,3000,0.805,1.0532375416815012
9,16,eligibility_trace_raw,3000,0.448,1.2671868702217335
9,16,eligibility_trace_norm_matched,3000,0.45,1.350018170733411
9,16,no_trace,3000,0.177,1.397965660503903
9,16,batch_logistic,3000,0.944,0.2146733095533924
9,64,exact_replay,500,0.757,1.3146788218392662
9,64,eligibility_trace_raw,500,0.262,1.3840426378088038
9,64,eligibility_trace_norm_matched,500,0.269,1.384722877532302
9,64,no_trace,500,0.19,1.3903066061856901
9,64,exact_replay,1000,0.79,1.2480464634305959
9,64,eligibility_trace_raw,1000,0.272,1.3726773700143957
9,64,eligibility_trace_norm_matched,1000,0.279,1.3808842235874874
9,64,no_trace,1000,0.256,1.3860920781341823
9,64,exact_replay,1500,0.797,1.1917162804110542
9,64,eligibility_trace_raw,1500,0.271,1.37769127369003
9,64,eligibility_trace_norm_matched,1500,0.277,1.3803814632223597
9,64,no_trace,1500,0.228,1.3891449986723847
9,64,exact_replay,2000,0.785,1.1393964163671613
9,64,eligibility_trace_raw,2000,0.265,1.4108042546380943
9,64,eligibility_trace_norm_matched,2000,0.263,1.383697074702704
9,64,no_trace,2000,0.219,1.390868701372776
9,64,exact_replay,2500,0.789,1.0924743281500213
9,64,eligibility_trace_raw,2500,0.274,1.397810217538579
9,64,eligibility_trace_norm_matched,2500,0.287,1.3821063817511698
9,64,no_trace,2500,0.219,1.3911248837707348
9,64,exact_replay,3000,0.804,1.0519509382568148
9,64,eligibility_trace_raw,3000,0.251,1.4107316048042728
9,64,eligibility_trace_norm_matched,3000,0.248,1.3823245114315028
9,64,no_trace,3000,0.218,1.3938645461854375
9,64,batch_logistic,3000,0.944,0.2146733095533924
10,1,exact_replay,500,0.721,1.3138773171541207
10,1,eligibility_trace_raw,500,0.495,1.312365023694102
10,1,eligibility_trace_norm_matched,500,0.518,1.3696522130191775
10,1,no_trace,500,0.351,1.3797290097370671
10,1,exact_replay,1000,0.724,1.2523896664546024
10,1,eligibility_trace_raw,1000,0.491,1.273744882350521
10,1,eligibility_trace_norm_matched,1000,0.499,1.3594353188464265
10,1,no_trace,1000,0.34,1.3772923365487035
10,1,exact_replay,1500,0.738,1.19744385791362
10,1,eligibility_trace_raw,1500,0.498,1.238828595351749
10,1,eligibility_trace_norm_matched,1500,0.5,1.3491161665616733
10,1,no_trace,1500,0.293,1.3808154584145527
10,1,exact_replay,2000,0.738,1.1492993533407616
10,1,eligibility_trace_raw,2000,0.54,1.1935089359733713
10,1,eligibility_trace_norm_matched,2000,0.553,1.335133104812096
10,1,no_trace,2000,0.313,1.378245675820836
10,1,exact_replay,2500,0.743,1.1064758764456277
10,1,eligibility_trace_raw,2500,0.567,1.1672455925793677
10,1,eligibility_trace_norm_matched,2500,0.573,1.3269693511682843
10,1,no_trace,2500,0.298,1.3788206528130622
10,1,exact_replay,3000,0.744,1.0665985656044277
10,1,eligibility_trace_raw,3000,0.586,1.139000535089064
10,1,eligibility_trace_norm_matched,3000,0.591,1.3186891976526194
10,1,no_trace,3000,0.264,1.3831229282039033
10,1,batch_logistic,3000,0.918,0.2532702462864032
10,4,exact_replay,500,0.721,1.3138537732564466
10,4,eligibility_trace_raw,500,0.452,1.3231206667074211
10,4,eligibility_trace_norm_matched,500,0.453,1.3727434422867582
10,4,no_trace,500,0.232,1.387208646239544
10,4,exact_replay,1000,0.724,1.25234614964687
10,4,eligibility_trace_raw,1000,0.477,1.2914431169247316
10,4,eligibility_trace_norm_matched,1000,0.476,1.3644937070759893
10,4,no_trace,1000,0.227,1.389749564005904
10,4,exact_replay,1500,0.738,1.1973873578841217
10,4,eligibility_trace_raw,1500,0.511,1.2506685641364974
10,4,eligibility_trace_norm_matched,1500,0.497,1.3536141530256918
10,4,no_trace,1500,0.248,1.3880931148658493
10,4,exact_replay,2000,0.738,1.1492350623782825
10,4,eligibility_trace_raw,2000,0.55,1.199909649075095
10,4,eligibility_trace_norm_matched,2000,0.555,1.338671070081625
10,4,no_trace,2000,0.276,1.3840131489847944
10,4,exact_replay,2500,0.743,1.1064053904560511
10,4,eligibility_trace_raw,2500,0.575,1.1698962320531765
10,4,eligibility_trace_norm_matched,2500,0.579,1.3295665086089747
10,4,no_trace,2500,0.259,1.3845230606264958
10,4,exact_replay,3000,0.744,1.0665239990676638
10,4,eligibility_trace_raw,3000,0.611,1.1422460109069366
10,4,eligibility_trace_norm_matched,3000,0.601,1.3216527638680313
10,4,no_trace,3000,0.271,1.3851421283206982
10,4,batch_logistic,3000,0.918,0.2532702462864032
10,16,exact_replay,500,0.721,1.3137475812821517
10,16,eligibility_trace_raw,500,0.47,1.3114586425460164
10,16,eligibility_trace_norm_matched,500,0.454,1.3705281689306539
10,16,no_trace,500,0.292,1.3838505533877379
10,16,exact_replay,1000,0.724,1.2521631748075739
10,16,eligibility_trace_raw,1000,0.481,1.2959229533732122
10,16,eligibility_trace_norm_matched,1000,0.456,1.366215927752401
10,16,no_trace,1000,0.263,1.3843954086334516
10,16,exact_replay,1500,0.738,1.1971494511228693
10,16,eligibility_trace_raw,1500,0.461,1.2877325946915243
10,16,eligibility_trace_norm_matched,1500,0.448,1.3634155205190952
10,16,no_trace,1500,0.232,1.3876188552800703
10,16,exact_replay,2000,0.737,1.1489635176935784
10,16,eligibility_trace_raw,2000,0.487,1.2579687410683282
10,16,eligibility_trace_norm_matched,2000,0.467,1.353194715271539
10,16,no_trace,2000,0.215,1.3911535054563866
10,16,exact_replay,2500,0.743,1.1061117502185305
10,16,eligibility_trace_raw,2500,0.519,1.2321107986787405
10,16,eligibility_trace_norm_matched,2500,0.498,1.345956441528371
10,16,no_trace,2500,0.189,1.3990531519189227
10,16,exact_replay,3000,0.744,1.0662144928055528
10,16,eligibility_trace_raw,3000,0.517,1.207592124816943
10,16,eligibility_trace_norm_matched,3000,0.518,1.3383696436933368
10,16,no_trace,3000,0.194,1.397670826657071
10,16,batch_logistic,3000,0.918,0.2532702462864032
10,64,exact_replay,500,0.72,1.3133506414083862
10,64,eligibility_trace_raw,500,0.283,1.3675689680350174
10,64,eligibility_trace_norm_matched,500,0.275,1.3819810299576378
10,64,no_trace,500,0.257,1.385320441590768
10,64,exact_replay,1000,0.725,1.2514357361634558
10,64,eligibility_trace_raw,1000,0.262,1.3840376590615828
10,64,eligibility_trace_norm_matched,1000,0.27,1.3839551686392964
10,64,no_trace,1000,0.261,1.3852044574780085
10,64,exact_replay,1500,0.738,1.196206295531083
10,64,eligibility_trace_raw,1500,0.273,1.369407119538135
10,64,eligibility_trace_norm_matched,1500,0.273,1.3811460414975671
10,64,no_trace,1500,0.23,1.38741032140467
10,64,exact_replay,2000,0.737,1.1478721276798278
10,64,eligibility_trace_raw,2000,0.348,1.3317186986120773
10,64,eligibility_trace_norm_matched,2000,0.351,1.3718511141516019
10,64,no_trace,2000,0.288,1.380213112714197
10,64,exact_replay,2500,0.741,1.1049327642873454
10,64,eligibility_trace_raw,2500,0.368,1.3067421878072325
10,64,eligibility_trace_norm_matched,2500,0.368,1.3660262600154993
10,64,no_trace,2500,0.28,1.3807104976158897
10,64,exact_replay,3000,0.743,1.0649918394474598
10,64,eligibility_trace_raw,3000,0.389,1.3005613485155667
10,64,eligibility_trace_norm_matched,3000,0.4,1.3629158878325087
10,64,no_trace,3000,0.221,1.38950613504969
10,64,batch_logistic,3000,0.918,0.2532702462864032
11,1,exact_replay,500,0.689,1.3138845364696476
11,1,eligibility_trace_raw,500,0.422,1.334055892250483
11,1,eligibility_trace_norm_matched,500,0.429,1.3729544012502541
11,1,no_trace,500,0.211,1.3882596563124971
11,1,exact_replay,1000,0.709,1.2508903809959395
11,1,eligibility_trace_raw,1000,0.544,1.2541655369480718
11,1,eligibility_trace_norm_matched,1000,0.556,1.354122749450426
11,1,no_trace,1000,0.263,1.3872803434631864
11,1,exact_replay,1500,0.73,1.1958358237956341
11,1,eligibility_trace_raw,1500,0.561,1.2227293243343889
11,1,eligibility_trace_norm_matched,1500,0.554,1.3445892813442866
11,1,no_trace,1500,0.236,1.388201653159052
11,1,exact_replay,2000,0.727,1.1460695177670606
11,1,eligibility_trace_raw,2000,0.587,1.1648689378085442
11,1,eligibility_trace_norm_matched,2000,0.581,1.3283608374104698
11,1,no_trace,2000,0.243,1.3853005622859362
11,1,exact_replay,2500,0.743,1.1032270403642803
11,1,eligibility_trace_raw,2500,0.598,1.1362990381901727
11,1,eligibility_trace_norm_matched,2500,0.583,1.3160023592159351
11,1,no_trace,2500,0.253,1.3852048908668917
11,1,exact_replay,3000,0.744,1.0641747014474867
11,1,eligibility_trace_raw,3000,0.627,1.1020099153936436
11,1,eligibility_trace_norm_matched,3000,0.611,1.3036274889342354
11,1,no_trace,3000,0.24,1.3876517085388482
11,1,batch_logistic,3000,0.946,0.22138366359210132
11,4,exact_replay,500,0.689,1.313857052449433
11,4,eligibility_trace_raw,500,0.429,1.3380871052611358
11,4,eligibility_trace_norm_matched,500,0.433,1.3740662230298761
11,4,no_trace,500,0.251,1.3870102116970497
11,4,exact_replay,1000,0.709,1.2508457156339319
11,4,eligibility_trace_raw,1000,0.55,1.2598564508830696
11,4,eligibility_trace_norm_matched,1000,0.549,1.35597988705258
11,4,no_trace,1000,0.222,1.3884314940194185
11,4,exact_replay,1500,0.73,1.1957784334307076
11,4,eligibility_trace_raw,1500,0.564,1.229494649303669
11,4,eligibility_trace_norm_matched,1500,0.557,1.347270717903463
11,4,no_trace,1500,0.226,1.390950744482092
11,4,exact_replay,2000,0.727,1.146003532063906
11,4,eligibility_trace_raw,2000,0.603,1.1775202105619818
11,4,eligibility_trace_norm_matched,2000,0.589,1.3325566458997653
11,4,no_trace,2000,0.224,1.391064721772654
11,4,exact_replay,2500,0.743,1.1031549668005303
11,4,eligibility_trace_raw,2500,0.586,1.1501612598911057
11,4,eligibility_trace_norm_matched,2500,0.58,1.3205787071355044
11,4,no_trace,2500,0.237,1.389169147713271
11,4,exact_replay,3000,0.744,1.0641009744323828
11,4,eligibility_trace_raw,3000,0.62,1.1198350986142556
11,4,eligibility_trace_norm_matched,3000,0.601,1.30957052804046
11,4,no_trace,3000,0.227,1.390803713413891
11,4,batch_logistic,3000,0.946,0.22138366359210132
11,16,exact_replay,500,0.689,1.3137507760943623
11,16,eligibility_trace_raw,500,0.338,1.3532819588850353
11,16,eligibility_trace_norm_matched,500,0.357,1.3776784806904265
11,16,no_trace,500,0.307,1.3830300306775662
11,16,exact_replay,1000,0.708,1.2506594410381848
11,16,eligibility_trace_raw,1000,0.486,1.2865577743572907
11,16,eligibility_trace_norm_matched,1000,0.469,1.3623276712906391
11,16,no_trace,1000,0.336,1.37936605359476
11,16,exact_replay,1500,0.73,1.1955461697238996
11,16,eligibility_trace_raw,1500,0.521,1.2540116200714526
11,16,eligibility_trace_norm_matched,1500,0.519,1.3534747135980534
11,16,no_trace,1500,0.288,1.3811924220201577
11,16,exact_replay,2000,0.727,1.1457296879707701
11,16,eligibility_trace_raw,2000,0.561,1.205226223059633
11,16,eligibility_trace_norm_matched,2000,0.569,1.340725979250337
11,16,no_trace,2000,0.305,1.3803046251037063
11,16,exact_replay,2500,0.743,1.1028565228191605
11,16,eligibility_trace_raw,2500,0.583,1.1755886862329354
11,16,eligibility_trace_norm_matched,2500,0.594,1.3310421295722137
11,16,no_trace,2500,0.267,1.384130917447614
11,16,exact_replay,3000,0.745,1.0637888800781696
11,16,eligibility_trace_raw,3000,0.6,1.1578433769732228
11,16,eligibility_trace_norm_matched,3000,0.588,1.3238887396525916
11,16,no_trace,3000,0.278,1.3810131465592057
11,16,batch_logistic,3000,0.946,0.22138366359210132
11,64,exact_replay,500,0.69,1.3133123181246578
11,64,eligibility_trace_raw,500,0.286,1.375027261189312
11,64,eligibility_trace_norm_matched,500,0.27,1.3830630990040753
11,64,no_trace,500,0.23,1.3872624471962112
11,64,exact_replay,1000,0.708,1.2499001231928277
11,64,eligibility_trace_raw,1000,0.233,1.4188745503085674
11,64,eligibility_trace_norm_matched,1000,0.242,1.3902460721064127
11,64,no_trace,1000,0.229,1.3898095110920343
11,64,exact_replay,1500,0.73,1.1945803413874025
11,64,eligibility_trace_raw,1500,0.205,1.447245400326356
11,64,eligibility_trace_norm_matched,1500,0.197,1.3943554943253598
11,64,no_trace,1500,0.252,1.3893935123502816
11,64,exact_replay,2000,0.726,1.1446136618419127
11,64,eligibility_trace_raw,2000,0.242,1.465163453574709
11,64,eligibility_trace_norm_matched,2000,0.239,1.3948200807143762
11,64,no_trace,2000,0.191,1.3967239260891389
11,64,exact_replay,2500,0.741,1.1016466773094251
11,64,eligibility_trace_raw,2500,0.248,1.4526969946447035
11,64,eligibility_trace_norm_matched,2500,0.254,1.3908466367932384
11,64,no_trace,2500,0.202,1.3994343731717869
11,64,exact_replay,3000,0.744,1.0625374235882368
11,64,eligibility_trace_raw,3000,0.252,1.4629776869233027
11,64,eligibility_trace_norm_matched,3000,0.258,1.3917188175360384
11,64,no_trace,3000,0.18,1.4016749921089717
11,64,batch_logistic,3000,0.946,0.22138366359210132
12,1,exact_replay,500,0.739,1.3155588708749633
12,1,eligibility_trace_raw,500,0.533,1.2875902331339066
12,1,eligibility_trace_norm_matched,500,0.524,1.363953483970759
12,1,no_trace,500,0.285,1.3837213044521512
12,1,exact_replay,1000,0.753,1.2524340231721527
12,1,eligibility_trace_raw,1000,0.542,1.2357562038422787
12,1,eligibility_trace_norm_matched,1000,0.534,1.3510824362992504
12,1,no_trace,1000,0.246,1.3847743743058696
12,1,exact_replay,1500,0.767,1.195683927491904
12,1,eligibility_trace_raw,1500,0.539,1.2083409634966178
12,1,eligibility_trace_norm_matched,1500,0.535,1.3421881758825103
12,1,no_trace,1500,0.274,1.3826034158238818
12,1,exact_replay,2000,0.776,1.1478237165623197
12,1,eligibility_trace_raw,2000,0.561,1.1553376970479057
12,1,eligibility_trace_norm_matched,2000,0.564,1.324873150625387
12,1,no_trace,2000,0.253,1.3844048469575776
12,1,exact_replay,2500,0.777,1.1047627229445534
12,1,eligibility_trace_raw,2500,0.562,1.1200483662100733
12,1,eligibility_trace_norm_matched,2500,0.561,1.3116049760642905
12,1,no_trace,2500,0.285,1.3829030489327234
12,1,exact_replay,3000,0.779,1.065042507634631
12,1,eligibility_trace_raw,3000,0.613,1.070961752949378
12,1,eligibility_trace_norm_matched,3000,0.604,1.2959849695792223
12,1,no_trace,3000,0.309,1.3783185333835828
12,1,batch_logistic,3000,0.923,0.25964185490679753
12,4,exact_replay,500,0.739,1.315533595150212
12,4,eligibility_trace_raw,500,0.53,1.2873506286308698
12,4,eligibility_trace_norm_matched,500,0.521,1.3641014801790197
12,4,no_trace,500,0.244,1.386315632190819
12,4,exact_replay,1000,0.753,1.252390823950573
12,4,eligibility_trace_raw,1000,0.529,1.2420636903953188
12,4,eligibility_trace_norm_matched,1000,0.526,1.3521838548653735
12,4,no_trace,1000,0.249,1.3864950209414324
12,4,exact_replay,1500,0.767,1.195627870501778
12,4,eligibility_trace_raw,1500,0.52,1.2133037086155505
12,4,eligibility_trace_norm_matched,1500,0.525,1.3429900803098618
12,4,no_trace,1500,0.308,1.3803992692199083
12,4,exact_replay,2000,0.775,1.147759073472134
12,4,eligibility_trace_raw,2000,0.561,1.161710441959615
12,4,eligibility_trace_norm_matched,2000,0.546,1.3270619215516182
12,4,no_trace,2000,0.308,1.3796132739489153
12,4,exact_replay,2500,0.777,1.1046917019829903
12,4,eligibility_trace_raw,2500,0.564,1.1232066523861324
12,4,eligibility_trace_norm_matched,2500,0.557,1.3129498841739882
12,4,no_trace,2500,0.335,1.3745801467737822
12,4,exact_replay,3000,0.779,1.0649664861613684
12,4,eligibility_trace_raw,3000,0.607,1.0818544176675484
12,4,eligibility_trace_norm_matched,3000,0.597,1.2994352302565166
12,4,no_trace,3000,0.315,1.3782318989755924
12,4,batch_logistic,3000,0.923,0.25964185490679753
12,16,exact_replay,500,0.739,1.3154353706583515
12,16,eligibility_trace_raw,500,0.44,1.3158533530885712
12,16,eligibility_trace_norm_matched,500,0.431,1.3707992825309832
12,16,no_trace,500,0.195,1.3897064942431194
12,16,exact_replay,1000,0.752,1.2522160764380719
12,16,eligibility_trace_raw,1000,0.46,1.2920091561550708
12,16,eligibility_trace_norm_matched,1000,0.461,1.3635788123315153
12,16,no_trace,1000,0.252,1.3864857576716896
12,16,exact_replay,1500,0.767,1.1954002079755779
12,16,eligibility_trace_raw,1500,0.44,1.275416422789573
12,16,eligibility_trace_norm_matched,1500,0.443,1.3561514642801615
12,16,no_trace,1500,0.249,1.388512062419713
12,16,exact_replay,2000,0.774,1.147496754919861
12,16,eligibility_trace_raw,2000,0.497,1.2258895320368235
12,16,eligibility_trace_norm_matched,2000,0.496,1.3426236781475775
12,16,no_trace,2000,0.246,1.3865395211914342
12,16,exact_replay,2500,0.777,1.1044005225087197
12,16,eligibility_trace_raw,2500,0.513,1.1978679786109547
12,16,eligibility_trace_norm_matched,2500,0.508,1.332724014889986
12,16,no_trace,2500,0.235,1.3864246283827015
12,16,exact_replay,3000,0.779,1.0646600147933214
12,16,eligibility_trace_raw,3000,0.573,1.1431336326885422
12,16,eligibility_trace_norm_matched,3000,0.561,1.3187534238688308
12,16,no_trace,3000,0.28,1.3826632225376667
12,16,batch_logistic,3000,0.923,0.25964185490679753
12,64,exact_replay,500,0.737,1.3150567040905
12,64,eligibility_trace_raw,500,0.359,1.3413327157514723
12,64,eligibility_trace_norm_matched,500,0.353,1.3764732149063057
12,64,no_trace,500,0.251,1.3870145266682243
12,64,exact_replay,1000,0.751,1.2515241789941352
12,64,eligibility_trace_raw,1000,0.394,1.3360130508820043
12,64,eligibility_trace_norm_matched,1000,0.393,1.3740044784274845
12,64,no_trace,1000,0.245,1.3870634749049229
12,64,exact_replay,1500,0.765,1.1944701510215205
12,64,eligibility_trace_raw,1500,0.407,1.3124951133171734
12,64,eligibility_trace_norm_matched,1500,0.415,1.3660212309002733
12,64,no_trace,1500,0.212,1.3911735204087474
12,64,exact_replay,2000,0.773,1.1464240608464138
12,64,eligibility_trace_raw,2000,0.411,1.275190268389408
12,64,eligibility_trace_norm_matched,2000,0.444,1.3557321493360712
12,64,no_trace,2000,0.156,1.3982373739165197
12,64,exact_replay,2500,0.777,1.1032440756207025
12,64,eligibility_trace_raw,2500,0.416,1.2717875035500752
12,64,eligibility_trace_norm_matched,2500,0.43,1.3536681526221528
12,64,no_trace,2500,0.159,1.3994153966281142
12,64,exact_replay,3000,0.778,1.0634315169100155
12,64,eligibility_trace_raw,3000,0.459,1.245097144608978
12,64,eligibility_trace_norm_matched,3000,0.475,1.346108317397234
12,64,no_trace,3000,0.166,1.3997033884143297
12,64,batch_logistic,3000,0.923,0.25964185490679753
13,1,exact_replay,500,0.749,1.3111109073167104
13,1,eligibility_trace_raw,500,0.47,1.3244136511422124
13,1,eligibility_trace_norm_matched,500,0.465,1.371151674815381
13,1,no_trace,500,0.331,1.3824091600962483
13,1,exact_replay,1000,0.767,1.2476897893707246
13,1,eligibility_trace_raw,1000,0.523,1.2553204657658312
13,1,eligibility_trace_norm_matched,1000,0.535,1.3537396833799296
13,1,no_trace,1000,0.34,1.380303118381723
13,1,exact_replay,1500,0.772,1.1930022072528887
13,1,eligibility_trace_raw,1500,0.599,1.1952939497885917
13,1,eligibility_trace_norm_matched,1500,0.604,1.3368256331759234
13,1,no_trace,1500,0.342,1.37678588441389
13,1,exact_replay,2000,0.78,1.1400637396215216
13,1,eligibility_trace_raw,2000,0.607,1.1562090906424773
13,1,eligibility_trace_norm_matched,2000,0.597,1.3238166782455436
13,1,no_trace,2000,0.337,1.3755981629302498
13,1,exact_replay,2500,0.782,1.0928754317115095
13,1,eligibility_trace_raw,2500,0.625,1.1032661848707077
13,1,eligibility_trace_norm_matched,2500,0.612,1.3071204203523628
13,1,no_trace,2500,0.324,1.376704678398051
13,1,exact_replay,3000,0.793,1.0524607400426416
13,1,eligibility_trace_raw,3000,0.654,1.0756080087094477
13,1,eligibility_trace_norm_matched,3000,0.637,1.2973851248165633
13,1,no_trace,3000,0.302,1.3755370693169788
13,1,batch_logistic,3000,0.927,0.23215888042314542
13,4,exact_replay,500,0.749,1.3110838683807862
13,4,eligibility_trace_raw,500,0.473,1.320598720403968
13,4,eligibility_trace_norm_matched,500,0.466,1.3708601635160302
13,4,no_trace,500,0.315,1.3824191040546627
13,4,exact_replay,1000,0.767,1.2476431583670324
13,4,eligibility_trace_raw,1000,0.523,1.2612865193268494
13,4,eligibility_trace_norm_matched,1000,0.543,1.3562836672536933
13,4,no_trace,1000,0.25,1.387179541253627
13,4,exact_replay,1500,0.772,1.1929437614474996
13,4,eligibility_trace_raw,1500,0.575,1.2124913843375602
13,4,eligibility_trace_norm_matched,1500,0.583,1.3419036592491058
13,4,no_trace,1500,0.227,1.3898388445177183
13,4,exact_replay,2000,0.78,1.1399955108306827
13,4,eligibility_trace_raw,2000,0.588,1.1822048755340293
13,4,eligibility_trace_norm_matched,2000,0.582,1.3314451933447218
13,4,no_trace,2000,0.209,1.393119158854544
13,4,exact_replay,2500,0.782,1.092802175547027
13,4,eligibility_trace_raw,2500,0.611,1.1261878526433446
13,4,eligibility_trace_norm_matched,2500,0.602,1.3143619087158127
13,4,no_trace,2500,0.233,1.3904074142742096
13,4,exact_replay,3000,0.793,1.052384148842345
13,4,eligibility_trace_raw,3000,0.632,1.1072450565479504
13,4,eligibility_trace_norm_matched,3000,0.62,1.306770838165995
13,4,no_trace,3000,0.2,1.395964042882583
13,4,batch_logistic,3000,0.927,0.23215888042314542
13,16,exact_replay,500,0.749,1.3109769658891877
13,16,eligibility_trace_raw,500,0.441,1.3234507152413542
13,16,eligibility_trace_norm_matched,500,0.434,1.3717298574019345
13,16,no_trace,500,0.337,1.3824833002478079
13,16,exact_replay,1000,0.767,1.247458619897563
13,16,eligibility_trace_raw,1000,0.515,1.2649949945577068
13,16,eligibility_trace_norm_matched,1000,0.508,1.3575448318724974
13,16,no_trace,1000,0.306,1.3826555231554023
13,16,exact_replay,1500,0.772,1.1927117340712041
13,16,eligibility_trace_raw,1500,0.54,1.2237006802825976
13,16,eligibility_trace_norm_matched,1500,0.55,1.3449365106455993
13,16,no_trace,1500,0.271,1.385789973920017
13,16,exact_replay,2000,0.779,1.1397181709347803
13,16,eligibility_trace_raw,2000,0.517,1.2112748095735042
13,16,eligibility_trace_norm_matched,2000,0.528,1.3390717157240404
13,16,no_trace,2000,0.217,1.3911581867321474
13,16,exact_replay,2500,0.782,1.0924940688232665
13,16,eligibility_trace_raw,2500,0.545,1.1695310970624482
13,16,eligibility_trace_norm_matched,2500,0.551,1.3263985539359449
13,16,no_trace,2500,0.211,1.3927453880126408
13,16,exact_replay,3000,0.794,1.0520605032234154
13,16,eligibility_trace_raw,3000,0.569,1.150540056511427
13,16,eligibility_trace_norm_matched,3000,0.559,1.3187593397895068
13,16,no_trace,3000,0.231,1.3881611408556975
13,16,batch_logistic,3000,0.927,0.23215888042314542
13,64,exact_replay,500,0.749,1.3105784008939412
13,64,eligibility_trace_raw,500,0.37,1.3518594823405277
13,64,eligibility_trace_norm_matched,500,0.381,1.3779028382408491
13,64,no_trace,500,0.269,1.385667563673468
13,64,exact_replay,1000,0.768,1.2467680580372562
13,64,eligibility_trace_raw,1000,0.383,1.318039967578508
13,64,eligibility_trace_norm_matched,1000,0.386,1.3699182242864427
13,64,no_trace,1000,0.23,1.3865734673238765
13,64,exact_replay,1500,0.772,1.1918101966864725
13,64,eligibility_trace_raw,1500,0.423,1.2789500994654417
13,64,eligibility_trace_norm_matched,1500,0.421,1.358768155430494
13,64,no_trace,1500,0.259,1.3853857900276207
13,64,exact_replay,2000,0.779,1.1386298503105292
13,64,eligibility_trace_raw,2000,0.408,1.280245235850829
13,64,eligibility_trace_norm_matched,2000,0.414,1.3566844374680564
13,64,no_trace,2000,0.287,1.3801297164276476
13,64,exact_replay,2500,0.782,1.091294617669075
13,64,eligibility_trace_raw,2500,0.43,1.2694190005741195
13,64,eligibility_trace_norm_matched,2500,0.43,1.351018599257549
13,64,no_trace,2500,0.294,1.3804252105072075
13,64,exact_replay,3000,0.794,1.0507981026868096
13,64,eligibility_trace_raw,3000,0.412,1.2818362565779817
13,64,eligibility_trace_norm_matched,3000,0.418,1.3521836833686767
13,64,no_trace,3000,0.315,1.3782460171085162
13,64,batch_logistic,3000,0.927,0.23215888042314542
14,1,exact_replay,500,0.688,1.3107891357292238
14,1,eligibility_trace_raw,500,0.463,1.316161291408101
14,1,eligibility_trace_norm_matched,500,0.473,1.3699612817966302
14,1,no_trace,500,0.227,1.3868738771398628
14,1,exact_replay,1000,0.736,1.2443687213279613
14,1,eligibility_trace_raw,1000,0.519,1.2696792638391816
14,1,eligibility_trace_norm_matched,1000,0.521,1.3579682356023586
14,1,no_trace,1000,0.235,1.3891703002810045
14,1,exact_replay,1500,0.745,1.1847998095220944
14,1,eligibility_trace_raw,1500,0.575,1.2064895380760317
14,1,eligibility_trace_norm_matched,1500,0.563,1.3420581054732528
14,1,no_trace,1500,0.214,1.3934619178319176
14,1,exact_replay,2000,0.765,1.1344370400784805
14,1,eligibility_trace_raw,2000,0.581,1.143764500454703
14,1,eligibility_trace_norm_matched,2000,0.575,1.321159591810156
14,1,no_trace,2000,0.2,1.3963879880828514
14,1,exact_replay,2500,0.775,1.0901354351760737
14,1,eligibility_trace_raw,2500,0.626,1.1031268620752304
14,1,eligibility_trace_norm_matched,2500,0.628,1.306564278478575
14,1,no_trace,2500,0.216,1.3966301757645847
14,1,exact_replay,3000,0.784,1.0495186362524858
14,1,eligibility_trace_raw,3000,0.634,1.0615190439486915
14,1,eligibility_trace_norm_matched,3000,0.638,1.2913252295876776
14,1,no_trace,3000,0.184,1.40004451159979
14,1,batch_logistic,3000,0.937,0.21645120389431652
14,4,exact_replay,500,0.688,1.310760568938706
14,4,eligibility_trace_raw,500,0.438,1.3236929679891496
14,4,eligibility_trace_norm_matched,500,0.45,1.3713078646677623
14,4,no_trace,500,0.279,1.3840486128653189
14,4,exact_replay,1000,0.736,1.2443206426889724
14,4,eligibility_trace_raw,1000,0.477,1.2856281900669209
14,4,eligibility_trace_norm_matched,1000,0.484,1.3612635198904441
14,4,no_trace,1000,0.257,1.3857996801509684
14,4,exact_replay,1500,0.745,1.1847392119008384
14,4,eligibility_trace_raw,1500,0.535,1.222378581099219
14,4,eligibility_trace_norm_matched,1500,0.531,1.3461420855301587
14,4,no_trace,1500,0.253,1.3879293950851819
14,4,exact_replay,2000,0.765,1.1343677518130926
14,4,eligibility_trace_raw,2000,0.56,1.1614083382183016
14,4,eligibility_trace_norm_matched,2000,0.551,1.3259398155432611
14,4,no_trace,2000,0.242,1.3904435003216153
14,4,exact_replay,2500,0.775,1.09006287306069
14,4,eligibility_trace_raw,2500,0.6,1.1226923366457067
14,4,eligibility_trace_norm_matched,2500,0.594,1.3122851569937792
14,4,no_trace,2500,0.219,1.3933473148460949
14,4,exact_replay,3000,0.784,1.0494420523364274
14,4,eligibility_trace_raw,3000,0.615,1.0765559316245554
14,4,eligibility_trace_norm_matched,3000,0.606,1.2956408923392586
14,4,no_trace,3000,0.253,1.3876255405375695
14,4,batch_logistic,3000,0.937,0.21645120389431652
14,16,exact_replay,500,0.687,1.3106424244272927
14,16,eligibility_trace_raw,500,0.408,1.331492850668245
14,16,eligibility_trace_norm_matched,500,0.419,1.3741626071112167
14,16,no_trace,500,0.239,1.387705508702521
14,16,exact_replay,1000,0.736,1.244110347134836
14,16,eligibility_trace_raw,1000,0.429,1.306686105183585
14,16,eligibility_trace_norm_matched,1000,0.438,1.3677555836022766
14,16,no_trace,1000,0.222,1.3897262865378621
14,16,exact_replay,1500,0.744,1.1844713282875328
14,16,eligibility_trace_raw,1500,0.49,1.2594133372792802
14,16,eligibility_trace_norm_matched,1500,0.479,1.3561566833855627
14,16,no_trace,1500,0.231,1.3909039826711207
14,16,exact_replay,2000,0.765,1.1340725083531746
14,16,eligibility_trace_raw,2000,0.509,1.21030389820861
14,16,eligibility_trace_norm_matched,2000,0.5,1.3396810041564777
14,16,no_trace,2000,0.258,1.3863214807600115
14,16,exact_replay,2500,0.775,1.089747390840263
14,16,eligibility_trace_raw,2500,0.529,1.194312403987314
14,16,eligibility_trace_norm_matched,2500,0.517,1.332903444336667
14,16,no_trace,2500,0.215,1.3935501175382052
14,16,exact_replay,3000,0.784,1.0491156533900095
14,16,eligibility_trace_raw,3000,0.557,1.1469768351579976
14,16,eligibility_trace_norm_matched,3000,0.535,1.3183771872511907
14,16,no_trace,3000,0.211,1.3907772582340545
14,16,batch_logistic,3000,0.937,0.21645120389431652
14,64,exact_replay,500,0.686,1.3102212836285543
14,64,eligibility_trace_raw,500,0.354,1.3618528061397528
14,64,eligibility_trace_norm_matched,500,0.363,1.3798352826693456
14,64,no_trace,500,0.271,1.3849015871807093
14,64,exact_replay,1000,0.734,1.243331177499568
14,64,eligibility_trace_raw,1000,0.345,1.3577204496184914
14,64,eligibility_trace_norm_matched,1000,0.35,1.3778410047293224
14,64,no_trace,1000,0.284,1.3826321762887326
14,64,exact_replay,1500,0.744,1.1834417865159166
14,64,eligibility_trace_raw,1500,0.35,1.3479893090023356
14,64,eligibility_trace_norm_matched,1500,0.351,1.3751219079707202
14,64,no_trace,1500,0.321,1.3772491526948503
14,64,exact_replay,2000,0.765,1.1328904720733122
14,64,eligibility_trace_raw,2000,0.394,1.3001714480705564
14,64,eligibility_trace_norm_matched,2000,0.405,1.3628020490109156
14,64,no_trace,2000,0.338,1.3756747511792562
14,64,exact_replay,2500,0.773,1.0884647368022788
14,64,eligibility_trace_raw,2500,0.377,1.2965215755411548
14,64,eligibility_trace_norm_matched,2500,0.388,1.3590837754766116
14,64,no_trace,2500,0.347,1.375682566663274
14,64,exact_replay,3000,0.782,1.047794802567269
14,64,eligibility_trace_raw,3000,0.392,1.2889970169028706
14,64,eligibility_trace_norm_matched,3000,0.408,1.354184133058015
14,64,no_trace,3000,0.349,1.3728259623426384
14,64,batch_logistic,3000,0.937,0.21645120389431652
15,1,exact_replay,500,0.719,1.3262318637981794
15,1,eligibility_trace_raw,500,0.417,1.3445163233774535
15,1,eligibility_trace_norm_matched,500,0.418,1.3759976343874307
15,1,no_trace,500,0.226,1.3882278633559717
15,1,exact_replay,1000,0.723,1.2737404675458623
15,1,eligibility_trace_raw,1000,0.536,1.2718355376392743
15,1,eligibility_trace_norm_matched,1000,0.535,1.3606356780054567
15,1,no_trace,1000,0.267,1.3860861954543897
15,1,exact_replay,1500,0.728,1.2278713300711654
15,1,eligibility_trace_raw,1500,0.591,1.2346998116152492
15,1,eligibility_trace_norm_matched,1500,0.58,1.3511856241868452
15,1,no_trace,1500,0.277,1.3854244803409372
15,1,exact_replay,2000,0.74,1.1856896836666273
15,1,eligibility_trace_raw,2000,0.579,1.1955123922306228
15,1,eligibility_trace_norm_matched,2000,0.582,1.3395522821109398
15,1,no_trace,2000,0.282,1.382525201655818
15,1,exact_replay,2500,0.749,1.1467607797067139
15,1,eligibility_trace_raw,2500,0.629,1.13399514534347
15,1,eligibility_trace_norm_matched,2500,0.634,1.3241046460657964
15,1,no_trace,2500,0.28,1.3822704606984126
15,1,exact_replay,3000,0.744,1.1116203573719463
15,1,eligibility_trace_raw,3000,0.644,1.105737473111115
15,1,eligibility_trace_norm_matched,3000,0.64,1.3141752626860286
15,1,no_trace,3000,0.292,1.3806876734667295
15,1,batch_logistic,3000,0.919,0.2706393206697972
15,4,exact_replay,500,0.719,1.3262135217301765
15,4,eligibility_trace_raw,500,0.398,1.351265314645724
15,4,eligibility_trace_norm_matched,500,0.41,1.3777141871591116
15,4,no_trace,500,0.265,1.3842710942901508
15,4,exact_replay,1000,0.723,1.2737085496122051
15,4,eligibility_trace_raw,1000,0.516,1.2831731026620101
15,4,eligibility_trace_norm_matched,1000,0.517,1.363203536567496
15,4,no_trace,1000,0.247,1.38512269253469
15,4,exact_replay,1500,0.728,1.227829913048885
15,4,eligibility_trace_raw,1500,0.559,1.2487880898772794
15,4,eligibility_trace_norm_matched,1500,0.548,1.35405519161263
15,4,no_trace,1500,0.26,1.385064196203992
15,4,exact_replay,2000,0.739,1.1856404790946384
15,4,eligibility_trace_raw,2000,0.594,1.2078561500744391
15,4,eligibility_trace_norm_matched,2000,0.586,1.3425432112343514
15,4,no_trace,2000,0.243,1.3852294603117934
15,4,exact_replay,2500,0.749,1.1467064264201674
15,4,eligibility_trace_raw,2500,0.625,1.1462935964453218
15,4,eligibility_trace_norm_matched,2500,0.613,1.3275677868813
15,4,no_trace,2500,0.263,1.3844185453736113
15,4,exact_replay,3000,0.744,1.111563627814374
15,4,eligibility_trace_raw,3000,0.638,1.120980691436699
15,4,eligibility_trace_norm_matched,3000,0.639,1.3195601855888774
15,4,no_trace,3000,0.222,1.3901430732838407
15,4,batch_logistic,3000,0.919,0.2706393206697972
15,16,exact_replay,500,0.719,1.3261417760607324
15,16,eligibility_trace_raw,500,0.366,1.3654755115290578
15,16,eligibility_trace_norm_matched,500,0.365,1.3808230961064876
15,16,no_trace,500,0.204,1.3888210336389475
15,16,exact_replay,1000,0.723,1.2735861214765631
15,16,eligibility_trace_raw,1000,0.454,1.3083353144801195
15,16,eligibility_trace_norm_matched,1000,0.458,1.3690237691572156
15,16,no_trace,1000,0.236,1.3870297777475848
15,16,exact_replay,1500,0.727,1.2276721274878912
15,16,eligibility_trace_raw,1500,0.467,1.3018734704694517
15,16,eligibility_trace_norm_matched,1500,0.454,1.3670315709958356
15,16,no_trace,1500,0.202,1.392393972617462
15,16,exact_replay,2000,0.739,1.1854487578845647
15,16,eligibility_trace_raw,2000,0.52,1.2500711539353149
15,16,eligibility_trace_norm_matched,2000,0.521,1.354224278181402
15,16,no_trace,2000,0.195,1.3941820011079349
15,16,exact_replay,2500,0.749,1.1464907619148954
15,16,eligibility_trace_raw,2500,0.58,1.197010606314016
15,16,eligibility_trace_norm_matched,2500,0.572,1.3419306817400602
15,16,no_trace,2500,0.198,1.3917066126306727
15,16,exact_replay,3000,0.744,1.111328192998759
15,16,eligibility_trace_raw,3000,0.605,1.1693926760472757
15,16,eligibility_trace_norm_matched,3000,0.595,1.3345661572807963
15,16,no_trace,3000,0.232,1.390137724035932
15,16,batch_logistic,3000,0.919,0.2706393206697972
15,64,exact_replay,500,0.717,1.3258735414176304
15,64,eligibility_trace_raw,500,0.355,1.3648890205260096
15,64,eligibility_trace_norm_matched,500,0.348,1.381106007033019
15,64,no_trace,500,0.303,1.383880607439059
15,64,exact_replay,1000,0.723,1.2730971898750545
15,64,eligibility_trace_raw,1000,0.349,1.350611612830994
15,64,eligibility_trace_norm_matched,1000,0.352,1.3784831227381527
15,64,no_trace,1000,0.251,1.387802987396437
15,64,exact_replay,1500,0.726,1.22703403558307
15,64,eligibility_trace_raw,1500,0.331,1.354963741043836
15,64,eligibility_trace_norm_matched,1500,0.327,1.379405331846489
15,64,no_trace,1500,0.259,1.3882196458119742
15,64,exact_replay,2000,0.739,1.1846975697365945
15,64,eligibility_trace_raw,2000,0.337,1.3467644701893127
15,64,eligibility_trace_norm_matched,2000,0.337,1.376555640137562
15,64,no_trace,2000,0.274,1.3843454048531831
15,64,exact_replay,2500,0.748,1.1456494656735008
15,64,eligibility_trace_raw,2500,0.368,1.3251121906804846
15,64,eligibility_trace_norm_matched,2500,0.352,1.3714455836460853
15,64,no_trace,2500,0.281,1.3820438787899083
15,64,exact_replay,3000,0.744,1.1104224575960553
15,64,eligibility_trace_raw,3000,0.402,1.305762337544586
15,64,eligibility_trace_norm_matched,3000,0.391,1.3657512733974895
15,64,no_trace,3000,0.293,1.3806440346644282
15,64,batch_logistic,3000,0.919,0.2706393206697972
16,1,exact_replay,500,0.667,1.3250055447574
16,1,eligibility_trace_raw,500,0.477,1.3305381816919284
16,1,eligibility_trace_norm_matched,500,0.456,1.3725740464115928
16,1,no_trace,500,0.285,1.3853141379022427
16,1,exact_replay,1000,0.692,1.2696629274366082
16,1,eligibility_trace_raw,1000,0.476,1.2951165296747071
16,1,eligibility_trace_norm_matched,1000,0.483,1.3636030144231808
16,1,no_trace,1000,0.231,1.3888854838249607
16,1,exact_replay,1500,0.71,1.2216895237797374
16,1,eligibility_trace_raw,1500,0.535,1.2515409127640547
16,1,eligibility_trace_norm_matched,1500,0.528,1.352343733392648
16,1,no_trace,1500,0.228,1.3905362671604862
16,1,exact_replay,2000,0.707,1.1778497744862948
16,1,eligibility_trace_raw,2000,0.567,1.189708562616624
16,1,eligibility_trace_norm_matched,2000,0.566,1.3339550473244477
16,1,no_trace,2000,0.26,1.3888326563583346
16,1,exact_replay,2500,0.727,1.139610648377463
16,1,eligibility_trace_raw,2500,0.588,1.1535661218955344
16,1,eligibility_trace_norm_matched,2500,0.592,1.3219193930138613
16,1,no_trace,2500,0.23,1.390142587471862
16,1,exact_replay,3000,0.722,1.1050531515702096
16,1,eligibility_trace_raw,3000,0.603,1.1364038713991271
16,1,eligibility_trace_norm_matched,3000,0.594,1.315529945533578
16,1,no_trace,3000,0.225,1.3909372962207753
16,1,batch_logistic,3000,0.908,0.2801270850221649
16,4,exact_replay,500,0.667,1.3249860931754316
16,4,eligibility_trace_raw,500,0.454,1.327866977876427
16,4,eligibility_trace_norm_matched,500,0.46,1.3716488800399858
16,4,no_trace,500,0.342,1.3816384918152613
16,4,exact_replay,1000,0.692,1.2696265271698608
16,4,eligibility_trace_raw,1000,0.512,1.285504000287301
16,4,eligibility_trace_norm_matched,1000,0.507,1.3608847025309503
16,4,no_trace,1000,0.351,1.3786585513971579
16,4,exact_replay,1500,0.71,1.2216419779503063
16,4,eligibility_trace_raw,1500,0.549,1.2500352502472616
16,4,eligibility_trace_norm_matched,1500,0.537,1.3511587011344843
16,4,no_trace,1500,0.332,1.3801676576193662
16,4,exact_replay,2000,0.706,1.1777967380655718
16,4,eligibility_trace_raw,2000,0.582,1.1882815443901087
16,4,eligibility_trace_norm_matched,2000,0.587,1.3331985944714027
16,4,no_trace,2000,0.326,1.3789349067958365
16,4,exact_replay,2500,0.726,1.1395527809025006
16,4,eligibility_trace_raw,2500,0.593,1.157648979145342
16,4,eligibility_trace_norm_matched,2500,0.589,1.3224063958981955
16,4,no_trace,2500,0.288,1.381274124265443
16,4,exact_replay,3000,0.722,1.104992218333098
16,4,eligibility_trace_raw,3000,0.615,1.1436173628998685
16,4,eligibility_trace_norm_matched,3000,0.612,1.316636378750029
16,4,no_trace,3000,0.272,1.3823243185862273
16,4,batch_logistic,3000,0.908,0.2801270850221649
16,16,exact_replay,500,0.666,1.3249000871080303
16,16,eligibility_trace_raw,500,0.411,1.3409303899555778
16,16,eligibility_trace_norm_matched,500,0.42,1.3749548733860566
16,16,no_trace,500,0.241,1.387029723970294
16,16,exact_replay,1000,0.692,1.269470750959601
16,16,eligibility_trace_raw,1000,0.429,1.303399062012319
16,16,eligibility_trace_norm_matched,1000,0.434,1.3654381366694557
16,16,no_trace,1000,0.203,1.3892718927332233
16,16,exact_replay,1500,0.71,1.2214442887902452
16,16,eligibility_trace_raw,1500,0.475,1.273459087235355
16,16,eligibility_trace_norm_matched,1500,0.488,1.3577036053986902
16,16,no_trace,1500,0.236,1.3876548140039286
16,16,exact_replay,2000,0.706,1.1775719005211098
16,16,eligibility_trace_raw,2000,0.545,1.2143527038789725
16,16,eligibility_trace_norm_matched,2000,0.547,1.3407669793739319
16,16,no_trace,2000,0.194,1.3928065982042261
16,16,exact_replay,2500,0.726,1.1393068138365412
16,16,eligibility_trace_raw,2500,0.54,1.1864189241111531
16,16,eligibility_trace_norm_matched,2500,0.547,1.3307351044437725
16,16,no_trace,2500,0.229,1.390321939228778
16,16,exact_replay,3000,0.722,1.1047333926460627
16,16,eligibility_trace_raw,3000,0.546,1.1746499015015426
16,16,eligibility_trace_norm_matched,3000,0.552,1.3256758510668687
16,16,no_trace,3000,0.213,1.390472312555783
16,16,batch_logistic,3000,0.908,0.2801270850221649
16,64,exact_replay,500,0.665,1.3245770487837076
16,64,eligibility_trace_raw,500,0.33,1.3692409644892432
16,64,eligibility_trace_norm_matched,500,0.347,1.38150929180761
16,64,no_trace,500,0.238,1.3870530047960863
16,64,exact_replay,1000,0.69,1.2688748089157862
16,64,eligibility_trace_raw,1000,0.351,1.356160084682164
16,64,eligibility_trace_norm_matched,1000,0.352,1.378442268324484
16,64,no_trace,1000,0.282,1.3842860150890985
16,64,exact_replay,1500,0.709,1.2206631913475412
16,64,eligibility_trace_raw,1500,0.392,1.3400841779018704
16,64,eligibility_trace_norm_matched,1500,0.396,1.3753500464673107
16,64,no_trace,1500,0.274,1.3839708075180044
16,64,exact_replay,2000,0.706,1.1766743846178136
16,64,eligibility_trace_raw,2000,0.448,1.3043437578834742
16,64,eligibility_trace_norm_matched,2000,0.451,1.3659687179665057
16,64,no_trace,2000,0.289,1.380909997272189
16,64,exact_replay,2500,0.726,1.1383259698054933
16,64,eligibility_trace_raw,2500,0.448,1.2845365526712145
16,64,eligibility_trace_norm_matched,2500,0.444,1.3596971022164004
16,64,no_trace,2500,0.263,1.3831437653458025
16,64,exact_replay,3000,0.719,1.1037039657219665
16,64,eligibility_trace_raw,3000,0.456,1.278817394997654
16,64,eligibility_trace_norm_matched,3000,0.471,1.3565178382579612
16,64,no_trace,3000,0.248,1.386744854834271
16,64,batch_logistic,3000,0.908,0.2801270850221649
17,1,exact_replay,500,0.668,1.3247744839187436
17,1,eligibility_trace_raw,500,0.444,1.3344355105374055
17,1,eligibility_trace_norm_matched,500,0.444,1.3745652205146353
17,1,no_trace,500,0.289,1.3847506138738646
17,1,exact_replay,1000,0.69,1.2684651333449515
17,1,eligibility_trace_raw,1000,0.449,1.2872446092594851
17,1,eligibility_trace_norm_matched,1000,0.453,1.3614130173019603
17,1,no_trace,1000,0.192,1.389822620913431
17,1,exact_replay,1500,0.711,1.2202999675800892
17,1,eligibility_trace_raw,1500,0.495,1.2491689272238227
17,1,eligibility_trace_norm_matched,1500,0.497,1.3517834499058115
17,1,no_trace,1500,0.19,1.391248860501721
17,1,exact_replay,2000,0.718,1.1789649697438696
17,1,eligibility_trace_raw,2000,0.483,1.2158340624307384
17,1,eligibility_trace_norm_matched,2000,0.48,1.3404204152899923
17,1,no_trace,2000,0.174,1.3952951647396783
17,1,exact_replay,2500,0.713,1.1404757402028134
17,1,eligibility_trace_raw,2500,0.5,1.202461569944704
17,1,eligibility_trace_norm_matched,2500,0.498,1.3331350786730782
17,1,no_trace,2500,0.209,1.392438446969084
17,1,exact_replay,3000,0.711,1.1063138458997341
17,1,eligibility_trace_raw,3000,0.52,1.1667464703932575
17,1,eligibility_trace_norm_matched,3000,0.522,1.3195141687491843
17,1,no_trace,3000,0.192,1.3941779198969242
17,1,batch_logistic,3000,0.925,0.250152549331346
17,4,exact_replay,500,0.667,1.324756352494013
17,4,eligibility_trace_raw,500,0.459,1.3298021561584945
17,4,eligibility_trace_norm_matched,500,0.452,1.3737045919873025
17,4,no_trace,500,0.23,1.387512472740262
17,4,exact_replay,1000,0.69,1.2684311734327967
17,4,eligibility_trace_raw,1000,0.457,1.2842311231544248
17,4,eligibility_trace_norm_matched,1000,0.465,1.3607902014666935
17,4,no_trace,1000,0.261,1.3863630774077906
17,4,exact_replay,1500,0.711,1.220254726194769
17,4,eligibility_trace_raw,1500,0.496,1.2464584734400992
17,4,eligibility_trace_norm_matched,1500,0.488,1.3509843813386397
17,4,no_trace,1500,0.285,1.3845916777951588
17,4,exact_replay,2000,0.718,1.178912364251437
17,4,eligibility_trace_raw,2000,0.476,1.221595126815429
17,4,eligibility_trace_norm_matched,2000,0.476,1.3413432389539346
17,4,no_trace,2000,0.276,1.3843452000818446
17,4,exact_replay,2500,0.713,1.1404170178021726
17,4,eligibility_trace_raw,2500,0.492,1.2062884085413665
17,4,eligibility_trace_norm_matched,2500,0.499,1.3343959629674151
17,4,no_trace,2500,0.298,1.3823153238456993
17,4,exact_replay,3000,0.711,1.106253647978328
17,4,eligibility_trace_raw,3000,0.504,1.1777198127467337
17,4,eligibility_trace_norm_matched,3000,0.508,1.3231664582941185
17,4,no_trace,3000,0.252,1.3887140086903198
17,4,batch_logistic,3000,0.925,0.250152549331346
17,16,exact_replay,500,0.667,1.3246653509005797
17,16,eligibility_trace_raw,500,0.387,1.35445716483575
17,16,eligibility_trace_norm_matched,500,0.39,1.3789096494808777
17,16,no_trace,500,0.165,1.3920654925215685
17,16,exact_replay,1000,0.69,1.2682717725572845
17,16,eligibility_trace_raw,1000,0.388,1.320204533869813
17,16,eligibility_trace_norm_matched,1000,0.388,1.3686683839554394
17,16,no_trace,1000,0.177,1.3955192844824098
17,16,exact_replay,1500,0.711,1.220050336298536
17,16,eligibility_trace_raw,1500,0.432,1.2899768554515627
17,16,eligibility_trace_norm_matched,1500,0.422,1.360250145645116
17,16,no_trace,1500,0.169,1.396794927880176
17,16,exact_replay,2000,0.718,1.1786860426851111
17,16,eligibility_trace_raw,2000,0.423,1.2556368360994166
17,16,eligibility_trace_norm_matched,2000,0.429,1.349944764650299
17,16,no_trace,2000,0.164,1.3982701630982073
17,16,exact_replay,2500,0.713,1.1401690744680655
17,16,eligibility_trace_raw,2500,0.432,1.255096937998908
17,16,eligibility_trace_norm_matched,2500,0.42,1.3467023191510807
17,16,no_trace,2500,0.159,1.4001293391163139
17,16,exact_replay,3000,0.711,1.1059916791834596
17,16,eligibility_trace_raw,3000,0.446,1.224694081883108
17,16,eligibility_trace_norm_matched,3000,0.463,1.3370985184490694
17,16,no_trace,3000,0.154,1.4067749288010791
17,16,batch_logistic,3000,0.925,0.250152549331346
17,64,exact_replay,500,0.667,1.3243669665273679
17,64,eligibility_trace_raw,500,0.295,1.3758149665970205
17,64,eligibility_trace_norm_matched,500,0.296,1.3831572478535161
17,64,no_trace,500,0.3,1.3834451547241557
17,64,exact_replay,1000,0.69,1.267690350662792
17,64,eligibility_trace_raw,1000,0.323,1.3637646543346058
17,64,eligibility_trace_norm_matched,1000,0.319,1.3781101154427329
17,64,no_trace,1000,0.298,1.3827775089647298
17,64,exact_replay,1500,0.71,1.2192983411455767
17,64,eligibility_trace_raw,1500,0.322,1.364024175675296
17,64,eligibility_trace_norm_matched,1500,0.323,1.3772462495500777
17,64,no_trace,1500,0.256,1.3867062980806764
17,64,exact_replay,2000,0.715,1.177838690087858
17,64,eligibility_trace_raw,2000,0.324,1.3640956085431142
17,64,eligibility_trace_norm_matched,2000,0.331,1.3733385493048396
17,64,no_trace,2000,0.294,1.3823356065481585
17,64,exact_replay,2500,0.712,1.139239319825389
17,64,eligibility_trace_raw,2500,0.312,1.3742966782540504
17,64,eligibility_trace_norm_matched,2500,0.33,1.3748987440519371
17,64,no_trace,2500,0.259,1.3871954696993554
17,64,exact_replay,3000,0.711,1.1050124232738827
17,64,eligibility_trace_raw,3000,0.291,1.3873271946875607
17,64,eligibility_trace_norm_matched,3000,0.304,1.3764962928638904
17,64,no_trace,3000,0.234,1.391057321114522
17,64,batch_logistic,3000,0.925,0.250152549331346
18,1,exact_replay,500,0.686,1.314273458125626
18,1,eligibility_trace_raw,500,0.388,1.3428720498828808
18,1,eligibility_trace_norm_matched,500,0.386,1.3757480152405284
18,1,no_trace,500,0.339,1.3802796988423542
18,1,exact_replay,1000,0.71,1.2523960679426158
18,1,eligibility_trace_raw,1000,0.481,1.2751545206908708
18,1,eligibility_trace_norm_matched,1000,0.481,1.3607897355322112
18,1,no_trace,1000,0.398,1.3750238086427093
18,1,exact_replay,1500,0.733,1.1969341519839483
18,1,eligibility_trace_raw,1500,0.476,1.24622013740143
18,1,eligibility_trace_norm_matched,1500,0.477,1.350639414860617
18,1,no_trace,1500,0.32,1.3795849379191014
18,1,exact_replay,2000,0.737,1.1482821622181774
18,1,eligibility_trace_raw,2000,0.512,1.197074375409398
18,1,eligibility_trace_norm_matched,2000,0.507,1.3348810488719323
18,1,no_trace,2000,0.396,1.3672125867327285
18,1,exact_replay,2500,0.751,1.1040543992166132
18,1,eligibility_trace_raw,2500,0.541,1.166343698234954
18,1,eligibility_trace_norm_matched,2500,0.539,1.324676901047495
18,1,no_trace,2500,0.345,1.3704229991914998
18,1,exact_replay,3000,0.75,1.0654872104761148
18,1,eligibility_trace_raw,3000,0.583,1.1350534430133787
18,1,eligibility_trace_norm_matched,3000,0.581,1.3136741262727178
18,1,no_trace,3000,0.343,1.3729834585838285
18,1,batch_logistic,3000,0.922,0.2624278434321757
18,4,exact_replay,500,0.685,1.3142434753332868
18,4,eligibility_trace_raw,500,0.405,1.3389388858509748
18,4,eligibility_trace_norm_matched,500,0.392,1.3750776539885137
18,4,no_trace,500,0.242,1.3868311912255302
18,4,exact_replay,1000,0.709,1.2523453364120227
18,4,eligibility_trace_raw,1000,0.478,1.27467929194282
18,4,eligibility_trace_norm_matched,1000,0.46,1.360130571739558
18,4,no_trace,1000,0.259,1.3860481741120543
18,4,exact_replay,1500,0.733,1.1968683187794376
18,4,eligibility_trace_raw,1500,0.481,1.2444103664696908
18,4,eligibility_trace_norm_matched,1500,0.48,1.3493424964787855
18,4,no_trace,1500,0.236,1.3863279305962906
18,4,exact_replay,2000,0.737,1.1482105624086425
18,4,eligibility_trace_raw,2000,0.515,1.200187892958398
18,4,eligibility_trace_norm_matched,2000,0.507,1.334363834427906
18,4,no_trace,2000,0.238,1.3874784982887851
18,4,exact_replay,2500,0.751,1.1039786396912241
18,4,eligibility_trace_raw,2500,0.537,1.1735259348685254
18,4,eligibility_trace_norm_matched,2500,0.541,1.3265402363285503
18,4,no_trace,2500,0.203,1.3908051738932528
18,4,exact_replay,3000,0.75,1.0654060193290233
18,4,eligibility_trace_raw,3000,0.579,1.1432749226666066
18,4,eligibility_trace_norm_matched,3000,0.567,1.315975505180108
18,4,no_trace,3000,0.202,1.3915678860131577
18,4,batch_logistic,3000,0.922,0.2624278434321757
18,16,exact_replay,500,0.686,1.314139618925133
18,16,eligibility_trace_raw,500,0.378,1.3468653557280454
18,16,eligibility_trace_norm_matched,500,0.371,1.3772707675955285
18,16,no_trace,500,0.327,1.3821675005611131
18,16,exact_replay,1000,0.71,1.2521705518250152
18,16,eligibility_trace_raw,1000,0.446,1.2865605705410088
18,16,eligibility_trace_norm_matched,1000,0.441,1.36297185739956
18,16,no_trace,1000,0.293,1.3808924292429552
18,16,exact_replay,1500,0.731,1.1966393448845647
18,16,eligibility_trace_raw,1500,0.471,1.2520548079812548
18,16,eligibility_trace_norm_matched,1500,0.474,1.3525491308193855
18,16,no_trace,1500,0.284,1.3789669813104861
18,16,exact_replay,2000,0.737,1.1479466536600291
18,16,eligibility_trace_raw,2000,0.51,1.211623605592857
18,16,eligibility_trace_norm_matched,2000,0.507,1.3405255035118053
18,16,no_trace,2000,0.299,1.3774348267120105
18,16,exact_replay,2500,0.751,1.103686218292828
18,16,eligibility_trace_raw,2500,0.53,1.1904760492821904
18,16,eligibility_trace_norm_matched,2500,0.528,1.3338477161743598
18,16,no_trace,2500,0.297,1.3778126134702198
18,16,exact_replay,3000,0.75,1.0650983785252097
18,16,eligibility_trace_raw,3000,0.544,1.1741467039709497
18,16,eligibility_trace_norm_matched,3000,0.531,1.3277941034369964
18,16,no_trace,3000,0.243,1.385438384276748
18,16,batch_logistic,3000,0.922,0.2624278434321757
18,64,exact_replay,500,0.686,1.3137654241960026
18,64,eligibility_trace_raw,500,0.258,1.3968523485660786
18,64,eligibility_trace_norm_matched,500,0.259,1.3879296024650907
18,64,no_trace,500,0.278,1.3847754753133492
18,64,exact_replay,1000,0.71,1.2514637765562042
18,64,eligibility_trace_raw,1000,0.252,1.4132851576811303
18,64,eligibility_trace_norm_matched,1000,0.248,1.3894438941429694
18,64,no_trace,1000,0.235,1.3897018293317867
18,64,exact_replay,1500,0.731,1.1957108728633297
18,64,eligibility_trace_raw,1500,0.273,1.420129252144198
18,64,eligibility_trace_norm_matched,1500,0.266,1.38893111183868
18,64,no_trace,1500,0.213,1.393034019212802
18,64,exact_replay,2000,0.737,1.1468806019947102
18,64,eligibility_trace_raw,2000,0.295,1.408912331465088
18,64,eligibility_trace_norm_matched,2000,0.288,1.3846757219410049
18,64,no_trace,2000,0.223,1.391568742854183
18,64,exact_replay,2500,0.751,1.102515739295171
18,64,eligibility_trace_raw,2500,0.314,1.3795727798968846
18,64,eligibility_trace_norm_matched,2500,0.289,1.37783752551351
18,64,no_trace,2500,0.289,1.3853161490179928
18,64,exact_replay,3000,0.75,1.0638605724507664
18,64,eligibility_trace_raw,3000,0.349,1.3436048314515252
18,64,eligibility_trace_norm_matched,3000,0.344,1.3701508803188993
18,64,no_trace,3000,0.283,1.3825089954463838
18,64,batch_logistic,3000,0.922,0.2624278434321757
19,1,exact_replay,500,0.706,1.3144458043427611
19,1,eligibility_trace_raw,500,0.461,1.3188369726957405
19,1,eligibility_trace_norm_matched,500,0.449,1.3723186602792876
19,1,no_trace,500,0.161,1.3938178604854992
19,1,exact_replay,1000,0.735,1.2506069062562806
19,1,eligibility_trace_raw,1000,0.519,1.266101171290376
19,1,eligibility_trace_norm_matched,1000,0.51,1.3595760619894504
19,1,no_trace,1000,0.137,1.3998725073771097
19,1,exact_replay,1500,0.745,1.1926293619991657
19,1,eligibility_trace_raw,1500,0.553,1.2276583508172598
19,1,eligibility_trace_norm_matched,1500,0.535,1.3495184164359608
19,1,no_trace,1500,0.137,1.4052774815724756
19,1,exact_replay,2000,0.746,1.1407513126910336
19,1,eligibility_trace_raw,2000,0.608,1.1873218533959684
19,1,eligibility_trace_norm_matched,2000,0.59,1.3377209043974827
19,1,no_trace,2000,0.121,1.4031190436096963
19,1,exact_replay,2500,0.754,1.0978143662317927
19,1,eligibility_trace_raw,2500,0.639,1.1554960706225765
19,1,eligibility_trace_norm_matched,2500,0.625,1.3283662606562823
19,1,no_trace,2500,0.155,1.401746200710519
19,1,exact_replay,3000,0.762,1.0601958240743607
19,1,eligibility_trace_raw,3000,0.661,1.138112536356418
19,1,eligibility_trace_norm_matched,3000,0.649,1.322800147605051
19,1,no_trace,3000,0.149,1.404209003822403
19,1,batch_logistic,3000,0.931,0.24811002158919723
19,4,exact_replay,500,0.706,1.3144155061718206
19,4,eligibility_trace_raw,500,0.451,1.3219026237436544
19,4,eligibility_trace_norm_matched,500,0.441,1.373118508490747
19,4,no_trace,500,0.339,1.3802918502970356
19,4,exact_replay,1000,0.734,1.2505604696604546
19,4,eligibility_trace_raw,1000,0.507,1.272130637087331
19,4,eligibility_trace_norm_matched,1000,0.501,1.361500438335955
19,4,no_trace,1000,0.293,1.3826016405570776
19,4,exact_replay,1500,0.745,1.1925680685927873
19,4,eligibility_trace_raw,1500,0.543,1.2311283608410035
19,4,eligibility_trace_norm_matched,1500,0.545,1.3508347504185443
19,4,no_trace,1500,0.349,1.3748371331330684
19,4,exact_replay,2000,0.746,1.140680754441053
19,4,eligibility_trace_raw,2000,0.596,1.1954779695223412
19,4,eligibility_trace_norm_matched,2000,0.589,1.3405166899087677
19,4,no_trace,2000,0.345,1.3726752953898094
19,4,exact_replay,2500,0.754,1.0977361926361295
19,4,eligibility_trace_raw,2500,0.639,1.1602396678649072
19,4,eligibility_trace_norm_matched,2500,0.63,1.3310090791363427
19,4,no_trace,2500,0.355,1.3706978046363947
19,4,exact_replay,3000,0.762,1.0601134142725843
19,4,eligibility_trace_raw,3000,0.646,1.145135692730259
19,4,eligibility_trace_norm_matched,3000,0.638,1.325953986492911
19,4,no_trace,3000,0.36,1.3717877978950321
19,4,batch_logistic,3000,0.931,0.24811002158919723
19,16,exact_replay,500,0.706,1.3143123101943857
19,16,eligibility_trace_raw,500,0.394,1.343152750645313
19,16,eligibility_trace_norm_matched,500,0.373,1.3773978167868122
19,16,no_trace,500,0.186,1.389638689924241
19,16,exact_replay,1000,0.734,1.2503770082125492
19,16,eligibility_trace_raw,1000,0.423,1.3060306148711511
19,16,eligibility_trace_norm_matched,1000,0.418,1.368993100860958
19,16,no_trace,1000,0.167,1.3943859708114446
19,16,exact_replay,1500,0.745,1.1923230414564028
19,16,eligibility_trace_raw,1500,0.488,1.2677253952252767
19,16,eligibility_trace_norm_matched,1500,0.48,1.3600760430974288
19,16,no_trace,1500,0.195,1.3962465431615871
19,16,exact_replay,2000,0.746,1.1403927450096807
19,16,eligibility_trace_raw,2000,0.527,1.2438962044953488
19,16,eligibility_trace_norm_matched,2000,0.531,1.3538320495276779
19,16,no_trace,2000,0.175,1.3973589372334314
19,16,exact_replay,2500,0.754,1.0974370181059525
19,16,eligibility_trace_raw,2500,0.514,1.2270412455706645
19,16,eligibility_trace_norm_matched,2500,0.504,1.3492243304031588
19,16,no_trace,2500,0.178,1.4018534557234317
19,16,exact_replay,3000,0.762,1.0598012067591531
19,16,eligibility_trace_raw,3000,0.521,1.216679292863493
19,16,eligibility_trace_norm_matched,3000,0.502,1.3458598753957929
19,16,no_trace,3000,0.156,1.4059231360986748
19,16,batch_logistic,3000,0.931,0.24811002158919723
19,64,exact_replay,500,0.706,1.3139322280834111
19,64,eligibility_trace_raw,500,0.334,1.3589010145291662
19,64,eligibility_trace_norm_matched,500,0.314,1.3812492693764267
19,64,no_trace,500,0.287,1.382814128962627
19,64,exact_replay,1000,0.734,1.2496822391599098
19,64,eligibility_trace_raw,1000,0.349,1.3372860620241853
19,64,eligibility_trace_norm_matched,1000,0.344,1.3757156780605364
19,64,no_trace,1000,0.229,1.3873250998709337
19,64,exact_replay,1500,0.744,1.1913926094280187
19,64,eligibility_trace_raw,1500,0.339,1.3472141513331752
19,64,eligibility_trace_norm_matched,1500,0.334,1.37550036636829
19,64,no_trace,1500,0.24,1.388030382652385
19,64,exact_replay,2000,0.746,1.1392916381619167
19,64,eligibility_trace_raw,2000,0.37,1.341032166568531
19,64,eligibility_trace_norm_matched,2000,0.354,1.374700488396673
19,64,no_trace,2000,0.231,1.38812736638039
19,64,exact_replay,2500,0.755,1.0962465961289254
19,64,eligibility_trace_raw,2500,0.377,1.3400375985507742
19,64,eligibility_trace_norm_matched,2500,0.36,1.3736377017834365
19,64,no_trace,2500,0.252,1.3863774286836574
19,64,exact_replay,3000,0.762,1.0585571562881182
19,64,eligibility_trace_raw,3000,0.357,1.3421904215893774
19,64,eligibility_trace_norm_matched,3000,0.34,1.3744251304790385
19,64,no_trace,3000,0.237,1.3907537806837351
19,64,batch_logistic,3000,0.931,0.24811002158919723
20,1,exact_replay,500,0.705,1.3182587139505095
20,1,eligibility_trace_raw,500,0.465,1.3011084501992012
20,1,eligibility_trace_norm_matched,500,0.473,1.3674856961135784
20,1,no_trace,500,0.233,1.3883230598989618
20,1,exact_replay,1000,0.728,1.2568813297237658
20,1,eligibility_trace_raw,1000,0.5,1.2571791049205854
20,1,eligibility_trace_norm_matched,1000,0.516,1.3555610116799457
20,1,no_trace,1000,0.238,1.3881508091871737
20,1,exact_replay,1500,0.745,1.2048042716243723
20,1,eligibility_trace_raw,1500,0.537,1.215950064899949
20,1,eligibility_trace_norm_matched,1500,0.532,1.3449147141448767
20,1,no_trace,1500,0.189,1.394486927440658
20,1,exact_replay,2000,0.755,1.1590818017834832
20,1,eligibility_trace_raw,2000,0.584,1.188053148760615
20,1,eligibility_trace_norm_matched,2000,0.58,1.3364547427520503
20,1,no_trace,2000,0.201,1.3957702522202575
20,1,exact_replay,2500,0.762,1.1185864861322938
20,1,eligibility_trace_raw,2500,0.564,1.1518301628236804
20,1,eligibility_trace_norm_matched,2500,0.568,1.32447471826937
20,1,no_trace,2500,0.188,1.3966965554371582
20,1,exact_replay,3000,0.761,1.080103147580605
20,1,eligibility_trace_raw,3000,0.582,1.126009940484978
20,1,eligibility_trace_norm_matched,3000,0.578,1.3155047293668096
20,1,no_trace,3000,0.208,1.393790992237551
20,1,batch_logistic,3000,0.929,0.2372237793048686
20,4,exact_replay,500,0.705,1.3182336934377623
20,4,eligibility_trace_raw,500,0.462,1.307016509353153
20,4,eligibility_trace_norm_matched,500,0.456,1.368697636932373
20,4,no_trace,500,0.214,1.3884673395951075
20,4,exact_replay,1000,0.727,1.2568350641768968
20,4,eligibility_trace_raw,1000,0.489,1.2703493337062441
20,4,eligibility_trace_norm_matched,1000,0.494,1.3587952691009122
20,4,no_trace,1000,0.219,1.3889244480855345
20,4,exact_replay,1500,0.745,1.2047496838372331
20,4,eligibility_trace_raw,1500,0.526,1.2357682396101721
20,4,eligibility_trace_norm_matched,1500,0.519,1.3497985423725756
20,4,no_trace,1500,0.186,1.393106449456284
20,4,exact_replay,2000,0.755,1.1590197837901592
20,4,eligibility_trace_raw,2000,0.552,1.2119996200033925
20,4,eligibility_trace_norm_matched,2000,0.548,1.342169251960112
20,4,no_trace,2000,0.181,1.3982037933275768
20,4,exact_replay,2500,0.762,1.1185200613611384
20,4,eligibility_trace_raw,2500,0.543,1.178367100603963
20,4,eligibility_trace_norm_matched,2500,0.559,1.3314739014599775
20,4,no_trace,2500,0.157,1.3985515526040218
20,4,exact_replay,3000,0.761,1.080033284940078
20,4,eligibility_trace_raw,3000,0.556,1.1551465781591381
20,4,eligibility_trace_norm_matched,3000,0.547,1.3233110588478212
20,4,no_trace,3000,0.175,1.3987975546885043
20,4,batch_logistic,3000,0.929,0.2372237793048686
20,16,exact_replay,500,0.705,1.318137125256952
20,16,eligibility_trace_raw,500,0.445,1.3174350953162617
20,16,eligibility_trace_norm_matched,500,0.439,1.371055347548558
20,16,no_trace,500,0.278,1.38475006219202
20,16,exact_replay,1000,0.727,1.25666306017565
20,16,eligibility_trace_raw,1000,0.442,1.3042669468172547
20,16,eligibility_trace_norm_matched,1000,0.452,1.3666330761766303
20,16,no_trace,1000,0.231,1.3886713851121775
20,16,exact_replay,1500,0.745,1.2045376635336829
20,16,eligibility_trace_raw,1500,0.501,1.265886858000815
20,16,eligibility_trace_norm_matched,1500,0.498,1.35743550213981
20,16,no_trace,1500,0.26,1.3876384747787218
20,16,exact_replay,2000,0.755,1.1587832643070322
20,16,eligibility_trace_raw,2000,0.497,1.2507962517230948
20,16,eligibility_trace_norm_matched,2000,0.493,1.3530856832289417
20,16,no_trace,2000,0.262,1.390517116551106
20,16,exact_replay,2500,0.762,1.1182645534802986
20,16,eligibility_trace_raw,2500,0.52,1.2182909421754458
20,16,eligibility_trace_norm_matched,2500,0.514,1.343305574447581
20,16,no_trace,2500,0.251,1.3899913566893078
20,16,exact_replay,3000,0.76,1.0797612965326402
20,16,eligibility_trace_raw,3000,0.505,1.202432863191237
20,16,eligibility_trace_norm_matched,3000,0.514,1.3371834959990938
20,16,no_trace,3000,0.275,1.3835429532495578
20,16,batch_logistic,3000,0.929,0.2372237793048686
20,64,exact_replay,500,0.706,1.3177689959963748
20,64,eligibility_trace_raw,500,0.365,1.3497261570399086
20,64,eligibility_trace_norm_matched,500,0.354,1.378087360325274
20,64,no_trace,500,0.319,1.3818128015495537
20,64,exact_replay,1000,0.727,1.2560096165726915
20,64,eligibility_trace_raw,1000,0.31,1.351606368970706
20,64,eligibility_trace_norm_matched,1000,0.304,1.3782305282193943
20,64,no_trace,1000,0.295,1.3839443689587478
20,64,exact_replay,1500,0.745,1.2037096586037495
20,64,eligibility_trace_raw,1500,0.293,1.3575192940075345
20,64,eligibility_trace_norm_matched,1500,0.303,1.3778949209777875
20,64,no_trace,1500,0.243,1.3894242966746075
20,64,exact_replay,2000,0.754,1.1578312896737843
20,64,eligibility_trace_raw,2000,0.297,1.3715576021795524
20,64,eligibility_trace_norm_matched,2000,0.299,1.3803247438035253
20,64,no_trace,2000,0.21,1.3930074223197912
20,64,exact_replay,2500,0.762,1.1172367059960644
20,64,eligibility_trace_raw,2500,0.322,1.3485991968172515
20,64,eligibility_trace_norm_matched,2500,0.319,1.375294272020416
20,64,no_trace,2500,0.215,1.3914480200667778
20,64,exact_replay,3000,0.76,1.0786638906190644
20,64,eligibility_trace_raw,3000,0.367,1.3351756921140268
20,64,eligibility_trace_norm_matched,3000,0.367,1.3714308948093568
20,64,no_trace,3000,0.222,1.3947434461319983
20,64,batch_logistic,3000,0.929,0.2372237793048686
21,1,exact_replay,500,0.735,1.3122730885749387
21,1,eligibility_trace_raw,500,0.438,1.3214847615955552
21,1,eligibility_trace_norm_matched,500,0.452,1.370919169996137
21,1,no_trace,500,0.249,1.386195653597677
21,1,exact_replay,1000,0.741,1.245237421373744
21,1,eligibility_trace_raw,1000,0.52,1.2681042660748367
21,1,eligibility_trace_norm_matched,1000,0.517,1.357967811384644
21,1,no_trace,1000,0.287,1.384629402865163
21,1,exact_replay,1500,0.738,1.1852424764573886
21,1,eligibility_trace_raw,1500,0.571,1.2258272929194722
21,1,eligibility_trace_norm_matched,1500,0.577,1.345612062487605
21,1,no_trace,1500,0.234,1.3881928445537515
21,1,exact_replay,2000,0.75,1.1330801449322954
21,1,eligibility_trace_raw,2000,0.608,1.1835459617336614
21,1,eligibility_trace_norm_matched,2000,0.604,1.3335789993416212
21,1,no_trace,2000,0.262,1.3863361906819824
21,1,exact_replay,2500,0.752,1.0879214592855173
21,1,eligibility_trace_raw,2500,0.625,1.1319895946329452
21,1,eligibility_trace_norm_matched,2500,0.616,1.318648732174993
21,1,no_trace,2500,0.244,1.3860218207784427
21,1,exact_replay,3000,0.759,1.048858755535452
21,1,eligibility_trace_raw,3000,0.653,1.090158239138323
21,1,eligibility_trace_norm_matched,3000,0.641,1.303904239618811
21,1,no_trace,3000,0.236,1.3878414224472113
21,1,batch_logistic,3000,0.939,0.23214166231410568
21,4,exact_replay,500,0.735,1.3122469957061267
21,4,eligibility_trace_raw,500,0.422,1.3219445123018982
21,4,eligibility_trace_norm_matched,500,0.431,1.3710000186909514
21,4,no_trace,500,0.22,1.387924258295032
21,4,exact_replay,1000,0.741,1.245192846604454
21,4,eligibility_trace_raw,1000,0.51,1.2668691581241112
21,4,eligibility_trace_norm_matched,1000,0.514,1.3582273919326904
21,4,no_trace,1000,0.306,1.3813523958406138
21,4,exact_replay,1500,0.738,1.1851812600895781
21,4,eligibility_trace_raw,1500,0.557,1.226073694216541
21,4,eligibility_trace_norm_matched,1500,0.553,1.346633717942424
21,4,no_trace,1500,0.297,1.3798930206033653
21,4,exact_replay,2000,0.75,1.1330077250409412
21,4,eligibility_trace_raw,2000,0.607,1.185438023307412
21,4,eligibility_trace_norm_matched,2000,0.597,1.3351506577238115
21,4,no_trace,2000,0.307,1.3785124413353147
21,4,exact_replay,2500,0.752,1.0878443175509556
21,4,eligibility_trace_raw,2500,0.595,1.144482720924725
21,4,eligibility_trace_norm_matched,2500,0.595,1.3222728758739346
21,4,no_trace,2500,0.266,1.3841090348727
21,4,exact_replay,3000,0.759,1.0487776261092907
21,4,eligibility_trace_raw,3000,0.643,1.1011648649328183
21,4,eligibility_trace_norm_matched,3000,0.635,1.3072015716121532
21,4,no_trace,3000,0.291,1.3810612888830887
21,4,batch_logistic,3000,0.939,0.23214166231410568
21,16,exact_replay,500,0.734,1.3121302486838753
21,16,eligibility_trace_raw,500,0.435,1.3232252069499075
21,16,eligibility_trace_norm_matched,500,0.445,1.3710232215558114
21,16,no_trace,500,0.232,1.3875055883268166
21,16,exact_replay,1000,0.741,1.2449821213020873
21,16,eligibility_trace_raw,1000,0.441,1.2942342537911842
21,16,eligibility_trace_norm_matched,1000,0.455,1.3631402527058463
21,16,no_trace,1000,0.192,1.3918672810034556
21,16,exact_replay,1500,0.737,1.1849102149917126
21,16,eligibility_trace_raw,1500,0.53,1.2465474194159787
21,16,eligibility_trace_norm_matched,1500,0.542,1.3507007410458765
21,16,no_trace,1500,0.214,1.39092877800736
21,16,exact_replay,2000,0.75,1.132702492328434
21,16,eligibility_trace_raw,2000,0.568,1.2116211533297516
21,16,eligibility_trace_norm_matched,2000,0.574,1.340862846861929
21,16,no_trace,2000,0.23,1.3910915743148786
21,16,exact_replay,2500,0.752,1.0875200622343222
21,16,eligibility_trace_raw,2500,0.576,1.1639369995352205
21,16,eligibility_trace_norm_matched,2500,0.579,1.3269893176831313
21,16,no_trace,2500,0.241,1.386999794267915
21,16,exact_replay,3000,0.759,1.0484419191856416
21,16,eligibility_trace_raw,3000,0.617,1.1178454879758828
21,16,eligibility_trace_norm_matched,3000,0.619,1.3129320056871354
21,16,no_trace,3000,0.281,1.3806898554469471
21,16,batch_logistic,3000,0.939,0.23214166231410568
21,64,exact_replay,500,0.734,1.3117105269855298
21,64,eligibility_trace_raw,500,0.341,1.354589986452534
21,64,eligibility_trace_norm_matched,500,0.353,1.3783228010751298
21,64,no_trace,500,0.252,1.387088909336081
21,64,exact_replay,1000,0.741,1.2442171826199901
21,64,eligibility_trace_raw,1000,0.378,1.3372156286448933
21,64,eligibility_trace_norm_matched,1000,0.385,1.3732055292207175
21,64,no_trace,1000,0.227,1.3894848566708928
21,64,exact_replay,1500,0.736,1.1839000638845378
21,64,eligibility_trace_raw,1500,0.358,1.3293571617756912
21,64,eligibility_trace_norm_matched,1500,0.368,1.3705427730929802
21,64,no_trace,1500,0.221,1.3906934340324586
21,64,exact_replay,2000,0.749,1.1315015704874332
21,64,eligibility_trace_raw,2000,0.376,1.3260267364374312
21,64,eligibility_trace_norm_matched,2000,0.389,1.3693884936303347
21,64,no_trace,2000,0.232,1.3909276061181794
21,64,exact_replay,2500,0.75,1.0862282984333342
21,64,eligibility_trace_raw,2500,0.408,1.307395244657772
21,64,eligibility_trace_norm_matched,2500,0.406,1.3644859445245303
21,64,no_trace,2500,0.255,1.3881694794459256
21,64,exact_replay,3000,0.758,1.0471071800692167
21,64,eligibility_trace_raw,3000,0.442,1.2726403780013682
21,64,eligibility_trace_norm_matched,3000,0.435,1.3543632776947991
21,64,no_trace,3000,0.242,1.3878466204046553
21,64,batch_logistic,3000,0.939,0.23214166231410568
22,1,exact_replay,500,0.758,1.3180922578998922
22,1,eligibility_trace_raw,500,0.368,1.3485054395799057
22,1,eligibility_trace_norm_matched,500,0.38,1.3764870536590326
22,1,no_trace,500,0.21,1.3894694349036976
22,1,exact_replay,1000,0.778,1.2546837751374829
22,1,eligibility_trace_raw,1000,0.467,1.296507897055952
22,1,eligibility_trace_norm_matched,1000,0.477,1.3642857421357444
22,1,no_trace,1000,0.154,1.3941734301448088
22,1,exact_replay,1500,0.794,1.2009725958103703
22,1,eligibility_trace_raw,1500,0.488,1.264057384127866
22,1,eligibility_trace_norm_matched,1500,0.501,1.355149523603143
22,1,no_trace,1500,0.192,1.3944287719465123
22,1,exact_replay,2000,0.808,1.1516259838531095
22,1,eligibility_trace_raw,2000,0.542,1.2072659079917065
22,1,eligibility_trace_norm_matched,2000,0.544,1.341491477392407
22,1,no_trace,2000,0.233,1.3890949269879838
22,1,exact_replay,2500,0.804,1.1101084608089495
22,1,eligibility_trace_raw,2500,0.579,1.15464137066357
22,1,eligibility_trace_norm_matched,2500,0.576,1.3277192616847426
22,1,no_trace,2500,0.253,1.3869928602304507
22,1,exact_replay,3000,0.81,1.0717123967590734
22,1,eligibility_trace_raw,3000,0.595,1.1243218709706697
22,1,eligibility_trace_norm_matched,3000,0.573,1.316967275820294
22,1,no_trace,3000,0.243,1.3887266661570306
22,1,batch_logistic,3000,0.94,0.21533830332170642
22,4,exact_replay,500,0.758,1.3180735060740472
22,4,eligibility_trace_raw,500,0.364,1.3525013801967598
22,4,eligibility_trace_norm_matched,500,0.353,1.3778986726474323
22,4,no_trace,500,0.269,1.385914989322741
22,4,exact_replay,1000,0.778,1.2546445581613803
22,4,eligibility_trace_raw,1000,0.438,1.3068481016611706
22,4,eligibility_trace_norm_matched,1000,0.448,1.367661326904078
22,4,no_trace,1000,0.264,1.3854320402420335
22,4,exact_replay,1500,0.794,1.200920531855075
22,4,eligibility_trace_raw,1500,0.503,1.2685972092645939
22,4,eligibility_trace_norm_matched,1500,0.491,1.3579656013434245
22,4,no_trace,1500,0.292,1.3839685348380955
22,4,exact_replay,2000,0.808,1.1515652066148578
22,4,eligibility_trace_raw,2000,0.558,1.2103830507527271
22,4,eligibility_trace_norm_matched,2000,0.555,1.3440410952678494
22,4,no_trace,2000,0.294,1.3816807141826395
22,4,exact_replay,2500,0.804,1.1100439264851532
22,4,eligibility_trace_raw,2500,0.597,1.1553560911515055
22,4,eligibility_trace_norm_matched,2500,0.581,1.3300599306326495
22,4,no_trace,2500,0.349,1.376874658712703
22,4,exact_replay,3000,0.81,1.0716435105603734
22,4,eligibility_trace_raw,3000,0.595,1.1335561476216345
22,4,eligibility_trace_norm_matched,3000,0.566,1.321134569932337
22,4,no_trace,3000,0.326,1.3780190411376938
22,4,batch_logistic,3000,0.94,0.21533830332170642
22,16,exact_replay,500,0.757,1.3179914693063475
22,16,eligibility_trace_raw,500,0.341,1.352552982713561
22,16,eligibility_trace_norm_matched,500,0.341,1.3782128873535684
22,16,no_trace,500,0.257,1.3856145733438867
22,16,exact_replay,1000,0.777,1.2544891515675556
22,16,eligibility_trace_raw,1000,0.393,1.3258361591059984
22,16,eligibility_trace_norm_matched,1000,0.398,1.3718465705945433
22,16,no_trace,1000,0.224,1.3870063961525514
22,16,exact_replay,1500,0.794,1.2007113005598322
22,16,eligibility_trace_raw,1500,0.445,1.3056289284892484
22,16,eligibility_trace_norm_matched,1500,0.437,1.3666596746674569
22,16,no_trace,1500,0.181,1.3940894940093453
22,16,exact_replay,2000,0.808,1.1513196476714675
22,16,eligibility_trace_raw,2000,0.49,1.2565360654999467
22,16,eligibility_trace_norm_matched,2000,0.477,1.3553332033418592
22,16,no_trace,2000,0.198,1.3934038336691468
22,16,exact_replay,2500,0.804,1.109777273620503
22,16,eligibility_trace_raw,2500,0.533,1.2068666972810171
22,16,eligibility_trace_norm_matched,2500,0.53,1.343643277403845
22,16,no_trace,2500,0.227,1.3887387649574199
22,16,exact_replay,3000,0.81,1.0713631057178254
22,16,eligibility_trace_raw,3000,0.516,1.1960828549683453
22,16,eligibility_trace_norm_matched,3000,0.505,1.3374447627148875
22,16,no_trace,3000,0.253,1.3870155939939925
22,16,batch_logistic,3000,0.94,0.21533830332170642
22,64,exact_replay,500,0.756,1.3176635400748906
22,64,eligibility_trace_raw,500,0.243,1.3857948240264202
22,64,eligibility_trace_norm_matched,500,0.237,1.385818549743361
22,64,no_trace,500,0.369,1.380180420950536
22,64,exact_replay,1000,0.777,1.2538651435321215
22,64,eligibility_trace_raw,1000,0.318,1.3616199884925078
22,64,eligibility_trace_norm_matched,1000,0.314,1.3809155384995906
22,64,no_trace,1000,0.379,1.375766025639175
22,64,exact_replay,1500,0.794,1.199894048820801
22,64,eligibility_trace_raw,1500,0.316,1.3675935333574316
22,64,eligibility_trace_norm_matched,1500,0.313,1.3810564166939658
22,64,no_trace,1500,0.336,1.3753882677680322
22,64,exact_replay,2000,0.807,1.1503468254897689
22,64,eligibility_trace_raw,2000,0.327,1.3661124878855557
22,64,eligibility_trace_norm_matched,2000,0.315,1.3790472134061411
22,64,no_trace,2000,0.362,1.3724906508205768
22,64,exact_replay,2500,0.804,1.1087096872089033
22,64,eligibility_trace_raw,2500,0.356,1.3394364159625236
22,64,eligibility_trace_norm_matched,2500,0.355,1.3718498800428158
22,64,no_trace,2500,0.375,1.368295174207396
22,64,exact_replay,3000,0.809,1.0702364647690015
22,64,eligibility_trace_raw,3000,0.359,1.3305458345477994
22,64,eligibility_trace_norm_matched,3000,0.356,1.3691011997359341
22,64,no_trace,3000,0.402,1.3644530030951747
22,64,batch_logistic,3000,0.94,0.21533830332170642
23,1,exact_replay,500,0.713,1.320613504165091
23,1,eligibility_trace_raw,500,0.433,1.3320151370809086
23,1,eligibility_trace_norm_matched,500,0.433,1.3734528580785321
23,1,no_trace,500,0.277,1.3851060143541272
23,1,exact_replay,1000,0.72,1.2617270194494128
23,1,eligibility_trace_raw,1000,0.551,1.270380755231051
23,1,eligibility_trace_norm_matched,1000,0.539,1.358946772317376
23,1,no_trace,1000,0.293,1.3852304120677148
23,1,exact_replay,1500,0.737,1.2078889114822033
23,1,eligibility_trace_raw,1500,0.59,1.2195822678537207
23,1,eligibility_trace_norm_matched,1500,0.586,1.3448020649312102
23,1,no_trace,1500,0.298,1.3821383117722372
23,1,exact_replay,2000,0.745,1.1623057874333207
23,1,eligibility_trace_raw,2000,0.597,1.1799650755682178
23,1,eligibility_trace_norm_matched,2000,0.588,1.333065331236512
23,1,no_trace,2000,0.3,1.3802025482189375
23,1,exact_replay,2500,0.748,1.122166289679429
23,1,eligibility_trace_raw,2500,0.63,1.1125075684413737
23,1,eligibility_trace_norm_matched,2500,0.613,1.3127574177197932
23,1,no_trace,2500,0.338,1.374146197780762
23,1,exact_replay,3000,0.752,1.0845651856917107
23,1,eligibility_trace_raw,3000,0.659,1.071124520058157
23,1,eligibility_trace_norm_matched,3000,0.65,1.2984484805430099
23,1,no_trace,3000,0.335,1.3757098185702152
23,1,batch_logistic,3000,0.926,0.2510924497927819
23,4,exact_replay,500,0.714,1.3205910863018213
23,4,eligibility_trace_raw,500,0.436,1.3296234391014459
23,4,eligibility_trace_norm_matched,500,0.443,1.373038011748142
23,4,no_trace,500,0.289,1.3832832954250487
23,4,exact_replay,1000,0.72,1.2616871831820233
23,4,eligibility_trace_raw,1000,0.522,1.2772060648610493
23,4,eligibility_trace_norm_matched,1000,0.519,1.3609062446473201
23,4,no_trace,1000,0.269,1.3852597722923046
23,4,exact_replay,1500,0.737,1.2078352598559485
23,4,eligibility_trace_raw,1500,0.586,1.2262325890634065
23,4,eligibility_trace_norm_matched,1500,0.592,1.3471896148166493
23,4,no_trace,1500,0.302,1.3804063459862583
23,4,exact_replay,2000,0.745,1.1622444926137712
23,4,eligibility_trace_raw,2000,0.605,1.1930427909641357
23,4,eligibility_trace_norm_matched,2000,0.603,1.3375427545270804
23,4,no_trace,2000,0.299,1.3807987537366846
23,4,exact_replay,2500,0.748,1.1221019044252876
23,4,eligibility_trace_raw,2500,0.639,1.1245654310855528
23,4,eligibility_trace_norm_matched,2500,0.621,1.3171660086231425
23,4,no_trace,2500,0.298,1.3809481214390247
23,4,exact_replay,3000,0.752,1.0844967793547722
23,4,eligibility_trace_raw,3000,0.661,1.0825310591256898
23,4,eligibility_trace_norm_matched,3000,0.655,1.303255482581374
23,4,no_trace,3000,0.292,1.381600145354314
23,4,batch_logistic,3000,0.926,0.2510924497927819
23,16,exact_replay,500,0.714,1.320507060719557
23,16,eligibility_trace_raw,500,0.405,1.3361967855615287
23,16,eligibility_trace_norm_matched,500,0.412,1.375019681869066
23,16,no_trace,500,0.264,1.3856808853971525
23,16,exact_replay,1000,0.72,1.2615301491100805
23,16,eligibility_trace_raw,1000,0.513,1.2937536562731735
23,16,eligibility_trace_norm_matched,1000,0.507,1.364763556162573
23,16,no_trace,1000,0.259,1.385993713686824
23,16,exact_replay,1500,0.737,1.207626496022377
23,16,eligibility_trace_raw,1500,0.517,1.2594192615002675
23,16,eligibility_trace_norm_matched,1500,0.515,1.3552170620918649
23,16,no_trace,1500,0.225,1.3895501126239145
23,16,exact_replay,2000,0.745,1.1620021669876623
23,16,eligibility_trace_raw,2000,0.554,1.2423334490093894
23,16,eligibility_trace_norm_matched,2000,0.543,1.3508814446159074
23,16,no_trace,2000,0.19,1.3946462210724921
23,16,exact_replay,2500,0.748,1.1218401177812585
23,16,eligibility_trace_raw,2500,0.609,1.176426036424032
23,16,eligibility_trace_norm_matched,2500,0.603,1.3321339491650968
23,16,no_trace,2500,0.176,1.3988931639293383
23,16,exact_replay,3000,0.752,1.084219899003168
23,16,eligibility_trace_raw,3000,0.625,1.1368554534727342
23,16,eligibility_trace_norm_matched,3000,0.61,1.3194398237533647
23,16,no_trace,3000,0.164,1.4018622758611432
23,16,batch_logistic,3000,0.926,0.2510924497927819
23,64,exact_replay,500,0.714,1.3201674924112272
23,64,eligibility_trace_raw,500,0.304,1.3686686497274505
23,64,eligibility_trace_norm_matched,500,0.288,1.381928458444687
23,64,no_trace,500,0.277,1.3849024086467643
23,64,exact_replay,1000,0.719,1.2609197954764857
23,64,eligibility_trace_raw,1000,0.331,1.3557754321824416
23,64,eligibility_trace_norm_matched,1000,0.339,1.3788107170253332
23,64,no_trace,1000,0.226,1.3894867049240236
23,64,exact_replay,1500,0.737,1.2068084743182004
23,64,eligibility_trace_raw,1500,0.31,1.3622434366679128
23,64,eligibility_trace_norm_matched,1500,0.312,1.3785170555066826
23,64,no_trace,1500,0.193,1.3924587689262788
23,64,exact_replay,2000,0.743,1.1610576394893528
23,64,eligibility_trace_raw,2000,0.337,1.3449614606428144
23,64,eligibility_trace_norm_matched,2000,0.339,1.3746726707263683
23,64,no_trace,2000,0.178,1.396614336212837
23,64,exact_replay,2500,0.748,1.1208153625065522
23,64,eligibility_trace_raw,2500,0.424,1.3039013275239382
23,64,eligibility_trace_norm_matched,2500,0.435,1.3640468477081567
23,64,no_trace,2500,0.164,1.399416709651833
23,64,exact_replay,3000,0.75,1.0831345034961453
23,64,eligibility_trace_raw,3000,0.468,1.265938014316854
23,64,eligibility_trace_norm_matched,3000,0.474,1.3557276308079336
23,64,no_trace,3000,0.185,1.3952650465019232
23,64,batch_logistic,3000,0.926,0.2510924497927819
24,1,exact_replay,500,0.661,1.3291551534706167
24,1,eligibility_trace_raw,500,0.433,1.3440565610869475
24,1,eligibility_trace_norm_matched,500,0.423,1.376648805207838
24,1,no_trace,500,0.225,1.3874082749939576
24,1,exact_replay,1000,0.683,1.2757805716367001
24,1,eligibility_trace_raw,1000,0.51,1.2941827793853014
24,1,eligibility_trace_norm_matched,1000,0.516,1.3647033508310464
24,1,no_trace,1000,0.23,1.3873284731705864
24,1,exact_replay,1500,0.726,1.2283746977471173
24,1,eligibility_trace_raw,1500,0.52,1.2607887013900192
24,1,eligibility_trace_norm_matched,1500,0.525,1.3566057863029906
24,1,no_trace,1500,0.261,1.383957307426645
24,1,exact_replay,2000,0.727,1.1833014157530015
24,1,eligibility_trace_raw,2000,0.593,1.2067638998812777
24,1,eligibility_trace_norm_matched,2000,0.573,1.3427985047539104
24,1,no_trace,2000,0.271,1.3847956202882399
24,1,exact_replay,2500,0.732,1.144820030866398
24,1,eligibility_trace_raw,2500,0.617,1.1569124043876666
24,1,eligibility_trace_norm_matched,2500,0.61,1.328225903813611
24,1,no_trace,2500,0.245,1.3863470503294977
24,1,exact_replay,3000,0.737,1.1102969991351106
24,1,eligibility_trace_raw,3000,0.637,1.1269109690631527
24,1,eligibility_trace_norm_matched,3000,0.613,1.319097132611921
24,1,no_trace,3000,0.25,1.3876988247551403
24,1,batch_logistic,3000,0.936,0.24454561917134268
24,4,exact_replay,500,0.661,1.3291368562226642
24,4,eligibility_trace_raw,500,0.433,1.3395352251375732
24,4,eligibility_trace_norm_matched,500,0.446,1.3750332350251055
24,4,no_trace,500,0.265,1.385351964635816
24,4,exact_replay,1000,0.683,1.275748521418373
24,4,eligibility_trace_raw,1000,0.507,1.2894491740375436
24,4,eligibility_trace_norm_matched,1000,0.507,1.3630169621480304
24,4,no_trace,1000,0.318,1.380618954369998
24,4,exact_replay,1500,0.726,1.2283323084883122
24,4,eligibility_trace_raw,1500,0.538,1.2552312447968696
24,4,eligibility_trace_norm_matched,1500,0.545,1.3548541129144824
24,4,no_trace,1500,0.334,1.3793478574509284
24,4,exact_replay,2000,0.727,1.1832517153813353
24,4,eligibility_trace_raw,2000,0.576,1.2009103211679661
24,4,eligibility_trace_norm_matched,2000,0.562,1.3408527883443158
24,4,no_trace,2000,0.311,1.3789790326972562
24,4,exact_replay,2500,0.732,1.144766924649362
24,4,eligibility_trace_raw,2500,0.611,1.1527361683641595
24,4,eligibility_trace_norm_matched,2500,0.594,1.327002891673541
24,4,no_trace,2500,0.27,1.382076109774794
24,4,exact_replay,3000,0.737,1.11023943590316
24,4,eligibility_trace_raw,3000,0.633,1.1281545452555914
24,4,eligibility_trace_norm_matched,3000,0.613,1.319382812103729
24,4,no_trace,3000,0.241,1.3851333215348927
24,4,batch_logistic,3000,0.936,0.24454561917134268
24,16,exact_replay,500,0.66,1.3290677279590013
24,16,eligibility_trace_raw,500,0.361,1.3531301793720067
24,16,eligibility_trace_norm_matched,500,0.356,1.3781451840390553
24,16,no_trace,500,0.27,1.3852806599341447
24,16,exact_replay,1000,0.682,1.275618871382474
24,16,eligibility_trace_raw,1000,0.455,1.3089514865833807
24,16,eligibility_trace_norm_matched,1000,0.457,1.36830367714045
24,16,no_trace,1000,0.314,1.3813151135089248
24,16,exact_replay,1500,0.726,1.2281622761479898
24,16,eligibility_trace_raw,1500,0.475,1.2843989500716262
24,16,eligibility_trace_norm_matched,1500,0.461,1.3623685814558328
24,16,no_trace,1500,0.311,1.381195392443617
24,16,exact_replay,2000,0.727,1.1830449459036436
24,16,eligibility_trace_raw,2000,0.527,1.2365569676753798
24,16,eligibility_trace_norm_matched,2000,0.508,1.3502555381692918
24,16,no_trace,2000,0.333,1.3775327154348036
24,16,exact_replay,2500,0.732,1.144537160280282
24,16,eligibility_trace_raw,2500,0.566,1.1981786416842697
24,16,eligibility_trace_norm_matched,2500,0.543,1.338872515144663
24,16,no_trace,2500,0.343,1.3756405960485558
24,16,exact_replay,3000,0.737,1.1099999900578832
24,16,eligibility_trace_raw,3000,0.563,1.1782678737034407
24,16,eligibility_trace_norm_matched,3000,0.55,1.3332654976619895
24,16,no_trace,3000,0.332,1.3760272908407396
24,16,batch_logistic,3000,0.936,0.24454561917134268
24,64,exact_replay,500,0.659,1.3288297662171504
24,64,eligibility_trace_raw,500,0.296,1.3855870399431238
24,64,eligibility_trace_norm_matched,500,0.301,1.3851220771529225
24,64,no_trace,500,0.298,1.3844657254820463
24,64,exact_replay,1000,0.682,1.275145318483461
24,64,eligibility_trace_raw,1000,0.322,1.3663304153066869
24,64,eligibility_trace_norm_matched,1000,0.318,1.381704792593916
24,64,no_trace,1000,0.255,1.3865188970188318
24,64,exact_replay,1500,0.726,1.227520713804926
24,64,eligibility_trace_raw,1500,0.311,1.3721473310983257
24,64,eligibility_trace_norm_matched,1500,0.293,1.3825696906938378
24,64,no_trace,1500,0.27,1.3840502842733504
24,64,exact_replay,2000,0.727,1.18226729088817
24,64,eligibility_trace_raw,2000,0.328,1.35567157998637
24,64,eligibility_trace_norm_matched,2000,0.328,1.3789425139201648
24,64,no_trace,2000,0.283,1.3845154911715722
24,64,exact_replay,2500,0.731,1.1436812499053541
24,64,eligibility_trace_raw,2500,0.398,1.3217424522140446
24,64,eligibility_trace_norm_matched,2500,0.382,1.3703016321808672
24,64,no_trace,2500,0.277,1.3842813252862283
24,64,exact_replay,3000,0.735,1.1090912588821884
24,64,eligibility_trace_raw,3000,0.388,1.320926869043406
24,64,eligibility_trace_norm_matched,3000,0.368,1.3700102696102763
24,64,no_trace,3000,0.28,1.382370941633657
24,64,batch_logistic,3000,0.936,0.24454561917134268
25,1,exact_replay,500,0.721,1.3193413177122293
25,1,eligibility_trace_raw,500,0.5,1.3178862727091114
25,1,eligibility_trace_norm_matched,500,0.497,1.3695815968216487
25,1,no_trace,500,0.243,1.389329766301669
25,1,exact_replay,1000,0.742,1.2627517403661397
25,1,eligibility_trace_raw,1000,0.548,1.2644361789311365
25,1,eligibility_trace_norm_matched,1000,0.554,1.3560740795911665
25,1,no_trace,1000,0.225,1.3909407311370259
25,1,exact_replay,1500,0.746,1.2110349100757378
25,1,eligibility_trace_raw,1500,0.603,1.2139219635668932
25,1,eligibility_trace_norm_matched,1500,0.592,1.3435914926596433
25,1,no_trace,1500,0.207,1.3945695693554552
25,1,exact_replay,2000,0.748,1.1680587786937526
25,1,eligibility_trace_raw,2000,0.643,1.176502135215568
25,1,eligibility_trace_norm_matched,2000,0.638,1.3325130008379398
25,1,no_trace,2000,0.222,1.3917563079372435
25,1,exact_replay,2500,0.749,1.1276917809508826
25,1,eligibility_trace_raw,2500,0.613,1.1293007032323288
25,1,eligibility_trace_norm_matched,2500,0.62,1.31745413508239
25,1,no_trace,2500,0.242,1.3886310742542127
25,1,exact_replay,3000,0.757,1.0910194951593772
25,1,eligibility_trace_raw,3000,0.627,1.092554174489488
25,1,eligibility_trace_norm_matched,3000,0.625,1.305477345238238
25,1,no_trace,3000,0.23,1.3906809772248987
25,1,batch_logistic,3000,0.936,0.24636024373222773
25,4,exact_replay,500,0.721,1.3193175560927315
25,4,eligibility_trace_raw,500,0.484,1.3291808922205184
25,4,eligibility_trace_norm_matched,500,0.486,1.3721098368190991
25,4,no_trace,500,0.217,1.3878233193026668
25,4,exact_replay,1000,0.742,1.2627136529761256
25,4,eligibility_trace_raw,1000,0.553,1.266973906126967
25,4,eligibility_trace_norm_matched,1000,0.55,1.3567928566963254
25,4,no_trace,1000,0.295,1.3813604580570382
25,4,exact_replay,1500,0.746,1.21098652942129
25,4,eligibility_trace_raw,1500,0.609,1.219098097775884
25,4,eligibility_trace_norm_matched,1500,0.594,1.3452599043393607
25,4,no_trace,1500,0.312,1.3806221760115465
25,4,exact_replay,2000,0.748,1.1680025803474483
25,4,eligibility_trace_raw,2000,0.63,1.1864781033368577
25,4,eligibility_trace_norm_matched,2000,0.634,1.3355006101690847
25,4,no_trace,2000,0.285,1.3803957363449846
25,4,exact_replay,2500,0.749,1.1276292070653178
25,4,eligibility_trace_raw,2500,0.631,1.1362899134441118
25,4,eligibility_trace_norm_matched,2500,0.632,1.3204760831469782
25,4,no_trace,2500,0.269,1.3811146896894233
25,4,exact_replay,3000,0.757,1.0909524446551846
25,4,eligibility_trace_raw,3000,0.64,1.0987120064388531
25,4,eligibility_trace_norm_matched,3000,0.634,1.308429569010254
25,4,no_trace,3000,0.302,1.3772220674881586
25,4,batch_logistic,3000,0.936,0.24636024373222773
25,16,exact_replay,500,0.721,1.319219228252681
25,16,eligibility_trace_raw,500,0.443,1.3332260608299564
25,16,eligibility_trace_norm_matched,500,0.469,1.3735921956458284
25,16,no_trace,500,0.234,1.3861141515622701
25,16,exact_replay,1000,0.742,1.2625531851360143
25,16,eligibility_trace_raw,1000,0.51,1.2786491402286198
25,16,eligibility_trace_norm_matched,1000,0.515,1.3607694265676482
25,16,no_trace,1000,0.252,1.3865031420463816
25,16,exact_replay,1500,0.746,1.2107796666064614
25,16,eligibility_trace_raw,1500,0.588,1.2271959078555037
25,16,eligibility_trace_norm_matched,1500,0.582,1.3485691288263488
25,16,no_trace,1500,0.294,1.3795573832182642
25,16,exact_replay,2000,0.748,1.1677697333275292
25,16,eligibility_trace_raw,2000,0.576,1.206002764301261
25,16,eligibility_trace_norm_matched,2000,0.579,1.3413364983952487
25,16,no_trace,2000,0.309,1.379090458382993
25,16,exact_replay,2500,0.749,1.1273750965874156
25,16,eligibility_trace_raw,2500,0.603,1.1484927483595293
25,16,eligibility_trace_norm_matched,2500,0.592,1.3257842079871487
25,16,no_trace,2500,0.307,1.3782134395656986
25,16,exact_replay,3000,0.756,1.0906817525212231
25,16,eligibility_trace_raw,3000,0.61,1.127751361713027
25,16,eligibility_trace_norm_matched,3000,0.597,1.317905269409568
25,16,no_trace,3000,0.268,1.3824076539715593
25,16,batch_logistic,3000,0.936,0.24636024373222773
25,64,exact_replay,500,0.721,1.3188600367746395
25,64,eligibility_trace_raw,500,0.236,1.3832729485718962
25,64,eligibility_trace_norm_matched,500,0.232,1.3853657520792344
25,64,no_trace,500,0.274,1.3849741142599628
25,64,exact_replay,1000,0.742,1.2619347254291788
25,64,eligibility_trace_raw,1000,0.401,1.3304673309055155
25,64,eligibility_trace_norm_matched,1000,0.396,1.373292689489429
25,64,no_trace,1000,0.3,1.38243581869629
25,64,exact_replay,1500,0.744,1.2099808305667366
25,64,eligibility_trace_raw,1500,0.399,1.3211722876694612
25,64,eligibility_trace_norm_matched,1500,0.407,1.3695387286607341
25,64,no_trace,1500,0.303,1.3820475488625275
25,64,exact_replay,2000,0.747,1.1668621404680446
25,64,eligibility_trace_raw,2000,0.398,1.31933385502294
25,64,eligibility_trace_norm_matched,2000,0.416,1.3677906462037568
25,64,no_trace,2000,0.284,1.3830474895980063
25,64,exact_replay,2500,0.749,1.1263804134178041
25,64,eligibility_trace_raw,2500,0.444,1.2925611779710973
25,64,eligibility_trace_norm_matched,2500,0.45,1.361946163630873
25,64,no_trace,2500,0.286,1.3851892680810416
25,64,exact_replay,3000,0.756,1.0896245098334374
25,64,eligibility_trace_raw,3000,0.426,1.289796220428247
25,64,eligibility_trace_norm_matched,3000,0.441,1.3589500149727296
25,64,no_trace,3000,0.28,1.386713179619021
25,64,batch_logistic,3000,0.936,0.24636024373222773
26,1,exact_replay,500,0.696,1.3240839332618426
26,1,eligibility_trace_raw,500,0.461,1.3316918292717133
26,1,eligibility_trace_norm_matched,500,0.474,1.3743764680220196
26,1,no_trace,500,0.241,1.3866337795676786
26,1,exact_replay,1000,0.71,1.2676380022011629
26,1,eligibility_trace_raw,1000,0.561,1.2693247046464649
26,1,eligibility_trace_norm_matched,1000,0.56,1.3594422644411848
26,1,no_trace,1000,0.213,1.3903873538472389
26,1,exact_replay,1500,0.724,1.2184165872042885
26,1,eligibility_trace_raw,1500,0.573,1.221805618878543
26,1,eligibility_trace_norm_matched,1500,0.566,1.3465012806237442
26,1,no_trace,1500,0.182,1.3934670975394727
26,1,exact_replay,2000,0.73,1.1772455086811642
26,1,eligibility_trace_raw,2000,0.605,1.1793364371893162
26,1,eligibility_trace_norm_matched,2000,0.602,1.3347121139579692
26,1,no_trace,2000,0.179,1.3961741460013664
26,1,exact_replay,2500,0.743,1.1378063597206147
26,1,eligibility_trace_raw,2500,0.643,1.149025199192735
26,1,eligibility_trace_norm_matched,2500,0.639,1.3247705922698896
26,1,no_trace,2500,0.162,1.3982337412281243
26,1,exact_replay,3000,0.755,1.1001654652948603
26,1,eligibility_trace_raw,3000,0.66,1.1075233248552878
26,1,eligibility_trace_norm_matched,3000,0.65,1.3117819922257725
26,1,no_trace,3000,0.174,1.398520354878391
26,1,batch_logistic,3000,0.937,0.24706853838079074
26,4,exact_replay,500,0.696,1.3240610961826607
26,4,eligibility_trace_raw,500,0.466,1.3329560327706194
26,4,eligibility_trace_norm_matched,500,0.466,1.3747642793221675
26,4,no_trace,500,0.305,1.3843440382247922
26,4,exact_replay,1000,0.71,1.2676003754223988
26,4,eligibility_trace_raw,1000,0.549,1.2759889809738556
26,4,eligibility_trace_norm_matched,1000,0.559,1.36125273249956
26,4,no_trace,1000,0.301,1.3830567112428875
26,4,exact_replay,1500,0.724,1.2183686681109402
26,4,eligibility_trace_raw,1500,0.557,1.2286927089184354
26,4,eligibility_trace_norm_matched,1500,0.562,1.3481534461904798
26,4,no_trace,1500,0.298,1.3832952632721514
26,4,exact_replay,2000,0.73,1.1771880664581587
26,4,eligibility_trace_raw,2000,0.59,1.1942704992339794
26,4,eligibility_trace_norm_matched,2000,0.597,1.3386637526154839
26,4,no_trace,2000,0.263,1.3909258946687033
26,4,exact_replay,2500,0.743,1.1377447402880179
26,4,eligibility_trace_raw,2500,0.626,1.1697068271840507
26,4,eligibility_trace_norm_matched,2500,0.625,1.3304472067302207
26,4,no_trace,2500,0.239,1.3929065563104142
26,4,exact_replay,3000,0.755,1.1001013970194378
26,4,eligibility_trace_raw,3000,0.63,1.1312943588122102
26,4,eligibility_trace_norm_matched,3000,0.625,1.3185952343882672
26,4,no_trace,3000,0.239,1.3942325351380134
26,4,batch_logistic,3000,0.937,0.24706853838079074
26,16,exact_replay,500,0.696,1.323986878539606
26,16,eligibility_trace_raw,500,0.364,1.3585716706030488
26,16,eligibility_trace_norm_matched,500,0.359,1.3798165782234308
26,16,no_trace,500,0.224,1.3879491237959538
26,16,exact_replay,1000,0.71,1.2674601392916047
26,16,eligibility_trace_raw,1000,0.453,1.308137870628508
26,16,eligibility_trace_norm_matched,1000,0.46,1.367855622725342
26,16,no_trace,1000,0.19,1.3902616348682817
26,16,exact_replay,1500,0.724,1.218183165737768
26,16,eligibility_trace_raw,1500,0.494,1.2593925203966456
26,16,eligibility_trace_norm_matched,1500,0.498,1.3553482049047285
26,16,no_trace,1500,0.223,1.3901531234866285
26,16,exact_replay,2000,0.73,1.17697599168987
26,16,eligibility_trace_raw,2000,0.535,1.2279632260320528
26,16,eligibility_trace_norm_matched,2000,0.536,1.3466772027863736
26,16,no_trace,2000,0.235,1.390492545151907
26,16,exact_replay,2500,0.743,1.1375074688048505
26,16,eligibility_trace_raw,2500,0.549,1.2123515240577865
26,16,eligibility_trace_norm_matched,2500,0.546,1.3407163900436756
26,16,no_trace,2500,0.224,1.392397191946819
26,16,exact_replay,3000,0.755,1.0998458505691087
26,16,eligibility_trace_raw,3000,0.591,1.1757502861864086
26,16,eligibility_trace_norm_matched,3000,0.592,1.330735329722867
26,16,no_trace,3000,0.203,1.3958163531336527
26,16,batch_logistic,3000,0.937,0.24706853838079074
26,64,exact_replay,500,0.695,1.32370692151209
26,64,eligibility_trace_raw,500,0.256,1.388116293151402
26,64,eligibility_trace_norm_matched,500,0.26,1.3855678813231396
26,64,no_trace,500,0.159,1.3907486361150019
26,64,exact_replay,1000,0.709,1.266912617948074
26,64,eligibility_trace_raw,1000,0.343,1.358051287222328
26,64,eligibility_trace_norm_matched,1000,0.353,1.3784229591478006
26,64,no_trace,1000,0.203,1.3888965305901306
26,64,exact_replay,1500,0.724,1.217466747200649
26,64,eligibility_trace_raw,1500,0.406,1.323405503818584
26,64,eligibility_trace_norm_matched,1500,0.411,1.3705544258645683
26,64,no_trace,1500,0.209,1.3902096562151163
26,64,exact_replay,2000,0.728,1.1761614275224073
26,64,eligibility_trace_raw,2000,0.41,1.313262755542422
26,64,eligibility_trace_norm_matched,2000,0.405,1.3670938773768329
26,64,no_trace,2000,0.259,1.3885627530077236
26,64,exact_replay,2500,0.743,1.1365943698489145
26,64,eligibility_trace_raw,2500,0.432,1.2889253947334471
26,64,eligibility_trace_norm_matched,2500,0.442,1.3601018986538629
26,64,no_trace,2500,0.254,1.3877409910397591
26,64,exact_replay,3000,0.754,1.0988729398324513
26,64,eligibility_trace_raw,3000,0.451,1.2726409961151635
26,64,eligibility_trace_norm_matched,3000,0.46,1.3556431444304968
26,64,no_trace,3000,0.29,1.3836028875196675
26,64,batch_logistic,3000,0.937,0.24706853838079074
27,1,exact_replay,500,0.75,1.3138945755834883
27,1,eligibility_trace_raw,500,0.497,1.3086402843645286
27,1,eligibility_trace_norm_matched,500,0.497,1.3675485002765047
27,1,no_trace,500,0.249,1.3870526169789974
27,1,exact_replay,1000,0.759,1.245376899697308
27,1,eligibility_trace_raw,1000,0.522,1.2465844031146067
27,1,eligibility_trace_norm_matched,1000,0.521,1.3528356842659484
27,1,no_trace,1000,0.279,1.3843351429388122
27,1,exact_replay,1500,0.795,1.187112490441946
27,1,eligibility_trace_raw,1500,0.613,1.1786229738939076
27,1,eligibility_trace_norm_matched,1500,0.605,1.3363020479085057
27,1,no_trace,1500,0.28,1.3837811581940573
27,1,exact_replay,2000,0.79,1.1369315349487215
27,1,eligibility_trace_raw,2000,0.639,1.1331931353885398
27,1,eligibility_trace_norm_matched,2000,0.632,1.3226025373510655
27,1,no_trace,2000,0.284,1.3840028152336776
27,1,exact_replay,2500,0.802,1.0939865541087315
27,1,eligibility_trace_raw,2500,0.649,1.0951640878794868
27,1,eligibility_trace_norm_matched,2500,0.646,1.3093830706716223
27,1,no_trace,2500,0.251,1.388262426493589
27,1,exact_replay,3000,0.808,1.0517074323018243
27,1,eligibility_trace_raw,3000,0.679,1.0541087620730525
27,1,eligibility_trace_norm_matched,3000,0.675,1.294988474333948
27,1,no_trace,3000,0.24,1.389179157170322
27,1,batch_logistic,3000,0.944,0.2167526862143504
27,4,exact_replay,500,0.75,1.31386857415979
27,4,eligibility_trace_raw,500,0.489,1.3111543201821054
27,4,eligibility_trace_norm_matched,500,0.482,1.3685742657874782
27,4,no_trace,500,0.209,1.3904108409807787
27,4,exact_replay,1000,0.759,1.2453271546528453
27,4,eligibility_trace_raw,1000,0.525,1.2475425872458363
27,4,eligibility_trace_norm_matched,1000,0.52,1.3533142990400462
27,4,no_trace,1000,0.205,1.3923554103663733
27,4,exact_replay,1500,0.795,1.1870455429285893
27,4,eligibility_trace_raw,1500,0.592,1.1890510197355997
27,4,eligibility_trace_norm_matched,1500,0.586,1.338975356051422
27,4,no_trace,1500,0.211,1.3909394999919804
27,4,exact_replay,2000,0.79,1.1368583782715678
27,4,eligibility_trace_raw,2000,0.608,1.1478546652414066
27,4,eligibility_trace_norm_matched,2000,0.596,1.3265747754891408
27,4,no_trace,2000,0.219,1.3889968663816303
27,4,exact_replay,2500,0.802,1.0939106579093263
27,4,eligibility_trace_raw,2500,0.625,1.107205315586616
27,4,eligibility_trace_norm_matched,2500,0.613,1.313145248448518
27,4,no_trace,2500,0.222,1.388764795858099
27,4,exact_replay,3000,0.808,1.05162331681424
27,4,eligibility_trace_raw,3000,0.664,1.0622038953520936
27,4,eligibility_trace_norm_matched,3000,0.641,1.2984108743106368
27,4,no_trace,3000,0.23,1.3874719993314566
27,4,batch_logistic,3000,0.944,0.2167526862143504
27,16,exact_replay,500,0.75,1.3137632222206181
27,16,eligibility_trace_raw,500,0.466,1.3189472774406776
27,16,eligibility_trace_norm_matched,500,0.468,1.3708333929923642
27,16,no_trace,500,0.288,1.3839504198581556
27,16,exact_replay,1000,0.759,1.2451330255951634
27,16,eligibility_trace_raw,1000,0.548,1.254321683882964
27,16,eligibility_trace_norm_matched,1000,0.544,1.3564886428439318
27,16,no_trace,1000,0.299,1.3812188220506247
27,16,exact_replay,1500,0.795,1.1867977550108038
27,16,eligibility_trace_raw,1500,0.62,1.2048228289577536
27,16,eligibility_trace_norm_matched,1500,0.609,1.3437637595277168
27,16,no_trace,1500,0.341,1.378553053168417
27,16,exact_replay,2000,0.79,1.1365735020231527
27,16,eligibility_trace_raw,2000,0.61,1.1677882277511966
27,16,eligibility_trace_norm_matched,2000,0.597,1.332844331429723
27,16,no_trace,2000,0.316,1.379314187315199
27,16,exact_replay,2500,0.802,1.0935986174110233
27,16,eligibility_trace_raw,2500,0.608,1.1327420342263503
27,16,eligibility_trace_norm_matched,2500,0.601,1.3220412571220177
27,16,no_trace,2500,0.309,1.3784508868072831
27,16,exact_replay,3000,0.808,1.0512984600767092
27,16,eligibility_trace_raw,3000,0.642,1.1026488065325502
27,16,eligibility_trace_norm_matched,3000,0.624,1.311704549964258
27,16,no_trace,3000,0.298,1.3789324077387837
27,16,batch_logistic,3000,0.944,0.2167526862143504
27,64,exact_replay,500,0.749,1.313399296640287
27,64,eligibility_trace_raw,500,0.309,1.3694232038309597
27,64,eligibility_trace_norm_matched,500,0.323,1.381295980602958
27,64,no_trace,500,0.215,1.3897557743622988
27,64,exact_replay,1000,0.76,1.244394933735561
27,64,eligibility_trace_raw,1000,0.359,1.3301579794710556
27,64,eligibility_trace_norm_matched,1000,0.356,1.3725422283486044
27,64,no_trace,1000,0.3,1.3825103154262612
27,64,exact_replay,1500,0.795,1.1858299603190956
27,64,eligibility_trace_raw,1500,0.4,1.3092869662182756
27,64,eligibility_trace_norm_matched,1500,0.38,1.3669528178115407
27,64,no_trace,1500,0.282,1.3807434467001996
27,64,exact_replay,2000,0.788,1.135457166683294
27,64,eligibility_trace_raw,2000,0.394,1.3025731602536843
27,64,eligibility_trace_norm_matched,2000,0.393,1.364766361948235
27,64,no_trace,2000,0.275,1.3848306494055724
27,64,exact_replay,2500,0.802,1.0924021306321796
27,64,eligibility_trace_raw,2500,0.391,1.2857884497162864
27,64,eligibility_trace_norm_matched,2500,0.4,1.3607430122603952
27,64,no_trace,2500,0.273,1.3831293715774977
27,64,exact_replay,3000,0.808,1.050020822952686
27,64,eligibility_trace_raw,3000,0.36,1.3108574301418776
27,64,eligibility_trace_norm_matched,3000,0.352,1.3649706227396488
27,64,no_trace,3000,0.282,1.383070956657699
27,64,batch_logistic,3000,0.944,0.2167526862143504
28,1,exact_replay,500,0.754,1.3157030360925388
28,1,eligibility_trace_raw,500,0.446,1.3310826543603225
28,1,eligibility_trace_norm_matched,500,0.444,1.374083643684138
28,1,no_trace,500,0.18,1.3925440185779623
28,1,exact_replay,1000,0.787,1.2553227073012985
28,1,eligibility_trace_raw,1000,0.465,1.272757654487248
28,1,eligibility_trace_norm_matched,1000,0.466,1.3599836021690939
28,1,no_trace,1000,0.165,1.3954942624149556
28,1,exact_replay,1500,0.777,1.1999318362650033
28,1,eligibility_trace_raw,1500,0.548,1.2189055136282965
28,1,eligibility_trace_norm_matched,1500,0.552,1.345624000640888
28,1,no_trace,1500,0.2,1.395357518173851
28,1,exact_replay,2000,0.794,1.1503332453440966
28,1,eligibility_trace_raw,2000,0.522,1.2100890368747714
28,1,eligibility_trace_norm_matched,2000,0.519,1.3403875833084453
28,1,no_trace,2000,0.221,1.3913736873240745
28,1,exact_replay,2500,0.798,1.1053801738042524
28,1,eligibility_trace_raw,2500,0.569,1.1701715580412677
28,1,eligibility_trace_norm_matched,2500,0.553,1.329417155936313
28,1,no_trace,2500,0.213,1.3950563152933064
28,1,exact_replay,3000,0.798,1.0663078730725837
28,1,eligibility_trace_raw,3000,0.617,1.1352819104922167
28,1,eligibility_trace_norm_matched,3000,0.604,1.3204062712752624
28,1,no_trace,3000,0.211,1.3999081410878962
28,1,batch_logistic,3000,0.932,0.23767318470135293
28,4,exact_replay,500,0.754,1.3156766086415306
28,4,eligibility_trace_raw,500,0.382,1.3440725728959593
28,4,eligibility_trace_norm_matched,500,0.386,1.377298130916555
28,4,no_trace,500,0.194,1.3901834250280196
28,4,exact_replay,1000,0.787,1.2552820027596086
28,4,eligibility_trace_raw,1000,0.45,1.2868692157370558
28,4,eligibility_trace_norm_matched,1000,0.452,1.363820527607845
28,4,no_trace,1000,0.164,1.394771276075578
28,4,exact_replay,1500,0.777,1.1998825071162615
28,4,eligibility_trace_raw,1500,0.503,1.2381561389315612
28,4,eligibility_trace_norm_matched,1500,0.508,1.350552202362115
28,4,no_trace,1500,0.166,1.3977540518878797
28,4,exact_replay,2000,0.794,1.1502727595610331
28,4,eligibility_trace_raw,2000,0.493,1.2298060455813868
28,4,eligibility_trace_norm_matched,2000,0.49,1.345419824566284
28,4,no_trace,2000,0.146,1.4002525622076798
28,4,exact_replay,2500,0.798,1.1053124267174788
28,4,eligibility_trace_raw,2500,0.526,1.1974222085954733
28,4,eligibility_trace_norm_matched,2500,0.515,1.33666832283543
28,4,no_trace,2500,0.165,1.3973883457464522
28,4,exact_replay,3000,0.798,1.066235773922469
28,4,eligibility_trace_raw,3000,0.586,1.1685292262412272
28,4,eligibility_trace_norm_matched,3000,0.563,1.3301759577514294
28,4,no_trace,3000,0.184,1.3978623089394278
28,4,batch_logistic,3000,0.932,0.23767318470135293
28,16,exact_replay,500,0.754,1.3155844779266268
28,16,eligibility_trace_raw,500,0.379,1.3503464731373744
28,16,eligibility_trace_norm_matched,500,0.367,1.378239918430505
28,16,no_trace,500,0.218,1.388007750480269
28,16,exact_replay,1000,0.787,1.2551297827246746
28,16,eligibility_trace_raw,1000,0.448,1.2912393225665928
28,16,eligibility_trace_norm_matched,1000,0.452,1.3650923800386001
28,16,no_trace,1000,0.211,1.3905035475026866
28,16,exact_replay,1500,0.777,1.1996721751431527
28,16,eligibility_trace_raw,1500,0.491,1.255694566688069
28,16,eligibility_trace_norm_matched,1500,0.489,1.3544437312477815
28,16,no_trace,1500,0.264,1.385792149934592
28,16,exact_replay,2000,0.794,1.1500217054232285
28,16,eligibility_trace_raw,2000,0.485,1.245352015697893
28,16,eligibility_trace_norm_matched,2000,0.481,1.350242346297057
28,16,no_trace,2000,0.271,1.3860684351154422
28,16,exact_replay,2500,0.798,1.1050326776289445
28,16,eligibility_trace_raw,2500,0.505,1.2235592752027682
28,16,eligibility_trace_norm_matched,2500,0.496,1.3435884576305808
28,16,no_trace,2500,0.223,1.3907578835587568
28,16,exact_replay,3000,0.798,1.065934429169583
28,16,eligibility_trace_raw,3000,0.542,1.1953793573448364
28,16,eligibility_trace_norm_matched,3000,0.529,1.3362842561145918
28,16,no_trace,3000,0.245,1.3894854478211998
28,16,batch_logistic,3000,0.932,0.23767318470135293
28,64,exact_replay,500,0.752,1.3152205630189309
28,64,eligibility_trace_raw,500,0.288,1.37864100065541
28,64,eligibility_trace_norm_matched,500,0.294,1.3835459947331359
28,64,no_trace,500,0.208,1.3874690855687681
28,64,exact_replay,1000,0.787,1.254482856926851
28,64,eligibility_trace_raw,1000,0.345,1.3554919008211788
28,64,eligibility_trace_norm_matched,1000,0.343,1.3782627908696097
28,64,no_trace,1000,0.191,1.3905388650688095
28,64,exact_replay,1500,0.776,1.1988064907995917
28,64,eligibility_trace_raw,1500,0.374,1.330911624560315
28,64,eligibility_trace_norm_matched,1500,0.374,1.3722228715782443
28,64,no_trace,1500,0.201,1.3914052455052277
28,64,exact_replay,2000,0.794,1.1489996290372255
28,64,eligibility_trace_raw,2000,0.359,1.3373988952792246
28,64,eligibility_trace_norm_matched,2000,0.36,1.372884528036436
28,64,no_trace,2000,0.2,1.391656260759705
28,64,exact_replay,2500,0.797,1.1038876306114858
28,64,eligibility_trace_raw,2500,0.362,1.3412781944183203
28,64,eligibility_trace_norm_matched,2500,0.365,1.3722960210355373
28,64,no_trace,2500,0.182,1.3948668371460962
28,64,exact_replay,3000,0.797,1.0647313536934206
28,64,eligibility_trace_raw,3000,0.371,1.3319223163515184
28,64,eligibility_trace_norm_matched,3000,0.377,1.3700080814636224
28,64,no_trace,3000,0.184,1.3968727911021026
28,64,batch_logistic,3000,0.932,0.23767318470135293
29,1,exact_replay,500,0.706,1.3120291696780595
29,1,eligibility_trace_raw,500,0.513,1.3098123784467732
29,1,eligibility_trace_norm_matched,500,0.514,1.3692422531152701
29,1,no_trace,500,0.319,1.3824102638294344
29,1,exact_replay,1000,0.741,1.2488898682654108
29,1,eligibility_trace_raw,1000,0.555,1.2463144505574224
29,1,eligibility_trace_norm_matched,1000,0.552,1.3531143888073498
29,1,no_trace,1000,0.326,1.3803986173593512
29,1,exact_replay,1500,0.743,1.1933791990764622
29,1,eligibility_trace_raw,1500,0.598,1.2038011074180426
29,1,eligibility_trace_norm_matched,1500,0.597,1.3415323644979311
29,1,no_trace,1500,0.276,1.3845165963086132
29,1,exact_replay,2000,0.748,1.1447624185404905
29,1,eligibility_trace_raw,2000,0.617,1.1428929821084994
29,1,eligibility_trace_norm_matched,2000,0.613,1.3235649505206966
29,1,no_trace,2000,0.287,1.3810171857966547
29,1,exact_replay,2500,0.749,1.102769697212581
29,1,eligibility_trace_raw,2500,0.619,1.1091648570655062
29,1,eligibility_trace_norm_matched,2500,0.616,1.3109644961777163
29,1,no_trace,2500,0.297,1.3809220450207218
29,1,exact_replay,3000,0.762,1.064427925346382
29,1,eligibility_trace_raw,3000,0.645,1.0613321267741722
29,1,eligibility_trace_norm_matched,3000,0.628,1.2967159126482066
29,1,no_trace,3000,0.3,1.3825167954640798
29,1,batch_logistic,3000,0.925,0.23740358681315177
29,4,exact_replay,500,0.706,1.31200657124997
29,4,eligibility_trace_raw,500,0.493,1.3121552428979253
29,4,eligibility_trace_norm_matched,500,0.503,1.3696398980139393
29,4,no_trace,500,0.235,1.387022561246473
29,4,exact_replay,1000,0.741,1.2488490259641636
29,4,eligibility_trace_raw,1000,0.533,1.2513172795839222
29,4,eligibility_trace_norm_matched,1000,0.526,1.3541385804224797
29,4,no_trace,1000,0.257,1.386020281656107
29,4,exact_replay,1500,0.743,1.1933255264288622
29,4,eligibility_trace_raw,1500,0.577,1.2124167219042699
29,4,eligibility_trace_norm_matched,1500,0.579,1.3437630593614331
29,4,no_trace,1500,0.24,1.3868417379717364
29,4,exact_replay,2000,0.748,1.1447009947180555
29,4,eligibility_trace_raw,2000,0.622,1.149003483016548
29,4,eligibility_trace_norm_matched,2000,0.616,1.3257407339791047
29,4,no_trace,2000,0.236,1.3860683955378759
29,4,exact_replay,2500,0.749,1.1027024078709
29,4,eligibility_trace_raw,2500,0.618,1.111900541056062
29,4,eligibility_trace_norm_matched,2500,0.622,1.3124861183629788
29,4,no_trace,2500,0.268,1.3856499335983359
29,4,exact_replay,3000,0.762,1.064355957476883
29,4,eligibility_trace_raw,3000,0.649,1.0622820847525565
29,4,eligibility_trace_norm_matched,3000,0.652,1.2980603687942567
29,4,no_trace,3000,0.269,1.380955088005007
29,4,batch_logistic,3000,0.925,0.23740358681315177
29,16,exact_replay,500,0.706,1.311895572809496
29,16,eligibility_trace_raw,500,0.397,1.3347253464777773
29,16,eligibility_trace_norm_matched,500,0.404,1.3741405234032342
29,16,no_trace,500,0.201,1.3895570226531686
29,16,exact_replay,1000,0.741,1.2486655036300076
29,16,eligibility_trace_raw,1000,0.492,1.2763424312459204
29,16,eligibility_trace_norm_matched,1000,0.488,1.3597678742234658
29,16,no_trace,1000,0.222,1.3892811466461834
29,16,exact_replay,1500,0.743,1.1930973894076073
29,16,eligibility_trace_raw,1500,0.518,1.2379348284115181
29,16,eligibility_trace_norm_matched,1500,0.528,1.349752904458985
29,16,no_trace,1500,0.239,1.386652824195941
29,16,exact_replay,2000,0.748,1.1444387103634857
29,16,eligibility_trace_raw,2000,0.548,1.1922128877822948
29,16,eligibility_trace_norm_matched,2000,0.553,1.3366778528538898
29,16,no_trace,2000,0.234,1.3872046295214335
29,16,exact_replay,2500,0.749,1.1024222693029975
29,16,eligibility_trace_raw,2500,0.547,1.1682697014714494
29,16,eligibility_trace_norm_matched,2500,0.548,1.327696713044238
29,16,no_trace,2500,0.239,1.3870890625745103
29,16,exact_replay,3000,0.762,1.0640619280465637
29,16,eligibility_trace_raw,3000,0.569,1.1312763476628658
29,16,eligibility_trace_norm_matched,3000,0.568,1.317575713724108
29,16,no_trace,3000,0.271,1.3851647037177395
29,16,batch_logistic,3000,0.925,0.23740358681315177
29,64,exact_replay,500,0.705,1.3114720247189697
29,64,eligibility_trace_raw,500,0.332,1.352204195317218
29,64,eligibility_trace_norm_matched,500,0.325,1.3781134582861232
29,64,no_trace,500,0.202,1.390053257812185
29,64,exact_replay,1000,0.741,1.2479445572301706
29,64,eligibility_trace_raw,1000,0.272,1.3609843558991501
29,64,eligibility_trace_norm_matched,1000,0.268,1.3788462541037594
29,64,no_trace,1000,0.217,1.3914903638892815
29,64,exact_replay,1500,0.742,1.192162374691786
29,64,eligibility_trace_raw,1500,0.372,1.3229899644738186
29,64,eligibility_trace_norm_matched,1500,0.381,1.3690737113942242
29,64,no_trace,1500,0.198,1.3952309251571937
29,64,exact_replay,2000,0.748,1.143359292362483
29,64,eligibility_trace_raw,2000,0.377,1.3046436781674169
29,64,eligibility_trace_norm_matched,2000,0.384,1.3619182352027512
29,64,no_trace,2000,0.202,1.3950354820050825
29,64,exact_replay,2500,0.748,1.1012574307906418
29,64,eligibility_trace_raw,2500,0.408,1.2830586750821766
29,64,eligibility_trace_norm_matched,2500,0.413,1.3569765380446157
29,64,no_trace,2500,0.202,1.3946033599667476
29,64,exact_replay,3000,0.762,1.0628468885245899
29,64,eligibility_trace_raw,3000,0.417,1.2670249137995955
29,64,eligibility_trace_norm_matched,3000,0.429,1.3522429294849363
29,64,no_trace,3000,0.2,1.3968633451964567
29,64,batch_logistic,3000,0.925,0.23740358681315177
