seed,delay,arm,block_start_step,block_end_step,mean_realized_reward
0,1,EXACT_REPLAY,0,500,0.47
0,1,ELIGIBILITY_TRACE_NORM_MATCHED,0,500,0.464
0,1,NO_TRACE,0,500,0.462
0,1,EXACT_REPLAY,500,1000,0.492
0,1,ELIGIBILITY_TRACE_NORM_MATCHED,500,1000,0.488
0,1,NO_TRACE,500,1000,0.488
0,1,EXACT_REPLAY,1000,1500,0.532
0,1,ELIGIBILITY_TRACE_NORM_MATCHED,1000,1500,0.52
0,1,NO_TRACE,1000,1500,0.524
0,1,EXACT_REPLAY,1500,2000,0.5
0,1,ELIGIBILITY_TRACE_NORM_MATCHED,1500,2000,0.482
0,1,NO_TRACE,1500,2000,0.48
0,1,EXACT_REPLAY,2000,2500,0.542
0,1,ELIGIBILITY_TRACE_NORM_MATCHED,2000,2500,0.514
0,1,NO_TRACE,2000,2500,0.504
0,1,EXACT_REPLAY,2500,3000,0.486
0,1,ELIGIBILITY_TRACE_NORM_MATCHED,2500,3000,0.458
0,1,NO_TRACE,2500,3000,0.448
0,1,EXACT_REPLAY,3000,3500,0.514
0,1,ELIGIBILITY_TRACE_NORM_MATCHED,3000,3500,0.466
0,1,NO_TRACE,3000,3500,0.454
0,1,EXACT_REPLAY,3500,4000,0.54
0,1,ELIGIBILITY_TRACE_NORM_MATCHED,3500,4000,0.514
0,1,NO_TRACE,3500,4000,0.512
0,1,EXACT_REPLAY,4000,4500,0.56
0,1,ELIGIBILITY_TRACE_NORM_MATCHED,4000,4500,0.522
0,1,NO_TRACE,4000,4500,0.52
0,1,EXACT_REPLAY,4500,5000,0.552
0,1,ELIGIBILITY_TRACE_NORM_MATCHED,4500,5000,0.508
0,1,NO_TRACE,4500,5000,0.492
0,1,EXACT_REPLAY,5000,5500,0.558
0,1,ELIGIBILITY_TRACE_NORM_MATCHED,5000,5500,0.504
0,1,NO_TRACE,5000,5500,0.482
0,1,EXACT_REPLAY,5500,6000,0.568
0,1,ELIGIBILITY_TRACE_NORM_MATCHED,5500,6000,0.502
0,1,NO_TRACE,5500,6000,0.482
0,4,EXACT_REPLAY,0,500,0.47
0,4,ELIGIBILITY_TRACE_NORM_MATCHED,0,500,0.464
0,4,NO_TRACE,0,500,0.464
0,4,EXACT_REPLAY,500,1000,0.492
0,4,ELIGIBILITY_TRACE_NORM_MATCHED,500,1000,0.484
0,4,NO_TRACE,500,1000,0.488
0,4,EXACT_REPLAY,1000,1500,0.532
0,4,ELIGIBILITY_TRACE_NORM_MATCHED,1000,1500,0.52
0,4,NO_TRACE,1000,1500,0.522
0,4,EXACT_REPLAY,1500,2000,0.5
0,4,ELIGIBILITY_TRACE_NORM_MATCHED,1500,2000,0.484
0,4,NO_TRACE,1500,2000,0.484
0,4,EXACT_REPLAY,2000,2500,0.542
0,4,ELIGIBILITY_TRACE_NORM_MATCHED,2000,2500,0.514
0,4,NO_TRACE,2000,2500,0.51
0,4,EXACT_REPLAY,2500,3000,0.486
0,4,ELIGIBILITY_TRACE_NORM_MATCHED,2500,3000,0.458
0,4,NO_TRACE,2500,3000,0.456
0,4,EXACT_REPLAY,3000,3500,0.514
0,4,ELIGIBILITY_TRACE_NORM_MATCHED,3000,3500,0.466
0,4,NO_TRACE,3000,3500,0.458
0,4,EXACT_REPLAY,3500,4000,0.54
0,4,ELIGIBILITY_TRACE_NORM_MATCHED,3500,4000,0.514
0,4,NO_TRACE,3500,4000,0.512
0,4,EXACT_REPLAY,4000,4500,0.56
0,4,ELIGIBILITY_TRACE_NORM_MATCHED,4000,4500,0.522
0,4,NO_TRACE,4000,4500,0.52
0,4,EXACT_REPLAY,4500,5000,0.552
0,4,ELIGIBILITY_TRACE_NORM_MATCHED,4500,5000,0.51
0,4,NO_TRACE,4500,5000,0.494
0,4,EXACT_REPLAY,5000,5500,0.558
0,4,ELIGIBILITY_TRACE_NORM_MATCHED,5000,5500,0.5
0,4,NO_TRACE,5000,5500,0.51
0,4,EXACT_REPLAY,5500,6000,0.568
0,4,ELIGIBILITY_TRACE_NORM_MATCHED,5500,6000,0.504
0,4,NO_TRACE,5500,6000,0.49
0,16,EXACT_REPLAY,0,500,0.47
0,16,ELIGIBILITY_TRACE_NORM_MATCHED,0,500,0.466
0,16,NO_TRACE,0,500,0.464
0,16,EXACT_REPLAY,500,1000,0.492
0,16,ELIGIBILITY_TRACE_NORM_MATCHED,500,1000,0.484
0,16,NO_TRACE,500,1000,0.488
0,16,EXACT_REPLAY,1000,1500,0.532
0,16,ELIGIBILITY_TRACE_NORM_MATCHED,1000,1500,0.524
0,16,NO_TRACE,1000,1500,0.518
0,16,EXACT_REPLAY,1500,2000,0.5
0,16,ELIGIBILITY_TRACE_NORM_MATCHED,1500,2000,0.486
0,16,NO_TRACE,1500,2000,0.482
0,16,EXACT_REPLAY,2000,2500,0.542
0,16,ELIGIBILITY_TRACE_NORM_MATCHED,2000,2500,0.516
0,16,NO_TRACE,2000,2500,0.508
0,16,EXACT_REPLAY,2500,3000,0.486
0,16,ELIGIBILITY_TRACE_NORM_MATCHED,2500,3000,0.46
0,16,NO_TRACE,2500,3000,0.452
0,16,EXACT_REPLAY,3000,3500,0.514
0,16,ELIGIBILITY_TRACE_NORM_MATCHED,3000,3500,0.466
0,16,NO_TRACE,3000,3500,0.462
0,16,EXACT_REPLAY,3500,4000,0.54
0,16,ELIGIBILITY_TRACE_NORM_MATCHED,3500,4000,0.518
0,16,NO_TRACE,3500,4000,0.524
0,16,EXACT_REPLAY,4000,4500,0.558
0,16,ELIGIBILITY_TRACE_NORM_MATCHED,4000,4500,0.522
0,16,NO_TRACE,4000,4500,0.52
0,16,EXACT_REPLAY,4500,5000,0.55
0,16,ELIGIBILITY_TRACE_NORM_MATCHED,4500,5000,0.51
0,16,NO_TRACE,4500,5000,0.494
0,16,EXACT_REPLAY,5000,5500,0.558
0,16,ELIGIBILITY_TRACE_NORM_MATCHED,5000,5500,0.504
0,16,NO_TRACE,5000,5500,0.496
0,16,EXACT_REPLAY,5500,6000,0.57
0,16,ELIGIBILITY_TRACE_NORM_MATCHED,5500,6000,0.502
0,16,NO_TRACE,5500,6000,0.496
0,64,EXACT_REPLAY,0,500,0.47
0,64,ELIGIBILITY_TRACE_NORM_MATCHED,0,500,0.462
0,64,NO_TRACE,0,500,0.462
0,64,EXACT_REPLAY,500,1000,0.492
0,64,ELIGIBILITY_TRACE_NORM_MATCHED,500,1000,0.484
0,64,NO_TRACE,500,1000,0.484
0,64,EXACT_REPLAY,1000,1500,0.532
0,64,ELIGIBILITY_TRACE_NORM_MATCHED,1000,1500,0.516
0,64,NO_TRACE,1000,1500,0.512
0,64,EXACT_REPLAY,1500,2000,0.5
0,64,ELIGIBILITY_TRACE_NORM_MATCHED,1500,2000,0.48
0,64,NO_TRACE,1500,2000,0.476
0,64,EXACT_REPLAY,2000,2500,0.542
0,64,ELIGIBILITY_TRACE_NORM_MATCHED,2000,2500,0.508
0,64,NO_TRACE,2000,2500,0.5
0,64,EXACT_REPLAY,2500,3000,0.486
0,64,ELIGIBILITY_TRACE_NORM_MATCHED,2500,3000,0.454
0,64,NO_TRACE,2500,3000,0.456
0,64,EXACT_REPLAY,3000,3500,0.518
0,64,ELIGIBILITY_TRACE_NORM_MATCHED,3000,3500,0.464
0,64,NO_TRACE,3000,3500,0.456
0,64,EXACT_REPLAY,3500,4000,0.542
0,64,ELIGIBILITY_TRACE_NORM_MATCHED,3500,4000,0.514
0,64,NO_TRACE,3500,4000,0.514
0,64,EXACT_REPLAY,4000,4500,0.56
0,64,ELIGIBILITY_TRACE_NORM_MATCHED,4000,4500,0.524
0,64,NO_TRACE,4000,4500,0.52
0,64,EXACT_REPLAY,4500,5000,0.55
0,64,ELIGIBILITY_TRACE_NORM_MATCHED,4500,5000,0.492
0,64,NO_TRACE,4500,5000,0.488
0,64,EXACT_REPLAY,5000,5500,0.558
0,64,ELIGIBILITY_TRACE_NORM_MATCHED,5000,5500,0.5
0,64,NO_TRACE,5000,5500,0.496
0,64,EXACT_REPLAY,5500,6000,0.57
0,64,ELIGIBILITY_TRACE_NORM_MATCHED,5500,6000,0.496
0,64,NO_TRACE,5500,6000,0.482
1,1,EXACT_REPLAY,0,500,0.532
1,1,ELIGIBILITY_TRACE_NORM_MATCHED,0,500,0.528
1,1,NO_TRACE,0,500,0.526
1,1,EXACT_REPLAY,500,1000,0.514
1,1,ELIGIBILITY_TRACE_NORM_MATCHED,500,1000,0.506
1,1,NO_TRACE,500,1000,0.508
1,1,EXACT_REPLAY,1000,1500,0.504
1,1,ELIGIBILITY_TRACE_NORM_MATCHED,1000,1500,0.494
1,1,NO_TRACE,1000,1500,0.484
1,1,EXACT_REPLAY,1500,2000,0.516
1,1,ELIGIBILITY_TRACE_NORM_MATCHED,1500,2000,0.52
1,1,NO_TRACE,1500,2000,0.52
1,1,EXACT_REPLAY,2000,2500,0.51
1,1,ELIGIBILITY_TRACE_NORM_MATCHED,2000,2500,0.5
1,1,NO_TRACE,2000,2500,0.482
1,1,EXACT_REPLAY,2500,3000,0.502
1,1,ELIGIBILITY_TRACE_NORM_MATCHED,2500,3000,0.49
1,1,NO_TRACE,2500,3000,0.486
1,1,EXACT_REPLAY,3000,3500,0.526
1,1,ELIGIBILITY_TRACE_NORM_MATCHED,3000,3500,0.518
1,1,NO_TRACE,3000,3500,0.506
1,1,EXACT_REPLAY,3500,4000,0.496
1,1,ELIGIBILITY_TRACE_NORM_MATCHED,3500,4000,0.468
1,1,NO_TRACE,3500,4000,0.46
1,1,EXACT_REPLAY,4000,4500,0.528
1,1,ELIGIBILITY_TRACE_NORM_MATCHED,4000,4500,0.504
1,1,NO_TRACE,4000,4500,0.506
1,1,EXACT_REPLAY,4500,5000,0.566
1,1,ELIGIBILITY_TRACE_NORM_MATCHED,4500,5000,0.53
1,1,NO_TRACE,4500,5000,0.526
1,1,EXACT_REPLAY,5000,5500,0.568
1,1,ELIGIBILITY_TRACE_NORM_MATCHED,5000,5500,0.532
1,1,NO_TRACE,5000,5500,0.516
1,1,EXACT_REPLAY,5500,6000,0.568
1,1,ELIGIBILITY_TRACE_NORM_MATCHED,5500,6000,0.536
1,1,NO_TRACE,5500,6000,0.532
1,4,EXACT_REPLAY,0,500,0.532
1,4,ELIGIBILITY_TRACE_NORM_MATCHED,0,500,0.528
1,4,NO_TRACE,0,500,0.532
1,4,EXACT_REPLAY,500,1000,0.514
1,4,ELIGIBILITY_TRACE_NORM_MATCHED,500,1000,0.504
1,4,NO_TRACE,500,1000,0.504
1,4,EXACT_REPLAY,1000,1500,0.504
1,4,ELIGIBILITY_TRACE_NORM_MATCHED,1000,1500,0.496
1,4,NO_TRACE,1000,1500,0.494
1,4,EXACT_REPLAY,1500,2000,0.516
1,4,ELIGIBILITY_TRACE_NORM_MATCHED,1500,2000,0.52
1,4,NO_TRACE,1500,2000,0.524
1,4,EXACT_REPLAY,2000,2500,0.508
1,4,ELIGIBILITY_TRACE_NORM_MATCHED,2000,2500,0.498
1,4,NO_TRACE,2000,2500,0.494
1,4,EXACT_REPLAY,2500,3000,0.502
1,4,ELIGIBILITY_TRACE_NORM_MATCHED,2500,3000,0.49
1,4,NO_TRACE,2500,3000,0.484
1,4,EXACT_REPLAY,3000,3500,0.526
1,4,ELIGIBILITY_TRACE_NORM_MATCHED,3000,3500,0.514
1,4,NO_TRACE,3000,3500,0.506
1,4,EXACT_REPLAY,3500,4000,0.496
1,4,ELIGIBILITY_TRACE_NORM_MATCHED,3500,4000,0.47
1,4,NO_TRACE,3500,4000,0.47
1,4,EXACT_REPLAY,4000,4500,0.528
1,4,ELIGIBILITY_TRACE_NORM_MATCHED,4000,4500,0.51
1,4,NO_TRACE,4000,4500,0.502
1,4,EXACT_REPLAY,4500,5000,0.564
1,4,ELIGIBILITY_TRACE_NORM_MATCHED,4500,5000,0.536
1,4,NO_TRACE,4500,5000,0.524
1,4,EXACT_REPLAY,5000,5500,0.568
1,4,ELIGIBILITY_TRACE_NORM_MATCHED,5000,5500,0.526
1,4,NO_TRACE,5000,5500,0.516
1,4,EXACT_REPLAY,5500,6000,0.57
1,4,ELIGIBILITY_TRACE_NORM_MATCHED,5500,6000,0.536
1,4,NO_TRACE,5500,6000,0.536
1,16,EXACT_REPLAY,0,500,0.532
1,16,ELIGIBILITY_TRACE_NORM_MATCHED,0,500,0.53
1,16,NO_TRACE,0,500,0.532
1,16,EXACT_REPLAY,500,1000,0.514
1,16,ELIGIBILITY_TRACE_NORM_MATCHED,500,1000,0.504
1,16,NO_TRACE,500,1000,0.512
1,16,EXACT_REPLAY,1000,1500,0.502
1,16,ELIGIBILITY_TRACE_NORM_MATCHED,1000,1500,0.494
1,16,NO_TRACE,1000,1500,0.496
1,16,EXACT_REPLAY,1500,2000,0.516
1,16,ELIGIBILITY_TRACE_NORM_MATCHED,1500,2000,0.52
1,16,NO_TRACE,1500,2000,0.522
1,16,EXACT_REPLAY,2000,2500,0.51
1,16,ELIGIBILITY_TRACE_NORM_MATCHED,2000,2500,0.492
1,16,NO_TRACE,2000,2500,0.486
1,16,EXACT_REPLAY,2500,3000,0.502
1,16,ELIGIBILITY_TRACE_NORM_MATCHED,2500,3000,0.494
1,16,NO_TRACE,2500,3000,0.482
1,16,EXACT_REPLAY,3000,3500,0.526
1,16,ELIGIBILITY_TRACE_NORM_MATCHED,3000,3500,0.514
1,16,NO_TRACE,3000,3500,0.5
1,16,EXACT_REPLAY,3500,4000,0.496
1,16,ELIGIBILITY_TRACE_NORM_MATCHED,3500,4000,0.468
1,16,NO_TRACE,3500,4000,0.472
1,16,EXACT_REPLAY,4000,4500,0.528
1,16,ELIGIBILITY_TRACE_NORM_MATCHED,4000,4500,0.5
1,16,NO_TRACE,4000,4500,0.498
1,16,EXACT_REPLAY,4500,5000,0.566
1,16,ELIGIBILITY_TRACE_NORM_MATCHED,4500,5000,0.528
1,16,NO_TRACE,4500,5000,0.524
1,16,EXACT_REPLAY,5000,5500,0.568
1,16,ELIGIBILITY_TRACE_NORM_MATCHED,5000,5500,0.524
1,16,NO_TRACE,5000,5500,0.52
1,16,EXACT_REPLAY,5500,6000,0.568
1,16,ELIGIBILITY_TRACE_NORM_MATCHED,5500,6000,0.524
1,16,NO_TRACE,5500,6000,0.532
1,64,EXACT_REPLAY,0,500,0.532
1,64,ELIGIBILITY_TRACE_NORM_MATCHED,0,500,0.528
1,64,NO_TRACE,0,500,0.526
1,64,EXACT_REPLAY,500,1000,0.514
1,64,ELIGIBILITY_TRACE_NORM_MATCHED,500,1000,0.502
1,64,NO_TRACE,500,1000,0.508
1,64,EXACT_REPLAY,1000,1500,0.502
1,64,ELIGIBILITY_TRACE_NORM_MATCHED,1000,1500,0.492
1,64,NO_TRACE,1000,1500,0.496
1,64,EXACT_REPLAY,1500,2000,0.516
1,64,ELIGIBILITY_TRACE_NORM_MATCHED,1500,2000,0.522
1,64,NO_TRACE,1500,2000,0.52
1,64,EXACT_REPLAY,2000,2500,0.51
1,64,ELIGIBILITY_TRACE_NORM_MATCHED,2000,2500,0.49
1,64,NO_TRACE,2000,2500,0.494
1,64,EXACT_REPLAY,2500,3000,0.502
1,64,ELIGIBILITY_TRACE_NORM_MATCHED,2500,3000,0.486
1,64,NO_TRACE,2500,3000,0.492
1,64,EXACT_REPLAY,3000,3500,0.528
1,64,ELIGIBILITY_TRACE_NORM_MATCHED,3000,3500,0.514
1,64,NO_TRACE,3000,3500,0.51
1,64,EXACT_REPLAY,3500,4000,0.496
1,64,ELIGIBILITY_TRACE_NORM_MATCHED,3500,4000,0.466
1,64,NO_TRACE,3500,4000,0.474
1,64,EXACT_REPLAY,4000,4500,0.528
1,64,ELIGIBILITY_TRACE_NORM_MATCHED,4000,4500,0.502
1,64,NO_TRACE,4000,4500,0.496
1,64,EXACT_REPLAY,4500,5000,0.564
1,64,ELIGIBILITY_TRACE_NORM_MATCHED,4500,5000,0.528
1,64,NO_TRACE,4500,5000,0.528
1,64,EXACT_REPLAY,5000,5500,0.568
1,64,ELIGIBILITY_TRACE_NORM_MATCHED,5000,5500,0.518
1,64,NO_TRACE,5000,5500,0.516
1,64,EXACT_REPLAY,5500,6000,0.572
1,64,ELIGIBILITY_TRACE_NORM_MATCHED,5500,6000,0.53
1,64,NO_TRACE,5500,6000,0.534
2,1,EXACT_REPLAY,0,500,0.518
2,1,ELIGIBILITY_TRACE_NORM_MATCHED,0,500,0.516
2,1,NO_TRACE,0,500,0.514
2,1,EXACT_REPLAY,500,1000,0.544
2,1,ELIGIBILITY_TRACE_NORM_MATCHED,500,1000,0.54
2,1,NO_TRACE,500,1000,0.54
2,1,EXACT_REPLAY,1000,1500,0.486
2,1,ELIGIBILITY_TRACE_NORM_MATCHED,1000,1500,0.476
2,1,NO_TRACE,1000,1500,0.476
2,1,EXACT_REPLAY,1500,2000,0.494
2,1,ELIGIBILITY_TRACE_NORM_MATCHED,1500,2000,0.494
2,1,NO_TRACE,1500,2000,0.492
2,1,EXACT_REPLAY,2000,2500,0.554
2,1,ELIGIBILITY_TRACE_NORM_MATCHED,2000,2500,0.538
2,1,NO_TRACE,2000,2500,0.524
2,1,EXACT_REPLAY,2500,3000,0.522
2,1,ELIGIBILITY_TRACE_NORM_MATCHED,2500,3000,0.498
2,1,NO_TRACE,2500,3000,0.496
2,1,EXACT_REPLAY,3000,3500,0.534
2,1,ELIGIBILITY_TRACE_NORM_MATCHED,3000,3500,0.522
2,1,NO_TRACE,3000,3500,0.512
2,1,EXACT_REPLAY,3500,4000,0.558
2,1,ELIGIBILITY_TRACE_NORM_MATCHED,3500,4000,0.534
2,1,NO_TRACE,3500,4000,0.526
2,1,EXACT_REPLAY,4000,4500,0.526
2,1,ELIGIBILITY_TRACE_NORM_MATCHED,4000,4500,0.502
2,1,NO_TRACE,4000,4500,0.484
2,1,EXACT_REPLAY,4500,5000,0.556
2,1,ELIGIBILITY_TRACE_NORM_MATCHED,4500,5000,0.504
2,1,NO_TRACE,4500,5000,0.5
2,1,EXACT_REPLAY,5000,5500,0.534
2,1,ELIGIBILITY_TRACE_NORM_MATCHED,5000,5500,0.478
2,1,NO_TRACE,5000,5500,0.458
2,1,EXACT_REPLAY,5500,6000,0.522
2,1,ELIGIBILITY_TRACE_NORM_MATCHED,5500,6000,0.51
2,1,NO_TRACE,5500,6000,0.488
2,4,EXACT_REPLAY,0,500,0.518
2,4,ELIGIBILITY_TRACE_NORM_MATCHED,0,500,0.516
2,4,NO_TRACE,0,500,0.514
2,4,EXACT_REPLAY,500,1000,0.544
2,4,ELIGIBILITY_TRACE_NORM_MATCHED,500,1000,0.538
2,4,NO_TRACE,500,1000,0.536
2,4,EXACT_REPLAY,1000,1500,0.486
2,4,ELIGIBILITY_TRACE_NORM_MATCHED,1000,1500,0.476
2,4,NO_TRACE,1000,1500,0.47
2,4,EXACT_REPLAY,1500,2000,0.494
2,4,ELIGIBILITY_TRACE_NORM_MATCHED,1500,2000,0.496
2,4,NO_TRACE,1500,2000,0.492
2,4,EXACT_REPLAY,2000,2500,0.554
2,4,ELIGIBILITY_TRACE_NORM_MATCHED,2000,2500,0.534
2,4,NO_TRACE,2000,2500,0.53
2,4,EXACT_REPLAY,2500,3000,0.522
2,4,ELIGIBILITY_TRACE_NORM_MATCHED,2500,3000,0.498
2,4,NO_TRACE,2500,3000,0.492
2,4,EXACT_REPLAY,3000,3500,0.534
2,4,ELIGIBILITY_TRACE_NORM_MATCHED,3000,3500,0.526
2,4,NO_TRACE,3000,3500,0.516
2,4,EXACT_REPLAY,3500,4000,0.558
2,4,ELIGIBILITY_TRACE_NORM_MATCHED,3500,4000,0.534
2,4,NO_TRACE,3500,4000,0.53
2,4,EXACT_REPLAY,4000,4500,0.524
2,4,ELIGIBILITY_TRACE_NORM_MATCHED,4000,4500,0.502
2,4,NO_TRACE,4000,4500,0.484
2,4,EXACT_REPLAY,4500,5000,0.556
2,4,ELIGIBILITY_TRACE_NORM_MATCHED,4500,5000,0.504
2,4,NO_TRACE,4500,5000,0.5
2,4,EXACT_REPLAY,5000,5500,0.534
2,4,ELIGIBILITY_TRACE_NORM_MATCHED,5000,5500,0.476
2,4,NO_TRACE,5000,5500,0.464
2,4,EXACT_REPLAY,5500,6000,0.524
2,4,ELIGIBILITY_TRACE_NORM_MATCHED,5500,6000,0.51
2,4,NO_TRACE,5500,6000,0.506
2,16,EXACT_REPLAY,0,500,0.516
2,16,ELIGIBILITY_TRACE_NORM_MATCHED,0,500,0.514
2,16,NO_TRACE,0,500,0.514
2,16,EXACT_REPLAY,500,1000,0.544
2,16,ELIGIBILITY_TRACE_NORM_MATCHED,500,1000,0.54
2,16,NO_TRACE,500,1000,0.538
2,16,EXACT_REPLAY,1000,1500,0.486
2,16,ELIGIBILITY_TRACE_NORM_MATCHED,1000,1500,0.476
2,16,NO_TRACE,1000,1500,0.474
2,16,EXACT_REPLAY,1500,2000,0.494
2,16,ELIGIBILITY_TRACE_NORM_MATCHED,1500,2000,0.492
2,16,NO_TRACE,1500,2000,0.492
2,16,EXACT_REPLAY,2000,2500,0.554
2,16,ELIGIBILITY_TRACE_NORM_MATCHED,2000,2500,0.534
2,16,NO_TRACE,2000,2500,0.532
2,16,EXACT_REPLAY,2500,3000,0.52
2,16,ELIGIBILITY_TRACE_NORM_MATCHED,2500,3000,0.494
2,16,NO_TRACE,2500,3000,0.486
2,16,EXACT_REPLAY,3000,3500,0.536
2,16,ELIGIBILITY_TRACE_NORM_MATCHED,3000,3500,0.516
2,16,NO_TRACE,3000,3500,0.508
2,16,EXACT_REPLAY,3500,4000,0.558
2,16,ELIGIBILITY_TRACE_NORM_MATCHED,3500,4000,0.534
2,16,NO_TRACE,3500,4000,0.524
2,16,EXACT_REPLAY,4000,4500,0.522
2,16,ELIGIBILITY_TRACE_NORM_MATCHED,4000,4500,0.494
2,16,NO_TRACE,4000,4500,0.48
2,16,EXACT_REPLAY,4500,5000,0.556
2,16,ELIGIBILITY_TRACE_NORM_MATCHED,4500,5000,0.502
2,16,NO_TRACE,4500,5000,0.504
2,16,EXACT_REPLAY,5000,5500,0.532
2,16,ELIGIBILITY_TRACE_NORM_MATCHED,5000,5500,0.468
2,16,NO_TRACE,5000,5500,0.462
2,16,EXACT_REPLAY,5500,6000,0.526
2,16,ELIGIBILITY_TRACE_NORM_MATCHED,5500,6000,0.508
2,16,NO_TRACE,5500,6000,0.496
2,64,EXACT_REPLAY,0,500,0.516
2,64,ELIGIBILITY_TRACE_NORM_MATCHED,0,500,0.514
2,64,NO_TRACE,0,500,0.516
2,64,EXACT_REPLAY,500,1000,0.542
2,64,ELIGIBILITY_TRACE_NORM_MATCHED,500,1000,0.534
2,64,NO_TRACE,500,1000,0.538
2,64,EXACT_REPLAY,1000,1500,0.486
2,64,ELIGIBILITY_TRACE_NORM_MATCHED,1000,1500,0.47
2,64,NO_TRACE,1000,1500,0.474
2,64,EXACT_REPLAY,1500,2000,0.494
2,64,ELIGIBILITY_TRACE_NORM_MATCHED,1500,2000,0.492
2,64,NO_TRACE,1500,2000,0.492
2,64,EXACT_REPLAY,2000,2500,0.552
2,64,ELIGIBILITY_TRACE_NORM_MATCHED,2000,2500,0.53
2,64,NO_TRACE,2000,2500,0.53
2,64,EXACT_REPLAY,2500,3000,0.514
2,64,ELIGIBILITY_TRACE_NORM_MATCHED,2500,3000,0.488
2,64,NO_TRACE,2500,3000,0.494
2,64,EXACT_REPLAY,3000,3500,0.534
2,64,ELIGIBILITY_TRACE_NORM_MATCHED,3000,3500,0.514
2,64,NO_TRACE,3000,3500,0.518
2,64,EXACT_REPLAY,3500,4000,0.558
2,64,ELIGIBILITY_TRACE_NORM_MATCHED,3500,4000,0.522
2,64,NO_TRACE,3500,4000,0.528
2,64,EXACT_REPLAY,4000,4500,0.52
2,64,ELIGIBILITY_TRACE_NORM_MATCHED,4000,4500,0.488
2,64,NO_TRACE,4000,4500,0.488
2,64,EXACT_REPLAY,4500,5000,0.554
2,64,ELIGIBILITY_TRACE_NORM_MATCHED,4500,5000,0.496
2,64,NO_TRACE,4500,5000,0.508
2,64,EXACT_REPLAY,5000,5500,0.53
2,64,ELIGIBILITY_TRACE_NORM_MATCHED,5000,5500,0.462
2,64,NO_TRACE,5000,5500,0.468
2,64,EXACT_REPLAY,5500,6000,0.522
2,64,ELIGIBILITY_TRACE_NORM_MATCHED,5500,6000,0.504
2,64,NO_TRACE,5500,6000,0.504
3,1,EXACT_REPLAY,0,500,0.51
3,1,ELIGIBILITY_TRACE_NORM_MATCHED,0,500,0.512
3,1,NO_TRACE,0,500,0.506
3,1,EXACT_REPLAY,500,1000,0.502
3,1,ELIGIBILITY_TRACE_NORM_MATCHED,500,1000,0.492
3,1,NO_TRACE,500,1000,0.486
3,1,EXACT_REPLAY,1000,1500,0.54
3,1,ELIGIBILITY_TRACE_NORM_MATCHED,1000,1500,0.53
3,1,NO_TRACE,1000,1500,0.53
3,1,EXACT_REPLAY,1500,2000,0.518
3,1,ELIGIBILITY_TRACE_NORM_MATCHED,1500,2000,0.514
3,1,NO_TRACE,1500,2000,0.498
3,1,EXACT_REPLAY,2000,2500,0.542
3,1,ELIGIBILITY_TRACE_NORM_MATCHED,2000,2500,0.52
3,1,NO_TRACE,2000,2500,0.512
3,1,EXACT_REPLAY,2500,3000,0.524
3,1,ELIGIBILITY_TRACE_NORM_MATCHED,2500,3000,0.52
3,1,NO_TRACE,2500,3000,0.514
3,1,EXACT_REPLAY,3000,3500,0.484
3,1,ELIGIBILITY_TRACE_NORM_MATCHED,3000,3500,0.458
3,1,NO_TRACE,3000,3500,0.456
3,1,EXACT_REPLAY,3500,4000,0.548
3,1,ELIGIBILITY_TRACE_NORM_MATCHED,3500,4000,0.546
3,1,NO_TRACE,3500,4000,0.534
3,1,EXACT_REPLAY,4000,4500,0.494
3,1,ELIGIBILITY_TRACE_NORM_MATCHED,4000,4500,0.468
3,1,NO_TRACE,4000,4500,0.47
3,1,EXACT_REPLAY,4500,5000,0.508
3,1,ELIGIBILITY_TRACE_NORM_MATCHED,4500,5000,0.49
3,1,NO_TRACE,4500,5000,0.478
3,1,EXACT_REPLAY,5000,5500,0.5
3,1,ELIGIBILITY_TRACE_NORM_MATCHED,5000,5500,0.492
3,1,NO_TRACE,5000,5500,0.474
3,1,EXACT_REPLAY,5500,6000,0.56
3,1,ELIGIBILITY_TRACE_NORM_MATCHED,5500,6000,0.544
3,1,NO_TRACE,5500,6000,0.544
3,4,EXACT_REPLAY,0,500,0.512
3,4,ELIGIBILITY_TRACE_NORM_MATCHED,0,500,0.51
3,4,NO_TRACE,0,500,0.508
3,4,EXACT_REPLAY,500,1000,0.5
3,4,ELIGIBILITY_TRACE_NORM_MATCHED,500,1000,0.492
3,4,NO_TRACE,500,1000,0.488
3,4,EXACT_REPLAY,1000,1500,0.54
3,4,ELIGIBILITY_TRACE_NORM_MATCHED,1000,1500,0.532
3,4,NO_TRACE,1000,1500,0.528
3,4,EXACT_REPLAY,1500,2000,0.516
3,4,ELIGIBILITY_TRACE_NORM_MATCHED,1500,2000,0.51
3,4,NO_TRACE,1500,2000,0.492
3,4,EXACT_REPLAY,2000,2500,0.542
3,4,ELIGIBILITY_TRACE_NORM_MATCHED,2000,2500,0.524
3,4,NO_TRACE,2000,2500,0.518
3,4,EXACT_REPLAY,2500,3000,0.524
3,4,ELIGIBILITY_TRACE_NORM_MATCHED,2500,3000,0.52
3,4,NO_TRACE,2500,3000,0.516
3,4,EXACT_REPLAY,3000,3500,0.484
3,4,ELIGIBILITY_TRACE_NORM_MATCHED,3000,3500,0.46
3,4,NO_TRACE,3000,3500,0.46
3,4,EXACT_REPLAY,3500,4000,0.548
3,4,ELIGIBILITY_TRACE_NORM_MATCHED,3500,4000,0.552
3,4,NO_TRACE,3500,4000,0.532
3,4,EXACT_REPLAY,4000,4500,0.494
3,4,ELIGIBILITY_TRACE_NORM_MATCHED,4000,4500,0.47
3,4,NO_TRACE,4000,4500,0.468
3,4,EXACT_REPLAY,4500,5000,0.506
3,4,ELIGIBILITY_TRACE_NORM_MATCHED,4500,5000,0.486
3,4,NO_TRACE,4500,5000,0.474
3,4,EXACT_REPLAY,5000,5500,0.5
3,4,ELIGIBILITY_TRACE_NORM_MATCHED,5000,5500,0.488
3,4,NO_TRACE,5000,5500,0.48
3,4,EXACT_REPLAY,5500,6000,0.56
3,4,ELIGIBILITY_TRACE_NORM_MATCHED,5500,6000,0.536
3,4,NO_TRACE,5500,6000,0.538
3,16,EXACT_REPLAY,0,500,0.512
3,16,ELIGIBILITY_TRACE_NORM_MATCHED,0,500,0.508
3,16,NO_TRACE,0,500,0.51
3,16,EXACT_REPLAY,500,1000,0.502
3,16,ELIGIBILITY_TRACE_NORM_MATCHED,500,1000,0.494
3,16,NO_TRACE,500,1000,0.476
3,16,EXACT_REPLAY,1000,1500,0.538
3,16,ELIGIBILITY_TRACE_NORM_MATCHED,1000,1500,0.532
3,16,NO_TRACE,1000,1500,0.524
3,16,EXACT_REPLAY,1500,2000,0.514
3,16,ELIGIBILITY_TRACE_NORM_MATCHED,1500,2000,0.504
3,16,NO_TRACE,1500,2000,0.506
3,16,EXACT_REPLAY,2000,2500,0.542
3,16,ELIGIBILITY_TRACE_NORM_MATCHED,2000,2500,0.522
3,16,NO_TRACE,2000,2500,0.51
3,16,EXACT_REPLAY,2500,3000,0.526
3,16,ELIGIBILITY_TRACE_NORM_MATCHED,2500,3000,0.52
3,16,NO_TRACE,2500,3000,0.516
3,16,EXACT_REPLAY,3000,3500,0.484
3,16,ELIGIBILITY_TRACE_NORM_MATCHED,3000,3500,0.458
3,16,NO_TRACE,3000,3500,0.458
3,16,EXACT_REPLAY,3500,4000,0.548
3,16,ELIGIBILITY_TRACE_NORM_MATCHED,3500,4000,0.548
3,16,NO_TRACE,3500,4000,0.536
3,16,EXACT_REPLAY,4000,4500,0.494
3,16,ELIGIBILITY_TRACE_NORM_MATCHED,4000,4500,0.468
3,16,NO_TRACE,4000,4500,0.47
3,16,EXACT_REPLAY,4500,5000,0.508
3,16,ELIGIBILITY_TRACE_NORM_MATCHED,4500,5000,0.486
3,16,NO_TRACE,4500,5000,0.486
3,16,EXACT_REPLAY,5000,5500,0.5
3,16,ELIGIBILITY_TRACE_NORM_MATCHED,5000,5500,0.486
3,16,NO_TRACE,5000,5500,0.478
3,16,EXACT_REPLAY,5500,6000,0.558
3,16,ELIGIBILITY_TRACE_NORM_MATCHED,5500,6000,0.538
3,16,NO_TRACE,5500,6000,0.532
3,64,EXACT_REPLAY,0,500,0.512
3,64,ELIGIBILITY_TRACE_NORM_MATCHED,0,500,0.508
3,64,NO_TRACE,0,500,0.51
3,64,EXACT_REPLAY,500,1000,0.502
3,64,ELIGIBILITY_TRACE_NORM_MATCHED,500,1000,0.482
3,64,NO_TRACE,500,1000,0.488
3,64,EXACT_REPLAY,1000,1500,0.538
3,64,ELIGIBILITY_TRACE_NORM_MATCHED,1000,1500,0.528
3,64,NO_TRACE,1000,1500,0.536
3,64,EXACT_REPLAY,1500,2000,0.514
3,64,ELIGIBILITY_TRACE_NORM_MATCHED,1500,2000,0.506
3,64,NO_TRACE,1500,2000,0.504
3,64,EXACT_REPLAY,2000,2500,0.54
3,64,ELIGIBILITY_TRACE_NORM_MATCHED,2000,2500,0.51
3,64,NO_TRACE,2000,2500,0.522
3,64,EXACT_REPLAY,2500,3000,0.528
3,64,ELIGIBILITY_TRACE_NORM_MATCHED,2500,3000,0.52
3,64,NO_TRACE,2500,3000,0.514
3,64,EXACT_REPLAY,3000,3500,0.482
3,64,ELIGIBILITY_TRACE_NORM_MATCHED,3000,3500,0.46
3,64,NO_TRACE,3000,3500,0.456
3,64,EXACT_REPLAY,3500,4000,0.548
3,64,ELIGIBILITY_TRACE_NORM_MATCHED,3500,4000,0.54
3,64,NO_TRACE,3500,4000,0.536
3,64,EXACT_REPLAY,4000,4500,0.494
3,64,ELIGIBILITY_TRACE_NORM_MATCHED,4000,4500,0.458
3,64,NO_TRACE,4000,4500,0.464
3,64,EXACT_REPLAY,4500,5000,0.506
3,64,ELIGIBILITY_TRACE_NORM_MATCHED,4500,5000,0.48
3,64,NO_TRACE,4500,5000,0.48
3,64,EXACT_REPLAY,5000,5500,0.5
3,64,ELIGIBILITY_TRACE_NORM_MATCHED,5000,5500,0.484
3,64,NO_TRACE,5000,5500,0.484
3,64,EXACT_REPLAY,5500,6000,0.56
3,64,ELIGIBILITY_TRACE_NORM_MATCHED,5500,6000,0.542
3,64,NO_TRACE,5500,6000,0.542
4,1,EXACT_REPLAY,0,500,0.476
4,1,ELIGIBILITY_TRACE_NORM_MATCHED,0,500,0.476
4,1,NO_TRACE,0,500,0.478
4,1,EXACT_REPLAY,500,1000,0.53
4,1,ELIGIBILITY_TRACE_NORM_MATCHED,500,1000,0.524
4,1,NO_TRACE,500,1000,0.518
4,1,EXACT_REPLAY,1000,1500,0.52
4,1,ELIGIBILITY_TRACE_NORM_MATCHED,1000,1500,0.504
4,1,NO_TRACE,1000,1500,0.496
4,1,EXACT_REPLAY,1500,2000,0.526
4,1,ELIGIBILITY_TRACE_NORM_MATCHED,1500,2000,0.506
4,1,NO_TRACE,1500,2000,0.506
4,1,EXACT_REPLAY,2000,2500,0.534
4,1,ELIGIBILITY_TRACE_NORM_MATCHED,2000,2500,0.506
4,1,NO_TRACE,2000,2500,0.498
4,1,EXACT_REPLAY,2500,3000,0.564
4,1,ELIGIBILITY_TRACE_NORM_MATCHED,2500,3000,0.536
4,1,NO_TRACE,2500,3000,0.534
4,1,EXACT_REPLAY,3000,3500,0.52
4,1,ELIGIBILITY_TRACE_NORM_MATCHED,3000,3500,0.488
4,1,NO_TRACE,3000,3500,0.48
4,1,EXACT_REPLAY,3500,4000,0.55
4,1,ELIGIBILITY_TRACE_NORM_MATCHED,3500,4000,0.506
4,1,NO_TRACE,3500,4000,0.502
4,1,EXACT_REPLAY,4000,4500,0.516
4,1,ELIGIBILITY_TRACE_NORM_MATCHED,4000,4500,0.458
4,1,NO_TRACE,4000,4500,0.46
4,1,EXACT_REPLAY,4500,5000,0.546
4,1,ELIGIBILITY_TRACE_NORM_MATCHED,4500,5000,0.508
4,1,NO_TRACE,4500,5000,0.504
4,1,EXACT_REPLAY,5000,5500,0.542
4,1,ELIGIBILITY_TRACE_NORM_MATCHED,5000,5500,0.494
4,1,NO_TRACE,5000,5500,0.486
4,1,EXACT_REPLAY,5500,6000,0.568
4,1,ELIGIBILITY_TRACE_NORM_MATCHED,5500,6000,0.53
4,1,NO_TRACE,5500,6000,0.528
4,4,EXACT_REPLAY,0,500,0.476
4,4,ELIGIBILITY_TRACE_NORM_MATCHED,0,500,0.474
4,4,NO_TRACE,0,500,0.476
4,4,EXACT_REPLAY,500,1000,0.53
4,4,ELIGIBILITY_TRACE_NORM_MATCHED,500,1000,0.524
4,4,NO_TRACE,500,1000,0.526
4,4,EXACT_REPLAY,1000,1500,0.52
4,4,ELIGIBILITY_TRACE_NORM_MATCHED,1000,1500,0.502
4,4,NO_TRACE,1000,1500,0.504
4,4,EXACT_REPLAY,1500,2000,0.526
4,4,ELIGIBILITY_TRACE_NORM_MATCHED,1500,2000,0.504
4,4,NO_TRACE,1500,2000,0.51
4,4,EXACT_REPLAY,2000,2500,0.534
4,4,ELIGIBILITY_TRACE_NORM_MATCHED,2000,2500,0.502
4,4,NO_TRACE,2000,2500,0.496
4,4,EXACT_REPLAY,2500,3000,0.562
4,4,ELIGIBILITY_TRACE_NORM_MATCHED,2500,3000,0.538
4,4,NO_TRACE,2500,3000,0.542
4,4,EXACT_REPLAY,3000,3500,0.52
4,4,ELIGIBILITY_TRACE_NORM_MATCHED,3000,3500,0.488
4,4,NO_TRACE,3000,3500,0.496
4,4,EXACT_REPLAY,3500,4000,0.55
4,4,ELIGIBILITY_TRACE_NORM_MATCHED,3500,4000,0.51
4,4,NO_TRACE,3500,4000,0.516
4,4,EXACT_REPLAY,4000,4500,0.516
4,4,ELIGIBILITY_TRACE_NORM_MATCHED,4000,4500,0.456
4,4,NO_TRACE,4000,4500,0.46
4,4,EXACT_REPLAY,4500,5000,0.546
4,4,ELIGIBILITY_TRACE_NORM_MATCHED,4500,5000,0.508
4,4,NO_TRACE,4500,5000,0.506
4,4,EXACT_REPLAY,5000,5500,0.54
4,4,ELIGIBILITY_TRACE_NORM_MATCHED,5000,5500,0.498
4,4,NO_TRACE,5000,5500,0.498
4,4,EXACT_REPLAY,5500,6000,0.568
4,4,ELIGIBILITY_TRACE_NORM_MATCHED,5500,6000,0.528
4,4,NO_TRACE,5500,6000,0.532
4,16,EXACT_REPLAY,0,500,0.476
4,16,ELIGIBILITY_TRACE_NORM_MATCHED,0,500,0.478
4,16,NO_TRACE,0,500,0.476
4,16,EXACT_REPLAY,500,1000,0.53
4,16,ELIGIBILITY_TRACE_NORM_MATCHED,500,1000,0.522
4,16,NO_TRACE,500,1000,0.518
4,16,EXACT_REPLAY,1000,1500,0.52
4,16,ELIGIBILITY_TRACE_NORM_MATCHED,1000,1500,0.504
4,16,NO_TRACE,1000,1500,0.498
4,16,EXACT_REPLAY,1500,2000,0.526
4,16,ELIGIBILITY_TRACE_NORM_MATCHED,1500,2000,0.51
4,16,NO_TRACE,1500,2000,0.506
4,16,EXACT_REPLAY,2000,2500,0.534
4,16,ELIGIBILITY_TRACE_NORM_MATCHED,2000,2500,0.506
4,16,NO_TRACE,2000,2500,0.5
4,16,EXACT_REPLAY,2500,3000,0.562
4,16,ELIGIBILITY_TRACE_NORM_MATCHED,2500,3000,0.54
4,16,NO_TRACE,2500,3000,0.536
4,16,EXACT_REPLAY,3000,3500,0.52
4,16,ELIGIBILITY_TRACE_NORM_MATCHED,3000,3500,0.488
4,16,NO_TRACE,3000,3500,0.49
4,16,EXACT_REPLAY,3500,4000,0.55
4,16,ELIGIBILITY_TRACE_NORM_MATCHED,3500,4000,0.508
4,16,NO_TRACE,3500,4000,0.504
4,16,EXACT_REPLAY,4000,4500,0.516
4,16,ELIGIBILITY_TRACE_NORM_MATCHED,4000,4500,0.456
4,16,NO_TRACE,4000,4500,0.452
4,16,EXACT_REPLAY,4500,5000,0.546
4,16,ELIGIBILITY_TRACE_NORM_MATCHED,4500,5000,0.504
4,16,NO_TRACE,4500,5000,0.508
4,16,EXACT_REPLAY,5000,5500,0.54
4,16,ELIGIBILITY_TRACE_NORM_MATCHED,5000,5500,0.498
4,16,NO_TRACE,5000,5500,0.492
4,16,EXACT_REPLAY,5500,6000,0.568
4,16,ELIGIBILITY_TRACE_NORM_MATCHED,5500,6000,0.524
4,16,NO_TRACE,5500,6000,0.532
4,64,EXACT_REPLAY,0,500,0.476
4,64,ELIGIBILITY_TRACE_NORM_MATCHED,0,500,0.478
4,64,NO_TRACE,0,500,0.478
4,64,EXACT_REPLAY,500,1000,0.53
4,64,ELIGIBILITY_TRACE_NORM_MATCHED,500,1000,0.524
4,64,NO_TRACE,500,1000,0.522
4,64,EXACT_REPLAY,1000,1500,0.52
4,64,ELIGIBILITY_TRACE_NORM_MATCHED,1000,1500,0.502
4,64,NO_TRACE,1000,1500,0.498
4,64,EXACT_REPLAY,1500,2000,0.526
4,64,ELIGIBILITY_TRACE_NORM_MATCHED,1500,2000,0.506
4,64,NO_TRACE,1500,2000,0.508
4,64,EXACT_REPLAY,2000,2500,0.532
4,64,ELIGIBILITY_TRACE_NORM_MATCHED,2000,2500,0.504
4,64,NO_TRACE,2000,2500,0.496
4,64,EXACT_REPLAY,2500,3000,0.564
4,64,ELIGIBILITY_TRACE_NORM_MATCHED,2500,3000,0.54
4,64,NO_TRACE,2500,3000,0.532
4,64,EXACT_REPLAY,3000,3500,0.518
4,64,ELIGIBILITY_TRACE_NORM_MATCHED,3000,3500,0.488
4,64,NO_TRACE,3000,3500,0.484
4,64,EXACT_REPLAY,3500,4000,0.548
4,64,ELIGIBILITY_TRACE_NORM_MATCHED,3500,4000,0.5
4,64,NO_TRACE,3500,4000,0.5
4,64,EXACT_REPLAY,4000,4500,0.516
4,64,ELIGIBILITY_TRACE_NORM_MATCHED,4000,4500,0.456
4,64,NO_TRACE,4000,4500,0.454
4,64,EXACT_REPLAY,4500,5000,0.546
4,64,ELIGIBILITY_TRACE_NORM_MATCHED,4500,5000,0.502
4,64,NO_TRACE,4500,5000,0.498
4,64,EXACT_REPLAY,5000,5500,0.538
4,64,ELIGIBILITY_TRACE_NORM_MATCHED,5000,5500,0.492
4,64,NO_TRACE,5000,5500,0.488
4,64,EXACT_REPLAY,5500,6000,0.568
4,64,ELIGIBILITY_TRACE_NORM_MATCHED,5500,6000,0.528
4,64,NO_TRACE,5500,6000,0.52
5,1,EXACT_REPLAY,0,500,0.52
5,1,ELIGIBILITY_TRACE_NORM_MATCHED,0,500,0.518
5,1,NO_TRACE,0,500,0.516
5,1,EXACT_REPLAY,500,1000,0.508
5,1,ELIGIBILITY_TRACE_NORM_MATCHED,500,1000,0.502
5,1,NO_TRACE,500,1000,0.502
5,1,EXACT_REPLAY,1000,1500,0.56
5,1,ELIGIBILITY_TRACE_NORM_MATCHED,1000,1500,0.552
5,1,NO_TRACE,1000,1500,0.542
5,1,EXACT_REPLAY,1500,2000,0.538
5,1,ELIGIBILITY_TRACE_NORM_MATCHED,1500,2000,0.52
5,1,NO_TRACE,1500,2000,0.522
5,1,EXACT_REPLAY,2000,2500,0.524
5,1,ELIGIBILITY_TRACE_NORM_MATCHED,2000,2500,0.5
5,1,NO_TRACE,2000,2500,0.486
5,1,EXACT_REPLAY,2500,3000,0.542
5,1,ELIGIBILITY_TRACE_NORM_MATCHED,2500,3000,0.524
5,1,NO_TRACE,2500,3000,0.514
5,1,EXACT_REPLAY,3000,3500,0.552
5,1,ELIGIBILITY_TRACE_NORM_MATCHED,3000,3500,0.532
5,1,NO_TRACE,3000,3500,0.514
5,1,EXACT_REPLAY,3500,4000,0.538
5,1,ELIGIBILITY_TRACE_NORM_MATCHED,3500,4000,0.53
5,1,NO_TRACE,3500,4000,0.518
5,1,EXACT_REPLAY,4000,4500,0.522
5,1,ELIGIBILITY_TRACE_NORM_MATCHED,4000,4500,0.506
5,1,NO_TRACE,4000,4500,0.508
5,1,EXACT_REPLAY,4500,5000,0.538
5,1,ELIGIBILITY_TRACE_NORM_MATCHED,4500,5000,0.502
5,1,NO_TRACE,4500,5000,0.482
5,1,EXACT_REPLAY,5000,5500,0.556
5,1,ELIGIBILITY_TRACE_NORM_MATCHED,5000,5500,0.52
5,1,NO_TRACE,5000,5500,0.51
5,1,EXACT_REPLAY,5500,6000,0.58
5,1,ELIGIBILITY_TRACE_NORM_MATCHED,5500,6000,0.544
5,1,NO_TRACE,5500,6000,0.526
5,4,EXACT_REPLAY,0,500,0.52
5,4,ELIGIBILITY_TRACE_NORM_MATCHED,0,500,0.516
5,4,NO_TRACE,0,500,0.516
5,4,EXACT_REPLAY,500,1000,0.508
5,4,ELIGIBILITY_TRACE_NORM_MATCHED,500,1000,0.502
5,4,NO_TRACE,500,1000,0.502
5,4,EXACT_REPLAY,1000,1500,0.56
5,4,ELIGIBILITY_TRACE_NORM_MATCHED,1000,1500,0.552
5,4,NO_TRACE,1000,1500,0.548
5,4,EXACT_REPLAY,1500,2000,0.538
5,4,ELIGIBILITY_TRACE_NORM_MATCHED,1500,2000,0.518
5,4,NO_TRACE,1500,2000,0.528
5,4,EXACT_REPLAY,2000,2500,0.524
5,4,ELIGIBILITY_TRACE_NORM_MATCHED,2000,2500,0.498
5,4,NO_TRACE,2000,2500,0.49
5,4,EXACT_REPLAY,2500,3000,0.544
5,4,ELIGIBILITY_TRACE_NORM_MATCHED,2500,3000,0.526
5,4,NO_TRACE,2500,3000,0.512
5,4,EXACT_REPLAY,3000,3500,0.552
5,4,ELIGIBILITY_TRACE_NORM_MATCHED,3000,3500,0.53
5,4,NO_TRACE,3000,3500,0.512
5,4,EXACT_REPLAY,3500,4000,0.538
5,4,ELIGIBILITY_TRACE_NORM_MATCHED,3500,4000,0.526
5,4,NO_TRACE,3500,4000,0.518
5,4,EXACT_REPLAY,4000,4500,0.522
5,4,ELIGIBILITY_TRACE_NORM_MATCHED,4000,4500,0.506
5,4,NO_TRACE,4000,4500,0.498
5,4,EXACT_REPLAY,4500,5000,0.538
5,4,ELIGIBILITY_TRACE_NORM_MATCHED,4500,5000,0.498
5,4,NO_TRACE,4500,5000,0.476
5,4,EXACT_REPLAY,5000,5500,0.556
5,4,ELIGIBILITY_TRACE_NORM_MATCHED,5000,5500,0.518
5,4,NO_TRACE,5000,5500,0.502
5,4,EXACT_REPLAY,5500,6000,0.58
5,4,ELIGIBILITY_TRACE_NORM_MATCHED,5500,6000,0.538
5,4,NO_TRACE,5500,6000,0.528
5,16,EXACT_REPLAY,0,500,0.522
5,16,ELIGIBILITY_TRACE_NORM_MATCHED,0,500,0.512
5,16,NO_TRACE,0,500,0.512
5,16,EXACT_REPLAY,500,1000,0.506
5,16,ELIGIBILITY_TRACE_NORM_MATCHED,500,1000,0.506
5,16,NO_TRACE,500,1000,0.504
5,16,EXACT_REPLAY,1000,1500,0.56
5,16,ELIGIBILITY_TRACE_NORM_MATCHED,1000,1500,0.544
5,16,NO_TRACE,1000,1500,0.544
5,16,EXACT_REPLAY,1500,2000,0.536
5,16,ELIGIBILITY_TRACE_NORM_MATCHED,1500,2000,0.522
5,16,NO_TRACE,1500,2000,0.522
5,16,EXACT_REPLAY,2000,2500,0.524
5,16,ELIGIBILITY_TRACE_NORM_MATCHED,2000,2500,0.496
5,16,NO_TRACE,2000,2500,0.494
5,16,EXACT_REPLAY,2500,3000,0.544
5,16,ELIGIBILITY_TRACE_NORM_MATCHED,2500,3000,0.524
5,16,NO_TRACE,2500,3000,0.518
5,16,EXACT_REPLAY,3000,3500,0.552
5,16,ELIGIBILITY_TRACE_NORM_MATCHED,3000,3500,0.522
5,16,NO_TRACE,3000,3500,0.518
5,16,EXACT_REPLAY,3500,4000,0.538
5,16,ELIGIBILITY_TRACE_NORM_MATCHED,3500,4000,0.516
5,16,NO_TRACE,3500,4000,0.512
5,16,EXACT_REPLAY,4000,4500,0.522
5,16,ELIGIBILITY_TRACE_NORM_MATCHED,4000,4500,0.502
5,16,NO_TRACE,4000,4500,0.504
5,16,EXACT_REPLAY,4500,5000,0.538
5,16,ELIGIBILITY_TRACE_NORM_MATCHED,4500,5000,0.488
5,16,NO_TRACE,4500,5000,0.484
5,16,EXACT_REPLAY,5000,5500,0.556
5,16,ELIGIBILITY_TRACE_NORM_MATCHED,5000,5500,0.512
5,16,NO_TRACE,5000,5500,0.504
5,16,EXACT_REPLAY,5500,6000,0.578
5,16,ELIGIBILITY_TRACE_NORM_MATCHED,5500,6000,0.536
5,16,NO_TRACE,5500,6000,0.522
5,64,EXACT_REPLAY,0,500,0.522
5,64,ELIGIBILITY_TRACE_NORM_MATCHED,0,500,0.512
5,64,NO_TRACE,0,500,0.514
5,64,EXACT_REPLAY,500,1000,0.506
5,64,ELIGIBILITY_TRACE_NORM_MATCHED,500,1000,0.502
5,64,NO_TRACE,500,1000,0.504
5,64,EXACT_REPLAY,1000,1500,0.56
5,64,ELIGIBILITY_TRACE_NORM_MATCHED,1000,1500,0.552
5,64,NO_TRACE,1000,1500,0.548
5,64,EXACT_REPLAY,1500,2000,0.538
5,64,ELIGIBILITY_TRACE_NORM_MATCHED,1500,2000,0.526
5,64,NO_TRACE,1500,2000,0.52
5,64,EXACT_REPLAY,2000,2500,0.524
5,64,ELIGIBILITY_TRACE_NORM_MATCHED,2000,2500,0.498
5,64,NO_TRACE,2000,2500,0.496
5,64,EXACT_REPLAY,2500,3000,0.542
5,64,ELIGIBILITY_TRACE_NORM_MATCHED,2500,3000,0.52
5,64,NO_TRACE,2500,3000,0.52
5,64,EXACT_REPLAY,3000,3500,0.552
5,64,ELIGIBILITY_TRACE_NORM_MATCHED,3000,3500,0.522
5,64,NO_TRACE,3000,3500,0.516
5,64,EXACT_REPLAY,3500,4000,0.54
5,64,ELIGIBILITY_TRACE_NORM_MATCHED,3500,4000,0.518
5,64,NO_TRACE,3500,4000,0.518
5,64,EXACT_REPLAY,4000,4500,0.522
5,64,ELIGIBILITY_TRACE_NORM_MATCHED,4000,4500,0.496
5,64,NO_TRACE,4000,4500,0.504
5,64,EXACT_REPLAY,4500,5000,0.536
5,64,ELIGIBILITY_TRACE_NORM_MATCHED,4500,5000,0.484
5,64,NO_TRACE,4500,5000,0.474
5,64,EXACT_REPLAY,5000,5500,0.558
5,64,ELIGIBILITY_TRACE_NORM_MATCHED,5000,5500,0.51
5,64,NO_TRACE,5000,5500,0.5
5,64,EXACT_REPLAY,5500,6000,0.58
5,64,ELIGIBILITY_TRACE_NORM_MATCHED,5500,6000,0.532
5,64,NO_TRACE,5500,6000,0.53
6,1,EXACT_REPLAY,0,500,0.492
6,1,ELIGIBILITY_TRACE_NORM_MATCHED,0,500,0.49
6,1,NO_TRACE,0,500,0.49
6,1,EXACT_REPLAY,500,1000,0.488
6,1,ELIGIBILITY_TRACE_NORM_MATCHED,500,1000,0.48
6,1,NO_TRACE,500,1000,0.478
6,1,EXACT_REPLAY,1000,1500,0.5
6,1,ELIGIBILITY_TRACE_NORM_MATCHED,1000,1500,0.494
6,1,NO_TRACE,1000,1500,0.494
6,1,EXACT_REPLAY,1500,2000,0.548
6,1,ELIGIBILITY_TRACE_NORM_MATCHED,1500,2000,0.532
6,1,NO_TRACE,1500,2000,0.532
6,1,EXACT_REPLAY,2000,2500,0.544
6,1,ELIGIBILITY_TRACE_NORM_MATCHED,2000,2500,0.53
6,1,NO_TRACE,2000,2500,0.53
6,1,EXACT_REPLAY,2500,3000,0.498
6,1,ELIGIBILITY_TRACE_NORM_MATCHED,2500,3000,0.492
6,1,NO_TRACE,2500,3000,0.488
6,1,EXACT_REPLAY,3000,3500,0.538
6,1,ELIGIBILITY_TRACE_NORM_MATCHED,3000,3500,0.52
6,1,NO_TRACE,3000,3500,0.518
6,1,EXACT_REPLAY,3500,4000,0.524
6,1,ELIGIBILITY_TRACE_NORM_MATCHED,3500,4000,0.498
6,1,NO_TRACE,3500,4000,0.498
6,1,EXACT_REPLAY,4000,4500,0.498
6,1,ELIGIBILITY_TRACE_NORM_MATCHED,4000,4500,0.476
6,1,NO_TRACE,4000,4500,0.468
6,1,EXACT_REPLAY,4500,5000,0.562
6,1,ELIGIBILITY_TRACE_NORM_MATCHED,4500,5000,0.516
6,1,NO_TRACE,4500,5000,0.516
6,1,EXACT_REPLAY,5000,5500,0.534
6,1,ELIGIBILITY_TRACE_NORM_MATCHED,5000,5500,0.516
6,1,NO_TRACE,5000,5500,0.506
6,1,EXACT_REPLAY,5500,6000,0.514
6,1,ELIGIBILITY_TRACE_NORM_MATCHED,5500,6000,0.496
6,1,NO_TRACE,5500,6000,0.478
6,4,EXACT_REPLAY,0,500,0.49
6,4,ELIGIBILITY_TRACE_NORM_MATCHED,0,500,0.492
6,4,NO_TRACE,0,500,0.494
6,4,EXACT_REPLAY,500,1000,0.488
6,4,ELIGIBILITY_TRACE_NORM_MATCHED,500,1000,0.482
6,4,NO_TRACE,500,1000,0.478
6,4,EXACT_REPLAY,1000,1500,0.5
6,4,ELIGIBILITY_TRACE_NORM_MATCHED,1000,1500,0.492
6,4,NO_TRACE,1000,1500,0.492
6,4,EXACT_REPLAY,1500,2000,0.548
6,4,ELIGIBILITY_TRACE_NORM_MATCHED,1500,2000,0.532
6,4,NO_TRACE,1500,2000,0.534
6,4,EXACT_REPLAY,2000,2500,0.544
6,4,ELIGIBILITY_TRACE_NORM_MATCHED,2000,2500,0.532
6,4,NO_TRACE,2000,2500,0.532
6,4,EXACT_REPLAY,2500,3000,0.498
6,4,ELIGIBILITY_TRACE_NORM_MATCHED,2500,3000,0.492
6,4,NO_TRACE,2500,3000,0.49
6,4,EXACT_REPLAY,3000,3500,0.538
6,4,ELIGIBILITY_TRACE_NORM_MATCHED,3000,3500,0.518
6,4,NO_TRACE,3000,3500,0.518
6,4,EXACT_REPLAY,3500,4000,0.524
6,4,ELIGIBILITY_TRACE_NORM_MATCHED,3500,4000,0.498
6,4,NO_TRACE,3500,4000,0.482
6,4,EXACT_REPLAY,4000,4500,0.498
6,4,ELIGIBILITY_TRACE_NORM_MATCHED,4000,4500,0.476
6,4,NO_TRACE,4000,4500,0.454
6,4,EXACT_REPLAY,4500,5000,0.562
6,4,ELIGIBILITY_TRACE_NORM_MATCHED,4500,5000,0.514
6,4,NO_TRACE,4500,5000,0.512
6,4,EXACT_REPLAY,5000,5500,0.536
6,4,ELIGIBILITY_TRACE_NORM_MATCHED,5000,5500,0.51
6,4,NO_TRACE,5000,5500,0.502
6,4,EXACT_REPLAY,5500,6000,0.514
6,4,ELIGIBILITY_TRACE_NORM_MATCHED,5500,6000,0.49
6,4,NO_TRACE,5500,6000,0.478
6,16,EXACT_REPLAY,0,500,0.492
6,16,ELIGIBILITY_TRACE_NORM_MATCHED,0,500,0.492
6,16,NO_TRACE,0,500,0.494
6,16,EXACT_REPLAY,500,1000,0.488
6,16,ELIGIBILITY_TRACE_NORM_MATCHED,500,1000,0.476
6,16,NO_TRACE,500,1000,0.474
6,16,EXACT_REPLAY,1000,1500,0.496
6,16,ELIGIBILITY_TRACE_NORM_MATCHED,1000,1500,0.492
6,16,NO_TRACE,1000,1500,0.49
6,16,EXACT_REPLAY,1500,2000,0.546
6,16,ELIGIBILITY_TRACE_NORM_MATCHED,1500,2000,0.536
6,16,NO_TRACE,1500,2000,0.528
6,16,EXACT_REPLAY,2000,2500,0.544
6,16,ELIGIBILITY_TRACE_NORM_MATCHED,2000,2500,0.532
6,16,NO_TRACE,2000,2500,0.532
6,16,EXACT_REPLAY,2500,3000,0.498
6,16,ELIGIBILITY_TRACE_NORM_MATCHED,2500,3000,0.494
6,16,NO_TRACE,2500,3000,0.488
6,16,EXACT_REPLAY,3000,3500,0.538
6,16,ELIGIBILITY_TRACE_NORM_MATCHED,3000,3500,0.522
6,16,NO_TRACE,3000,3500,0.516
6,16,EXACT_REPLAY,3500,4000,0.522
6,16,ELIGIBILITY_TRACE_NORM_MATCHED,3500,4000,0.5
6,16,NO_TRACE,3500,4000,0.494
6,16,EXACT_REPLAY,4000,4500,0.498
6,16,ELIGIBILITY_TRACE_NORM_MATCHED,4000,4500,0.47
6,16,NO_TRACE,4000,4500,0.46
6,16,EXACT_REPLAY,4500,5000,0.562
6,16,ELIGIBILITY_TRACE_NORM_MATCHED,4500,5000,0.512
6,16,NO_TRACE,4500,5000,0.508
6,16,EXACT_REPLAY,5000,5500,0.534
6,16,ELIGIBILITY_TRACE_NORM_MATCHED,5000,5500,0.512
6,16,NO_TRACE,5000,5500,0.508
6,16,EXACT_REPLAY,5500,6000,0.516
6,16,ELIGIBILITY_TRACE_NORM_MATCHED,5500,6000,0.498
6,16,NO_TRACE,5500,6000,0.488
6,64,EXACT_REPLAY,0,500,0.492
6,64,ELIGIBILITY_TRACE_NORM_MATCHED,0,500,0.492
6,64,NO_TRACE,0,500,0.492
6,64,EXACT_REPLAY,500,1000,0.488
6,64,ELIGIBILITY_TRACE_NORM_MATCHED,500,1000,0.478
6,64,NO_TRACE,500,1000,0.476
6,64,EXACT_REPLAY,1000,1500,0.498
6,64,ELIGIBILITY_TRACE_NORM_MATCHED,1000,1500,0.494
6,64,NO_TRACE,1000,1500,0.49
6,64,EXACT_REPLAY,1500,2000,0.544
6,64,ELIGIBILITY_TRACE_NORM_MATCHED,1500,2000,0.534
6,64,NO_TRACE,1500,2000,0.534
6,64,EXACT_REPLAY,2000,2500,0.54
6,64,ELIGIBILITY_TRACE_NORM_MATCHED,2000,2500,0.53
6,64,NO_TRACE,2000,2500,0.528
6,64,EXACT_REPLAY,2500,3000,0.5
6,64,ELIGIBILITY_TRACE_NORM_MATCHED,2500,3000,0.488
6,64,NO_TRACE,2500,3000,0.482
6,64,EXACT_REPLAY,3000,3500,0.54
6,64,ELIGIBILITY_TRACE_NORM_MATCHED,3000,3500,0.516
6,64,NO_TRACE,3000,3500,0.506
6,64,EXACT_REPLAY,3500,4000,0.522
6,64,ELIGIBILITY_TRACE_NORM_MATCHED,3500,4000,0.496
6,64,NO_TRACE,3500,4000,0.492
6,64,EXACT_REPLAY,4000,4500,0.498
6,64,ELIGIBILITY_TRACE_NORM_MATCHED,4000,4500,0.462
6,64,NO_TRACE,4000,4500,0.462
6,64,EXACT_REPLAY,4500,5000,0.562
6,64,ELIGIBILITY_TRACE_NORM_MATCHED,4500,5000,0.512
6,64,NO_TRACE,4500,5000,0.514
6,64,EXACT_REPLAY,5000,5500,0.536
6,64,ELIGIBILITY_TRACE_NORM_MATCHED,5000,5500,0.5
6,64,NO_TRACE,5000,5500,0.5
6,64,EXACT_REPLAY,5500,6000,0.514
6,64,ELIGIBILITY_TRACE_NORM_MATCHED,5500,6000,0.488
6,64,NO_TRACE,5500,6000,0.48
7,1,EXACT_REPLAY,0,500,0.508
7,1,ELIGIBILITY_TRACE_NORM_MATCHED,0,500,0.51
7,1,NO_TRACE,0,500,0.51
7,1,EXACT_REPLAY,500,1000,0.55
7,1,ELIGIBILITY_TRACE_NORM_MATCHED,500,1000,0.544
7,1,NO_TRACE,500,1000,0.538
7,1,EXACT_REPLAY,1000,1500,0.498
7,1,ELIGIBILITY_TRACE_NORM_MATCHED,1000,1500,0.482
7,1,NO_TRACE,1000,1500,0.482
7,1,EXACT_REPLAY,1500,2000,0.52
7,1,ELIGIBILITY_TRACE_NORM_MATCHED,1500,2000,0.508
7,1,NO_TRACE,1500,2000,0.51
7,1,EXACT_REPLAY,2000,2500,0.486
7,1,ELIGIBILITY_TRACE_NORM_MATCHED,2000,2500,0.464
7,1,NO_TRACE,2000,2500,0.458
7,1,EXACT_REPLAY,2500,3000,0.542
7,1,ELIGIBILITY_TRACE_NORM_MATCHED,2500,3000,0.532
7,1,NO_TRACE,2500,3000,0.524
7,1,EXACT_REPLAY,3000,3500,0.57
7,1,ELIGIBILITY_TRACE_NORM_MATCHED,3000,3500,0.546
7,1,NO_TRACE,3000,3500,0.528
7,1,EXACT_REPLAY,3500,4000,0.492
7,1,ELIGIBILITY_TRACE_NORM_MATCHED,3500,4000,0.466
7,1,NO_TRACE,3500,4000,0.46
7,1,EXACT_REPLAY,4000,4500,0.572
7,1,ELIGIBILITY_TRACE_NORM_MATCHED,4000,4500,0.546
7,1,NO_TRACE,4000,4500,0.524
7,1,EXACT_REPLAY,4500,5000,0.55
7,1,ELIGIBILITY_TRACE_NORM_MATCHED,4500,5000,0.534
7,1,NO_TRACE,4500,5000,0.522
7,1,EXACT_REPLAY,5000,5500,0.542
7,1,ELIGIBILITY_TRACE_NORM_MATCHED,5000,5500,0.516
7,1,NO_TRACE,5000,5500,0.49
7,1,EXACT_REPLAY,5500,6000,0.514
7,1,ELIGIBILITY_TRACE_NORM_MATCHED,5500,6000,0.482
7,1,NO_TRACE,5500,6000,0.454
7,4,EXACT_REPLAY,0,500,0.508
7,4,ELIGIBILITY_TRACE_NORM_MATCHED,0,500,0.508
7,4,NO_TRACE,0,500,0.508
7,4,EXACT_REPLAY,500,1000,0.55
7,4,ELIGIBILITY_TRACE_NORM_MATCHED,500,1000,0.54
7,4,NO_TRACE,500,1000,0.54
7,4,EXACT_REPLAY,1000,1500,0.498
7,4,ELIGIBILITY_TRACE_NORM_MATCHED,1000,1500,0.48
7,4,NO_TRACE,1000,1500,0.482
7,4,EXACT_REPLAY,1500,2000,0.52
7,4,ELIGIBILITY_TRACE_NORM_MATCHED,1500,2000,0.506
7,4,NO_TRACE,1500,2000,0.514
7,4,EXACT_REPLAY,2000,2500,0.486
7,4,ELIGIBILITY_TRACE_NORM_MATCHED,2000,2500,0.46
7,4,NO_TRACE,2000,2500,0.454
7,4,EXACT_REPLAY,2500,3000,0.542
7,4,ELIGIBILITY_TRACE_NORM_MATCHED,2500,3000,0.534
7,4,NO_TRACE,2500,3000,0.526
7,4,EXACT_REPLAY,3000,3500,0.57
7,4,ELIGIBILITY_TRACE_NORM_MATCHED,3000,3500,0.548
7,4,NO_TRACE,3000,3500,0.542
7,4,EXACT_REPLAY,3500,4000,0.492
7,4,ELIGIBILITY_TRACE_NORM_MATCHED,3500,4000,0.464
7,4,NO_TRACE,3500,4000,0.46
7,4,EXACT_REPLAY,4000,4500,0.574
7,4,ELIGIBILITY_TRACE_NORM_MATCHED,4000,4500,0.544
7,4,NO_TRACE,4000,4500,0.542
7,4,EXACT_REPLAY,4500,5000,0.55
7,4,ELIGIBILITY_TRACE_NORM_MATCHED,4500,5000,0.534
7,4,NO_TRACE,4500,5000,0.526
7,4,EXACT_REPLAY,5000,5500,0.542
7,4,ELIGIBILITY_TRACE_NORM_MATCHED,5000,5500,0.508
7,4,NO_TRACE,5000,5500,0.504
7,4,EXACT_REPLAY,5500,6000,0.514
7,4,ELIGIBILITY_TRACE_NORM_MATCHED,5500,6000,0.476
7,4,NO_TRACE,5500,6000,0.464
7,16,EXACT_REPLAY,0,500,0.51
7,16,ELIGIBILITY_TRACE_NORM_MATCHED,0,500,0.508
7,16,NO_TRACE,0,500,0.508
7,16,EXACT_REPLAY,500,1000,0.55
7,16,ELIGIBILITY_TRACE_NORM_MATCHED,500,1000,0.538
7,16,NO_TRACE,500,1000,0.536
7,16,EXACT_REPLAY,1000,1500,0.498
7,16,ELIGIBILITY_TRACE_NORM_MATCHED,1000,1500,0.48
7,16,NO_TRACE,1000,1500,0.482
7,16,EXACT_REPLAY,1500,2000,0.518
7,16,ELIGIBILITY_TRACE_NORM_MATCHED,1500,2000,0.512
7,16,NO_TRACE,1500,2000,0.514
7,16,EXACT_REPLAY,2000,2500,0.486
7,16,ELIGIBILITY_TRACE_NORM_MATCHED,2000,2500,0.464
7,16,NO_TRACE,2000,2500,0.466
7,16,EXACT_REPLAY,2500,3000,0.542
7,16,ELIGIBILITY_TRACE_NORM_MATCHED,2500,3000,0.53
7,16,NO_TRACE,2500,3000,0.532
7,16,EXACT_REPLAY,3000,3500,0.57
7,16,ELIGIBILITY_TRACE_NORM_MATCHED,3000,3500,0.548
7,16,NO_TRACE,3000,3500,0.544
7,16,EXACT_REPLAY,3500,4000,0.49
7,16,ELIGIBILITY_TRACE_NORM_MATCHED,3500,4000,0.466
7,16,NO_TRACE,3500,4000,0.46
7,16,EXACT_REPLAY,4000,4500,0.572
7,16,ELIGIBILITY_TRACE_NORM_MATCHED,4000,4500,0.544
7,16,NO_TRACE,4000,4500,0.536
7,16,EXACT_REPLAY,4500,5000,0.55
7,16,ELIGIBILITY_TRACE_NORM_MATCHED,4500,5000,0.532
7,16,NO_TRACE,4500,5000,0.53
7,16,EXACT_REPLAY,5000,5500,0.542
7,16,ELIGIBILITY_TRACE_NORM_MATCHED,5000,5500,0.512
7,16,NO_TRACE,5000,5500,0.508
7,16,EXACT_REPLAY,5500,6000,0.514
7,16,ELIGIBILITY_TRACE_NORM_MATCHED,5500,6000,0.478
7,16,NO_TRACE,5500,6000,0.456
7,64,EXACT_REPLAY,0,500,0.51
7,64,ELIGIBILITY_TRACE_NORM_MATCHED,0,500,0.51
7,64,NO_TRACE,0,500,0.506
7,64,EXACT_REPLAY,500,1000,0.548
7,64,ELIGIBILITY_TRACE_NORM_MATCHED,500,1000,0.534
7,64,NO_TRACE,500,1000,0.542
7,64,EXACT_REPLAY,1000,1500,0.5
7,64,ELIGIBILITY_TRACE_NORM_MATCHED,1000,1500,0.482
7,64,NO_TRACE,1000,1500,0.482
7,64,EXACT_REPLAY,1500,2000,0.518
7,64,ELIGIBILITY_TRACE_NORM_MATCHED,1500,2000,0.508
7,64,NO_TRACE,1500,2000,0.508
7,64,EXACT_REPLAY,2000,2500,0.486
7,64,ELIGIBILITY_TRACE_NORM_MATCHED,2000,2500,0.458
7,64,NO_TRACE,2000,2500,0.462
7,64,EXACT_REPLAY,2500,3000,0.542
7,64,ELIGIBILITY_TRACE_NORM_MATCHED,2500,3000,0.53
7,64,NO_TRACE,2500,3000,0.528
7,64,EXACT_REPLAY,3000,3500,0.568
7,64,ELIGIBILITY_TRACE_NORM_MATCHED,3000,3500,0.542
7,64,NO_TRACE,3000,3500,0.534
7,64,EXACT_REPLAY,3500,4000,0.492
7,64,ELIGIBILITY_TRACE_NORM_MATCHED,3500,4000,0.458
7,64,NO_TRACE,3500,4000,0.46
7,64,EXACT_REPLAY,4000,4500,0.57
7,64,ELIGIBILITY_TRACE_NORM_MATCHED,4000,4500,0.536
7,64,NO_TRACE,4000,4500,0.534
7,64,EXACT_REPLAY,4500,5000,0.55
7,64,ELIGIBILITY_TRACE_NORM_MATCHED,4500,5000,0.532
7,64,NO_TRACE,4500,5000,0.53
7,64,EXACT_REPLAY,5000,5500,0.544
7,64,ELIGIBILITY_TRACE_NORM_MATCHED,5000,5500,0.506
7,64,NO_TRACE,5000,5500,0.504
7,64,EXACT_REPLAY,5500,6000,0.512
7,64,ELIGIBILITY_TRACE_NORM_MATCHED,5500,6000,0.472
7,64,NO_TRACE,5500,6000,0.464
8,1,EXACT_REPLAY,0,500,0.51
8,1,ELIGIBILITY_TRACE_NORM_MATCHED,0,500,0.506
8,1,NO_TRACE,0,500,0.51
8,1,EXACT_REPLAY,500,1000,0.482
8,1,ELIGIBILITY_TRACE_NORM_MATCHED,500,1000,0.474
8,1,NO_TRACE,500,1000,0.47
8,1,EXACT_REPLAY,1000,1500,0.528
8,1,ELIGIBILITY_TRACE_NORM_MATCHED,1000,1500,0.508
8,1,NO_TRACE,1000,1500,0.512
8,1,EXACT_REPLAY,1500,2000,0.506
8,1,ELIGIBILITY_TRACE_NORM_MATCHED,1500,2000,0.494
8,1,NO_TRACE,1500,2000,0.49
8,1,EXACT_REPLAY,2000,2500,0.502
8,1,ELIGIBILITY_TRACE_NORM_MATCHED,2000,2500,0.468
8,1,NO_TRACE,2000,2500,0.47
8,1,EXACT_REPLAY,2500,3000,0.532
8,1,ELIGIBILITY_TRACE_NORM_MATCHED,2500,3000,0.51
8,1,NO_TRACE,2500,3000,0.51
8,1,EXACT_REPLAY,3000,3500,0.55
8,1,ELIGIBILITY_TRACE_NORM_MATCHED,3000,3500,0.524
8,1,NO_TRACE,3000,3500,0.524
8,1,EXACT_REPLAY,3500,4000,0.546
8,1,ELIGIBILITY_TRACE_NORM_MATCHED,3500,4000,0.524
8,1,NO_TRACE,3500,4000,0.508
8,1,EXACT_REPLAY,4000,4500,0.546
8,1,ELIGIBILITY_TRACE_NORM_MATCHED,4000,4500,0.52
8,1,NO_TRACE,4000,4500,0.512
8,1,EXACT_REPLAY,4500,5000,0.552
8,1,ELIGIBILITY_TRACE_NORM_MATCHED,4500,5000,0.516
8,1,NO_TRACE,4500,5000,0.508
8,1,EXACT_REPLAY,5000,5500,0.56
8,1,ELIGIBILITY_TRACE_NORM_MATCHED,5000,5500,0.508
8,1,NO_TRACE,5000,5500,0.498
8,1,EXACT_REPLAY,5500,6000,0.554
8,1,ELIGIBILITY_TRACE_NORM_MATCHED,5500,6000,0.52
8,1,NO_TRACE,5500,6000,0.496
8,4,EXACT_REPLAY,0,500,0.51
8,4,ELIGIBILITY_TRACE_NORM_MATCHED,0,500,0.504
8,4,NO_TRACE,0,500,0.506
8,4,EXACT_REPLAY,500,1000,0.482
8,4,ELIGIBILITY_TRACE_NORM_MATCHED,500,1000,0.474
8,4,NO_TRACE,500,1000,0.466
8,4,EXACT_REPLAY,1000,1500,0.528
8,4,ELIGIBILITY_TRACE_NORM_MATCHED,1000,1500,0.51
8,4,NO_TRACE,1000,1500,0.508
8,4,EXACT_REPLAY,1500,2000,0.508
8,4,ELIGIBILITY_TRACE_NORM_MATCHED,1500,2000,0.492
8,4,NO_TRACE,1500,2000,0.494
8,4,EXACT_REPLAY,2000,2500,0.502
8,4,ELIGIBILITY_TRACE_NORM_MATCHED,2000,2500,0.468
8,4,NO_TRACE,2000,2500,0.46
8,4,EXACT_REPLAY,2500,3000,0.532
8,4,ELIGIBILITY_TRACE_NORM_MATCHED,2500,3000,0.514
8,4,NO_TRACE,2500,3000,0.51
8,4,EXACT_REPLAY,3000,3500,0.55
8,4,ELIGIBILITY_TRACE_NORM_MATCHED,3000,3500,0.524
8,4,NO_TRACE,3000,3500,0.52
8,4,EXACT_REPLAY,3500,4000,0.548
8,4,ELIGIBILITY_TRACE_NORM_MATCHED,3500,4000,0.524
8,4,NO_TRACE,3500,4000,0.512
8,4,EXACT_REPLAY,4000,4500,0.544
8,4,ELIGIBILITY_TRACE_NORM_MATCHED,4000,4500,0.516
8,4,NO_TRACE,4000,4500,0.512
8,4,EXACT_REPLAY,4500,5000,0.55
8,4,ELIGIBILITY_TRACE_NORM_MATCHED,4500,5000,0.512
8,4,NO_TRACE,4500,5000,0.51
8,4,EXACT_REPLAY,5000,5500,0.56
8,4,ELIGIBILITY_TRACE_NORM_MATCHED,5000,5500,0.508
8,4,NO_TRACE,5000,5500,0.502
8,4,EXACT_REPLAY,5500,6000,0.554
8,4,ELIGIBILITY_TRACE_NORM_MATCHED,5500,6000,0.514
8,4,NO_TRACE,5500,6000,0.49
8,16,EXACT_REPLAY,0,500,0.51
8,16,ELIGIBILITY_TRACE_NORM_MATCHED,0,500,0.506
8,16,NO_TRACE,0,500,0.508
8,16,EXACT_REPLAY,500,1000,0.482
8,16,ELIGIBILITY_TRACE_NORM_MATCHED,500,1000,0.476
8,16,NO_TRACE,500,1000,0.472
8,16,EXACT_REPLAY,1000,1500,0.528
8,16,ELIGIBILITY_TRACE_NORM_MATCHED,1000,1500,0.506
8,16,NO_TRACE,1000,1500,0.506
8,16,EXACT_REPLAY,1500,2000,0.506
8,16,ELIGIBILITY_TRACE_NORM_MATCHED,1500,2000,0.492
8,16,NO_TRACE,1500,2000,0.484
8,16,EXACT_REPLAY,2000,2500,0.502
8,16,ELIGIBILITY_TRACE_NORM_MATCHED,2000,2500,0.464
8,16,NO_TRACE,2000,2500,0.464
8,16,EXACT_REPLAY,2500,3000,0.532
8,16,ELIGIBILITY_TRACE_NORM_MATCHED,2500,3000,0.512
8,16,NO_TRACE,2500,3000,0.508
8,16,EXACT_REPLAY,3000,3500,0.55
8,16,ELIGIBILITY_TRACE_NORM_MATCHED,3000,3500,0.528
8,16,NO_TRACE,3000,3500,0.524
8,16,EXACT_REPLAY,3500,4000,0.548
8,16,ELIGIBILITY_TRACE_NORM_MATCHED,3500,4000,0.52
8,16,NO_TRACE,3500,4000,0.512
8,16,EXACT_REPLAY,4000,4500,0.544
8,16,ELIGIBILITY_TRACE_NORM_MATCHED,4000,4500,0.52
8,16,NO_TRACE,4000,4500,0.512
8,16,EXACT_REPLAY,4500,5000,0.552
8,16,ELIGIBILITY_TRACE_NORM_MATCHED,4500,5000,0.51
8,16,NO_TRACE,4500,5000,0.5
8,16,EXACT_REPLAY,5000,5500,0.558
8,16,ELIGIBILITY_TRACE_NORM_MATCHED,5000,5500,0.506
8,16,NO_TRACE,5000,5500,0.498
8,16,EXACT_REPLAY,5500,6000,0.556
8,16,ELIGIBILITY_TRACE_NORM_MATCHED,5500,6000,0.512
8,16,NO_TRACE,5500,6000,0.488
8,64,EXACT_REPLAY,0,500,0.508
8,64,ELIGIBILITY_TRACE_NORM_MATCHED,0,500,0.508
8,64,NO_TRACE,0,500,0.506
8,64,EXACT_REPLAY,500,1000,0.484
8,64,ELIGIBILITY_TRACE_NORM_MATCHED,500,1000,0.476
8,64,NO_TRACE,500,1000,0.474
8,64,EXACT_REPLAY,1000,1500,0.528
8,64,ELIGIBILITY_TRACE_NORM_MATCHED,1000,1500,0.506
8,64,NO_TRACE,1000,1500,0.508
8,64,EXACT_REPLAY,1500,2000,0.506
8,64,ELIGIBILITY_TRACE_NORM_MATCHED,1500,2000,0.494
8,64,NO_TRACE,1500,2000,0.486
8,64,EXACT_REPLAY,2000,2500,0.502
8,64,ELIGIBILITY_TRACE_NORM_MATCHED,2000,2500,0.462
8,64,NO_TRACE,2000,2500,0.456
8,64,EXACT_REPLAY,2500,3000,0.532
8,64,ELIGIBILITY_TRACE_NORM_MATCHED,2500,3000,0.512
8,64,NO_TRACE,2500,3000,0.51
8,64,EXACT_REPLAY,3000,3500,0.55
8,64,ELIGIBILITY_TRACE_NORM_MATCHED,3000,3500,0.524
8,64,NO_TRACE,3000,3500,0.52
8,64,EXACT_REPLAY,3500,4000,0.546
8,64,ELIGIBILITY_TRACE_NORM_MATCHED,3500,4000,0.514
8,64,NO_TRACE,3500,4000,0.514
8,64,EXACT_REPLAY,4000,4500,0.544
8,64,ELIGIBILITY_TRACE_NORM_MATCHED,4000,4500,0.51
8,64,NO_TRACE,4000,4500,0.51
8,64,EXACT_REPLAY,4500,5000,0.55
8,64,ELIGIBILITY_TRACE_NORM_MATCHED,4500,5000,0.51
8,64,NO_TRACE,4500,5000,0.512
8,64,EXACT_REPLAY,5000,5500,0.558
8,64,ELIGIBILITY_TRACE_NORM_MATCHED,5000,5500,0.504
8,64,NO_TRACE,5000,5500,0.5
8,64,EXACT_REPLAY,5500,6000,0.556
8,64,ELIGIBILITY_TRACE_NORM_MATCHED,5500,6000,0.508
8,64,NO_TRACE,5500,6000,0.49
9,1,EXACT_REPLAY,0,500,0.502
9,1,ELIGIBILITY_TRACE_NORM_MATCHED,0,500,0.5
9,1,NO_TRACE,0,500,0.5
9,1,EXACT_REPLAY,500,1000,0.522
9,1,ELIGIBILITY_TRACE_NORM_MATCHED,500,1000,0.514
9,1,NO_TRACE,500,1000,0.51
9,1,EXACT_REPLAY,1000,1500,0.502
9,1,ELIGIBILITY_TRACE_NORM_MATCHED,1000,1500,0.492
9,1,NO_TRACE,1000,1500,0.49
9,1,EXACT_REPLAY,1500,2000,0.508
9,1,ELIGIBILITY_TRACE_NORM_MATCHED,1500,2000,0.494
9,1,NO_TRACE,1500,2000,0.488
9,1,EXACT_REPLAY,2000,2500,0.496
9,1,ELIGIBILITY_TRACE_NORM_MATCHED,2000,2500,0.468
9,1,NO_TRACE,2000,2500,0.466
9,1,EXACT_REPLAY,2500,3000,0.542
9,1,ELIGIBILITY_TRACE_NORM_MATCHED,2500,3000,0.502
9,1,NO_TRACE,2500,3000,0.5
9,1,EXACT_REPLAY,3000,3500,0.574
9,1,ELIGIBILITY_TRACE_NORM_MATCHED,3000,3500,0.532
9,1,NO_TRACE,3000,3500,0.524
9,1,EXACT_REPLAY,3500,4000,0.564
9,1,ELIGIBILITY_TRACE_NORM_MATCHED,3500,4000,0.526
9,1,NO_TRACE,3500,4000,0.522
9,1,EXACT_REPLAY,4000,4500,0.548
9,1,ELIGIBILITY_TRACE_NORM_MATCHED,4000,4500,0.502
9,1,NO_TRACE,4000,4500,0.498
9,1,EXACT_REPLAY,4500,5000,0.566
9,1,ELIGIBILITY_TRACE_NORM_MATCHED,4500,5000,0.52
9,1,NO_TRACE,4500,5000,0.514
9,1,EXACT_REPLAY,5000,5500,0.564
9,1,ELIGIBILITY_TRACE_NORM_MATCHED,5000,5500,0.512
9,1,NO_TRACE,5000,5500,0.502
9,1,EXACT_REPLAY,5500,6000,0.54
9,1,ELIGIBILITY_TRACE_NORM_MATCHED,5500,6000,0.496
9,1,NO_TRACE,5500,6000,0.484
9,4,EXACT_REPLAY,0,500,0.502
9,4,ELIGIBILITY_TRACE_NORM_MATCHED,0,500,0.5
9,4,NO_TRACE,0,500,0.5
9,4,EXACT_REPLAY,500,1000,0.522
9,4,ELIGIBILITY_TRACE_NORM_MATCHED,500,1000,0.514
9,4,NO_TRACE,500,1000,0.512
9,4,EXACT_REPLAY,1000,1500,0.502
9,4,ELIGIBILITY_TRACE_NORM_MATCHED,1000,1500,0.49
9,4,NO_TRACE,1000,1500,0.492
9,4,EXACT_REPLAY,1500,2000,0.508
9,4,ELIGIBILITY_TRACE_NORM_MATCHED,1500,2000,0.492
9,4,NO_TRACE,1500,2000,0.488
9,4,EXACT_REPLAY,2000,2500,0.496
9,4,ELIGIBILITY_TRACE_NORM_MATCHED,2000,2500,0.468
9,4,NO_TRACE,2000,2500,0.466
9,4,EXACT_REPLAY,2500,3000,0.542
9,4,ELIGIBILITY_TRACE_NORM_MATCHED,2500,3000,0.508
9,4,NO_TRACE,2500,3000,0.496
9,4,EXACT_REPLAY,3000,3500,0.574
9,4,ELIGIBILITY_TRACE_NORM_MATCHED,3000,3500,0.532
9,4,NO_TRACE,3000,3500,0.522
9,4,EXACT_REPLAY,3500,4000,0.566
9,4,ELIGIBILITY_TRACE_NORM_MATCHED,3500,4000,0.53
9,4,NO_TRACE,3500,4000,0.514
9,4,EXACT_REPLAY,4000,4500,0.548
9,4,ELIGIBILITY_TRACE_NORM_MATCHED,4000,4500,0.502
9,4,NO_TRACE,4000,4500,0.498
9,4,EXACT_REPLAY,4500,5000,0.566
9,4,ELIGIBILITY_TRACE_NORM_MATCHED,4500,5000,0.514
9,4,NO_TRACE,4500,5000,0.512
9,4,EXACT_REPLAY,5000,5500,0.564
9,4,ELIGIBILITY_TRACE_NORM_MATCHED,5000,5500,0.506
9,4,NO_TRACE,5000,5500,0.492
9,4,EXACT_REPLAY,5500,6000,0.54
9,4,ELIGIBILITY_TRACE_NORM_MATCHED,5500,6000,0.494
9,4,NO_TRACE,5500,6000,0.482
9,16,EXACT_REPLAY,0,500,0.502
9,16,ELIGIBILITY_TRACE_NORM_MATCHED,0,500,0.502
9,16,NO_TRACE,0,500,0.5
9,16,EXACT_REPLAY,500,1000,0.522
9,16,ELIGIBILITY_TRACE_NORM_MATCHED,500,1000,0.516
9,16,NO_TRACE,500,1000,0.51
9,16,EXACT_REPLAY,1000,1500,0.502
9,16,ELIGIBILITY_TRACE_NORM_MATCHED,1000,1500,0.492
9,16,NO_TRACE,1000,1500,0.492
9,16,EXACT_REPLAY,1500,2000,0.508
9,16,ELIGIBILITY_TRACE_NORM_MATCHED,1500,2000,0.494
9,16,NO_TRACE,1500,2000,0.486
9,16,EXACT_REPLAY,2000,2500,0.496
9,16,ELIGIBILITY_TRACE_NORM_MATCHED,2000,2500,0.468
9,16,NO_TRACE,2000,2500,0.464
9,16,EXACT_REPLAY,2500,3000,0.542
9,16,ELIGIBILITY_TRACE_NORM_MATCHED,2500,3000,0.504
9,16,NO_TRACE,2500,3000,0.502
9,16,EXACT_REPLAY,3000,3500,0.574
9,16,ELIGIBILITY_TRACE_NORM_MATCHED,3000,3500,0.528
9,16,NO_TRACE,3000,3500,0.522
9,16,EXACT_REPLAY,3500,4000,0.562
9,16,ELIGIBILITY_TRACE_NORM_MATCHED,3500,4000,0.53
9,16,NO_TRACE,3500,4000,0.518
9,16,EXACT_REPLAY,4000,4500,0.548
9,16,ELIGIBILITY_TRACE_NORM_MATCHED,4000,4500,0.5
9,16,NO_TRACE,4000,4500,0.498
9,16,EXACT_REPLAY,4500,5000,0.566
9,16,ELIGIBILITY_TRACE_NORM_MATCHED,4500,5000,0.516
9,16,NO_TRACE,4500,5000,0.512
9,16,EXACT_REPLAY,5000,5500,0.564
9,16,ELIGIBILITY_TRACE_NORM_MATCHED,5000,5500,0.494
9,16,NO_TRACE,5000,5500,0.492
9,16,EXACT_REPLAY,5500,6000,0.54
9,16,ELIGIBILITY_TRACE_NORM_MATCHED,5500,6000,0.486
9,16,NO_TRACE,5500,6000,0.478
9,64,EXACT_REPLAY,0,500,0.5
9,64,ELIGIBILITY_TRACE_NORM_MATCHED,0,500,0.498
9,64,NO_TRACE,0,500,0.5
9,64,EXACT_REPLAY,500,1000,0.522
9,64,ELIGIBILITY_TRACE_NORM_MATCHED,500,1000,0.51
9,64,NO_TRACE,500,1000,0.508
9,64,EXACT_REPLAY,1000,1500,0.502
9,64,ELIGIBILITY_TRACE_NORM_MATCHED,1000,1500,0.488
9,64,NO_TRACE,1000,1500,0.486
9,64,EXACT_REPLAY,1500,2000,0.51
9,64,ELIGIBILITY_TRACE_NORM_MATCHED,1500,2000,0.492
9,64,NO_TRACE,1500,2000,0.49
9,64,EXACT_REPLAY,2000,2500,0.496
9,64,ELIGIBILITY_TRACE_NORM_MATCHED,2000,2500,0.468
9,64,NO_TRACE,2000,2500,0.47
9,64,EXACT_REPLAY,2500,3000,0.542
9,64,ELIGIBILITY_TRACE_NORM_MATCHED,2500,3000,0.5
9,64,NO_TRACE,2500,3000,0.494
9,64,EXACT_REPLAY,3000,3500,0.576
9,64,ELIGIBILITY_TRACE_NORM_MATCHED,3000,3500,0.524
9,64,NO_TRACE,3000,3500,0.514
9,64,EXACT_REPLAY,3500,4000,0.558
9,64,ELIGIBILITY_TRACE_NORM_MATCHED,3500,4000,0.528
9,64,NO_TRACE,3500,4000,0.518
9,64,EXACT_REPLAY,4000,4500,0.548
9,64,ELIGIBILITY_TRACE_NORM_MATCHED,4000,4500,0.496
9,64,NO_TRACE,4000,4500,0.5
9,64,EXACT_REPLAY,4500,5000,0.566
9,64,ELIGIBILITY_TRACE_NORM_MATCHED,4500,5000,0.512
9,64,NO_TRACE,4500,5000,0.508
9,64,EXACT_REPLAY,5000,5500,0.566
9,64,ELIGIBILITY_TRACE_NORM_MATCHED,5000,5500,0.496
9,64,NO_TRACE,5000,5500,0.488
9,64,EXACT_REPLAY,5500,6000,0.54
9,64,ELIGIBILITY_TRACE_NORM_MATCHED,5500,6000,0.492
9,64,NO_TRACE,5500,6000,0.492
10,1,EXACT_REPLAY,0,500,0.502
10,1,ELIGIBILITY_TRACE_NORM_MATCHED,0,500,0.49
10,1,NO_TRACE,0,500,0.492
10,1,EXACT_REPLAY,500,1000,0.56
10,1,ELIGIBILITY_TRACE_NORM_MATCHED,500,1000,0.556
10,1,NO_TRACE,500,1000,0.558
10,1,EXACT_REPLAY,1000,1500,0.494
10,1,ELIGIBILITY_TRACE_NORM_MATCHED,1000,1500,0.478
10,1,NO_TRACE,1000,1500,0.476
10,1,EXACT_REPLAY,1500,2000,0.544
10,1,ELIGIBILITY_TRACE_NORM_MATCHED,1500,2000,0.524
10,1,NO_TRACE,1500,2000,0.516
10,1,EXACT_REPLAY,2000,2500,0.582
10,1,ELIGIBILITY_TRACE_NORM_MATCHED,2000,2500,0.576
10,1,NO_TRACE,2000,2500,0.572
10,1,EXACT_REPLAY,2500,3000,0.508
10,1,ELIGIBILITY_TRACE_NORM_MATCHED,2500,3000,0.492
10,1,NO_TRACE,2500,3000,0.482
10,1,EXACT_REPLAY,3000,3500,0.562
10,1,ELIGIBILITY_TRACE_NORM_MATCHED,3000,3500,0.542
10,1,NO_TRACE,3000,3500,0.536
10,1,EXACT_REPLAY,3500,4000,0.562
10,1,ELIGIBILITY_TRACE_NORM_MATCHED,3500,4000,0.544
10,1,NO_TRACE,3500,4000,0.53
10,1,EXACT_REPLAY,4000,4500,0.54
10,1,ELIGIBILITY_TRACE_NORM_MATCHED,4000,4500,0.504
10,1,NO_TRACE,4000,4500,0.49
10,1,EXACT_REPLAY,4500,5000,0.552
10,1,ELIGIBILITY_TRACE_NORM_MATCHED,4500,5000,0.506
10,1,NO_TRACE,4500,5000,0.488
10,1,EXACT_REPLAY,5000,5500,0.584
10,1,ELIGIBILITY_TRACE_NORM_MATCHED,5000,5500,0.536
10,1,NO_TRACE,5000,5500,0.502
10,1,EXACT_REPLAY,5500,6000,0.53
10,1,ELIGIBILITY_TRACE_NORM_MATCHED,5500,6000,0.494
10,1,NO_TRACE,5500,6000,0.476
10,4,EXACT_REPLAY,0,500,0.5
10,4,ELIGIBILITY_TRACE_NORM_MATCHED,0,500,0.492
10,4,NO_TRACE,0,500,0.494
10,4,EXACT_REPLAY,500,1000,0.56
10,4,ELIGIBILITY_TRACE_NORM_MATCHED,500,1000,0.556
10,4,NO_TRACE,500,1000,0.558
10,4,EXACT_REPLAY,1000,1500,0.494
10,4,ELIGIBILITY_TRACE_NORM_MATCHED,1000,1500,0.476
10,4,NO_TRACE,1000,1500,0.47
10,4,EXACT_REPLAY,1500,2000,0.544
10,4,ELIGIBILITY_TRACE_NORM_MATCHED,1500,2000,0.522
10,4,NO_TRACE,1500,2000,0.516
10,4,EXACT_REPLAY,2000,2500,0.582
10,4,ELIGIBILITY_TRACE_NORM_MATCHED,2000,2500,0.574
10,4,NO_TRACE,2000,2500,0.572
10,4,EXACT_REPLAY,2500,3000,0.508
10,4,ELIGIBILITY_TRACE_NORM_MATCHED,2500,3000,0.488
10,4,NO_TRACE,2500,3000,0.476
10,4,EXACT_REPLAY,3000,3500,0.562
10,4,ELIGIBILITY_TRACE_NORM_MATCHED,3000,3500,0.542
10,4,NO_TRACE,3000,3500,0.532
10,4,EXACT_REPLAY,3500,4000,0.562
10,4,ELIGIBILITY_TRACE_NORM_MATCHED,3500,4000,0.544
10,4,NO_TRACE,3500,4000,0.53
10,4,EXACT_REPLAY,4000,4500,0.54
10,4,ELIGIBILITY_TRACE_NORM_MATCHED,4000,4500,0.506
10,4,NO_TRACE,4000,4500,0.488
10,4,EXACT_REPLAY,4500,5000,0.552
10,4,ELIGIBILITY_TRACE_NORM_MATCHED,4500,5000,0.504
10,4,NO_TRACE,4500,5000,0.486
10,4,EXACT_REPLAY,5000,5500,0.584
10,4,ELIGIBILITY_TRACE_NORM_MATCHED,5000,5500,0.532
10,4,NO_TRACE,5000,5500,0.502
10,4,EXACT_REPLAY,5500,6000,0.53
10,4,ELIGIBILITY_TRACE_NORM_MATCHED,5500,6000,0.498
10,4,NO_TRACE,5500,6000,0.478
10,16,EXACT_REPLAY,0,500,0.498
10,16,ELIGIBILITY_TRACE_NORM_MATCHED,0,500,0.494
10,16,NO_TRACE,0,500,0.496
10,16,EXACT_REPLAY,500,1000,0.56
10,16,ELIGIBILITY_TRACE_NORM_MATCHED,500,1000,0.556
10,16,NO_TRACE,500,1000,0.554
10,16,EXACT_REPLAY,1000,1500,0.492
10,16,ELIGIBILITY_TRACE_NORM_MATCHED,1000,1500,0.472
10,16,NO_TRACE,1000,1500,0.478
10,16,EXACT_REPLAY,1500,2000,0.544
10,16,ELIGIBILITY_TRACE_NORM_MATCHED,1500,2000,0.516
10,16,NO_TRACE,1500,2000,0.516
10,16,EXACT_REPLAY,2000,2500,0.582
10,16,ELIGIBILITY_TRACE_NORM_MATCHED,2000,2500,0.576
10,16,NO_TRACE,2000,2500,0.57
10,16,EXACT_REPLAY,2500,3000,0.508
10,16,ELIGIBILITY_TRACE_NORM_MATCHED,2500,3000,0.484
10,16,NO_TRACE,2500,3000,0.486
10,16,EXACT_REPLAY,3000,3500,0.56
10,16,ELIGIBILITY_TRACE_NORM_MATCHED,3000,3500,0.54
10,16,NO_TRACE,3000,3500,0.538
10,16,EXACT_REPLAY,3500,4000,0.564
10,16,ELIGIBILITY_TRACE_NORM_MATCHED,3500,4000,0.54
10,16,NO_TRACE,3500,4000,0.536
10,16,EXACT_REPLAY,4000,4500,0.54
10,16,ELIGIBILITY_TRACE_NORM_MATCHED,4000,4500,0.494
10,16,NO_TRACE,4000,4500,0.488
10,16,EXACT_REPLAY,4500,5000,0.554
10,16,ELIGIBILITY_TRACE_NORM_MATCHED,4500,5000,0.494
10,16,NO_TRACE,4500,5000,0.488
10,16,EXACT_REPLAY,5000,5500,0.584
10,16,ELIGIBILITY_TRACE_NORM_MATCHED,5000,5500,0.528
10,16,NO_TRACE,5000,5500,0.518
10,16,EXACT_REPLAY,5500,6000,0.532
10,16,ELIGIBILITY_TRACE_NORM_MATCHED,5500,6000,0.494
10,16,NO_TRACE,5500,6000,0.482
10,64,EXACT_REPLAY,0,500,0.496
10,64,ELIGIBILITY_TRACE_NORM_MATCHED,0,500,0.492
10,64,NO_TRACE,0,500,0.488
10,64,EXACT_REPLAY,500,1000,0.562
10,64,ELIGIBILITY_TRACE_NORM_MATCHED,500,1000,0.556
10,64,NO_TRACE,500,1000,0.556
10,64,EXACT_REPLAY,1000,1500,0.49
10,64,ELIGIBILITY_TRACE_NORM_MATCHED,1000,1500,0.474
10,64,NO_TRACE,1000,1500,0.472
10,64,EXACT_REPLAY,1500,2000,0.544
10,64,ELIGIBILITY_TRACE_NORM_MATCHED,1500,2000,0.514
10,64,NO_TRACE,1500,2000,0.51
10,64,EXACT_REPLAY,2000,2500,0.584
10,64,ELIGIBILITY_TRACE_NORM_MATCHED,2000,2500,0.574
10,64,NO_TRACE,2000,2500,0.57
10,64,EXACT_REPLAY,2500,3000,0.508
10,64,ELIGIBILITY_TRACE_NORM_MATCHED,2500,3000,0.476
10,64,NO_TRACE,2500,3000,0.48
10,64,EXACT_REPLAY,3000,3500,0.56
10,64,ELIGIBILITY_TRACE_NORM_MATCHED,3000,3500,0.536
10,64,NO_TRACE,3000,3500,0.536
10,64,EXACT_REPLAY,3500,4000,0.564
10,64,ELIGIBILITY_TRACE_NORM_MATCHED,3500,4000,0.536
10,64,NO_TRACE,3500,4000,0.524
10,64,EXACT_REPLAY,4000,4500,0.54
10,64,ELIGIBILITY_TRACE_NORM_MATCHED,4000,4500,0.488
10,64,NO_TRACE,4000,4500,0.49
10,64,EXACT_REPLAY,4500,5000,0.552
10,64,ELIGIBILITY_TRACE_NORM_MATCHED,4500,5000,0.492
10,64,NO_TRACE,4500,5000,0.494
10,64,EXACT_REPLAY,5000,5500,0.584
10,64,ELIGIBILITY_TRACE_NORM_MATCHED,5000,5500,0.532
10,64,NO_TRACE,5000,5500,0.518
10,64,EXACT_REPLAY,5500,6000,0.534
10,64,ELIGIBILITY_TRACE_NORM_MATCHED,5500,6000,0.486
10,64,NO_TRACE,5500,6000,0.482
11,1,EXACT_REPLAY,0,500,0.488
11,1,ELIGIBILITY_TRACE_NORM_MATCHED,0,500,0.484
11,1,NO_TRACE,0,500,0.48
11,1,EXACT_REPLAY,500,1000,0.508
11,1,ELIGIBILITY_TRACE_NORM_MATCHED,500,1000,0.508
11,1,NO_TRACE,500,1000,0.5
11,1,EXACT_REPLAY,1000,1500,0.544
11,1,ELIGIBILITY_TRACE_NORM_MATCHED,1000,1500,0.54
11,1,NO_TRACE,1000,1500,0.536
11,1,EXACT_REPLAY,1500,2000,0.588
11,1,ELIGIBILITY_TRACE_NORM_MATCHED,1500,2000,0.568
11,1,NO_TRACE,1500,2000,0.568
11,1,EXACT_REPLAY,2000,2500,0.542
11,1,ELIGIBILITY_TRACE_NORM_MATCHED,2000,2500,0.522
11,1,NO_TRACE,2000,2500,0.51
11,1,EXACT_REPLAY,2500,3000,0.52
11,1,ELIGIBILITY_TRACE_NORM_MATCHED,2500,3000,0.502
11,1,NO_TRACE,2500,3000,0.494
11,1,EXACT_REPLAY,3000,3500,0.538
11,1,ELIGIBILITY_TRACE_NORM_MATCHED,3000,3500,0.516
11,1,NO_TRACE,3000,3500,0.506
11,1,EXACT_REPLAY,3500,4000,0.538
11,1,ELIGIBILITY_TRACE_NORM_MATCHED,3500,4000,0.496
11,1,NO_TRACE,3500,4000,0.49
11,1,EXACT_REPLAY,4000,4500,0.532
11,1,ELIGIBILITY_TRACE_NORM_MATCHED,4000,4500,0.522
11,1,NO_TRACE,4000,4500,0.524
11,1,EXACT_REPLAY,4500,5000,0.548
11,1,ELIGIBILITY_TRACE_NORM_MATCHED,4500,5000,0.516
11,1,NO_TRACE,4500,5000,0.516
11,1,EXACT_REPLAY,5000,5500,0.57
11,1,ELIGIBILITY_TRACE_NORM_MATCHED,5000,5500,0.538
11,1,NO_TRACE,5000,5500,0.518
11,1,EXACT_REPLAY,5500,6000,0.544
11,1,ELIGIBILITY_TRACE_NORM_MATCHED,5500,6000,0.516
11,1,NO_TRACE,5500,6000,0.5
11,4,EXACT_REPLAY,0,500,0.488
11,4,ELIGIBILITY_TRACE_NORM_MATCHED,0,500,0.484
11,4,NO_TRACE,0,500,0.484
11,4,EXACT_REPLAY,500,1000,0.51
11,4,ELIGIBILITY_TRACE_NORM_MATCHED,500,1000,0.506
11,4,NO_TRACE,500,1000,0.498
11,4,EXACT_REPLAY,1000,1500,0.544
11,4,ELIGIBILITY_TRACE_NORM_MATCHED,1000,1500,0.536
11,4,NO_TRACE,1000,1500,0.536
11,4,EXACT_REPLAY,1500,2000,0.588
11,4,ELIGIBILITY_TRACE_NORM_MATCHED,1500,2000,0.574
11,4,NO_TRACE,1500,2000,0.564
11,4,EXACT_REPLAY,2000,2500,0.542
11,4,ELIGIBILITY_TRACE_NORM_MATCHED,2000,2500,0.518
11,4,NO_TRACE,2000,2500,0.508
11,4,EXACT_REPLAY,2500,3000,0.52
11,4,ELIGIBILITY_TRACE_NORM_MATCHED,2500,3000,0.5
11,4,NO_TRACE,2500,3000,0.494
11,4,EXACT_REPLAY,3000,3500,0.536
11,4,ELIGIBILITY_TRACE_NORM_MATCHED,3000,3500,0.51
11,4,NO_TRACE,3000,3500,0.512
11,4,EXACT_REPLAY,3500,4000,0.538
11,4,ELIGIBILITY_TRACE_NORM_MATCHED,3500,4000,0.494
11,4,NO_TRACE,3500,4000,0.484
11,4,EXACT_REPLAY,4000,4500,0.532
11,4,ELIGIBILITY_TRACE_NORM_MATCHED,4000,4500,0.52
11,4,NO_TRACE,4000,4500,0.52
11,4,EXACT_REPLAY,4500,5000,0.55
11,4,ELIGIBILITY_TRACE_NORM_MATCHED,4500,5000,0.51
11,4,NO_TRACE,4500,5000,0.514
11,4,EXACT_REPLAY,5000,5500,0.57
11,4,ELIGIBILITY_TRACE_NORM_MATCHED,5000,5500,0.528
11,4,NO_TRACE,5000,5500,0.518
11,4,EXACT_REPLAY,5500,6000,0.544
11,4,ELIGIBILITY_TRACE_NORM_MATCHED,5500,6000,0.508
11,4,NO_TRACE,5500,6000,0.498
11,16,EXACT_REPLAY,0,500,0.488
11,16,ELIGIBILITY_TRACE_NORM_MATCHED,0,500,0.48
11,16,NO_TRACE,0,500,0.482
11,16,EXACT_REPLAY,500,1000,0.51
11,16,ELIGIBILITY_TRACE_NORM_MATCHED,500,1000,0.504
11,16,NO_TRACE,500,1000,0.502
11,16,EXACT_REPLAY,1000,1500,0.544
11,16,ELIGIBILITY_TRACE_NORM_MATCHED,1000,1500,0.536
11,16,NO_TRACE,1000,1500,0.534
11,16,EXACT_REPLAY,1500,2000,0.588
11,16,ELIGIBILITY_TRACE_NORM_MATCHED,1500,2000,0.568
11,16,NO_TRACE,1500,2000,0.568
11,16,EXACT_REPLAY,2000,2500,0.54
11,16,ELIGIBILITY_TRACE_NORM_MATCHED,2000,2500,0.514
11,16,NO_TRACE,2000,2500,0.502
11,16,EXACT_REPLAY,2500,3000,0.52
11,16,ELIGIBILITY_TRACE_NORM_MATCHED,2500,3000,0.496
11,16,NO_TRACE,2500,3000,0.492
11,16,EXACT_REPLAY,3000,3500,0.536
11,16,ELIGIBILITY_TRACE_NORM_MATCHED,3000,3500,0.508
11,16,NO_TRACE,3000,3500,0.51
11,16,EXACT_REPLAY,3500,4000,0.536
11,16,ELIGIBILITY_TRACE_NORM_MATCHED,3500,4000,0.49
11,16,NO_TRACE,3500,4000,0.478
11,16,EXACT_REPLAY,4000,4500,0.532
11,16,ELIGIBILITY_TRACE_NORM_MATCHED,4000,4500,0.518
11,16,NO_TRACE,4000,4500,0.51
11,16,EXACT_REPLAY,4500,5000,0.55
11,16,ELIGIBILITY_TRACE_NORM_MATCHED,4500,5000,0.508
11,16,NO_TRACE,4500,5000,0.512
11,16,EXACT_REPLAY,5000,5500,0.57
11,16,ELIGIBILITY_TRACE_NORM_MATCHED,5000,5500,0.51
11,16,NO_TRACE,5000,5500,0.518
11,16,EXACT_REPLAY,5500,6000,0.544
11,16,ELIGIBILITY_TRACE_NORM_MATCHED,5500,6000,0.504
11,16,NO_TRACE,5500,6000,0.5
11,64,EXACT_REPLAY,0,500,0.484
11,64,ELIGIBILITY_TRACE_NORM_MATCHED,0,500,0.482
11,64,NO_TRACE,0,500,0.482
11,64,EXACT_REPLAY,500,1000,0.512
11,64,ELIGIBILITY_TRACE_NORM_MATCHED,500,1000,0.498
11,64,NO_TRACE,500,1000,0.496
11,64,EXACT_REPLAY,1000,1500,0.544
11,64,ELIGIBILITY_TRACE_NORM_MATCHED,1000,1500,0.536
11,64,NO_TRACE,1000,1500,0.534
11,64,EXACT_REPLAY,1500,2000,0.588
11,64,ELIGIBILITY_TRACE_NORM_MATCHED,1500,2000,0.562
11,64,NO_TRACE,1500,2000,0.562
11,64,EXACT_REPLAY,2000,2500,0.54
11,64,ELIGIBILITY_TRACE_NORM_MATCHED,2000,2500,0.5
11,64,NO_TRACE,2000,2500,0.506
11,64,EXACT_REPLAY,2500,3000,0.518
11,64,ELIGIBILITY_TRACE_NORM_MATCHED,2500,3000,0.488
11,64,NO_TRACE,2500,3000,0.486
11,64,EXACT_REPLAY,3000,3500,0.538
11,64,ELIGIBILITY_TRACE_NORM_MATCHED,3000,3500,0.508
11,64,NO_TRACE,3000,3500,0.506
11,64,EXACT_REPLAY,3500,4000,0.536
11,64,ELIGIBILITY_TRACE_NORM_MATCHED,3500,4000,0.49
11,64,NO_TRACE,3500,4000,0.482
11,64,EXACT_REPLAY,4000,4500,0.532
11,64,ELIGIBILITY_TRACE_NORM_MATCHED,4000,4500,0.516
11,64,NO_TRACE,4000,4500,0.518
11,64,EXACT_REPLAY,4500,5000,0.552
11,64,ELIGIBILITY_TRACE_NORM_MATCHED,4500,5000,0.506
11,64,NO_TRACE,4500,5000,0.506
11,64,EXACT_REPLAY,5000,5500,0.568
11,64,ELIGIBILITY_TRACE_NORM_MATCHED,5000,5500,0.51
11,64,NO_TRACE,5000,5500,0.508
11,64,EXACT_REPLAY,5500,6000,0.544
11,64,ELIGIBILITY_TRACE_NORM_MATCHED,5500,6000,0.492
11,64,NO_TRACE,5500,6000,0.498
12,1,EXACT_REPLAY,0,500,0.526
12,1,ELIGIBILITY_TRACE_NORM_MATCHED,0,500,0.524
12,1,NO_TRACE,0,500,0.52
12,1,EXACT_REPLAY,500,1000,0.486
12,1,ELIGIBILITY_TRACE_NORM_MATCHED,500,1000,0.484
12,1,NO_TRACE,500,1000,0.482
12,1,EXACT_REPLAY,1000,1500,0.514
12,1,ELIGIBILITY_TRACE_NORM_MATCHED,1000,1500,0.502
12,1,NO_TRACE,1000,1500,0.504
12,1,EXACT_REPLAY,1500,2000,0.49
12,1,ELIGIBILITY_TRACE_NORM_MATCHED,1500,2000,0.468
12,1,NO_TRACE,1500,2000,0.46
12,1,EXACT_REPLAY,2000,2500,0.51
12,1,ELIGIBILITY_TRACE_NORM_MATCHED,2000,2500,0.5
12,1,NO_TRACE,2000,2500,0.5
12,1,EXACT_REPLAY,2500,3000,0.532
12,1,ELIGIBILITY_TRACE_NORM_MATCHED,2500,3000,0.508
12,1,NO_TRACE,2500,3000,0.506
12,1,EXACT_REPLAY,3000,3500,0.516
12,1,ELIGIBILITY_TRACE_NORM_MATCHED,3000,3500,0.492
12,1,NO_TRACE,3000,3500,0.488
12,1,EXACT_REPLAY,3500,4000,0.558
12,1,ELIGIBILITY_TRACE_NORM_MATCHED,3500,4000,0.534
12,1,NO_TRACE,3500,4000,0.524
12,1,EXACT_REPLAY,4000,4500,0.52
12,1,ELIGIBILITY_TRACE_NORM_MATCHED,4000,4500,0.486
12,1,NO_TRACE,4000,4500,0.476
12,1,EXACT_REPLAY,4500,5000,0.506
12,1,ELIGIBILITY_TRACE_NORM_MATCHED,4500,5000,0.464
12,1,NO_TRACE,4500,5000,0.462
12,1,EXACT_REPLAY,5000,5500,0.55
12,1,ELIGIBILITY_TRACE_NORM_MATCHED,5000,5500,0.508
12,1,NO_TRACE,5000,5500,0.498
12,1,EXACT_REPLAY,5500,6000,0.576
12,1,ELIGIBILITY_TRACE_NORM_MATCHED,5500,6000,0.52
12,1,NO_TRACE,5500,6000,0.518
12,4,EXACT_REPLAY,0,500,0.526
12,4,ELIGIBILITY_TRACE_NORM_MATCHED,0,500,0.524
12,4,NO_TRACE,0,500,0.52
12,4,EXACT_REPLAY,500,1000,0.486
12,4,ELIGIBILITY_TRACE_NORM_MATCHED,500,1000,0.484
12,4,NO_TRACE,500,1000,0.48
12,4,EXACT_REPLAY,1000,1500,0.514
12,4,ELIGIBILITY_TRACE_NORM_MATCHED,1000,1500,0.502
12,4,NO_TRACE,1000,1500,0.494
12,4,EXACT_REPLAY,1500,2000,0.49
12,4,ELIGIBILITY_TRACE_NORM_MATCHED,1500,2000,0.466
12,4,NO_TRACE,1500,2000,0.456
12,4,EXACT_REPLAY,2000,2500,0.51
12,4,ELIGIBILITY_TRACE_NORM_MATCHED,2000,2500,0.502
12,4,NO_TRACE,2000,2500,0.498
12,4,EXACT_REPLAY,2500,3000,0.532
12,4,ELIGIBILITY_TRACE_NORM_MATCHED,2500,3000,0.512
12,4,NO_TRACE,2500,3000,0.506
12,4,EXACT_REPLAY,3000,3500,0.516
12,4,ELIGIBILITY_TRACE_NORM_MATCHED,3000,3500,0.494
12,4,NO_TRACE,3000,3500,0.49
12,4,EXACT_REPLAY,3500,4000,0.558
12,4,ELIGIBILITY_TRACE_NORM_MATCHED,3500,4000,0.532
12,4,NO_TRACE,3500,4000,0.528
12,4,EXACT_REPLAY,4000,4500,0.52
12,4,ELIGIBILITY_TRACE_NORM_MATCHED,4000,4500,0.486
12,4,NO_TRACE,4000,4500,0.478
12,4,EXACT_REPLAY,4500,5000,0.506
12,4,ELIGIBILITY_TRACE_NORM_MATCHED,4500,5000,0.462
12,4,NO_TRACE,4500,5000,0.466
12,4,EXACT_REPLAY,5000,5500,0.548
12,4,ELIGIBILITY_TRACE_NORM_MATCHED,5000,5500,0.512
12,4,NO_TRACE,5000,5500,0.496
12,4,EXACT_REPLAY,5500,6000,0.576
12,4,ELIGIBILITY_TRACE_NORM_MATCHED,5500,6000,0.518
12,4,NO_TRACE,5500,6000,0.51
12,16,EXACT_REPLAY,0,500,0.526
12,16,ELIGIBILITY_TRACE_NORM_MATCHED,0,500,0.524
12,16,NO_TRACE,0,500,0.524
12,16,EXACT_REPLAY,500,1000,0.486
12,16,ELIGIBILITY_TRACE_NORM_MATCHED,500,1000,0.484
12,16,NO_TRACE,500,1000,0.478
12,16,EXACT_REPLAY,1000,1500,0.518
12,16,ELIGIBILITY_TRACE_NORM_MATCHED,1000,1500,0.5
12,16,NO_TRACE,1000,1500,0.504
12,16,EXACT_REPLAY,1500,2000,0.488
12,16,ELIGIBILITY_TRACE_NORM_MATCHED,1500,2000,0.466
12,16,NO_TRACE,1500,2000,0.462
12,16,EXACT_REPLAY,2000,2500,0.51
12,16,ELIGIBILITY_TRACE_NORM_MATCHED,2000,2500,0.5
12,16,NO_TRACE,2000,2500,0.502
12,16,EXACT_REPLAY,2500,3000,0.534
12,16,ELIGIBILITY_TRACE_NORM_MATCHED,2500,3000,0.51
12,16,NO_TRACE,2500,3000,0.512
12,16,EXACT_REPLAY,3000,3500,0.514
12,16,ELIGIBILITY_TRACE_NORM_MATCHED,3000,3500,0.494
12,16,NO_TRACE,3000,3500,0.486
12,16,EXACT_REPLAY,3500,4000,0.558
12,16,ELIGIBILITY_TRACE_NORM_MATCHED,3500,4000,0.532
12,16,NO_TRACE,3500,4000,0.526
12,16,EXACT_REPLAY,4000,4500,0.52
12,16,ELIGIBILITY_TRACE_NORM_MATCHED,4000,4500,0.478
12,16,NO_TRACE,4000,4500,0.48
12,16,EXACT_REPLAY,4500,5000,0.506
12,16,ELIGIBILITY_TRACE_NORM_MATCHED,4500,5000,0.468
12,16,NO_TRACE,4500,5000,0.464
12,16,EXACT_REPLAY,5000,5500,0.55
12,16,ELIGIBILITY_TRACE_NORM_MATCHED,5000,5500,0.51
12,16,NO_TRACE,5000,5500,0.5
12,16,EXACT_REPLAY,5500,6000,0.576
12,16,ELIGIBILITY_TRACE_NORM_MATCHED,5500,6000,0.52
12,16,NO_TRACE,5500,6000,0.51
12,64,EXACT_REPLAY,0,500,0.526
12,64,ELIGIBILITY_TRACE_NORM_MATCHED,0,500,0.526
12,64,NO_TRACE,0,500,0.524
12,64,EXACT_REPLAY,500,1000,0.49
12,64,ELIGIBILITY_TRACE_NORM_MATCHED,500,1000,0.484
12,64,NO_TRACE,500,1000,0.48
12,64,EXACT_REPLAY,1000,1500,0.516
12,64,ELIGIBILITY_TRACE_NORM_MATCHED,1000,1500,0.5
12,64,NO_TRACE,1000,1500,0.498
12,64,EXACT_REPLAY,1500,2000,0.488
12,64,ELIGIBILITY_TRACE_NORM_MATCHED,1500,2000,0.466
12,64,NO_TRACE,1500,2000,0.46
12,64,EXACT_REPLAY,2000,2500,0.512
12,64,ELIGIBILITY_TRACE_NORM_MATCHED,2000,2500,0.498
12,64,NO_TRACE,2000,2500,0.496
12,64,EXACT_REPLAY,2500,3000,0.534
12,64,ELIGIBILITY_TRACE_NORM_MATCHED,2500,3000,0.508
12,64,NO_TRACE,2500,3000,0.492
12,64,EXACT_REPLAY,3000,3500,0.516
12,64,ELIGIBILITY_TRACE_NORM_MATCHED,3000,3500,0.494
12,64,NO_TRACE,3000,3500,0.49
12,64,EXACT_REPLAY,3500,4000,0.558
12,64,ELIGIBILITY_TRACE_NORM_MATCHED,3500,4000,0.534
12,64,NO_TRACE,3500,4000,0.528
12,64,EXACT_REPLAY,4000,4500,0.52
12,64,ELIGIBILITY_TRACE_NORM_MATCHED,4000,4500,0.48
12,64,NO_TRACE,4000,4500,0.47
12,64,EXACT_REPLAY,4500,5000,0.504
12,64,ELIGIBILITY_TRACE_NORM_MATCHED,4500,5000,0.458
12,64,NO_TRACE,4500,5000,0.462
12,64,EXACT_REPLAY,5000,5500,0.55
12,64,ELIGIBILITY_TRACE_NORM_MATCHED,5000,5500,0.504
12,64,NO_TRACE,5000,5500,0.5
12,64,EXACT_REPLAY,5500,6000,0.58
12,64,ELIGIBILITY_TRACE_NORM_MATCHED,5500,6000,0.512
12,64,NO_TRACE,5500,6000,0.514
13,1,EXACT_REPLAY,0,500,0.498
13,1,ELIGIBILITY_TRACE_NORM_MATCHED,0,500,0.496
13,1,NO_TRACE,0,500,0.49
13,1,EXACT_REPLAY,500,1000,0.544
13,1,ELIGIBILITY_TRACE_NORM_MATCHED,500,1000,0.528
13,1,NO_TRACE,500,1000,0.524
13,1,EXACT_REPLAY,1000,1500,0.534
13,1,ELIGIBILITY_TRACE_NORM_MATCHED,1000,1500,0.522
13,1,NO_TRACE,1000,1500,0.514
13,1,EXACT_REPLAY,1500,2000,0.52
13,1,ELIGIBILITY_TRACE_NORM_MATCHED,1500,2000,0.498
13,1,NO_TRACE,1500,2000,0.498
13,1,EXACT_REPLAY,2000,2500,0.56
13,1,ELIGIBILITY_TRACE_NORM_MATCHED,2000,2500,0.524
13,1,NO_TRACE,2000,2500,0.522
13,1,EXACT_REPLAY,2500,3000,0.534
13,1,ELIGIBILITY_TRACE_NORM_MATCHED,2500,3000,0.506
13,1,NO_TRACE,2500,3000,0.5
13,1,EXACT_REPLAY,3000,3500,0.542
13,1,ELIGIBILITY_TRACE_NORM_MATCHED,3000,3500,0.512
13,1,NO_TRACE,3000,3500,0.492
13,1,EXACT_REPLAY,3500,4000,0.562
13,1,ELIGIBILITY_TRACE_NORM_MATCHED,3500,4000,0.526
13,1,NO_TRACE,3500,4000,0.51
13,1,EXACT_REPLAY,4000,4500,0.53
13,1,ELIGIBILITY_TRACE_NORM_MATCHED,4000,4500,0.478
13,1,NO_TRACE,4000,4500,0.458
13,1,EXACT_REPLAY,4500,5000,0.554
13,1,ELIGIBILITY_TRACE_NORM_MATCHED,4500,5000,0.512
13,1,NO_TRACE,4500,5000,0.482
13,1,EXACT_REPLAY,5000,5500,0.592
13,1,ELIGIBILITY_TRACE_NORM_MATCHED,5000,5500,0.54
13,1,NO_TRACE,5000,5500,0.508
13,1,EXACT_REPLAY,5500,6000,0.556
13,1,ELIGIBILITY_TRACE_NORM_MATCHED,5500,6000,0.506
13,1,NO_TRACE,5500,6000,0.482
13,4,EXACT_REPLAY,0,500,0.5
13,4,ELIGIBILITY_TRACE_NORM_MATCHED,0,500,0.49
13,4,NO_TRACE,0,500,0.488
13,4,EXACT_REPLAY,500,1000,0.542
13,4,ELIGIBILITY_TRACE_NORM_MATCHED,500,1000,0.528
13,4,NO_TRACE,500,1000,0.526
13,4,EXACT_REPLAY,1000,1500,0.534
13,4,ELIGIBILITY_TRACE_NORM_MATCHED,1000,1500,0.518
13,4,NO_TRACE,1000,1500,0.518
13,4,EXACT_REPLAY,1500,2000,0.518
13,4,ELIGIBILITY_TRACE_NORM_MATCHED,1500,2000,0.496
13,4,NO_TRACE,1500,2000,0.49
13,4,EXACT_REPLAY,2000,2500,0.56
13,4,ELIGIBILITY_TRACE_NORM_MATCHED,2000,2500,0.524
13,4,NO_TRACE,2000,2500,0.516
13,4,EXACT_REPLAY,2500,3000,0.532
13,4,ELIGIBILITY_TRACE_NORM_MATCHED,2500,3000,0.504
13,4,NO_TRACE,2500,3000,0.488
13,4,EXACT_REPLAY,3000,3500,0.542
13,4,ELIGIBILITY_TRACE_NORM_MATCHED,3000,3500,0.51
13,4,NO_TRACE,3000,3500,0.494
13,4,EXACT_REPLAY,3500,4000,0.56
13,4,ELIGIBILITY_TRACE_NORM_MATCHED,3500,4000,0.526
13,4,NO_TRACE,3500,4000,0.512
13,4,EXACT_REPLAY,4000,4500,0.532
13,4,ELIGIBILITY_TRACE_NORM_MATCHED,4000,4500,0.476
13,4,NO_TRACE,4000,4500,0.466
13,4,EXACT_REPLAY,4500,5000,0.554
13,4,ELIGIBILITY_TRACE_NORM_MATCHED,4500,5000,0.512
13,4,NO_TRACE,4500,5000,0.492
13,4,EXACT_REPLAY,5000,5500,0.592
13,4,ELIGIBILITY_TRACE_NORM_MATCHED,5000,5500,0.534
13,4,NO_TRACE,5000,5500,0.512
13,4,EXACT_REPLAY,5500,6000,0.558
13,4,ELIGIBILITY_TRACE_NORM_MATCHED,5500,6000,0.498
13,4,NO_TRACE,5500,6000,0.484
13,16,EXACT_REPLAY,0,500,0.5
13,16,ELIGIBILITY_TRACE_NORM_MATCHED,0,500,0.494
13,16,NO_TRACE,0,500,0.49
13,16,EXACT_REPLAY,500,1000,0.542
13,16,ELIGIBILITY_TRACE_NORM_MATCHED,500,1000,0.528
13,16,NO_TRACE,500,1000,0.526
13,16,EXACT_REPLAY,1000,1500,0.534
13,16,ELIGIBILITY_TRACE_NORM_MATCHED,1000,1500,0.518
13,16,NO_TRACE,1000,1500,0.51
13,16,EXACT_REPLAY,1500,2000,0.52
13,16,ELIGIBILITY_TRACE_NORM_MATCHED,1500,2000,0.5
13,16,NO_TRACE,1500,2000,0.49
13,16,EXACT_REPLAY,2000,2500,0.56
13,16,ELIGIBILITY_TRACE_NORM_MATCHED,2000,2500,0.524
13,16,NO_TRACE,2000,2500,0.518
13,16,EXACT_REPLAY,2500,3000,0.532
13,16,ELIGIBILITY_TRACE_NORM_MATCHED,2500,3000,0.5
13,16,NO_TRACE,2500,3000,0.486
13,16,EXACT_REPLAY,3000,3500,0.542
13,16,ELIGIBILITY_TRACE_NORM_MATCHED,3000,3500,0.506
13,16,NO_TRACE,3000,3500,0.49
13,16,EXACT_REPLAY,3500,4000,0.56
13,16,ELIGIBILITY_TRACE_NORM_MATCHED,3500,4000,0.516
13,16,NO_TRACE,3500,4000,0.496
13,16,EXACT_REPLAY,4000,4500,0.528
13,16,ELIGIBILITY_TRACE_NORM_MATCHED,4000,4500,0.476
13,16,NO_TRACE,4000,4500,0.458
13,16,EXACT_REPLAY,4500,5000,0.556
13,16,ELIGIBILITY_TRACE_NORM_MATCHED,4500,5000,0.506
13,16,NO_TRACE,4500,5000,0.486
13,16,EXACT_REPLAY,5000,5500,0.592
13,16,ELIGIBILITY_TRACE_NORM_MATCHED,5000,5500,0.532
13,16,NO_TRACE,5000,5500,0.5
13,16,EXACT_REPLAY,5500,6000,0.558
13,16,ELIGIBILITY_TRACE_NORM_MATCHED,5500,6000,0.494
13,16,NO_TRACE,5500,6000,0.486
13,64,EXACT_REPLAY,0,500,0.496
13,64,ELIGIBILITY_TRACE_NORM_MATCHED,0,500,0.492
13,64,NO_TRACE,0,500,0.486
13,64,EXACT_REPLAY,500,1000,0.54
13,64,ELIGIBILITY_TRACE_NORM_MATCHED,500,1000,0.526
13,64,NO_TRACE,500,1000,0.524
13,64,EXACT_REPLAY,1000,1500,0.534
13,64,ELIGIBILITY_TRACE_NORM_MATCHED,1000,1500,0.514
13,64,NO_TRACE,1000,1500,0.51
13,64,EXACT_REPLAY,1500,2000,0.518
13,64,ELIGIBILITY_TRACE_NORM_MATCHED,1500,2000,0.5
13,64,NO_TRACE,1500,2000,0.494
13,64,EXACT_REPLAY,2000,2500,0.56
13,64,ELIGIBILITY_TRACE_NORM_MATCHED,2000,2500,0.526
13,64,NO_TRACE,2000,2500,0.518
13,64,EXACT_REPLAY,2500,3000,0.532
13,64,ELIGIBILITY_TRACE_NORM_MATCHED,2500,3000,0.496
13,64,NO_TRACE,2500,3000,0.488
13,64,EXACT_REPLAY,3000,3500,0.544
13,64,ELIGIBILITY_TRACE_NORM_MATCHED,3000,3500,0.496
13,64,NO_TRACE,3000,3500,0.49
13,64,EXACT_REPLAY,3500,4000,0.56
13,64,ELIGIBILITY_TRACE_NORM_MATCHED,3500,4000,0.516
13,64,NO_TRACE,3500,4000,0.518
13,64,EXACT_REPLAY,4000,4500,0.528
13,64,ELIGIBILITY_TRACE_NORM_MATCHED,4000,4500,0.474
13,64,NO_TRACE,4000,4500,0.472
13,64,EXACT_REPLAY,4500,5000,0.558
13,64,ELIGIBILITY_TRACE_NORM_MATCHED,4500,5000,0.502
13,64,NO_TRACE,4500,5000,0.504
13,64,EXACT_REPLAY,5000,5500,0.594
13,64,ELIGIBILITY_TRACE_NORM_MATCHED,5000,5500,0.536
13,64,NO_TRACE,5000,5500,0.518
13,64,EXACT_REPLAY,5500,6000,0.556
13,64,ELIGIBILITY_TRACE_NORM_MATCHED,5500,6000,0.49
13,64,NO_TRACE,5500,6000,0.492
14,1,EXACT_REPLAY,0,500,0.5
14,1,ELIGIBILITY_TRACE_NORM_MATCHED,0,500,0.494
14,1,NO_TRACE,0,500,0.496
14,1,EXACT_REPLAY,500,1000,0.508
14,1,ELIGIBILITY_TRACE_NORM_MATCHED,500,1000,0.504
14,1,NO_TRACE,500,1000,0.502
14,1,EXACT_REPLAY,1000,1500,0.488
14,1,ELIGIBILITY_TRACE_NORM_MATCHED,1000,1500,0.482
14,1,NO_TRACE,1000,1500,0.48
14,1,EXACT_REPLAY,1500,2000,0.548
14,1,ELIGIBILITY_TRACE_NORM_MATCHED,1500,2000,0.536
14,1,NO_TRACE,1500,2000,0.526
14,1,EXACT_REPLAY,2000,2500,0.556
14,1,ELIGIBILITY_TRACE_NORM_MATCHED,2000,2500,0.542
14,1,NO_TRACE,2000,2500,0.538
14,1,EXACT_REPLAY,2500,3000,0.528
14,1,ELIGIBILITY_TRACE_NORM_MATCHED,2500,3000,0.504
14,1,NO_TRACE,2500,3000,0.496
14,1,EXACT_REPLAY,3000,3500,0.566
14,1,ELIGIBILITY_TRACE_NORM_MATCHED,3000,3500,0.546
14,1,NO_TRACE,3000,3500,0.52
14,1,EXACT_REPLAY,3500,4000,0.552
14,1,ELIGIBILITY_TRACE_NORM_MATCHED,3500,4000,0.542
14,1,NO_TRACE,3500,4000,0.516
14,1,EXACT_REPLAY,4000,4500,0.548
14,1,ELIGIBILITY_TRACE_NORM_MATCHED,4000,4500,0.53
14,1,NO_TRACE,4000,4500,0.508
14,1,EXACT_REPLAY,4500,5000,0.518
14,1,ELIGIBILITY_TRACE_NORM_MATCHED,4500,5000,0.496
14,1,NO_TRACE,4500,5000,0.488
14,1,EXACT_REPLAY,5000,5500,0.472
14,1,ELIGIBILITY_TRACE_NORM_MATCHED,5000,5500,0.452
14,1,NO_TRACE,5000,5500,0.444
14,1,EXACT_REPLAY,5500,6000,0.54
14,1,ELIGIBILITY_TRACE_NORM_MATCHED,5500,6000,0.504
14,1,NO_TRACE,5500,6000,0.49
14,4,EXACT_REPLAY,0,500,0.5
14,4,ELIGIBILITY_TRACE_NORM_MATCHED,0,500,0.494
14,4,NO_TRACE,0,500,0.496
14,4,EXACT_REPLAY,500,1000,0.508
14,4,ELIGIBILITY_TRACE_NORM_MATCHED,500,1000,0.504
14,4,NO_TRACE,500,1000,0.498
14,4,EXACT_REPLAY,1000,1500,0.488
14,4,ELIGIBILITY_TRACE_NORM_MATCHED,1000,1500,0.48
14,4,NO_TRACE,1000,1500,0.484
14,4,EXACT_REPLAY,1500,2000,0.55
14,4,ELIGIBILITY_TRACE_NORM_MATCHED,1500,2000,0.534
14,4,NO_TRACE,1500,2000,0.524
14,4,EXACT_REPLAY,2000,2500,0.556
14,4,ELIGIBILITY_TRACE_NORM_MATCHED,2000,2500,0.542
14,4,NO_TRACE,2000,2500,0.536
14,4,EXACT_REPLAY,2500,3000,0.53
14,4,ELIGIBILITY_TRACE_NORM_MATCHED,2500,3000,0.504
14,4,NO_TRACE,2500,3000,0.49
14,4,EXACT_REPLAY,3000,3500,0.564
14,4,ELIGIBILITY_TRACE_NORM_MATCHED,3000,3500,0.546
14,4,NO_TRACE,3000,3500,0.526
14,4,EXACT_REPLAY,3500,4000,0.552
14,4,ELIGIBILITY_TRACE_NORM_MATCHED,3500,4000,0.538
14,4,NO_TRACE,3500,4000,0.528
14,4,EXACT_REPLAY,4000,4500,0.548
14,4,ELIGIBILITY_TRACE_NORM_MATCHED,4000,4500,0.53
14,4,NO_TRACE,4000,4500,0.524
14,4,EXACT_REPLAY,4500,5000,0.52
14,4,ELIGIBILITY_TRACE_NORM_MATCHED,4500,5000,0.498
14,4,NO_TRACE,4500,5000,0.496
14,4,EXACT_REPLAY,5000,5500,0.474
14,4,ELIGIBILITY_TRACE_NORM_MATCHED,5000,5500,0.448
14,4,NO_TRACE,5000,5500,0.45
14,4,EXACT_REPLAY,5500,6000,0.54
14,4,ELIGIBILITY_TRACE_NORM_MATCHED,5500,6000,0.514
14,4,NO_TRACE,5500,6000,0.502
14,16,EXACT_REPLAY,0,500,0.5
14,16,ELIGIBILITY_TRACE_NORM_MATCHED,0,500,0.496
14,16,NO_TRACE,0,500,0.5
14,16,EXACT_REPLAY,500,1000,0.506
14,16,ELIGIBILITY_TRACE_NORM_MATCHED,500,1000,0.504
14,16,NO_TRACE,500,1000,0.504
14,16,EXACT_REPLAY,1000,1500,0.488
14,16,ELIGIBILITY_TRACE_NORM_MATCHED,1000,1500,0.476
14,16,NO_TRACE,1000,1500,0.478
14,16,EXACT_REPLAY,1500,2000,0.55
14,16,ELIGIBILITY_TRACE_NORM_MATCHED,1500,2000,0.53
14,16,NO_TRACE,1500,2000,0.528
14,16,EXACT_REPLAY,2000,2500,0.556
14,16,ELIGIBILITY_TRACE_NORM_MATCHED,2000,2500,0.542
14,16,NO_TRACE,2000,2500,0.54
14,16,EXACT_REPLAY,2500,3000,0.528
14,16,ELIGIBILITY_TRACE_NORM_MATCHED,2500,3000,0.504
14,16,NO_TRACE,2500,3000,0.5
14,16,EXACT_REPLAY,3000,3500,0.566
14,16,ELIGIBILITY_TRACE_NORM_MATCHED,3000,3500,0.536
14,16,NO_TRACE,3000,3500,0.528
14,16,EXACT_REPLAY,3500,4000,0.552
14,16,ELIGIBILITY_TRACE_NORM_MATCHED,3500,4000,0.54
14,16,NO_TRACE,3500,4000,0.524
14,16,EXACT_REPLAY,4000,4500,0.548
14,16,ELIGIBILITY_TRACE_NORM_MATCHED,4000,4500,0.528
14,16,NO_TRACE,4000,4500,0.52
14,16,EXACT_REPLAY,4500,5000,0.518
14,16,ELIGIBILITY_TRACE_NORM_MATCHED,4500,5000,0.496
14,16,NO_TRACE,4500,5000,0.49
14,16,EXACT_REPLAY,5000,5500,0.472
14,16,ELIGIBILITY_TRACE_NORM_MATCHED,5000,5500,0.446
14,16,NO_TRACE,5000,5500,0.446
14,16,EXACT_REPLAY,5500,6000,0.54
14,16,ELIGIBILITY_TRACE_NORM_MATCHED,5500,6000,0.504
14,16,NO_TRACE,5500,6000,0.504
14,64,EXACT_REPLAY,0,500,0.498
14,64,ELIGIBILITY_TRACE_NORM_MATCHED,0,500,0.498
14,64,NO_TRACE,0,500,0.494
14,64,EXACT_REPLAY,500,1000,0.504
14,64,ELIGIBILITY_TRACE_NORM_MATCHED,500,1000,0.504
14,64,NO_TRACE,500,1000,0.504
14,64,EXACT_REPLAY,1000,1500,0.488
14,64,ELIGIBILITY_TRACE_NORM_MATCHED,1000,1500,0.48
14,64,NO_TRACE,1000,1500,0.48
14,64,EXACT_REPLAY,1500,2000,0.546
14,64,ELIGIBILITY_TRACE_NORM_MATCHED,1500,2000,0.532
14,64,NO_TRACE,1500,2000,0.536
14,64,EXACT_REPLAY,2000,2500,0.556
14,64,ELIGIBILITY_TRACE_NORM_MATCHED,2000,2500,0.54
14,64,NO_TRACE,2000,2500,0.538
14,64,EXACT_REPLAY,2500,3000,0.528
14,64,ELIGIBILITY_TRACE_NORM_MATCHED,2500,3000,0.496
14,64,NO_TRACE,2500,3000,0.494
14,64,EXACT_REPLAY,3000,3500,0.564
14,64,ELIGIBILITY_TRACE_NORM_MATCHED,3000,3500,0.528
14,64,NO_TRACE,3000,3500,0.532
14,64,EXACT_REPLAY,3500,4000,0.552
14,64,ELIGIBILITY_TRACE_NORM_MATCHED,3500,4000,0.538
14,64,NO_TRACE,3500,4000,0.536
14,64,EXACT_REPLAY,4000,4500,0.55
14,64,ELIGIBILITY_TRACE_NORM_MATCHED,4000,4500,0.522
14,64,NO_TRACE,4000,4500,0.52
14,64,EXACT_REPLAY,4500,5000,0.518
14,64,ELIGIBILITY_TRACE_NORM_MATCHED,4500,5000,0.496
14,64,NO_TRACE,4500,5000,0.498
14,64,EXACT_REPLAY,5000,5500,0.472
14,64,ELIGIBILITY_TRACE_NORM_MATCHED,5000,5500,0.45
14,64,NO_TRACE,5000,5500,0.442
14,64,EXACT_REPLAY,5500,6000,0.54
14,64,ELIGIBILITY_TRACE_NORM_MATCHED,5500,6000,0.496
14,64,NO_TRACE,5500,6000,0.496
15,1,EXACT_REPLAY,0,500,0.498
15,1,ELIGIBILITY_TRACE_NORM_MATCHED,0,500,0.49
15,1,NO_TRACE,0,500,0.492
15,1,EXACT_REPLAY,500,1000,0.512
15,1,ELIGIBILITY_TRACE_NORM_MATCHED,500,1000,0.502
15,1,NO_TRACE,500,1000,0.502
15,1,EXACT_REPLAY,1000,1500,0.508
15,1,ELIGIBILITY_TRACE_NORM_MATCHED,1000,1500,0.496
15,1,NO_TRACE,1000,1500,0.488
15,1,EXACT_REPLAY,1500,2000,0.538
15,1,ELIGIBILITY_TRACE_NORM_MATCHED,1500,2000,0.514
15,1,NO_TRACE,1500,2000,0.51
15,1,EXACT_REPLAY,2000,2500,0.566
15,1,ELIGIBILITY_TRACE_NORM_MATCHED,2000,2500,0.54
15,1,NO_TRACE,2000,2500,0.536
15,1,EXACT_REPLAY,2500,3000,0.51
15,1,ELIGIBILITY_TRACE_NORM_MATCHED,2500,3000,0.47
15,1,NO_TRACE,2500,3000,0.464
15,1,EXACT_REPLAY,3000,3500,0.59
15,1,ELIGIBILITY_TRACE_NORM_MATCHED,3000,3500,0.56
15,1,NO_TRACE,3000,3500,0.546
15,1,EXACT_REPLAY,3500,4000,0.55
15,1,ELIGIBILITY_TRACE_NORM_MATCHED,3500,4000,0.514
15,1,NO_TRACE,3500,4000,0.5
15,1,EXACT_REPLAY,4000,4500,0.618
15,1,ELIGIBILITY_TRACE_NORM_MATCHED,4000,4500,0.578
15,1,NO_TRACE,4000,4500,0.554
15,1,EXACT_REPLAY,4500,5000,0.61
15,1,ELIGIBILITY_TRACE_NORM_MATCHED,4500,5000,0.55
15,1,NO_TRACE,4500,5000,0.52
15,1,EXACT_REPLAY,5000,5500,0.604
15,1,ELIGIBILITY_TRACE_NORM_MATCHED,5000,5500,0.532
15,1,NO_TRACE,5000,5500,0.502
15,1,EXACT_REPLAY,5500,6000,0.574
15,1,ELIGIBILITY_TRACE_NORM_MATCHED,5500,6000,0.53
15,1,NO_TRACE,5500,6000,0.502
15,4,EXACT_REPLAY,0,500,0.498
15,4,ELIGIBILITY_TRACE_NORM_MATCHED,0,500,0.488
15,4,NO_TRACE,0,500,0.494
15,4,EXACT_REPLAY,500,1000,0.512
15,4,ELIGIBILITY_TRACE_NORM_MATCHED,500,1000,0.502
15,4,NO_TRACE,500,1000,0.502
15,4,EXACT_REPLAY,1000,1500,0.508
15,4,ELIGIBILITY_TRACE_NORM_MATCHED,1000,1500,0.492
15,4,NO_TRACE,1000,1500,0.49
15,4,EXACT_REPLAY,1500,2000,0.538
15,4,ELIGIBILITY_TRACE_NORM_MATCHED,1500,2000,0.512
15,4,NO_TRACE,1500,2000,0.516
15,4,EXACT_REPLAY,2000,2500,0.566
15,4,ELIGIBILITY_TRACE_NORM_MATCHED,2000,2500,0.54
15,4,NO_TRACE,2000,2500,0.532
15,4,EXACT_REPLAY,2500,3000,0.51
15,4,ELIGIBILITY_TRACE_NORM_MATCHED,2500,3000,0.47
15,4,NO_TRACE,2500,3000,0.458
15,4,EXACT_REPLAY,3000,3500,0.59
15,4,ELIGIBILITY_TRACE_NORM_MATCHED,3000,3500,0.562
15,4,NO_TRACE,3000,3500,0.542
15,4,EXACT_REPLAY,3500,4000,0.55
15,4,ELIGIBILITY_TRACE_NORM_MATCHED,3500,4000,0.516
15,4,NO_TRACE,3500,4000,0.502
15,4,EXACT_REPLAY,4000,4500,0.618
15,4,ELIGIBILITY_TRACE_NORM_MATCHED,4000,4500,0.578
15,4,NO_TRACE,4000,4500,0.558
15,4,EXACT_REPLAY,4500,5000,0.61
15,4,ELIGIBILITY_TRACE_NORM_MATCHED,4500,5000,0.558
15,4,NO_TRACE,4500,5000,0.528
15,4,EXACT_REPLAY,5000,5500,0.604
15,4,ELIGIBILITY_TRACE_NORM_MATCHED,5000,5500,0.534
15,4,NO_TRACE,5000,5500,0.498
15,4,EXACT_REPLAY,5500,6000,0.574
15,4,ELIGIBILITY_TRACE_NORM_MATCHED,5500,6000,0.53
15,4,NO_TRACE,5500,6000,0.504
15,16,EXACT_REPLAY,0,500,0.498
15,16,ELIGIBILITY_TRACE_NORM_MATCHED,0,500,0.488
15,16,NO_TRACE,0,500,0.494
15,16,EXACT_REPLAY,500,1000,0.512
15,16,ELIGIBILITY_TRACE_NORM_MATCHED,500,1000,0.502
15,16,NO_TRACE,500,1000,0.496
15,16,EXACT_REPLAY,1000,1500,0.508
15,16,ELIGIBILITY_TRACE_NORM_MATCHED,1000,1500,0.488
15,16,NO_TRACE,1000,1500,0.482
15,16,EXACT_REPLAY,1500,2000,0.538
15,16,ELIGIBILITY_TRACE_NORM_MATCHED,1500,2000,0.506
15,16,NO_TRACE,1500,2000,0.512
15,16,EXACT_REPLAY,2000,2500,0.566
15,16,ELIGIBILITY_TRACE_NORM_MATCHED,2000,2500,0.534
15,16,NO_TRACE,2000,2500,0.528
15,16,EXACT_REPLAY,2500,3000,0.51
15,16,ELIGIBILITY_TRACE_NORM_MATCHED,2500,3000,0.47
15,16,NO_TRACE,2500,3000,0.456
15,16,EXACT_REPLAY,3000,3500,0.586
15,16,ELIGIBILITY_TRACE_NORM_MATCHED,3000,3500,0.554
15,16,NO_TRACE,3000,3500,0.54
15,16,EXACT_REPLAY,3500,4000,0.55
15,16,ELIGIBILITY_TRACE_NORM_MATCHED,3500,4000,0.502
15,16,NO_TRACE,3500,4000,0.506
15,16,EXACT_REPLAY,4000,4500,0.618
15,16,ELIGIBILITY_TRACE_NORM_MATCHED,4000,4500,0.57
15,16,NO_TRACE,4000,4500,0.56
15,16,EXACT_REPLAY,4500,5000,0.61
15,16,ELIGIBILITY_TRACE_NORM_MATCHED,4500,5000,0.546
15,16,NO_TRACE,4500,5000,0.518
15,16,EXACT_REPLAY,5000,5500,0.602
15,16,ELIGIBILITY_TRACE_NORM_MATCHED,5000,5500,0.524
15,16,NO_TRACE,5000,5500,0.508
15,16,EXACT_REPLAY,5500,6000,0.578
15,16,ELIGIBILITY_TRACE_NORM_MATCHED,5500,6000,0.528
15,16,NO_TRACE,5500,6000,0.498
15,64,EXACT_REPLAY,0,500,0.496
15,64,ELIGIBILITY_TRACE_NORM_MATCHED,0,500,0.49
15,64,NO_TRACE,0,500,0.494
15,64,EXACT_REPLAY,500,1000,0.512
15,64,ELIGIBILITY_TRACE_NORM_MATCHED,500,1000,0.502
15,64,NO_TRACE,500,1000,0.506
15,64,EXACT_REPLAY,1000,1500,0.508
15,64,ELIGIBILITY_TRACE_NORM_MATCHED,1000,1500,0.488
15,64,NO_TRACE,1000,1500,0.49
15,64,EXACT_REPLAY,1500,2000,0.536
15,64,ELIGIBILITY_TRACE_NORM_MATCHED,1500,2000,0.51
15,64,NO_TRACE,1500,2000,0.516
15,64,EXACT_REPLAY,2000,2500,0.564
15,64,ELIGIBILITY_TRACE_NORM_MATCHED,2000,2500,0.526
15,64,NO_TRACE,2000,2500,0.524
15,64,EXACT_REPLAY,2500,3000,0.51
15,64,ELIGIBILITY_TRACE_NORM_MATCHED,2500,3000,0.47
15,64,NO_TRACE,2500,3000,0.456
15,64,EXACT_REPLAY,3000,3500,0.59
15,64,ELIGIBILITY_TRACE_NORM_MATCHED,3000,3500,0.54
15,64,NO_TRACE,3000,3500,0.536
15,64,EXACT_REPLAY,3500,4000,0.55
15,64,ELIGIBILITY_TRACE_NORM_MATCHED,3500,4000,0.496
15,64,NO_TRACE,3500,4000,0.502
15,64,EXACT_REPLAY,4000,4500,0.616
15,64,ELIGIBILITY_TRACE_NORM_MATCHED,4000,4500,0.562
15,64,NO_TRACE,4000,4500,0.54
15,64,EXACT_REPLAY,4500,5000,0.61
15,64,ELIGIBILITY_TRACE_NORM_MATCHED,4500,5000,0.534
15,64,NO_TRACE,4500,5000,0.524
15,64,EXACT_REPLAY,5000,5500,0.604
15,64,ELIGIBILITY_TRACE_NORM_MATCHED,5000,5500,0.508
15,64,NO_TRACE,5000,5500,0.5
15,64,EXACT_REPLAY,5500,6000,0.578
15,64,ELIGIBILITY_TRACE_NORM_MATCHED,5500,6000,0.506
15,64,NO_TRACE,5500,6000,0.498
16,1,EXACT_REPLAY,0,500,0.524
16,1,ELIGIBILITY_TRACE_NORM_MATCHED,0,500,0.518
16,1,NO_TRACE,0,500,0.52
16,1,EXACT_REPLAY,500,1000,0.526
16,1,ELIGIBILITY_TRACE_NORM_MATCHED,500,1000,0.524
16,1,NO_TRACE,500,1000,0.516
16,1,EXACT_REPLAY,1000,1500,0.528
16,1,ELIGIBILITY_TRACE_NORM_MATCHED,1000,1500,0.524
16,1,NO_TRACE,1000,1500,0.526
16,1,EXACT_REPLAY,1500,2000,0.496
16,1,ELIGIBILITY_TRACE_NORM_MATCHED,1500,2000,0.492
16,1,NO_TRACE,1500,2000,0.488
16,1,EXACT_REPLAY,2000,2500,0.466
16,1,ELIGIBILITY_TRACE_NORM_MATCHED,2000,2500,0.462
16,1,NO_TRACE,2000,2500,0.456
16,1,EXACT_REPLAY,2500,3000,0.478
16,1,ELIGIBILITY_TRACE_NORM_MATCHED,2500,3000,0.472
16,1,NO_TRACE,2500,3000,0.468
16,1,EXACT_REPLAY,3000,3500,0.554
16,1,ELIGIBILITY_TRACE_NORM_MATCHED,3000,3500,0.54
16,1,NO_TRACE,3000,3500,0.536
16,1,EXACT_REPLAY,3500,4000,0.502
16,1,ELIGIBILITY_TRACE_NORM_MATCHED,3500,4000,0.484
16,1,NO_TRACE,3500,4000,0.486
16,1,EXACT_REPLAY,4000,4500,0.5
16,1,ELIGIBILITY_TRACE_NORM_MATCHED,4000,4500,0.484
16,1,NO_TRACE,4000,4500,0.482
16,1,EXACT_REPLAY,4500,5000,0.566
16,1,ELIGIBILITY_TRACE_NORM_MATCHED,4500,5000,0.538
16,1,NO_TRACE,4500,5000,0.538
16,1,EXACT_REPLAY,5000,5500,0.536
16,1,ELIGIBILITY_TRACE_NORM_MATCHED,5000,5500,0.514
16,1,NO_TRACE,5000,5500,0.504
16,1,EXACT_REPLAY,5500,6000,0.53
16,1,ELIGIBILITY_TRACE_NORM_MATCHED,5500,6000,0.502
16,1,NO_TRACE,5500,6000,0.486
16,4,EXACT_REPLAY,0,500,0.524
16,4,ELIGIBILITY_TRACE_NORM_MATCHED,0,500,0.518
16,4,NO_TRACE,0,500,0.518
16,4,EXACT_REPLAY,500,1000,0.526
16,4,ELIGIBILITY_TRACE_NORM_MATCHED,500,1000,0.526
16,4,NO_TRACE,500,1000,0.518
16,4,EXACT_REPLAY,1000,1500,0.53
16,4,ELIGIBILITY_TRACE_NORM_MATCHED,1000,1500,0.528
16,4,NO_TRACE,1000,1500,0.526
16,4,EXACT_REPLAY,1500,2000,0.496
16,4,ELIGIBILITY_TRACE_NORM_MATCHED,1500,2000,0.488
16,4,NO_TRACE,1500,2000,0.486
16,4,EXACT_REPLAY,2000,2500,0.466
16,4,ELIGIBILITY_TRACE_NORM_MATCHED,2000,2500,0.468
16,4,NO_TRACE,2000,2500,0.466
16,4,EXACT_REPLAY,2500,3000,0.478
16,4,ELIGIBILITY_TRACE_NORM_MATCHED,2500,3000,0.474
16,4,NO_TRACE,2500,3000,0.462
16,4,EXACT_REPLAY,3000,3500,0.554
16,4,ELIGIBILITY_TRACE_NORM_MATCHED,3000,3500,0.538
16,4,NO_TRACE,3000,3500,0.538
16,4,EXACT_REPLAY,3500,4000,0.502
16,4,ELIGIBILITY_TRACE_NORM_MATCHED,3500,4000,0.48
16,4,NO_TRACE,3500,4000,0.468
16,4,EXACT_REPLAY,4000,4500,0.5
16,4,ELIGIBILITY_TRACE_NORM_MATCHED,4000,4500,0.482
16,4,NO_TRACE,4000,4500,0.47
16,4,EXACT_REPLAY,4500,5000,0.568
16,4,ELIGIBILITY_TRACE_NORM_MATCHED,4500,5000,0.538
16,4,NO_TRACE,4500,5000,0.534
16,4,EXACT_REPLAY,5000,5500,0.536
16,4,ELIGIBILITY_TRACE_NORM_MATCHED,5000,5500,0.512
16,4,NO_TRACE,5000,5500,0.506
16,4,EXACT_REPLAY,5500,6000,0.53
16,4,ELIGIBILITY_TRACE_NORM_MATCHED,5500,6000,0.498
16,4,NO_TRACE,5500,6000,0.492
16,16,EXACT_REPLAY,0,500,0.522
16,16,ELIGIBILITY_TRACE_NORM_MATCHED,0,500,0.52
16,16,NO_TRACE,0,500,0.522
16,16,EXACT_REPLAY,500,1000,0.526
16,16,ELIGIBILITY_TRACE_NORM_MATCHED,500,1000,0.526
16,16,NO_TRACE,500,1000,0.522
16,16,EXACT_REPLAY,1000,1500,0.53
16,16,ELIGIBILITY_TRACE_NORM_MATCHED,1000,1500,0.528
16,16,NO_TRACE,1000,1500,0.524
16,16,EXACT_REPLAY,1500,2000,0.496
16,16,ELIGIBILITY_TRACE_NORM_MATCHED,1500,2000,0.488
16,16,NO_TRACE,1500,2000,0.488
16,16,EXACT_REPLAY,2000,2500,0.466
16,16,ELIGIBILITY_TRACE_NORM_MATCHED,2000,2500,0.464
16,16,NO_TRACE,2000,2500,0.462
16,16,EXACT_REPLAY,2500,3000,0.482
16,16,ELIGIBILITY_TRACE_NORM_MATCHED,2500,3000,0.468
16,16,NO_TRACE,2500,3000,0.466
16,16,EXACT_REPLAY,3000,3500,0.554
16,16,ELIGIBILITY_TRACE_NORM_MATCHED,3000,3500,0.536
16,16,NO_TRACE,3000,3500,0.54
16,16,EXACT_REPLAY,3500,4000,0.502
16,16,ELIGIBILITY_TRACE_NORM_MATCHED,3500,4000,0.474
16,16,NO_TRACE,3500,4000,0.478
16,16,EXACT_REPLAY,4000,4500,0.498
16,16,ELIGIBILITY_TRACE_NORM_MATCHED,4000,4500,0.484
16,16,NO_TRACE,4000,4500,0.476
16,16,EXACT_REPLAY,4500,5000,0.566
16,16,ELIGIBILITY_TRACE_NORM_MATCHED,4500,5000,0.54
16,16,NO_TRACE,4500,5000,0.542
16,16,EXACT_REPLAY,5000,5500,0.536
16,16,ELIGIBILITY_TRACE_NORM_MATCHED,5000,5500,0.506
16,16,NO_TRACE,5000,5500,0.508
16,16,EXACT_REPLAY,5500,6000,0.53
16,16,ELIGIBILITY_TRACE_NORM_MATCHED,5500,6000,0.504
16,16,NO_TRACE,5500,6000,0.482
16,64,EXACT_REPLAY,0,500,0.522
16,64,ELIGIBILITY_TRACE_NORM_MATCHED,0,500,0.52
16,64,NO_TRACE,0,500,0.522
16,64,EXACT_REPLAY,500,1000,0.526
16,64,ELIGIBILITY_TRACE_NORM_MATCHED,500,1000,0.526
16,64,NO_TRACE,500,1000,0.522
16,64,EXACT_REPLAY,1000,1500,0.528
16,64,ELIGIBILITY_TRACE_NORM_MATCHED,1000,1500,0.528
16,64,NO_TRACE,1000,1500,0.524
16,64,EXACT_REPLAY,1500,2000,0.496
16,64,ELIGIBILITY_TRACE_NORM_MATCHED,1500,2000,0.49
16,64,NO_TRACE,1500,2000,0.486
16,64,EXACT_REPLAY,2000,2500,0.468
16,64,ELIGIBILITY_TRACE_NORM_MATCHED,2000,2500,0.458
16,64,NO_TRACE,2000,2500,0.466
16,64,EXACT_REPLAY,2500,3000,0.478
16,64,ELIGIBILITY_TRACE_NORM_MATCHED,2500,3000,0.468
16,64,NO_TRACE,2500,3000,0.464
16,64,EXACT_REPLAY,3000,3500,0.554
16,64,ELIGIBILITY_TRACE_NORM_MATCHED,3000,3500,0.534
16,64,NO_TRACE,3000,3500,0.534
16,64,EXACT_REPLAY,3500,4000,0.502
16,64,ELIGIBILITY_TRACE_NORM_MATCHED,3500,4000,0.48
16,64,NO_TRACE,3500,4000,0.488
16,64,EXACT_REPLAY,4000,4500,0.498
16,64,ELIGIBILITY_TRACE_NORM_MATCHED,4000,4500,0.472
16,64,NO_TRACE,4000,4500,0.466
16,64,EXACT_REPLAY,4500,5000,0.566
16,64,ELIGIBILITY_TRACE_NORM_MATCHED,4500,5000,0.546
16,64,NO_TRACE,4500,5000,0.548
16,64,EXACT_REPLAY,5000,5500,0.536
16,64,ELIGIBILITY_TRACE_NORM_MATCHED,5000,5500,0.508
16,64,NO_TRACE,5000,5500,0.504
16,64,EXACT_REPLAY,5500,6000,0.528
16,64,ELIGIBILITY_TRACE_NORM_MATCHED,5500,6000,0.492
16,64,NO_TRACE,5500,6000,0.48
17,1,EXACT_REPLAY,0,500,0.526
17,1,ELIGIBILITY_TRACE_NORM_MATCHED,0,500,0.522
17,1,NO_TRACE,0,500,0.522
17,1,EXACT_REPLAY,500,1000,0.518
17,1,ELIGIBILITY_TRACE_NORM_MATCHED,500,1000,0.512
17,1,NO_TRACE,500,1000,0.502
17,1,EXACT_REPLAY,1000,1500,0.524
17,1,ELIGIBILITY_TRACE_NORM_MATCHED,1000,1500,0.504
17,1,NO_TRACE,1000,1500,0.5
17,1,EXACT_REPLAY,1500,2000,0.532
17,1,ELIGIBILITY_TRACE_NORM_MATCHED,1500,2000,0.532
17,1,NO_TRACE,1500,2000,0.528
17,1,EXACT_REPLAY,2000,2500,0.558
17,1,ELIGIBILITY_TRACE_NORM_MATCHED,2000,2500,0.546
17,1,NO_TRACE,2000,2500,0.546
17,1,EXACT_REPLAY,2500,3000,0.552
17,1,ELIGIBILITY_TRACE_NORM_MATCHED,2500,3000,0.534
17,1,NO_TRACE,2500,3000,0.54
17,1,EXACT_REPLAY,3000,3500,0.538
17,1,ELIGIBILITY_TRACE_NORM_MATCHED,3000,3500,0.52
17,1,NO_TRACE,3000,3500,0.526
17,1,EXACT_REPLAY,3500,4000,0.516
17,1,ELIGIBILITY_TRACE_NORM_MATCHED,3500,4000,0.482
17,1,NO_TRACE,3500,4000,0.476
17,1,EXACT_REPLAY,4000,4500,0.542
17,1,ELIGIBILITY_TRACE_NORM_MATCHED,4000,4500,0.516
17,1,NO_TRACE,4000,4500,0.518
17,1,EXACT_REPLAY,4500,5000,0.542
17,1,ELIGIBILITY_TRACE_NORM_MATCHED,4500,5000,0.492
17,1,NO_TRACE,4500,5000,0.49
17,1,EXACT_REPLAY,5000,5500,0.536
17,1,ELIGIBILITY_TRACE_NORM_MATCHED,5000,5500,0.494
17,1,NO_TRACE,5000,5500,0.482
17,1,EXACT_REPLAY,5500,6000,0.56
17,1,ELIGIBILITY_TRACE_NORM_MATCHED,5500,6000,0.514
17,1,NO_TRACE,5500,6000,0.512
17,4,EXACT_REPLAY,0,500,0.526
17,4,ELIGIBILITY_TRACE_NORM_MATCHED,0,500,0.522
17,4,NO_TRACE,0,500,0.524
17,4,EXACT_REPLAY,500,1000,0.52
17,4,ELIGIBILITY_TRACE_NORM_MATCHED,500,1000,0.508
17,4,NO_TRACE,500,1000,0.508
17,4,EXACT_REPLAY,1000,1500,0.524
17,4,ELIGIBILITY_TRACE_NORM_MATCHED,1000,1500,0.508
17,4,NO_TRACE,1000,1500,0.504
17,4,EXACT_REPLAY,1500,2000,0.532
17,4,ELIGIBILITY_TRACE_NORM_MATCHED,1500,2000,0.53
17,4,NO_TRACE,1500,2000,0.528
17,4,EXACT_REPLAY,2000,2500,0.558
17,4,ELIGIBILITY_TRACE_NORM_MATCHED,2000,2500,0.542
17,4,NO_TRACE,2000,2500,0.544
17,4,EXACT_REPLAY,2500,3000,0.552
17,4,ELIGIBILITY_TRACE_NORM_MATCHED,2500,3000,0.534
17,4,NO_TRACE,2500,3000,0.534
17,4,EXACT_REPLAY,3000,3500,0.538
17,4,ELIGIBILITY_TRACE_NORM_MATCHED,3000,3500,0.52
17,4,NO_TRACE,3000,3500,0.522
17,4,EXACT_REPLAY,3500,4000,0.516
17,4,ELIGIBILITY_TRACE_NORM_MATCHED,3500,4000,0.478
17,4,NO_TRACE,3500,4000,0.47
17,4,EXACT_REPLAY,4000,4500,0.544
17,4,ELIGIBILITY_TRACE_NORM_MATCHED,4000,4500,0.518
17,4,NO_TRACE,4000,4500,0.52
17,4,EXACT_REPLAY,4500,5000,0.544
17,4,ELIGIBILITY_TRACE_NORM_MATCHED,4500,5000,0.494
17,4,NO_TRACE,4500,5000,0.494
17,4,EXACT_REPLAY,5000,5500,0.534
17,4,ELIGIBILITY_TRACE_NORM_MATCHED,5000,5500,0.494
17,4,NO_TRACE,5000,5500,0.486
17,4,EXACT_REPLAY,5500,6000,0.558
17,4,ELIGIBILITY_TRACE_NORM_MATCHED,5500,6000,0.516
17,4,NO_TRACE,5500,6000,0.514
17,16,EXACT_REPLAY,0,500,0.522
17,16,ELIGIBILITY_TRACE_NORM_MATCHED,0,500,0.522
17,16,NO_TRACE,0,500,0.522
17,16,EXACT_REPLAY,500,1000,0.52
17,16,ELIGIBILITY_TRACE_NORM_MATCHED,500,1000,0.506
17,16,NO_TRACE,500,1000,0.508
17,16,EXACT_REPLAY,1000,1500,0.524
17,16,ELIGIBILITY_TRACE_NORM_MATCHED,1000,1500,0.5
17,16,NO_TRACE,1000,1500,0.5
17,16,EXACT_REPLAY,1500,2000,0.532
17,16,ELIGIBILITY_TRACE_NORM_MATCHED,1500,2000,0.528
17,16,NO_TRACE,1500,2000,0.526
17,16,EXACT_REPLAY,2000,2500,0.556
17,16,ELIGIBILITY_TRACE_NORM_MATCHED,2000,2500,0.542
17,16,NO_TRACE,2000,2500,0.538
17,16,EXACT_REPLAY,2500,3000,0.552
17,16,ELIGIBILITY_TRACE_NORM_MATCHED,2500,3000,0.536
17,16,NO_TRACE,2500,3000,0.53
17,16,EXACT_REPLAY,3000,3500,0.538
17,16,ELIGIBILITY_TRACE_NORM_MATCHED,3000,3500,0.522
17,16,NO_TRACE,3000,3500,0.518
17,16,EXACT_REPLAY,3500,4000,0.518
17,16,ELIGIBILITY_TRACE_NORM_MATCHED,3500,4000,0.468
17,16,NO_TRACE,3500,4000,0.466
17,16,EXACT_REPLAY,4000,4500,0.544
17,16,ELIGIBILITY_TRACE_NORM_MATCHED,4000,4500,0.518
17,16,NO_TRACE,4000,4500,0.512
17,16,EXACT_REPLAY,4500,5000,0.54
17,16,ELIGIBILITY_TRACE_NORM_MATCHED,4500,5000,0.496
17,16,NO_TRACE,4500,5000,0.498
17,16,EXACT_REPLAY,5000,5500,0.534
17,16,ELIGIBILITY_TRACE_NORM_MATCHED,5000,5500,0.494
17,16,NO_TRACE,5000,5500,0.474
17,16,EXACT_REPLAY,5500,6000,0.558
17,16,ELIGIBILITY_TRACE_NORM_MATCHED,5500,6000,0.514
17,16,NO_TRACE,5500,6000,0.506
17,64,EXACT_REPLAY,0,500,0.522
17,64,ELIGIBILITY_TRACE_NORM_MATCHED,0,500,0.52
17,64,NO_TRACE,0,500,0.524
17,64,EXACT_REPLAY,500,1000,0.518
17,64,ELIGIBILITY_TRACE_NORM_MATCHED,500,1000,0.502
17,64,NO_TRACE,500,1000,0.51
17,64,EXACT_REPLAY,1000,1500,0.524
17,64,ELIGIBILITY_TRACE_NORM_MATCHED,1000,1500,0.502
17,64,NO_TRACE,1000,1500,0.506
17,64,EXACT_REPLAY,1500,2000,0.532
17,64,ELIGIBILITY_TRACE_NORM_MATCHED,1500,2000,0.522
17,64,NO_TRACE,1500,2000,0.526
17,64,EXACT_REPLAY,2000,2500,0.556
17,64,ELIGIBILITY_TRACE_NORM_MATCHED,2000,2500,0.538
17,64,NO_TRACE,2000,2500,0.54
17,64,EXACT_REPLAY,2500,3000,0.552
17,64,ELIGIBILITY_TRACE_NORM_MATCHED,2500,3000,0.53
17,64,NO_TRACE,2500,3000,0.53
17,64,EXACT_REPLAY,3000,3500,0.54
17,64,ELIGIBILITY_TRACE_NORM_MATCHED,3000,3500,0.514
17,64,NO_TRACE,3000,3500,0.522
17,64,EXACT_REPLAY,3500,4000,0.516
17,64,ELIGIBILITY_TRACE_NORM_MATCHED,3500,4000,0.468
17,64,NO_TRACE,3500,4000,0.47
17,64,EXACT_REPLAY,4000,4500,0.544
17,64,ELIGIBILITY_TRACE_NORM_MATCHED,4000,4500,0.51
17,64,NO_TRACE,4000,4500,0.516
17,64,EXACT_REPLAY,4500,5000,0.54
17,64,ELIGIBILITY_TRACE_NORM_MATCHED,4500,5000,0.492
17,64,NO_TRACE,4500,5000,0.496
17,64,EXACT_REPLAY,5000,5500,0.53
17,64,ELIGIBILITY_TRACE_NORM_MATCHED,5000,5500,0.482
17,64,NO_TRACE,5000,5500,0.482
17,64,EXACT_REPLAY,5500,6000,0.558
17,64,ELIGIBILITY_TRACE_NORM_MATCHED,5500,6000,0.514
17,64,NO_TRACE,5500,6000,0.508
18,1,EXACT_REPLAY,0,500,0.508
18,1,ELIGIBILITY_TRACE_NORM_MATCHED,0,500,0.504
18,1,NO_TRACE,0,500,0.502
18,1,EXACT_REPLAY,500,1000,0.546
18,1,ELIGIBILITY_TRACE_NORM_MATCHED,500,1000,0.542
18,1,NO_TRACE,500,1000,0.536
18,1,EXACT_REPLAY,1000,1500,0.488
18,1,ELIGIBILITY_TRACE_NORM_MATCHED,1000,1500,0.478
18,1,NO_TRACE,1000,1500,0.48
18,1,EXACT_REPLAY,1500,2000,0.52
18,1,ELIGIBILITY_TRACE_NORM_MATCHED,1500,2000,0.514
18,1,NO_TRACE,1500,2000,0.508
18,1,EXACT_REPLAY,2000,2500,0.532
18,1,ELIGIBILITY_TRACE_NORM_MATCHED,2000,2500,0.52
18,1,NO_TRACE,2000,2500,0.522
18,1,EXACT_REPLAY,2500,3000,0.56
18,1,ELIGIBILITY_TRACE_NORM_MATCHED,2500,3000,0.548
18,1,NO_TRACE,2500,3000,0.552
18,1,EXACT_REPLAY,3000,3500,0.51
18,1,ELIGIBILITY_TRACE_NORM_MATCHED,3000,3500,0.49
18,1,NO_TRACE,3000,3500,0.474
18,1,EXACT_REPLAY,3500,4000,0.568
18,1,ELIGIBILITY_TRACE_NORM_MATCHED,3500,4000,0.554
18,1,NO_TRACE,3500,4000,0.55
18,1,EXACT_REPLAY,4000,4500,0.508
18,1,ELIGIBILITY_TRACE_NORM_MATCHED,4000,4500,0.48
18,1,NO_TRACE,4000,4500,0.472
18,1,EXACT_REPLAY,4500,5000,0.536
18,1,ELIGIBILITY_TRACE_NORM_MATCHED,4500,5000,0.502
18,1,NO_TRACE,4500,5000,0.496
18,1,EXACT_REPLAY,5000,5500,0.528
18,1,ELIGIBILITY_TRACE_NORM_MATCHED,5000,5500,0.492
18,1,NO_TRACE,5000,5500,0.486
18,1,EXACT_REPLAY,5500,6000,0.546
18,1,ELIGIBILITY_TRACE_NORM_MATCHED,5500,6000,0.502
18,1,NO_TRACE,5500,6000,0.498
18,4,EXACT_REPLAY,0,500,0.508
18,4,ELIGIBILITY_TRACE_NORM_MATCHED,0,500,0.504
18,4,NO_TRACE,0,500,0.504
18,4,EXACT_REPLAY,500,1000,0.546
18,4,ELIGIBILITY_TRACE_NORM_MATCHED,500,1000,0.544
18,4,NO_TRACE,500,1000,0.54
18,4,EXACT_REPLAY,1000,1500,0.488
18,4,ELIGIBILITY_TRACE_NORM_MATCHED,1000,1500,0.48
18,4,NO_TRACE,1000,1500,0.48
18,4,EXACT_REPLAY,1500,2000,0.52
18,4,ELIGIBILITY_TRACE_NORM_MATCHED,1500,2000,0.516
18,4,NO_TRACE,1500,2000,0.514
18,4,EXACT_REPLAY,2000,2500,0.532
18,4,ELIGIBILITY_TRACE_NORM_MATCHED,2000,2500,0.52
18,4,NO_TRACE,2000,2500,0.52
18,4,EXACT_REPLAY,2500,3000,0.56
18,4,ELIGIBILITY_TRACE_NORM_MATCHED,2500,3000,0.546
18,4,NO_TRACE,2500,3000,0.548
18,4,EXACT_REPLAY,3000,3500,0.512
18,4,ELIGIBILITY_TRACE_NORM_MATCHED,3000,3500,0.484
18,4,NO_TRACE,3000,3500,0.478
18,4,EXACT_REPLAY,3500,4000,0.568
18,4,ELIGIBILITY_TRACE_NORM_MATCHED,3500,4000,0.554
18,4,NO_TRACE,3500,4000,0.554
18,4,EXACT_REPLAY,4000,4500,0.508
18,4,ELIGIBILITY_TRACE_NORM_MATCHED,4000,4500,0.48
18,4,NO_TRACE,4000,4500,0.472
18,4,EXACT_REPLAY,4500,5000,0.536
18,4,ELIGIBILITY_TRACE_NORM_MATCHED,4500,5000,0.504
18,4,NO_TRACE,4500,5000,0.504
18,4,EXACT_REPLAY,5000,5500,0.528
18,4,ELIGIBILITY_TRACE_NORM_MATCHED,5000,5500,0.494
18,4,NO_TRACE,5000,5500,0.49
18,4,EXACT_REPLAY,5500,6000,0.546
18,4,ELIGIBILITY_TRACE_NORM_MATCHED,5500,6000,0.5
18,4,NO_TRACE,5500,6000,0.5
18,16,EXACT_REPLAY,0,500,0.506
18,16,ELIGIBILITY_TRACE_NORM_MATCHED,0,500,0.504
18,16,NO_TRACE,0,500,0.504
18,16,EXACT_REPLAY,500,1000,0.546
18,16,ELIGIBILITY_TRACE_NORM_MATCHED,500,1000,0.536
18,16,NO_TRACE,500,1000,0.53
18,16,EXACT_REPLAY,1000,1500,0.488
18,16,ELIGIBILITY_TRACE_NORM_MATCHED,1000,1500,0.48
18,16,NO_TRACE,1000,1500,0.478
18,16,EXACT_REPLAY,1500,2000,0.52
18,16,ELIGIBILITY_TRACE_NORM_MATCHED,1500,2000,0.512
18,16,NO_TRACE,1500,2000,0.506
18,16,EXACT_REPLAY,2000,2500,0.532
18,16,ELIGIBILITY_TRACE_NORM_MATCHED,2000,2500,0.516
18,16,NO_TRACE,2000,2500,0.522
18,16,EXACT_REPLAY,2500,3000,0.56
18,16,ELIGIBILITY_TRACE_NORM_MATCHED,2500,3000,0.546
18,16,NO_TRACE,2500,3000,0.55
18,16,EXACT_REPLAY,3000,3500,0.51
18,16,ELIGIBILITY_TRACE_NORM_MATCHED,3000,3500,0.48
18,16,NO_TRACE,3000,3500,0.478
18,16,EXACT_REPLAY,3500,4000,0.568
18,16,ELIGIBILITY_TRACE_NORM_MATCHED,3500,4000,0.548
18,16,NO_TRACE,3500,4000,0.548
18,16,EXACT_REPLAY,4000,4500,0.508
18,16,ELIGIBILITY_TRACE_NORM_MATCHED,4000,4500,0.48
18,16,NO_TRACE,4000,4500,0.474
18,16,EXACT_REPLAY,4500,5000,0.536
18,16,ELIGIBILITY_TRACE_NORM_MATCHED,4500,5000,0.5
18,16,NO_TRACE,4500,5000,0.498
18,16,EXACT_REPLAY,5000,5500,0.528
18,16,ELIGIBILITY_TRACE_NORM_MATCHED,5000,5500,0.492
18,16,NO_TRACE,5000,5500,0.492
18,16,EXACT_REPLAY,5500,6000,0.546
18,16,ELIGIBILITY_TRACE_NORM_MATCHED,5500,6000,0.502
18,16,NO_TRACE,5500,6000,0.502
18,64,EXACT_REPLAY,0,500,0.506
18,64,ELIGIBILITY_TRACE_NORM_MATCHED,0,500,0.504
18,64,NO_TRACE,0,500,0.504
18,64,EXACT_REPLAY,500,1000,0.546
18,64,ELIGIBILITY_TRACE_NORM_MATCHED,500,1000,0.538
18,64,NO_TRACE,500,1000,0.544
18,64,EXACT_REPLAY,1000,1500,0.488
18,64,ELIGIBILITY_TRACE_NORM_MATCHED,1000,1500,0.476
18,64,NO_TRACE,1000,1500,0.476
18,64,EXACT_REPLAY,1500,2000,0.52
18,64,ELIGIBILITY_TRACE_NORM_MATCHED,1500,2000,0.512
18,64,NO_TRACE,1500,2000,0.514
18,64,EXACT_REPLAY,2000,2500,0.532
18,64,ELIGIBILITY_TRACE_NORM_MATCHED,2000,2500,0.526
18,64,NO_TRACE,2000,2500,0.524
18,64,EXACT_REPLAY,2500,3000,0.56
18,64,ELIGIBILITY_TRACE_NORM_MATCHED,2500,3000,0.546
18,64,NO_TRACE,2500,3000,0.546
18,64,EXACT_REPLAY,3000,3500,0.508
18,64,ELIGIBILITY_TRACE_NORM_MATCHED,3000,3500,0.486
18,64,NO_TRACE,3000,3500,0.49
18,64,EXACT_REPLAY,3500,4000,0.568
18,64,ELIGIBILITY_TRACE_NORM_MATCHED,3500,4000,0.55
18,64,NO_TRACE,3500,4000,0.546
18,64,EXACT_REPLAY,4000,4500,0.508
18,64,ELIGIBILITY_TRACE_NORM_MATCHED,4000,4500,0.478
18,64,NO_TRACE,4000,4500,0.472
18,64,EXACT_REPLAY,4500,5000,0.536
18,64,ELIGIBILITY_TRACE_NORM_MATCHED,4500,5000,0.5
18,64,NO_TRACE,4500,5000,0.498
18,64,EXACT_REPLAY,5000,5500,0.526
18,64,ELIGIBILITY_TRACE_NORM_MATCHED,5000,5500,0.488
18,64,NO_TRACE,5000,5500,0.49
18,64,EXACT_REPLAY,5500,6000,0.546
18,64,ELIGIBILITY_TRACE_NORM_MATCHED,5500,6000,0.502
18,64,NO_TRACE,5500,6000,0.496
19,1,EXACT_REPLAY,0,500,0.522
19,1,ELIGIBILITY_TRACE_NORM_MATCHED,0,500,0.522
19,1,NO_TRACE,0,500,0.522
19,1,EXACT_REPLAY,500,1000,0.52
19,1,ELIGIBILITY_TRACE_NORM_MATCHED,500,1000,0.52
19,1,NO_TRACE,500,1000,0.516
19,1,EXACT_REPLAY,1000,1500,0.51
19,1,ELIGIBILITY_TRACE_NORM_MATCHED,1000,1500,0.5
19,1,NO_TRACE,1000,1500,0.496
19,1,EXACT_REPLAY,1500,2000,0.546
19,1,ELIGIBILITY_TRACE_NORM_MATCHED,1500,2000,0.544
19,1,NO_TRACE,1500,2000,0.54
19,1,EXACT_REPLAY,2000,2500,0.496
19,1,ELIGIBILITY_TRACE_NORM_MATCHED,2000,2500,0.488
19,1,NO_TRACE,2000,2500,0.48
19,1,EXACT_REPLAY,2500,3000,0.544
19,1,ELIGIBILITY_TRACE_NORM_MATCHED,2500,3000,0.522
19,1,NO_TRACE,2500,3000,0.52
19,1,EXACT_REPLAY,3000,3500,0.532
19,1,ELIGIBILITY_TRACE_NORM_MATCHED,3000,3500,0.502
19,1,NO_TRACE,3000,3500,0.504
19,1,EXACT_REPLAY,3500,4000,0.504
19,1,ELIGIBILITY_TRACE_NORM_MATCHED,3500,4000,0.496
19,1,NO_TRACE,3500,4000,0.486
19,1,EXACT_REPLAY,4000,4500,0.506
19,1,ELIGIBILITY_TRACE_NORM_MATCHED,4000,4500,0.472
19,1,NO_TRACE,4000,4500,0.46
19,1,EXACT_REPLAY,4500,5000,0.57
19,1,ELIGIBILITY_TRACE_NORM_MATCHED,4500,5000,0.528
19,1,NO_TRACE,4500,5000,0.506
19,1,EXACT_REPLAY,5000,5500,0.52
19,1,ELIGIBILITY_TRACE_NORM_MATCHED,5000,5500,0.486
19,1,NO_TRACE,5000,5500,0.478
19,1,EXACT_REPLAY,5500,6000,0.568
19,1,ELIGIBILITY_TRACE_NORM_MATCHED,5500,6000,0.544
19,1,NO_TRACE,5500,6000,0.524
19,4,EXACT_REPLAY,0,500,0.522
19,4,ELIGIBILITY_TRACE_NORM_MATCHED,0,500,0.522
19,4,NO_TRACE,0,500,0.522
19,4,EXACT_REPLAY,500,1000,0.52
19,4,ELIGIBILITY_TRACE_NORM_MATCHED,500,1000,0.518
19,4,NO_TRACE,500,1000,0.518
19,4,EXACT_REPLAY,1000,1500,0.51
19,4,ELIGIBILITY_TRACE_NORM_MATCHED,1000,1500,0.5
19,4,NO_TRACE,1000,1500,0.494
19,4,EXACT_REPLAY,1500,2000,0.546
19,4,ELIGIBILITY_TRACE_NORM_MATCHED,1500,2000,0.544
19,4,NO_TRACE,1500,2000,0.538
19,4,EXACT_REPLAY,2000,2500,0.496
19,4,ELIGIBILITY_TRACE_NORM_MATCHED,2000,2500,0.49
19,4,NO_TRACE,2000,2500,0.488
19,4,EXACT_REPLAY,2500,3000,0.544
19,4,ELIGIBILITY_TRACE_NORM_MATCHED,2500,3000,0.52
19,4,NO_TRACE,2500,3000,0.52
19,4,EXACT_REPLAY,3000,3500,0.532
19,4,ELIGIBILITY_TRACE_NORM_MATCHED,3000,3500,0.5
19,4,NO_TRACE,3000,3500,0.498
19,4,EXACT_REPLAY,3500,4000,0.504
19,4,ELIGIBILITY_TRACE_NORM_MATCHED,3500,4000,0.49
19,4,NO_TRACE,3500,4000,0.482
19,4,EXACT_REPLAY,4000,4500,0.506
19,4,ELIGIBILITY_TRACE_NORM_MATCHED,4000,4500,0.466
19,4,NO_TRACE,4000,4500,0.458
19,4,EXACT_REPLAY,4500,5000,0.57
19,4,ELIGIBILITY_TRACE_NORM_MATCHED,4500,5000,0.524
19,4,NO_TRACE,4500,5000,0.512
19,4,EXACT_REPLAY,5000,5500,0.52
19,4,ELIGIBILITY_TRACE_NORM_MATCHED,5000,5500,0.484
19,4,NO_TRACE,5000,5500,0.482
19,4,EXACT_REPLAY,5500,6000,0.568
19,4,ELIGIBILITY_TRACE_NORM_MATCHED,5500,6000,0.538
19,4,NO_TRACE,5500,6000,0.53
19,16,EXACT_REPLAY,0,500,0.522
19,16,ELIGIBILITY_TRACE_NORM_MATCHED,0,500,0.522
19,16,NO_TRACE,0,500,0.522
19,16,EXACT_REPLAY,500,1000,0.52
19,16,ELIGIBILITY_TRACE_NORM_MATCHED,500,1000,0.516
19,16,NO_TRACE,500,1000,0.518
19,16,EXACT_REPLAY,1000,1500,0.51
19,16,ELIGIBILITY_TRACE_NORM_MATCHED,1000,1500,0.5
19,16,NO_TRACE,1000,1500,0.494
19,16,EXACT_REPLAY,1500,2000,0.546
19,16,ELIGIBILITY_TRACE_NORM_MATCHED,1500,2000,0.54
19,16,NO_TRACE,1500,2000,0.536
19,16,EXACT_REPLAY,2000,2500,0.496
19,16,ELIGIBILITY_TRACE_NORM_MATCHED,2000,2500,0.484
19,16,NO_TRACE,2000,2500,0.48
19,16,EXACT_REPLAY,2500,3000,0.54
19,16,ELIGIBILITY_TRACE_NORM_MATCHED,2500,3000,0.52
19,16,NO_TRACE,2500,3000,0.516
19,16,EXACT_REPLAY,3000,3500,0.53
19,16,ELIGIBILITY_TRACE_NORM_MATCHED,3000,3500,0.5
19,16,NO_TRACE,3000,3500,0.496
19,16,EXACT_REPLAY,3500,4000,0.504
19,16,ELIGIBILITY_TRACE_NORM_MATCHED,3500,4000,0.494
19,16,NO_TRACE,3500,4000,0.482
19,16,EXACT_REPLAY,4000,4500,0.504
19,16,ELIGIBILITY_TRACE_NORM_MATCHED,4000,4500,0.47
19,16,NO_TRACE,4000,4500,0.468
19,16,EXACT_REPLAY,4500,5000,0.568
19,16,ELIGIBILITY_TRACE_NORM_MATCHED,4500,5000,0.51
19,16,NO_TRACE,4500,5000,0.504
19,16,EXACT_REPLAY,5000,5500,0.522
19,16,ELIGIBILITY_TRACE_NORM_MATCHED,5000,5500,0.486
19,16,NO_TRACE,5000,5500,0.474
19,16,EXACT_REPLAY,5500,6000,0.568
19,16,ELIGIBILITY_TRACE_NORM_MATCHED,5500,6000,0.544
19,16,NO_TRACE,5500,6000,0.528
19,64,EXACT_REPLAY,0,500,0.522
19,64,ELIGIBILITY_TRACE_NORM_MATCHED,0,500,0.522
19,64,NO_TRACE,0,500,0.524
19,64,EXACT_REPLAY,500,1000,0.52
19,64,ELIGIBILITY_TRACE_NORM_MATCHED,500,1000,0.516
19,64,NO_TRACE,500,1000,0.516
19,64,EXACT_REPLAY,1000,1500,0.51
19,64,ELIGIBILITY_TRACE_NORM_MATCHED,1000,1500,0.496
19,64,NO_TRACE,1000,1500,0.494
19,64,EXACT_REPLAY,1500,2000,0.544
19,64,ELIGIBILITY_TRACE_NORM_MATCHED,1500,2000,0.536
19,64,NO_TRACE,1500,2000,0.536
19,64,EXACT_REPLAY,2000,2500,0.496
19,64,ELIGIBILITY_TRACE_NORM_MATCHED,2000,2500,0.484
19,64,NO_TRACE,2000,2500,0.48
19,64,EXACT_REPLAY,2500,3000,0.54
19,64,ELIGIBILITY_TRACE_NORM_MATCHED,2500,3000,0.518
19,64,NO_TRACE,2500,3000,0.518
19,64,EXACT_REPLAY,3000,3500,0.532
19,64,ELIGIBILITY_TRACE_NORM_MATCHED,3000,3500,0.5
19,64,NO_TRACE,3000,3500,0.49
19,64,EXACT_REPLAY,3500,4000,0.502
19,64,ELIGIBILITY_TRACE_NORM_MATCHED,3500,4000,0.472
19,64,NO_TRACE,3500,4000,0.476
19,64,EXACT_REPLAY,4000,4500,0.502
19,64,ELIGIBILITY_TRACE_NORM_MATCHED,4000,4500,0.468
19,64,NO_TRACE,4000,4500,0.458
19,64,EXACT_REPLAY,4500,5000,0.568
19,64,ELIGIBILITY_TRACE_NORM_MATCHED,4500,5000,0.506
19,64,NO_TRACE,4500,5000,0.504
19,64,EXACT_REPLAY,5000,5500,0.518
19,64,ELIGIBILITY_TRACE_NORM_MATCHED,5000,5500,0.482
19,64,NO_TRACE,5000,5500,0.476
19,64,EXACT_REPLAY,5500,6000,0.566
19,64,ELIGIBILITY_TRACE_NORM_MATCHED,5500,6000,0.528
19,64,NO_TRACE,5500,6000,0.534
20,1,EXACT_REPLAY,0,500,0.492
20,1,ELIGIBILITY_TRACE_NORM_MATCHED,0,500,0.492
20,1,NO_TRACE,0,500,0.492
20,1,EXACT_REPLAY,500,1000,0.474
20,1,ELIGIBILITY_TRACE_NORM_MATCHED,500,1000,0.462
20,1,NO_TRACE,500,1000,0.458
20,1,EXACT_REPLAY,1000,1500,0.514
20,1,ELIGIBILITY_TRACE_NORM_MATCHED,1000,1500,0.504
20,1,NO_TRACE,1000,1500,0.508
20,1,EXACT_REPLAY,1500,2000,0.51
20,1,ELIGIBILITY_TRACE_NORM_MATCHED,1500,2000,0.5
20,1,NO_TRACE,1500,2000,0.498
20,1,EXACT_REPLAY,2000,2500,0.536
20,1,ELIGIBILITY_TRACE_NORM_MATCHED,2000,2500,0.526
20,1,NO_TRACE,2000,2500,0.526
20,1,EXACT_REPLAY,2500,3000,0.544
20,1,ELIGIBILITY_TRACE_NORM_MATCHED,2500,3000,0.514
20,1,NO_TRACE,2500,3000,0.518
20,1,EXACT_REPLAY,3000,3500,0.502
20,1,ELIGIBILITY_TRACE_NORM_MATCHED,3000,3500,0.474
20,1,NO_TRACE,3000,3500,0.464
20,1,EXACT_REPLAY,3500,4000,0.532
20,1,ELIGIBILITY_TRACE_NORM_MATCHED,3500,4000,0.516
20,1,NO_TRACE,3500,4000,0.5
20,1,EXACT_REPLAY,4000,4500,0.51
20,1,ELIGIBILITY_TRACE_NORM_MATCHED,4000,4500,0.49
20,1,NO_TRACE,4000,4500,0.482
20,1,EXACT_REPLAY,4500,5000,0.54
20,1,ELIGIBILITY_TRACE_NORM_MATCHED,4500,5000,0.532
20,1,NO_TRACE,4500,5000,0.528
20,1,EXACT_REPLAY,5000,5500,0.506
20,1,ELIGIBILITY_TRACE_NORM_MATCHED,5000,5500,0.46
20,1,NO_TRACE,5000,5500,0.464
20,1,EXACT_REPLAY,5500,6000,0.532
20,1,ELIGIBILITY_TRACE_NORM_MATCHED,5500,6000,0.504
20,1,NO_TRACE,5500,6000,0.512
20,4,EXACT_REPLAY,0,500,0.492
20,4,ELIGIBILITY_TRACE_NORM_MATCHED,0,500,0.492
20,4,NO_TRACE,0,500,0.492
20,4,EXACT_REPLAY,500,1000,0.474
20,4,ELIGIBILITY_TRACE_NORM_MATCHED,500,1000,0.46
20,4,NO_TRACE,500,1000,0.456
20,4,EXACT_REPLAY,1000,1500,0.514
20,4,ELIGIBILITY_TRACE_NORM_MATCHED,1000,1500,0.502
20,4,NO_TRACE,1000,1500,0.502
20,4,EXACT_REPLAY,1500,2000,0.51
20,4,ELIGIBILITY_TRACE_NORM_MATCHED,1500,2000,0.502
20,4,NO_TRACE,1500,2000,0.496
20,4,EXACT_REPLAY,2000,2500,0.534
20,4,ELIGIBILITY_TRACE_NORM_MATCHED,2000,2500,0.524
20,4,NO_TRACE,2000,2500,0.522
20,4,EXACT_REPLAY,2500,3000,0.544
20,4,ELIGIBILITY_TRACE_NORM_MATCHED,2500,3000,0.51
20,4,NO_TRACE,2500,3000,0.506
20,4,EXACT_REPLAY,3000,3500,0.502
20,4,ELIGIBILITY_TRACE_NORM_MATCHED,3000,3500,0.47
20,4,NO_TRACE,3000,3500,0.464
20,4,EXACT_REPLAY,3500,4000,0.532
20,4,ELIGIBILITY_TRACE_NORM_MATCHED,3500,4000,0.516
20,4,NO_TRACE,3500,4000,0.502
20,4,EXACT_REPLAY,4000,4500,0.51
20,4,ELIGIBILITY_TRACE_NORM_MATCHED,4000,4500,0.492
20,4,NO_TRACE,4000,4500,0.486
20,4,EXACT_REPLAY,4500,5000,0.54
20,4,ELIGIBILITY_TRACE_NORM_MATCHED,4500,5000,0.53
20,4,NO_TRACE,4500,5000,0.526
20,4,EXACT_REPLAY,5000,5500,0.506
20,4,ELIGIBILITY_TRACE_NORM_MATCHED,5000,5500,0.456
20,4,NO_TRACE,5000,5500,0.464
20,4,EXACT_REPLAY,5500,6000,0.532
20,4,ELIGIBILITY_TRACE_NORM_MATCHED,5500,6000,0.508
20,4,NO_TRACE,5500,6000,0.494
20,16,EXACT_REPLAY,0,500,0.492
20,16,ELIGIBILITY_TRACE_NORM_MATCHED,0,500,0.49
20,16,NO_TRACE,0,500,0.492
20,16,EXACT_REPLAY,500,1000,0.476
20,16,ELIGIBILITY_TRACE_NORM_MATCHED,500,1000,0.458
20,16,NO_TRACE,500,1000,0.454
20,16,EXACT_REPLAY,1000,1500,0.514
20,16,ELIGIBILITY_TRACE_NORM_MATCHED,1000,1500,0.504
20,16,NO_TRACE,1000,1500,0.5
20,16,EXACT_REPLAY,1500,2000,0.51
20,16,ELIGIBILITY_TRACE_NORM_MATCHED,1500,2000,0.5
20,16,NO_TRACE,1500,2000,0.502
20,16,EXACT_REPLAY,2000,2500,0.534
20,16,ELIGIBILITY_TRACE_NORM_MATCHED,2000,2500,0.526
20,16,NO_TRACE,2000,2500,0.524
20,16,EXACT_REPLAY,2500,3000,0.544
20,16,ELIGIBILITY_TRACE_NORM_MATCHED,2500,3000,0.514
20,16,NO_TRACE,2500,3000,0.51
20,16,EXACT_REPLAY,3000,3500,0.502
20,16,ELIGIBILITY_TRACE_NORM_MATCHED,3000,3500,0.47
20,16,NO_TRACE,3000,3500,0.468
20,16,EXACT_REPLAY,3500,4000,0.532
20,16,ELIGIBILITY_TRACE_NORM_MATCHED,3500,4000,0.51
20,16,NO_TRACE,3500,4000,0.498
20,16,EXACT_REPLAY,4000,4500,0.512
20,16,ELIGIBILITY_TRACE_NORM_MATCHED,4000,4500,0.486
20,16,NO_TRACE,4000,4500,0.484
20,16,EXACT_REPLAY,4500,5000,0.54
20,16,ELIGIBILITY_TRACE_NORM_MATCHED,4500,5000,0.532
20,16,NO_TRACE,4500,5000,0.53
20,16,EXACT_REPLAY,5000,5500,0.502
20,16,ELIGIBILITY_TRACE_NORM_MATCHED,5000,5500,0.462
20,16,NO_TRACE,5000,5500,0.458
20,16,EXACT_REPLAY,5500,6000,0.53
20,16,ELIGIBILITY_TRACE_NORM_MATCHED,5500,6000,0.506
20,16,NO_TRACE,5500,6000,0.502
20,64,EXACT_REPLAY,0,500,0.492
20,64,ELIGIBILITY_TRACE_NORM_MATCHED,0,500,0.49
20,64,NO_TRACE,0,500,0.488
20,64,EXACT_REPLAY,500,1000,0.474
20,64,ELIGIBILITY_TRACE_NORM_MATCHED,500,1000,0.458
20,64,NO_TRACE,500,1000,0.454
20,64,EXACT_REPLAY,1000,1500,0.512
20,64,ELIGIBILITY_TRACE_NORM_MATCHED,1000,1500,0.5
20,64,NO_TRACE,1000,1500,0.502
20,64,EXACT_REPLAY,1500,2000,0.51
20,64,ELIGIBILITY_TRACE_NORM_MATCHED,1500,2000,0.504
20,64,NO_TRACE,1500,2000,0.498
20,64,EXACT_REPLAY,2000,2500,0.534
20,64,ELIGIBILITY_TRACE_NORM_MATCHED,2000,2500,0.524
20,64,NO_TRACE,2000,2500,0.524
20,64,EXACT_REPLAY,2500,3000,0.544
20,64,ELIGIBILITY_TRACE_NORM_MATCHED,2500,3000,0.526
20,64,NO_TRACE,2500,3000,0.51
20,64,EXACT_REPLAY,3000,3500,0.504
20,64,ELIGIBILITY_TRACE_NORM_MATCHED,3000,3500,0.47
20,64,NO_TRACE,3000,3500,0.468
20,64,EXACT_REPLAY,3500,4000,0.536
20,64,ELIGIBILITY_TRACE_NORM_MATCHED,3500,4000,0.516
20,64,NO_TRACE,3500,4000,0.518
20,64,EXACT_REPLAY,4000,4500,0.508
20,64,ELIGIBILITY_TRACE_NORM_MATCHED,4000,4500,0.492
20,64,NO_TRACE,4000,4500,0.494
20,64,EXACT_REPLAY,4500,5000,0.54
20,64,ELIGIBILITY_TRACE_NORM_MATCHED,4500,5000,0.526
20,64,NO_TRACE,4500,5000,0.522
20,64,EXACT_REPLAY,5000,5500,0.504
20,64,ELIGIBILITY_TRACE_NORM_MATCHED,5000,5500,0.462
20,64,NO_TRACE,5000,5500,0.466
20,64,EXACT_REPLAY,5500,6000,0.53
20,64,ELIGIBILITY_TRACE_NORM_MATCHED,5500,6000,0.508
20,64,NO_TRACE,5500,6000,0.502
21,1,EXACT_REPLAY,0,500,0.484
21,1,ELIGIBILITY_TRACE_NORM_MATCHED,0,500,0.48
21,1,NO_TRACE,0,500,0.482
21,1,EXACT_REPLAY,500,1000,0.502
21,1,ELIGIBILITY_TRACE_NORM_MATCHED,500,1000,0.492
21,1,NO_TRACE,500,1000,0.492
21,1,EXACT_REPLAY,1000,1500,0.516
21,1,ELIGIBILITY_TRACE_NORM_MATCHED,1000,1500,0.506
21,1,NO_TRACE,1000,1500,0.506
21,1,EXACT_REPLAY,1500,2000,0.518
21,1,ELIGIBILITY_TRACE_NORM_MATCHED,1500,2000,0.506
21,1,NO_TRACE,1500,2000,0.5
21,1,EXACT_REPLAY,2000,2500,0.536
21,1,ELIGIBILITY_TRACE_NORM_MATCHED,2000,2500,0.518
21,1,NO_TRACE,2000,2500,0.514
21,1,EXACT_REPLAY,2500,3000,0.534
21,1,ELIGIBILITY_TRACE_NORM_MATCHED,2500,3000,0.5
21,1,NO_TRACE,2500,3000,0.494
21,1,EXACT_REPLAY,3000,3500,0.514
21,1,ELIGIBILITY_TRACE_NORM_MATCHED,3000,3500,0.488
21,1,NO_TRACE,3000,3500,0.478
21,1,EXACT_REPLAY,3500,4000,0.534
21,1,ELIGIBILITY_TRACE_NORM_MATCHED,3500,4000,0.494
21,1,NO_TRACE,3500,4000,0.486
21,1,EXACT_REPLAY,4000,4500,0.502
21,1,ELIGIBILITY_TRACE_NORM_MATCHED,4000,4500,0.474
21,1,NO_TRACE,4000,4500,0.464
21,1,EXACT_REPLAY,4500,5000,0.548
21,1,ELIGIBILITY_TRACE_NORM_MATCHED,4500,5000,0.502
21,1,NO_TRACE,4500,5000,0.496
21,1,EXACT_REPLAY,5000,5500,0.562
21,1,ELIGIBILITY_TRACE_NORM_MATCHED,5000,5500,0.522
21,1,NO_TRACE,5000,5500,0.514
21,1,EXACT_REPLAY,5500,6000,0.546
21,1,ELIGIBILITY_TRACE_NORM_MATCHED,5500,6000,0.498
21,1,NO_TRACE,5500,6000,0.486
21,4,EXACT_REPLAY,0,500,0.484
21,4,ELIGIBILITY_TRACE_NORM_MATCHED,0,500,0.48
21,4,NO_TRACE,0,500,0.48
21,4,EXACT_REPLAY,500,1000,0.502
21,4,ELIGIBILITY_TRACE_NORM_MATCHED,500,1000,0.492
21,4,NO_TRACE,500,1000,0.494
21,4,EXACT_REPLAY,1000,1500,0.516
21,4,ELIGIBILITY_TRACE_NORM_MATCHED,1000,1500,0.508
21,4,NO_TRACE,1000,1500,0.504
21,4,EXACT_REPLAY,1500,2000,0.518
21,4,ELIGIBILITY_TRACE_NORM_MATCHED,1500,2000,0.506
21,4,NO_TRACE,1500,2000,0.498
21,4,EXACT_REPLAY,2000,2500,0.536
21,4,ELIGIBILITY_TRACE_NORM_MATCHED,2000,2500,0.512
21,4,NO_TRACE,2000,2500,0.512
21,4,EXACT_REPLAY,2500,3000,0.534
21,4,ELIGIBILITY_TRACE_NORM_MATCHED,2500,3000,0.5
21,4,NO_TRACE,2500,3000,0.498
21,4,EXACT_REPLAY,3000,3500,0.514
21,4,ELIGIBILITY_TRACE_NORM_MATCHED,3000,3500,0.486
21,4,NO_TRACE,3000,3500,0.472
21,4,EXACT_REPLAY,3500,4000,0.534
21,4,ELIGIBILITY_TRACE_NORM_MATCHED,3500,4000,0.492
21,4,NO_TRACE,3500,4000,0.486
21,4,EXACT_REPLAY,4000,4500,0.502
21,4,ELIGIBILITY_TRACE_NORM_MATCHED,4000,4500,0.474
21,4,NO_TRACE,4000,4500,0.476
21,4,EXACT_REPLAY,4500,5000,0.544
21,4,ELIGIBILITY_TRACE_NORM_MATCHED,4500,5000,0.51
21,4,NO_TRACE,4500,5000,0.5
21,4,EXACT_REPLAY,5000,5500,0.562
21,4,ELIGIBILITY_TRACE_NORM_MATCHED,5000,5500,0.522
21,4,NO_TRACE,5000,5500,0.518
21,4,EXACT_REPLAY,5500,6000,0.546
21,4,ELIGIBILITY_TRACE_NORM_MATCHED,5500,6000,0.496
21,4,NO_TRACE,5500,6000,0.488
21,16,EXACT_REPLAY,0,500,0.484
21,16,ELIGIBILITY_TRACE_NORM_MATCHED,0,500,0.48
21,16,NO_TRACE,0,500,0.482
21,16,EXACT_REPLAY,500,1000,0.502
21,16,ELIGIBILITY_TRACE_NORM_MATCHED,500,1000,0.496
21,16,NO_TRACE,500,1000,0.492
21,16,EXACT_REPLAY,1000,1500,0.516
21,16,ELIGIBILITY_TRACE_NORM_MATCHED,1000,1500,0.504
21,16,NO_TRACE,1000,1500,0.51
21,16,EXACT_REPLAY,1500,2000,0.518
21,16,ELIGIBILITY_TRACE_NORM_MATCHED,1500,2000,0.504
21,16,NO_TRACE,1500,2000,0.506
21,16,EXACT_REPLAY,2000,2500,0.536
21,16,ELIGIBILITY_TRACE_NORM_MATCHED,2000,2500,0.518
21,16,NO_TRACE,2000,2500,0.516
21,16,EXACT_REPLAY,2500,3000,0.534
21,16,ELIGIBILITY_TRACE_NORM_MATCHED,2500,3000,0.502
21,16,NO_TRACE,2500,3000,0.492
21,16,EXACT_REPLAY,3000,3500,0.514
21,16,ELIGIBILITY_TRACE_NORM_MATCHED,3000,3500,0.486
21,16,NO_TRACE,3000,3500,0.478
21,16,EXACT_REPLAY,3500,4000,0.534
21,16,ELIGIBILITY_TRACE_NORM_MATCHED,3500,4000,0.494
21,16,NO_TRACE,3500,4000,0.494
21,16,EXACT_REPLAY,4000,4500,0.504
21,16,ELIGIBILITY_TRACE_NORM_MATCHED,4000,4500,0.472
21,16,NO_TRACE,4000,4500,0.476
21,16,EXACT_REPLAY,4500,5000,0.546
21,16,ELIGIBILITY_TRACE_NORM_MATCHED,4500,5000,0.502
21,16,NO_TRACE,4500,5000,0.488
21,16,EXACT_REPLAY,5000,5500,0.564
21,16,ELIGIBILITY_TRACE_NORM_MATCHED,5000,5500,0.518
21,16,NO_TRACE,5000,5500,0.514
21,16,EXACT_REPLAY,5500,6000,0.546
21,16,ELIGIBILITY_TRACE_NORM_MATCHED,5500,6000,0.492
21,16,NO_TRACE,5500,6000,0.488
21,64,EXACT_REPLAY,0,500,0.484
21,64,ELIGIBILITY_TRACE_NORM_MATCHED,0,500,0.484
21,64,NO_TRACE,0,500,0.484
21,64,EXACT_REPLAY,500,1000,0.502
21,64,ELIGIBILITY_TRACE_NORM_MATCHED,500,1000,0.502
21,64,NO_TRACE,500,1000,0.496
21,64,EXACT_REPLAY,1000,1500,0.516
21,64,ELIGIBILITY_TRACE_NORM_MATCHED,1000,1500,0.504
21,64,NO_TRACE,1000,1500,0.506
21,64,EXACT_REPLAY,1500,2000,0.516
21,64,ELIGIBILITY_TRACE_NORM_MATCHED,1500,2000,0.504
21,64,NO_TRACE,1500,2000,0.504
21,64,EXACT_REPLAY,2000,2500,0.534
21,64,ELIGIBILITY_TRACE_NORM_MATCHED,2000,2500,0.518
21,64,NO_TRACE,2000,2500,0.518
21,64,EXACT_REPLAY,2500,3000,0.534
21,64,ELIGIBILITY_TRACE_NORM_MATCHED,2500,3000,0.504
21,64,NO_TRACE,2500,3000,0.502
21,64,EXACT_REPLAY,3000,3500,0.51
21,64,ELIGIBILITY_TRACE_NORM_MATCHED,3000,3500,0.484
21,64,NO_TRACE,3000,3500,0.494
21,64,EXACT_REPLAY,3500,4000,0.534
21,64,ELIGIBILITY_TRACE_NORM_MATCHED,3500,4000,0.492
21,64,NO_TRACE,3500,4000,0.496
21,64,EXACT_REPLAY,4000,4500,0.504
21,64,ELIGIBILITY_TRACE_NORM_MATCHED,4000,4500,0.472
21,64,NO_TRACE,4000,4500,0.472
21,64,EXACT_REPLAY,4500,5000,0.548
21,64,ELIGIBILITY_TRACE_NORM_MATCHED,4500,5000,0.508
21,64,NO_TRACE,4500,5000,0.504
21,64,EXACT_REPLAY,5000,5500,0.564
21,64,ELIGIBILITY_TRACE_NORM_MATCHED,5000,5500,0.516
21,64,NO_TRACE,5000,5500,0.514
21,64,EXACT_REPLAY,5500,6000,0.548
21,64,ELIGIBILITY_TRACE_NORM_MATCHED,5500,6000,0.496
21,64,NO_TRACE,5500,6000,0.502
22,1,EXACT_REPLAY,0,500,0.502
22,1,ELIGIBILITY_TRACE_NORM_MATCHED,0,500,0.502
22,1,NO_TRACE,0,500,0.504
22,1,EXACT_REPLAY,500,1000,0.506
22,1,ELIGIBILITY_TRACE_NORM_MATCHED,500,1000,0.488
22,1,NO_TRACE,500,1000,0.496
22,1,EXACT_REPLAY,1000,1500,0.498
22,1,ELIGIBILITY_TRACE_NORM_MATCHED,1000,1500,0.488
22,1,NO_TRACE,1000,1500,0.482
22,1,EXACT_REPLAY,1500,2000,0.468
22,1,ELIGIBILITY_TRACE_NORM_MATCHED,1500,2000,0.458
22,1,NO_TRACE,1500,2000,0.456
22,1,EXACT_REPLAY,2000,2500,0.528
22,1,ELIGIBILITY_TRACE_NORM_MATCHED,2000,2500,0.498
22,1,NO_TRACE,2000,2500,0.492
22,1,EXACT_REPLAY,2500,3000,0.556
22,1,ELIGIBILITY_TRACE_NORM_MATCHED,2500,3000,0.538
22,1,NO_TRACE,2500,3000,0.536
22,1,EXACT_REPLAY,3000,3500,0.554
22,1,ELIGIBILITY_TRACE_NORM_MATCHED,3000,3500,0.532
22,1,NO_TRACE,3000,3500,0.52
22,1,EXACT_REPLAY,3500,4000,0.578
22,1,ELIGIBILITY_TRACE_NORM_MATCHED,3500,4000,0.534
22,1,NO_TRACE,3500,4000,0.526
22,1,EXACT_REPLAY,4000,4500,0.568
22,1,ELIGIBILITY_TRACE_NORM_MATCHED,4000,4500,0.52
22,1,NO_TRACE,4000,4500,0.514
22,1,EXACT_REPLAY,4500,5000,0.558
22,1,ELIGIBILITY_TRACE_NORM_MATCHED,4500,5000,0.52
22,1,NO_TRACE,4500,5000,0.516
22,1,EXACT_REPLAY,5000,5500,0.598
22,1,ELIGIBILITY_TRACE_NORM_MATCHED,5000,5500,0.536
22,1,NO_TRACE,5000,5500,0.526
22,1,EXACT_REPLAY,5500,6000,0.616
22,1,ELIGIBILITY_TRACE_NORM_MATCHED,5500,6000,0.564
22,1,NO_TRACE,5500,6000,0.552
22,4,EXACT_REPLAY,0,500,0.502
22,4,ELIGIBILITY_TRACE_NORM_MATCHED,0,500,0.502
22,4,NO_TRACE,0,500,0.498
22,4,EXACT_REPLAY,500,1000,0.506
22,4,ELIGIBILITY_TRACE_NORM_MATCHED,500,1000,0.49
22,4,NO_TRACE,500,1000,0.492
22,4,EXACT_REPLAY,1000,1500,0.498
22,4,ELIGIBILITY_TRACE_NORM_MATCHED,1000,1500,0.486
22,4,NO_TRACE,1000,1500,0.488
22,4,EXACT_REPLAY,1500,2000,0.468
22,4,ELIGIBILITY_TRACE_NORM_MATCHED,1500,2000,0.458
22,4,NO_TRACE,1500,2000,0.456
22,4,EXACT_REPLAY,2000,2500,0.528
22,4,ELIGIBILITY_TRACE_NORM_MATCHED,2000,2500,0.5
22,4,NO_TRACE,2000,2500,0.5
22,4,EXACT_REPLAY,2500,3000,0.556
22,4,ELIGIBILITY_TRACE_NORM_MATCHED,2500,3000,0.536
22,4,NO_TRACE,2500,3000,0.53
22,4,EXACT_REPLAY,3000,3500,0.556
22,4,ELIGIBILITY_TRACE_NORM_MATCHED,3000,3500,0.524
22,4,NO_TRACE,3000,3500,0.518
22,4,EXACT_REPLAY,3500,4000,0.578
22,4,ELIGIBILITY_TRACE_NORM_MATCHED,3500,4000,0.534
22,4,NO_TRACE,3500,4000,0.522
22,4,EXACT_REPLAY,4000,4500,0.57
22,4,ELIGIBILITY_TRACE_NORM_MATCHED,4000,4500,0.518
22,4,NO_TRACE,4000,4500,0.516
22,4,EXACT_REPLAY,4500,5000,0.558
22,4,ELIGIBILITY_TRACE_NORM_MATCHED,4500,5000,0.516
22,4,NO_TRACE,4500,5000,0.51
22,4,EXACT_REPLAY,5000,5500,0.598
22,4,ELIGIBILITY_TRACE_NORM_MATCHED,5000,5500,0.54
22,4,NO_TRACE,5000,5500,0.524
22,4,EXACT_REPLAY,5500,6000,0.614
22,4,ELIGIBILITY_TRACE_NORM_MATCHED,5500,6000,0.56
22,4,NO_TRACE,5500,6000,0.548
22,16,EXACT_REPLAY,0,500,0.502
22,16,ELIGIBILITY_TRACE_NORM_MATCHED,0,500,0.5
22,16,NO_TRACE,0,500,0.502
22,16,EXACT_REPLAY,500,1000,0.506
22,16,ELIGIBILITY_TRACE_NORM_MATCHED,500,1000,0.492
22,16,NO_TRACE,500,1000,0.492
22,16,EXACT_REPLAY,1000,1500,0.498
22,16,ELIGIBILITY_TRACE_NORM_MATCHED,1000,1500,0.486
22,16,NO_TRACE,1000,1500,0.484
22,16,EXACT_REPLAY,1500,2000,0.468
22,16,ELIGIBILITY_TRACE_NORM_MATCHED,1500,2000,0.456
22,16,NO_TRACE,1500,2000,0.442
22,16,EXACT_REPLAY,2000,2500,0.528
22,16,ELIGIBILITY_TRACE_NORM_MATCHED,2000,2500,0.502
22,16,NO_TRACE,2000,2500,0.492
22,16,EXACT_REPLAY,2500,3000,0.556
22,16,ELIGIBILITY_TRACE_NORM_MATCHED,2500,3000,0.534
22,16,NO_TRACE,2500,3000,0.518
22,16,EXACT_REPLAY,3000,3500,0.556
22,16,ELIGIBILITY_TRACE_NORM_MATCHED,3000,3500,0.526
22,16,NO_TRACE,3000,3500,0.514
22,16,EXACT_REPLAY,3500,4000,0.578
22,16,ELIGIBILITY_TRACE_NORM_MATCHED,3500,4000,0.534
22,16,NO_TRACE,3500,4000,0.518
22,16,EXACT_REPLAY,4000,4500,0.57
22,16,ELIGIBILITY_TRACE_NORM_MATCHED,4000,4500,0.522
22,16,NO_TRACE,4000,4500,0.508
22,16,EXACT_REPLAY,4500,5000,0.558
22,16,ELIGIBILITY_TRACE_NORM_MATCHED,4500,5000,0.514
22,16,NO_TRACE,4500,5000,0.504
22,16,EXACT_REPLAY,5000,5500,0.598
22,16,ELIGIBILITY_TRACE_NORM_MATCHED,5000,5500,0.536
22,16,NO_TRACE,5000,5500,0.514
22,16,EXACT_REPLAY,5500,6000,0.616
22,16,ELIGIBILITY_TRACE_NORM_MATCHED,5500,6000,0.568
22,16,NO_TRACE,5500,6000,0.542
22,64,EXACT_REPLAY,0,500,0.502
22,64,ELIGIBILITY_TRACE_NORM_MATCHED,0,500,0.5
22,64,NO_TRACE,0,500,0.502
22,64,EXACT_REPLAY,500,1000,0.506
22,64,ELIGIBILITY_TRACE_NORM_MATCHED,500,1000,0.492
22,64,NO_TRACE,500,1000,0.494
22,64,EXACT_REPLAY,1000,1500,0.498
22,64,ELIGIBILITY_TRACE_NORM_MATCHED,1000,1500,0.488
22,64,NO_TRACE,1000,1500,0.488
22,64,EXACT_REPLAY,1500,2000,0.47
22,64,ELIGIBILITY_TRACE_NORM_MATCHED,1500,2000,0.454
22,64,NO_TRACE,1500,2000,0.454
22,64,EXACT_REPLAY,2000,2500,0.526
22,64,ELIGIBILITY_TRACE_NORM_MATCHED,2000,2500,0.496
22,64,NO_TRACE,2000,2500,0.498
22,64,EXACT_REPLAY,2500,3000,0.556
22,64,ELIGIBILITY_TRACE_NORM_MATCHED,2500,3000,0.53
22,64,NO_TRACE,2500,3000,0.528
22,64,EXACT_REPLAY,3000,3500,0.556
22,64,ELIGIBILITY_TRACE_NORM_MATCHED,3000,3500,0.526
22,64,NO_TRACE,3000,3500,0.524
22,64,EXACT_REPLAY,3500,4000,0.578
22,64,ELIGIBILITY_TRACE_NORM_MATCHED,3500,4000,0.526
22,64,NO_TRACE,3500,4000,0.524
22,64,EXACT_REPLAY,4000,4500,0.57
22,64,ELIGIBILITY_TRACE_NORM_MATCHED,4000,4500,0.516
22,64,NO_TRACE,4000,4500,0.508
22,64,EXACT_REPLAY,4500,5000,0.556
22,64,ELIGIBILITY_TRACE_NORM_MATCHED,4500,5000,0.514
22,64,NO_TRACE,4500,5000,0.506
22,64,EXACT_REPLAY,5000,5500,0.6
22,64,ELIGIBILITY_TRACE_NORM_MATCHED,5000,5500,0.532
22,64,NO_TRACE,5000,5500,0.524
22,64,EXACT_REPLAY,5500,6000,0.616
22,64,ELIGIBILITY_TRACE_NORM_MATCHED,5500,6000,0.56
22,64,NO_TRACE,5500,6000,0.55
23,1,EXACT_REPLAY,0,500,0.524
23,1,ELIGIBILITY_TRACE_NORM_MATCHED,0,500,0.518
23,1,NO_TRACE,0,500,0.516
23,1,EXACT_REPLAY,500,1000,0.516
23,1,ELIGIBILITY_TRACE_NORM_MATCHED,500,1000,0.508
23,1,NO_TRACE,500,1000,0.512
23,1,EXACT_REPLAY,1000,1500,0.55
23,1,ELIGIBILITY_TRACE_NORM_MATCHED,1000,1500,0.538
23,1,NO_TRACE,1000,1500,0.542
23,1,EXACT_REPLAY,1500,2000,0.474
23,1,ELIGIBILITY_TRACE_NORM_MATCHED,1500,2000,0.46
23,1,NO_TRACE,1500,2000,0.464
23,1,EXACT_REPLAY,2000,2500,0.522
23,1,ELIGIBILITY_TRACE_NORM_MATCHED,2000,2500,0.496
23,1,NO_TRACE,2000,2500,0.492
23,1,EXACT_REPLAY,2500,3000,0.478
23,1,ELIGIBILITY_TRACE_NORM_MATCHED,2500,3000,0.462
23,1,NO_TRACE,2500,3000,0.458
23,1,EXACT_REPLAY,3000,3500,0.552
23,1,ELIGIBILITY_TRACE_NORM_MATCHED,3000,3500,0.528
23,1,NO_TRACE,3000,3500,0.526
23,1,EXACT_REPLAY,3500,4000,0.522
23,1,ELIGIBILITY_TRACE_NORM_MATCHED,3500,4000,0.498
23,1,NO_TRACE,3500,4000,0.484
23,1,EXACT_REPLAY,4000,4500,0.526
23,1,ELIGIBILITY_TRACE_NORM_MATCHED,4000,4500,0.5
23,1,NO_TRACE,4000,4500,0.488
23,1,EXACT_REPLAY,4500,5000,0.592
23,1,ELIGIBILITY_TRACE_NORM_MATCHED,4500,5000,0.538
23,1,NO_TRACE,4500,5000,0.53
23,1,EXACT_REPLAY,5000,5500,0.56
23,1,ELIGIBILITY_TRACE_NORM_MATCHED,5000,5500,0.516
23,1,NO_TRACE,5000,5500,0.516
23,1,EXACT_REPLAY,5500,6000,0.558
23,1,ELIGIBILITY_TRACE_NORM_MATCHED,5500,6000,0.52
23,1,NO_TRACE,5500,6000,0.512
23,4,EXACT_REPLAY,0,500,0.524
23,4,ELIGIBILITY_TRACE_NORM_MATCHED,0,500,0.518
23,4,NO_TRACE,0,500,0.518
23,4,EXACT_REPLAY,500,1000,0.516
23,4,ELIGIBILITY_TRACE_NORM_MATCHED,500,1000,0.508
23,4,NO_TRACE,500,1000,0.508
23,4,EXACT_REPLAY,1000,1500,0.55
23,4,ELIGIBILITY_TRACE_NORM_MATCHED,1000,1500,0.538
23,4,NO_TRACE,1000,1500,0.538
23,4,EXACT_REPLAY,1500,2000,0.474
23,4,ELIGIBILITY_TRACE_NORM_MATCHED,1500,2000,0.46
23,4,NO_TRACE,1500,2000,0.458
23,4,EXACT_REPLAY,2000,2500,0.522
23,4,ELIGIBILITY_TRACE_NORM_MATCHED,2000,2500,0.496
23,4,NO_TRACE,2000,2500,0.49
23,4,EXACT_REPLAY,2500,3000,0.478
23,4,ELIGIBILITY_TRACE_NORM_MATCHED,2500,3000,0.456
23,4,NO_TRACE,2500,3000,0.458
23,4,EXACT_REPLAY,3000,3500,0.552
23,4,ELIGIBILITY_TRACE_NORM_MATCHED,3000,3500,0.526
23,4,NO_TRACE,3000,3500,0.522
23,4,EXACT_REPLAY,3500,4000,0.522
23,4,ELIGIBILITY_TRACE_NORM_MATCHED,3500,4000,0.496
23,4,NO_TRACE,3500,4000,0.478
23,4,EXACT_REPLAY,4000,4500,0.526
23,4,ELIGIBILITY_TRACE_NORM_MATCHED,4000,4500,0.502
23,4,NO_TRACE,4000,4500,0.494
23,4,EXACT_REPLAY,4500,5000,0.594
23,4,ELIGIBILITY_TRACE_NORM_MATCHED,4500,5000,0.534
23,4,NO_TRACE,4500,5000,0.526
23,4,EXACT_REPLAY,5000,5500,0.56
23,4,ELIGIBILITY_TRACE_NORM_MATCHED,5000,5500,0.518
23,4,NO_TRACE,5000,5500,0.518
23,4,EXACT_REPLAY,5500,6000,0.562
23,4,ELIGIBILITY_TRACE_NORM_MATCHED,5500,6000,0.518
23,4,NO_TRACE,5500,6000,0.506
23,16,EXACT_REPLAY,0,500,0.524
23,16,ELIGIBILITY_TRACE_NORM_MATCHED,0,500,0.518
23,16,NO_TRACE,0,500,0.516
23,16,EXACT_REPLAY,500,1000,0.516
23,16,ELIGIBILITY_TRACE_NORM_MATCHED,500,1000,0.51
23,16,NO_TRACE,500,1000,0.508
23,16,EXACT_REPLAY,1000,1500,0.55
23,16,ELIGIBILITY_TRACE_NORM_MATCHED,1000,1500,0.536
23,16,NO_TRACE,1000,1500,0.538
23,16,EXACT_REPLAY,1500,2000,0.476
23,16,ELIGIBILITY_TRACE_NORM_MATCHED,1500,2000,0.464
23,16,NO_TRACE,1500,2000,0.456
23,16,EXACT_REPLAY,2000,2500,0.522
23,16,ELIGIBILITY_TRACE_NORM_MATCHED,2000,2500,0.498
23,16,NO_TRACE,2000,2500,0.49
23,16,EXACT_REPLAY,2500,3000,0.478
23,16,ELIGIBILITY_TRACE_NORM_MATCHED,2500,3000,0.456
23,16,NO_TRACE,2500,3000,0.456
23,16,EXACT_REPLAY,3000,3500,0.552
23,16,ELIGIBILITY_TRACE_NORM_MATCHED,3000,3500,0.528
23,16,NO_TRACE,3000,3500,0.522
23,16,EXACT_REPLAY,3500,4000,0.522
23,16,ELIGIBILITY_TRACE_NORM_MATCHED,3500,4000,0.49
23,16,NO_TRACE,3500,4000,0.482
23,16,EXACT_REPLAY,4000,4500,0.526
23,16,ELIGIBILITY_TRACE_NORM_MATCHED,4000,4500,0.494
23,16,NO_TRACE,4000,4500,0.49
23,16,EXACT_REPLAY,4500,5000,0.592
23,16,ELIGIBILITY_TRACE_NORM_MATCHED,4500,5000,0.536
23,16,NO_TRACE,4500,5000,0.524
23,16,EXACT_REPLAY,5000,5500,0.56
23,16,ELIGIBILITY_TRACE_NORM_MATCHED,5000,5500,0.516
23,16,NO_TRACE,5000,5500,0.514
23,16,EXACT_REPLAY,5500,6000,0.562
23,16,ELIGIBILITY_TRACE_NORM_MATCHED,5500,6000,0.51
23,16,NO_TRACE,5500,6000,0.506
23,64,EXACT_REPLAY,0,500,0.524
23,64,ELIGIBILITY_TRACE_NORM_MATCHED,0,500,0.522
23,64,NO_TRACE,0,500,0.524
23,64,EXACT_REPLAY,500,1000,0.516
23,64,ELIGIBILITY_TRACE_NORM_MATCHED,500,1000,0.512
23,64,NO_TRACE,500,1000,0.508
23,64,EXACT_REPLAY,1000,1500,0.55
23,64,ELIGIBILITY_TRACE_NORM_MATCHED,1000,1500,0.536
23,64,NO_TRACE,1000,1500,0.538
23,64,EXACT_REPLAY,1500,2000,0.476
23,64,ELIGIBILITY_TRACE_NORM_MATCHED,1500,2000,0.468
23,64,NO_TRACE,1500,2000,0.46
23,64,EXACT_REPLAY,2000,2500,0.522
23,64,ELIGIBILITY_TRACE_NORM_MATCHED,2000,2500,0.492
23,64,NO_TRACE,2000,2500,0.49
23,64,EXACT_REPLAY,2500,3000,0.476
23,64,ELIGIBILITY_TRACE_NORM_MATCHED,2500,3000,0.456
23,64,NO_TRACE,2500,3000,0.458
23,64,EXACT_REPLAY,3000,3500,0.55
23,64,ELIGIBILITY_TRACE_NORM_MATCHED,3000,3500,0.524
23,64,NO_TRACE,3000,3500,0.518
23,64,EXACT_REPLAY,3500,4000,0.522
23,64,ELIGIBILITY_TRACE_NORM_MATCHED,3500,4000,0.482
23,64,NO_TRACE,3500,4000,0.482
23,64,EXACT_REPLAY,4000,4500,0.526
23,64,ELIGIBILITY_TRACE_NORM_MATCHED,4000,4500,0.488
23,64,NO_TRACE,4000,4500,0.488
23,64,EXACT_REPLAY,4500,5000,0.592
23,64,ELIGIBILITY_TRACE_NORM_MATCHED,4500,5000,0.526
23,64,NO_TRACE,4500,5000,0.522
23,64,EXACT_REPLAY,5000,5500,0.56
23,64,ELIGIBILITY_TRACE_NORM_MATCHED,5000,5500,0.52
23,64,NO_TRACE,5000,5500,0.508
23,64,EXACT_REPLAY,5500,6000,0.562
23,64,ELIGIBILITY_TRACE_NORM_MATCHED,5500,6000,0.506
23,64,NO_TRACE,5500,6000,0.51
24,1,EXACT_REPLAY,0,500,0.484
24,1,ELIGIBILITY_TRACE_NORM_MATCHED,0,500,0.48
24,1,NO_TRACE,0,500,0.48
24,1,EXACT_REPLAY,500,1000,0.508
24,1,ELIGIBILITY_TRACE_NORM_MATCHED,500,1000,0.5
24,1,NO_TRACE,500,1000,0.498
24,1,EXACT_REPLAY,1000,1500,0.53
24,1,ELIGIBILITY_TRACE_NORM_MATCHED,1000,1500,0.532
24,1,NO_TRACE,1000,1500,0.528
24,1,EXACT_REPLAY,1500,2000,0.494
24,1,ELIGIBILITY_TRACE_NORM_MATCHED,1500,2000,0.474
24,1,NO_TRACE,1500,2000,0.48
24,1,EXACT_REPLAY,2000,2500,0.512
24,1,ELIGIBILITY_TRACE_NORM_MATCHED,2000,2500,0.5
24,1,NO_TRACE,2000,2500,0.494
24,1,EXACT_REPLAY,2500,3000,0.528
24,1,ELIGIBILITY_TRACE_NORM_MATCHED,2500,3000,0.502
24,1,NO_TRACE,2500,3000,0.494
24,1,EXACT_REPLAY,3000,3500,0.514
24,1,ELIGIBILITY_TRACE_NORM_MATCHED,3000,3500,0.5
24,1,NO_TRACE,3000,3500,0.504
24,1,EXACT_REPLAY,3500,4000,0.544
24,1,ELIGIBILITY_TRACE_NORM_MATCHED,3500,4000,0.518
24,1,NO_TRACE,3500,4000,0.506
24,1,EXACT_REPLAY,4000,4500,0.512
24,1,ELIGIBILITY_TRACE_NORM_MATCHED,4000,4500,0.488
24,1,NO_TRACE,4000,4500,0.488
24,1,EXACT_REPLAY,4500,5000,0.542
24,1,ELIGIBILITY_TRACE_NORM_MATCHED,4500,5000,0.496
24,1,NO_TRACE,4500,5000,0.488
24,1,EXACT_REPLAY,5000,5500,0.542
24,1,ELIGIBILITY_TRACE_NORM_MATCHED,5000,5500,0.512
24,1,NO_TRACE,5000,5500,0.496
24,1,EXACT_REPLAY,5500,6000,0.54
24,1,ELIGIBILITY_TRACE_NORM_MATCHED,5500,6000,0.492
24,1,NO_TRACE,5500,6000,0.486
24,4,EXACT_REPLAY,0,500,0.484
24,4,ELIGIBILITY_TRACE_NORM_MATCHED,0,500,0.482
24,4,NO_TRACE,0,500,0.482
24,4,EXACT_REPLAY,500,1000,0.51
24,4,ELIGIBILITY_TRACE_NORM_MATCHED,500,1000,0.5
24,4,NO_TRACE,500,1000,0.502
24,4,EXACT_REPLAY,1000,1500,0.53
24,4,ELIGIBILITY_TRACE_NORM_MATCHED,1000,1500,0.532
24,4,NO_TRACE,1000,1500,0.53
24,4,EXACT_REPLAY,1500,2000,0.494
24,4,ELIGIBILITY_TRACE_NORM_MATCHED,1500,2000,0.476
24,4,NO_TRACE,1500,2000,0.482
24,4,EXACT_REPLAY,2000,2500,0.512
24,4,ELIGIBILITY_TRACE_NORM_MATCHED,2000,2500,0.5
24,4,NO_TRACE,2000,2500,0.498
24,4,EXACT_REPLAY,2500,3000,0.528
24,4,ELIGIBILITY_TRACE_NORM_MATCHED,2500,3000,0.504
24,4,NO_TRACE,2500,3000,0.502
24,4,EXACT_REPLAY,3000,3500,0.514
24,4,ELIGIBILITY_TRACE_NORM_MATCHED,3000,3500,0.5
24,4,NO_TRACE,3000,3500,0.502
24,4,EXACT_REPLAY,3500,4000,0.546
24,4,ELIGIBILITY_TRACE_NORM_MATCHED,3500,4000,0.516
24,4,NO_TRACE,3500,4000,0.51
24,4,EXACT_REPLAY,4000,4500,0.514
24,4,ELIGIBILITY_TRACE_NORM_MATCHED,4000,4500,0.488
24,4,NO_TRACE,4000,4500,0.484
24,4,EXACT_REPLAY,4500,5000,0.542
24,4,ELIGIBILITY_TRACE_NORM_MATCHED,4500,5000,0.498
24,4,NO_TRACE,4500,5000,0.49
24,4,EXACT_REPLAY,5000,5500,0.542
24,4,ELIGIBILITY_TRACE_NORM_MATCHED,5000,5500,0.516
24,4,NO_TRACE,5000,5500,0.494
24,4,EXACT_REPLAY,5500,6000,0.54
24,4,ELIGIBILITY_TRACE_NORM_MATCHED,5500,6000,0.502
24,4,NO_TRACE,5500,6000,0.486
24,16,EXACT_REPLAY,0,500,0.484
24,16,ELIGIBILITY_TRACE_NORM_MATCHED,0,500,0.48
24,16,NO_TRACE,0,500,0.48
24,16,EXACT_REPLAY,500,1000,0.51
24,16,ELIGIBILITY_TRACE_NORM_MATCHED,500,1000,0.5
24,16,NO_TRACE,500,1000,0.498
24,16,EXACT_REPLAY,1000,1500,0.53
24,16,ELIGIBILITY_TRACE_NORM_MATCHED,1000,1500,0.526
24,16,NO_TRACE,1000,1500,0.53
24,16,EXACT_REPLAY,1500,2000,0.494
24,16,ELIGIBILITY_TRACE_NORM_MATCHED,1500,2000,0.478
24,16,NO_TRACE,1500,2000,0.486
24,16,EXACT_REPLAY,2000,2500,0.512
24,16,ELIGIBILITY_TRACE_NORM_MATCHED,2000,2500,0.494
24,16,NO_TRACE,2000,2500,0.49
24,16,EXACT_REPLAY,2500,3000,0.528
24,16,ELIGIBILITY_TRACE_NORM_MATCHED,2500,3000,0.5
24,16,NO_TRACE,2500,3000,0.504
24,16,EXACT_REPLAY,3000,3500,0.514
24,16,ELIGIBILITY_TRACE_NORM_MATCHED,3000,3500,0.5
24,16,NO_TRACE,3000,3500,0.5
24,16,EXACT_REPLAY,3500,4000,0.544
24,16,ELIGIBILITY_TRACE_NORM_MATCHED,3500,4000,0.512
24,16,NO_TRACE,3500,4000,0.502
24,16,EXACT_REPLAY,4000,4500,0.514
24,16,ELIGIBILITY_TRACE_NORM_MATCHED,4000,4500,0.486
24,16,NO_TRACE,4000,4500,0.478
24,16,EXACT_REPLAY,4500,5000,0.54
24,16,ELIGIBILITY_TRACE_NORM_MATCHED,4500,5000,0.492
24,16,NO_TRACE,4500,5000,0.49
24,16,EXACT_REPLAY,5000,5500,0.544
24,16,ELIGIBILITY_TRACE_NORM_MATCHED,5000,5500,0.51
24,16,NO_TRACE,5000,5500,0.508
24,16,EXACT_REPLAY,5500,6000,0.538
24,16,ELIGIBILITY_TRACE_NORM_MATCHED,5500,6000,0.494
24,16,NO_TRACE,5500,6000,0.48
24,64,EXACT_REPLAY,0,500,0.482
24,64,ELIGIBILITY_TRACE_NORM_MATCHED,0,500,0.48
24,64,NO_TRACE,0,500,0.478
24,64,EXACT_REPLAY,500,1000,0.508
24,64,ELIGIBILITY_TRACE_NORM_MATCHED,500,1000,0.498
24,64,NO_TRACE,500,1000,0.502
24,64,EXACT_REPLAY,1000,1500,0.53
24,64,ELIGIBILITY_TRACE_NORM_MATCHED,1000,1500,0.528
24,64,NO_TRACE,1000,1500,0.532
24,64,EXACT_REPLAY,1500,2000,0.496
24,64,ELIGIBILITY_TRACE_NORM_MATCHED,1500,2000,0.484
24,64,NO_TRACE,1500,2000,0.48
24,64,EXACT_REPLAY,2000,2500,0.512
24,64,ELIGIBILITY_TRACE_NORM_MATCHED,2000,2500,0.494
24,64,NO_TRACE,2000,2500,0.504
24,64,EXACT_REPLAY,2500,3000,0.528
24,64,ELIGIBILITY_TRACE_NORM_MATCHED,2500,3000,0.496
24,64,NO_TRACE,2500,3000,0.502
24,64,EXACT_REPLAY,3000,3500,0.514
24,64,ELIGIBILITY_TRACE_NORM_MATCHED,3000,3500,0.504
24,64,NO_TRACE,3000,3500,0.504
24,64,EXACT_REPLAY,3500,4000,0.538
24,64,ELIGIBILITY_TRACE_NORM_MATCHED,3500,4000,0.504
24,64,NO_TRACE,3500,4000,0.51
24,64,EXACT_REPLAY,4000,4500,0.514
24,64,ELIGIBILITY_TRACE_NORM_MATCHED,4000,4500,0.49
24,64,NO_TRACE,4000,4500,0.496
24,64,EXACT_REPLAY,4500,5000,0.542
24,64,ELIGIBILITY_TRACE_NORM_MATCHED,4500,5000,0.496
24,64,NO_TRACE,4500,5000,0.492
24,64,EXACT_REPLAY,5000,5500,0.542
24,64,ELIGIBILITY_TRACE_NORM_MATCHED,5000,5500,0.5
24,64,NO_TRACE,5000,5500,0.498
24,64,EXACT_REPLAY,5500,6000,0.538
24,64,ELIGIBILITY_TRACE_NORM_MATCHED,5500,6000,0.488
24,64,NO_TRACE,5500,6000,0.48
25,1,EXACT_REPLAY,0,500,0.486
25,1,ELIGIBILITY_TRACE_NORM_MATCHED,0,500,0.482
25,1,NO_TRACE,0,500,0.484
25,1,EXACT_REPLAY,500,1000,0.514
25,1,ELIGIBILITY_TRACE_NORM_MATCHED,500,1000,0.512
25,1,NO_TRACE,500,1000,0.512
25,1,EXACT_REPLAY,1000,1500,0.524
25,1,ELIGIBILITY_TRACE_NORM_MATCHED,1000,1500,0.51
25,1,NO_TRACE,1000,1500,0.506
25,1,EXACT_REPLAY,1500,2000,0.492
25,1,ELIGIBILITY_TRACE_NORM_MATCHED,1500,2000,0.474
25,1,NO_TRACE,1500,2000,0.472
25,1,EXACT_REPLAY,2000,2500,0.476
25,1,ELIGIBILITY_TRACE_NORM_MATCHED,2000,2500,0.468
25,1,NO_TRACE,2000,2500,0.462
25,1,EXACT_REPLAY,2500,3000,0.512
25,1,ELIGIBILITY_TRACE_NORM_MATCHED,2500,3000,0.496
25,1,NO_TRACE,2500,3000,0.494
25,1,EXACT_REPLAY,3000,3500,0.508
25,1,ELIGIBILITY_TRACE_NORM_MATCHED,3000,3500,0.48
25,1,NO_TRACE,3000,3500,0.48
25,1,EXACT_REPLAY,3500,4000,0.53
25,1,ELIGIBILITY_TRACE_NORM_MATCHED,3500,4000,0.506
25,1,NO_TRACE,3500,4000,0.492
25,1,EXACT_REPLAY,4000,4500,0.514
25,1,ELIGIBILITY_TRACE_NORM_MATCHED,4000,4500,0.488
25,1,NO_TRACE,4000,4500,0.472
25,1,EXACT_REPLAY,4500,5000,0.516
25,1,ELIGIBILITY_TRACE_NORM_MATCHED,4500,5000,0.49
25,1,NO_TRACE,4500,5000,0.484
25,1,EXACT_REPLAY,5000,5500,0.548
25,1,ELIGIBILITY_TRACE_NORM_MATCHED,5000,5500,0.506
25,1,NO_TRACE,5000,5500,0.494
25,1,EXACT_REPLAY,5500,6000,0.538
25,1,ELIGIBILITY_TRACE_NORM_MATCHED,5500,6000,0.498
25,1,NO_TRACE,5500,6000,0.48
25,4,EXACT_REPLAY,0,500,0.486
25,4,ELIGIBILITY_TRACE_NORM_MATCHED,0,500,0.482
25,4,NO_TRACE,0,500,0.478
25,4,EXACT_REPLAY,500,1000,0.514
25,4,ELIGIBILITY_TRACE_NORM_MATCHED,500,1000,0.512
25,4,NO_TRACE,500,1000,0.51
25,4,EXACT_REPLAY,1000,1500,0.524
25,4,ELIGIBILITY_TRACE_NORM_MATCHED,1000,1500,0.51
25,4,NO_TRACE,1000,1500,0.508
25,4,EXACT_REPLAY,1500,2000,0.492
25,4,ELIGIBILITY_TRACE_NORM_MATCHED,1500,2000,0.472
25,4,NO_TRACE,1500,2000,0.474
25,4,EXACT_REPLAY,2000,2500,0.476
25,4,ELIGIBILITY_TRACE_NORM_MATCHED,2000,2500,0.47
25,4,NO_TRACE,2000,2500,0.464
25,4,EXACT_REPLAY,2500,3000,0.512
25,4,ELIGIBILITY_TRACE_NORM_MATCHED,2500,3000,0.494
25,4,NO_TRACE,2500,3000,0.494
25,4,EXACT_REPLAY,3000,3500,0.508
25,4,ELIGIBILITY_TRACE_NORM_MATCHED,3000,3500,0.482
25,4,NO_TRACE,3000,3500,0.48
25,4,EXACT_REPLAY,3500,4000,0.53
25,4,ELIGIBILITY_TRACE_NORM_MATCHED,3500,4000,0.504
25,4,NO_TRACE,3500,4000,0.496
25,4,EXACT_REPLAY,4000,4500,0.514
25,4,ELIGIBILITY_TRACE_NORM_MATCHED,4000,4500,0.484
25,4,NO_TRACE,4000,4500,0.472
25,4,EXACT_REPLAY,4500,5000,0.516
25,4,ELIGIBILITY_TRACE_NORM_MATCHED,4500,5000,0.486
25,4,NO_TRACE,4500,5000,0.486
25,4,EXACT_REPLAY,5000,5500,0.548
25,4,ELIGIBILITY_TRACE_NORM_MATCHED,5000,5500,0.502
25,4,NO_TRACE,5000,5500,0.496
25,4,EXACT_REPLAY,5500,6000,0.538
25,4,ELIGIBILITY_TRACE_NORM_MATCHED,5500,6000,0.498
25,4,NO_TRACE,5500,6000,0.49
25,16,EXACT_REPLAY,0,500,0.484
25,16,ELIGIBILITY_TRACE_NORM_MATCHED,0,500,0.486
25,16,NO_TRACE,0,500,0.48
25,16,EXACT_REPLAY,500,1000,0.516
25,16,ELIGIBILITY_TRACE_NORM_MATCHED,500,1000,0.51
25,16,NO_TRACE,500,1000,0.51
25,16,EXACT_REPLAY,1000,1500,0.524
25,16,ELIGIBILITY_TRACE_NORM_MATCHED,1000,1500,0.51
25,16,NO_TRACE,1000,1500,0.506
25,16,EXACT_REPLAY,1500,2000,0.492
25,16,ELIGIBILITY_TRACE_NORM_MATCHED,1500,2000,0.47
25,16,NO_TRACE,1500,2000,0.472
25,16,EXACT_REPLAY,2000,2500,0.476
25,16,ELIGIBILITY_TRACE_NORM_MATCHED,2000,2500,0.462
25,16,NO_TRACE,2000,2500,0.462
25,16,EXACT_REPLAY,2500,3000,0.51
25,16,ELIGIBILITY_TRACE_NORM_MATCHED,2500,3000,0.496
25,16,NO_TRACE,2500,3000,0.494
25,16,EXACT_REPLAY,3000,3500,0.508
25,16,ELIGIBILITY_TRACE_NORM_MATCHED,3000,3500,0.474
25,16,NO_TRACE,3000,3500,0.474
25,16,EXACT_REPLAY,3500,4000,0.53
25,16,ELIGIBILITY_TRACE_NORM_MATCHED,3500,4000,0.496
25,16,NO_TRACE,3500,4000,0.5
25,16,EXACT_REPLAY,4000,4500,0.514
25,16,ELIGIBILITY_TRACE_NORM_MATCHED,4000,4500,0.48
25,16,NO_TRACE,4000,4500,0.488
25,16,EXACT_REPLAY,4500,5000,0.516
25,16,ELIGIBILITY_TRACE_NORM_MATCHED,4500,5000,0.482
25,16,NO_TRACE,4500,5000,0.482
25,16,EXACT_REPLAY,5000,5500,0.548
25,16,ELIGIBILITY_TRACE_NORM_MATCHED,5000,5500,0.498
25,16,NO_TRACE,5000,5500,0.498
25,16,EXACT_REPLAY,5500,6000,0.538
25,16,ELIGIBILITY_TRACE_NORM_MATCHED,5500,6000,0.496
25,16,NO_TRACE,5500,6000,0.492
25,64,EXACT_REPLAY,0,500,0.484
25,64,ELIGIBILITY_TRACE_NORM_MATCHED,0,500,0.484
25,64,NO_TRACE,0,500,0.484
25,64,EXACT_REPLAY,500,1000,0.516
25,64,ELIGIBILITY_TRACE_NORM_MATCHED,500,1000,0.514
25,64,NO_TRACE,500,1000,0.51
25,64,EXACT_REPLAY,1000,1500,0.524
25,64,ELIGIBILITY_TRACE_NORM_MATCHED,1000,1500,0.504
25,64,NO_TRACE,1000,1500,0.51
25,64,EXACT_REPLAY,1500,2000,0.492
25,64,ELIGIBILITY_TRACE_NORM_MATCHED,1500,2000,0.466
25,64,NO_TRACE,1500,2000,0.464
25,64,EXACT_REPLAY,2000,2500,0.476
25,64,ELIGIBILITY_TRACE_NORM_MATCHED,2000,2500,0.46
25,64,NO_TRACE,2000,2500,0.464
25,64,EXACT_REPLAY,2500,3000,0.51
25,64,ELIGIBILITY_TRACE_NORM_MATCHED,2500,3000,0.49
25,64,NO_TRACE,2500,3000,0.492
25,64,EXACT_REPLAY,3000,3500,0.51
25,64,ELIGIBILITY_TRACE_NORM_MATCHED,3000,3500,0.474
25,64,NO_TRACE,3000,3500,0.478
25,64,EXACT_REPLAY,3500,4000,0.53
25,64,ELIGIBILITY_TRACE_NORM_MATCHED,3500,4000,0.504
25,64,NO_TRACE,3500,4000,0.498
25,64,EXACT_REPLAY,4000,4500,0.512
25,64,ELIGIBILITY_TRACE_NORM_MATCHED,4000,4500,0.478
25,64,NO_TRACE,4000,4500,0.472
25,64,EXACT_REPLAY,4500,5000,0.516
25,64,ELIGIBILITY_TRACE_NORM_MATCHED,4500,5000,0.476
25,64,NO_TRACE,4500,5000,0.486
25,64,EXACT_REPLAY,5000,5500,0.546
25,64,ELIGIBILITY_TRACE_NORM_MATCHED,5000,5500,0.5
25,64,NO_TRACE,5000,5500,0.5
25,64,EXACT_REPLAY,5500,6000,0.536
25,64,ELIGIBILITY_TRACE_NORM_MATCHED,5500,6000,0.492
25,64,NO_TRACE,5500,6000,0.484
26,1,EXACT_REPLAY,0,500,0.502
26,1,ELIGIBILITY_TRACE_NORM_MATCHED,0,500,0.496
26,1,NO_TRACE,0,500,0.5
26,1,EXACT_REPLAY,500,1000,0.54
26,1,ELIGIBILITY_TRACE_NORM_MATCHED,500,1000,0.534
26,1,NO_TRACE,500,1000,0.53
26,1,EXACT_REPLAY,1000,1500,0.486
26,1,ELIGIBILITY_TRACE_NORM_MATCHED,1000,1500,0.48
26,1,NO_TRACE,1000,1500,0.482
26,1,EXACT_REPLAY,1500,2000,0.53
26,1,ELIGIBILITY_TRACE_NORM_MATCHED,1500,2000,0.53
26,1,NO_TRACE,1500,2000,0.52
26,1,EXACT_REPLAY,2000,2500,0.546
26,1,ELIGIBILITY_TRACE_NORM_MATCHED,2000,2500,0.536
26,1,NO_TRACE,2000,2500,0.532
26,1,EXACT_REPLAY,2500,3000,0.516
26,1,ELIGIBILITY_TRACE_NORM_MATCHED,2500,3000,0.5
26,1,NO_TRACE,2500,3000,0.496
26,1,EXACT_REPLAY,3000,3500,0.534
26,1,ELIGIBILITY_TRACE_NORM_MATCHED,3000,3500,0.518
26,1,NO_TRACE,3000,3500,0.522
26,1,EXACT_REPLAY,3500,4000,0.486
26,1,ELIGIBILITY_TRACE_NORM_MATCHED,3500,4000,0.484
26,1,NO_TRACE,3500,4000,0.48
26,1,EXACT_REPLAY,4000,4500,0.534
26,1,ELIGIBILITY_TRACE_NORM_MATCHED,4000,4500,0.512
26,1,NO_TRACE,4000,4500,0.51
26,1,EXACT_REPLAY,4500,5000,0.514
26,1,ELIGIBILITY_TRACE_NORM_MATCHED,4500,5000,0.478
26,1,NO_TRACE,4500,5000,0.482
26,1,EXACT_REPLAY,5000,5500,0.526
26,1,ELIGIBILITY_TRACE_NORM_MATCHED,5000,5500,0.514
26,1,NO_TRACE,5000,5500,0.488
26,1,EXACT_REPLAY,5500,6000,0.514
26,1,ELIGIBILITY_TRACE_NORM_MATCHED,5500,6000,0.48
26,1,NO_TRACE,5500,6000,0.48
26,4,EXACT_REPLAY,0,500,0.502
26,4,ELIGIBILITY_TRACE_NORM_MATCHED,0,500,0.496
26,4,NO_TRACE,0,500,0.504
26,4,EXACT_REPLAY,500,1000,0.54
26,4,ELIGIBILITY_TRACE_NORM_MATCHED,500,1000,0.534
26,4,NO_TRACE,500,1000,0.536
26,4,EXACT_REPLAY,1000,1500,0.486
26,4,ELIGIBILITY_TRACE_NORM_MATCHED,1000,1500,0.484
26,4,NO_TRACE,1000,1500,0.486
26,4,EXACT_REPLAY,1500,2000,0.53
26,4,ELIGIBILITY_TRACE_NORM_MATCHED,1500,2000,0.528
26,4,NO_TRACE,1500,2000,0.522
26,4,EXACT_REPLAY,2000,2500,0.546
26,4,ELIGIBILITY_TRACE_NORM_MATCHED,2000,2500,0.536
26,4,NO_TRACE,2000,2500,0.534
26,4,EXACT_REPLAY,2500,3000,0.516
26,4,ELIGIBILITY_TRACE_NORM_MATCHED,2500,3000,0.504
26,4,NO_TRACE,2500,3000,0.5
26,4,EXACT_REPLAY,3000,3500,0.534
26,4,ELIGIBILITY_TRACE_NORM_MATCHED,3000,3500,0.514
26,4,NO_TRACE,3000,3500,0.518
26,4,EXACT_REPLAY,3500,4000,0.486
26,4,ELIGIBILITY_TRACE_NORM_MATCHED,3500,4000,0.484
26,4,NO_TRACE,3500,4000,0.478
26,4,EXACT_REPLAY,4000,4500,0.534
26,4,ELIGIBILITY_TRACE_NORM_MATCHED,4000,4500,0.512
26,4,NO_TRACE,4000,4500,0.508
26,4,EXACT_REPLAY,4500,5000,0.512
26,4,ELIGIBILITY_TRACE_NORM_MATCHED,4500,5000,0.476
26,4,NO_TRACE,4500,5000,0.474
26,4,EXACT_REPLAY,5000,5500,0.528
26,4,ELIGIBILITY_TRACE_NORM_MATCHED,5000,5500,0.51
26,4,NO_TRACE,5000,5500,0.492
26,4,EXACT_REPLAY,5500,6000,0.514
26,4,ELIGIBILITY_TRACE_NORM_MATCHED,5500,6000,0.484
26,4,NO_TRACE,5500,6000,0.482
26,16,EXACT_REPLAY,0,500,0.5
26,16,ELIGIBILITY_TRACE_NORM_MATCHED,0,500,0.496
26,16,NO_TRACE,0,500,0.5
26,16,EXACT_REPLAY,500,1000,0.54
26,16,ELIGIBILITY_TRACE_NORM_MATCHED,500,1000,0.532
26,16,NO_TRACE,500,1000,0.528
26,16,EXACT_REPLAY,1000,1500,0.486
26,16,ELIGIBILITY_TRACE_NORM_MATCHED,1000,1500,0.486
26,16,NO_TRACE,1000,1500,0.486
26,16,EXACT_REPLAY,1500,2000,0.53
26,16,ELIGIBILITY_TRACE_NORM_MATCHED,1500,2000,0.528
26,16,NO_TRACE,1500,2000,0.52
26,16,EXACT_REPLAY,2000,2500,0.546
26,16,ELIGIBILITY_TRACE_NORM_MATCHED,2000,2500,0.538
26,16,NO_TRACE,2000,2500,0.532
26,16,EXACT_REPLAY,2500,3000,0.518
26,16,ELIGIBILITY_TRACE_NORM_MATCHED,2500,3000,0.504
26,16,NO_TRACE,2500,3000,0.496
26,16,EXACT_REPLAY,3000,3500,0.534
26,16,ELIGIBILITY_TRACE_NORM_MATCHED,3000,3500,0.526
26,16,NO_TRACE,3000,3500,0.522
26,16,EXACT_REPLAY,3500,4000,0.486
26,16,ELIGIBILITY_TRACE_NORM_MATCHED,3500,4000,0.484
26,16,NO_TRACE,3500,4000,0.48
26,16,EXACT_REPLAY,4000,4500,0.532
26,16,ELIGIBILITY_TRACE_NORM_MATCHED,4000,4500,0.51
26,16,NO_TRACE,4000,4500,0.51
26,16,EXACT_REPLAY,4500,5000,0.512
26,16,ELIGIBILITY_TRACE_NORM_MATCHED,4500,5000,0.482
26,16,NO_TRACE,4500,5000,0.478
26,16,EXACT_REPLAY,5000,5500,0.526
26,16,ELIGIBILITY_TRACE_NORM_MATCHED,5000,5500,0.514
26,16,NO_TRACE,5000,5500,0.492
26,16,EXACT_REPLAY,5500,6000,0.512
26,16,ELIGIBILITY_TRACE_NORM_MATCHED,5500,6000,0.476
26,16,NO_TRACE,5500,6000,0.48
26,64,EXACT_REPLAY,0,500,0.5
26,64,ELIGIBILITY_TRACE_NORM_MATCHED,0,500,0.498
26,64,NO_TRACE,0,500,0.502
26,64,EXACT_REPLAY,500,1000,0.54
26,64,ELIGIBILITY_TRACE_NORM_MATCHED,500,1000,0.53
26,64,NO_TRACE,500,1000,0.53
26,64,EXACT_REPLAY,1000,1500,0.486
26,64,ELIGIBILITY_TRACE_NORM_MATCHED,1000,1500,0.482
26,64,NO_TRACE,1000,1500,0.486
26,64,EXACT_REPLAY,1500,2000,0.53
26,64,ELIGIBILITY_TRACE_NORM_MATCHED,1500,2000,0.528
26,64,NO_TRACE,1500,2000,0.528
26,64,EXACT_REPLAY,2000,2500,0.544
26,64,ELIGIBILITY_TRACE_NORM_MATCHED,2000,2500,0.536
26,64,NO_TRACE,2000,2500,0.538
26,64,EXACT_REPLAY,2500,3000,0.518
26,64,ELIGIBILITY_TRACE_NORM_MATCHED,2500,3000,0.498
26,64,NO_TRACE,2500,3000,0.502
26,64,EXACT_REPLAY,3000,3500,0.528
26,64,ELIGIBILITY_TRACE_NORM_MATCHED,3000,3500,0.526
26,64,NO_TRACE,3000,3500,0.526
26,64,EXACT_REPLAY,3500,4000,0.486
26,64,ELIGIBILITY_TRACE_NORM_MATCHED,3500,4000,0.48
26,64,NO_TRACE,3500,4000,0.484
26,64,EXACT_REPLAY,4000,4500,0.534
26,64,ELIGIBILITY_TRACE_NORM_MATCHED,4000,4500,0.52
26,64,NO_TRACE,4000,4500,0.51
26,64,EXACT_REPLAY,4500,5000,0.512
26,64,ELIGIBILITY_TRACE_NORM_MATCHED,4500,5000,0.48
26,64,NO_TRACE,4500,5000,0.48
26,64,EXACT_REPLAY,5000,5500,0.526
26,64,ELIGIBILITY_TRACE_NORM_MATCHED,5000,5500,0.508
26,64,NO_TRACE,5000,5500,0.498
26,64,EXACT_REPLAY,5500,6000,0.514
26,64,ELIGIBILITY_TRACE_NORM_MATCHED,5500,6000,0.478
26,64,NO_TRACE,5500,6000,0.48
27,1,EXACT_REPLAY,0,500,0.484
27,1,ELIGIBILITY_TRACE_NORM_MATCHED,0,500,0.484
27,1,NO_TRACE,0,500,0.482
27,1,EXACT_REPLAY,500,1000,0.524
27,1,ELIGIBILITY_TRACE_NORM_MATCHED,500,1000,0.522
27,1,NO_TRACE,500,1000,0.524
27,1,EXACT_REPLAY,1000,1500,0.522
27,1,ELIGIBILITY_TRACE_NORM_MATCHED,1000,1500,0.508
27,1,NO_TRACE,1000,1500,0.498
27,1,EXACT_REPLAY,1500,2000,0.526
27,1,ELIGIBILITY_TRACE_NORM_MATCHED,1500,2000,0.516
27,1,NO_TRACE,1500,2000,0.508
27,1,EXACT_REPLAY,2000,2500,0.54
27,1,ELIGIBILITY_TRACE_NORM_MATCHED,2000,2500,0.522
27,1,NO_TRACE,2000,2500,0.51
27,1,EXACT_REPLAY,2500,3000,0.488
27,1,ELIGIBILITY_TRACE_NORM_MATCHED,2500,3000,0.466
27,1,NO_TRACE,2500,3000,0.45
27,1,EXACT_REPLAY,3000,3500,0.584
27,1,ELIGIBILITY_TRACE_NORM_MATCHED,3000,3500,0.556
27,1,NO_TRACE,3000,3500,0.544
27,1,EXACT_REPLAY,3500,4000,0.53
27,1,ELIGIBILITY_TRACE_NORM_MATCHED,3500,4000,0.49
27,1,NO_TRACE,3500,4000,0.484
27,1,EXACT_REPLAY,4000,4500,0.554
27,1,ELIGIBILITY_TRACE_NORM_MATCHED,4000,4500,0.522
27,1,NO_TRACE,4000,4500,0.524
27,1,EXACT_REPLAY,4500,5000,0.528
27,1,ELIGIBILITY_TRACE_NORM_MATCHED,4500,5000,0.494
27,1,NO_TRACE,4500,5000,0.494
27,1,EXACT_REPLAY,5000,5500,0.548
27,1,ELIGIBILITY_TRACE_NORM_MATCHED,5000,5500,0.53
27,1,NO_TRACE,5000,5500,0.516
27,1,EXACT_REPLAY,5500,6000,0.542
27,1,ELIGIBILITY_TRACE_NORM_MATCHED,5500,6000,0.504
27,1,NO_TRACE,5500,6000,0.51
27,4,EXACT_REPLAY,0,500,0.484
27,4,ELIGIBILITY_TRACE_NORM_MATCHED,0,500,0.482
27,4,NO_TRACE,0,500,0.484
27,4,EXACT_REPLAY,500,1000,0.522
27,4,ELIGIBILITY_TRACE_NORM_MATCHED,500,1000,0.522
27,4,NO_TRACE,500,1000,0.522
27,4,EXACT_REPLAY,1000,1500,0.522
27,4,ELIGIBILITY_TRACE_NORM_MATCHED,1000,1500,0.508
27,4,NO_TRACE,1000,1500,0.498
27,4,EXACT_REPLAY,1500,2000,0.526
27,4,ELIGIBILITY_TRACE_NORM_MATCHED,1500,2000,0.518
27,4,NO_TRACE,1500,2000,0.512
27,4,EXACT_REPLAY,2000,2500,0.54
27,4,ELIGIBILITY_TRACE_NORM_MATCHED,2000,2500,0.518
27,4,NO_TRACE,2000,2500,0.516
27,4,EXACT_REPLAY,2500,3000,0.49
27,4,ELIGIBILITY_TRACE_NORM_MATCHED,2500,3000,0.468
27,4,NO_TRACE,2500,3000,0.464
27,4,EXACT_REPLAY,3000,3500,0.584
27,4,ELIGIBILITY_TRACE_NORM_MATCHED,3000,3500,0.554
27,4,NO_TRACE,3000,3500,0.542
27,4,EXACT_REPLAY,3500,4000,0.53
27,4,ELIGIBILITY_TRACE_NORM_MATCHED,3500,4000,0.494
27,4,NO_TRACE,3500,4000,0.486
27,4,EXACT_REPLAY,4000,4500,0.554
27,4,ELIGIBILITY_TRACE_NORM_MATCHED,4000,4500,0.53
27,4,NO_TRACE,4000,4500,0.518
27,4,EXACT_REPLAY,4500,5000,0.528
27,4,ELIGIBILITY_TRACE_NORM_MATCHED,4500,5000,0.496
27,4,NO_TRACE,4500,5000,0.49
27,4,EXACT_REPLAY,5000,5500,0.548
27,4,ELIGIBILITY_TRACE_NORM_MATCHED,5000,5500,0.532
27,4,NO_TRACE,5000,5500,0.516
27,4,EXACT_REPLAY,5500,6000,0.542
27,4,ELIGIBILITY_TRACE_NORM_MATCHED,5500,6000,0.508
27,4,NO_TRACE,5500,6000,0.504
27,16,EXACT_REPLAY,0,500,0.484
27,16,ELIGIBILITY_TRACE_NORM_MATCHED,0,500,0.48
27,16,NO_TRACE,0,500,0.48
27,16,EXACT_REPLAY,500,1000,0.52
27,16,ELIGIBILITY_TRACE_NORM_MATCHED,500,1000,0.52
27,16,NO_TRACE,500,1000,0.522
27,16,EXACT_REPLAY,1000,1500,0.522
27,16,ELIGIBILITY_TRACE_NORM_MATCHED,1000,1500,0.504
27,16,NO_TRACE,1000,1500,0.5
27,16,EXACT_REPLAY,1500,2000,0.526
27,16,ELIGIBILITY_TRACE_NORM_MATCHED,1500,2000,0.52
27,16,NO_TRACE,1500,2000,0.512
27,16,EXACT_REPLAY,2000,2500,0.54
27,16,ELIGIBILITY_TRACE_NORM_MATCHED,2000,2500,0.524
27,16,NO_TRACE,2000,2500,0.518
27,16,EXACT_REPLAY,2500,3000,0.488
27,16,ELIGIBILITY_TRACE_NORM_MATCHED,2500,3000,0.466
27,16,NO_TRACE,2500,3000,0.464
27,16,EXACT_REPLAY,3000,3500,0.582
27,16,ELIGIBILITY_TRACE_NORM_MATCHED,3000,3500,0.552
27,16,NO_TRACE,3000,3500,0.552
27,16,EXACT_REPLAY,3500,4000,0.53
27,16,ELIGIBILITY_TRACE_NORM_MATCHED,3500,4000,0.496
27,16,NO_TRACE,3500,4000,0.488
27,16,EXACT_REPLAY,4000,4500,0.554
27,16,ELIGIBILITY_TRACE_NORM_MATCHED,4000,4500,0.52
27,16,NO_TRACE,4000,4500,0.518
27,16,EXACT_REPLAY,4500,5000,0.528
27,16,ELIGIBILITY_TRACE_NORM_MATCHED,4500,5000,0.498
27,16,NO_TRACE,4500,5000,0.492
27,16,EXACT_REPLAY,5000,5500,0.548
27,16,ELIGIBILITY_TRACE_NORM_MATCHED,5000,5500,0.52
27,16,NO_TRACE,5000,5500,0.524
27,16,EXACT_REPLAY,5500,6000,0.542
27,16,ELIGIBILITY_TRACE_NORM_MATCHED,5500,6000,0.508
27,16,NO_TRACE,5500,6000,0.504
27,64,EXACT_REPLAY,0,500,0.484
27,64,ELIGIBILITY_TRACE_NORM_MATCHED,0,500,0.482
27,64,NO_TRACE,0,500,0.482
27,64,EXACT_REPLAY,500,1000,0.52
27,64,ELIGIBILITY_TRACE_NORM_MATCHED,500,1000,0.524
27,64,NO_TRACE,500,1000,0.52
27,64,EXACT_REPLAY,1000,1500,0.524
27,64,ELIGIBILITY_TRACE_NORM_MATCHED,1000,1500,0.502
27,64,NO_TRACE,1000,1500,0.5
27,64,EXACT_REPLAY,1500,2000,0.526
27,64,ELIGIBILITY_TRACE_NORM_MATCHED,1500,2000,0.512
27,64,NO_TRACE,1500,2000,0.51
27,64,EXACT_REPLAY,2000,2500,0.538
27,64,ELIGIBILITY_TRACE_NORM_MATCHED,2000,2500,0.52
27,64,NO_TRACE,2000,2500,0.514
27,64,EXACT_REPLAY,2500,3000,0.488
27,64,ELIGIBILITY_TRACE_NORM_MATCHED,2500,3000,0.456
27,64,NO_TRACE,2500,3000,0.454
27,64,EXACT_REPLAY,3000,3500,0.582
27,64,ELIGIBILITY_TRACE_NORM_MATCHED,3000,3500,0.552
27,64,NO_TRACE,3000,3500,0.552
27,64,EXACT_REPLAY,3500,4000,0.53
27,64,ELIGIBILITY_TRACE_NORM_MATCHED,3500,4000,0.492
27,64,NO_TRACE,3500,4000,0.486
27,64,EXACT_REPLAY,4000,4500,0.552
27,64,ELIGIBILITY_TRACE_NORM_MATCHED,4000,4500,0.522
27,64,NO_TRACE,4000,4500,0.524
27,64,EXACT_REPLAY,4500,5000,0.528
27,64,ELIGIBILITY_TRACE_NORM_MATCHED,4500,5000,0.498
27,64,NO_TRACE,4500,5000,0.5
27,64,EXACT_REPLAY,5000,5500,0.546
27,64,ELIGIBILITY_TRACE_NORM_MATCHED,5000,5500,0.516
27,64,NO_TRACE,5000,5500,0.518
27,64,EXACT_REPLAY,5500,6000,0.542
27,64,ELIGIBILITY_TRACE_NORM_MATCHED,5500,6000,0.512
27,64,NO_TRACE,5500,6000,0.512
28,1,EXACT_REPLAY,0,500,0.494
28,1,ELIGIBILITY_TRACE_NORM_MATCHED,0,500,0.496
28,1,NO_TRACE,0,500,0.494
28,1,EXACT_REPLAY,500,1000,0.488
28,1,ELIGIBILITY_TRACE_NORM_MATCHED,500,1000,0.488
28,1,NO_TRACE,500,1000,0.486
28,1,EXACT_REPLAY,1000,1500,0.488
28,1,ELIGIBILITY_TRACE_NORM_MATCHED,1000,1500,0.484
28,1,NO_TRACE,1000,1500,0.48
28,1,EXACT_REPLAY,1500,2000,0.528
28,1,ELIGIBILITY_TRACE_NORM_MATCHED,1500,2000,0.5
28,1,NO_TRACE,1500,2000,0.5
28,1,EXACT_REPLAY,2000,2500,0.518
28,1,ELIGIBILITY_TRACE_NORM_MATCHED,2000,2500,0.502
28,1,NO_TRACE,2000,2500,0.5
28,1,EXACT_REPLAY,2500,3000,0.576
28,1,ELIGIBILITY_TRACE_NORM_MATCHED,2500,3000,0.552
28,1,NO_TRACE,2500,3000,0.55
28,1,EXACT_REPLAY,3000,3500,0.56
28,1,ELIGIBILITY_TRACE_NORM_MATCHED,3000,3500,0.542
28,1,NO_TRACE,3000,3500,0.54
28,1,EXACT_REPLAY,3500,4000,0.548
28,1,ELIGIBILITY_TRACE_NORM_MATCHED,3500,4000,0.522
28,1,NO_TRACE,3500,4000,0.512
28,1,EXACT_REPLAY,4000,4500,0.536
28,1,ELIGIBILITY_TRACE_NORM_MATCHED,4000,4500,0.502
28,1,NO_TRACE,4000,4500,0.496
28,1,EXACT_REPLAY,4500,5000,0.56
28,1,ELIGIBILITY_TRACE_NORM_MATCHED,4500,5000,0.532
28,1,NO_TRACE,4500,5000,0.52
28,1,EXACT_REPLAY,5000,5500,0.542
28,1,ELIGIBILITY_TRACE_NORM_MATCHED,5000,5500,0.5
28,1,NO_TRACE,5000,5500,0.514
28,1,EXACT_REPLAY,5500,6000,0.534
28,1,ELIGIBILITY_TRACE_NORM_MATCHED,5500,6000,0.482
28,1,NO_TRACE,5500,6000,0.48
28,4,EXACT_REPLAY,0,500,0.494
28,4,ELIGIBILITY_TRACE_NORM_MATCHED,0,500,0.494
28,4,NO_TRACE,0,500,0.498
28,4,EXACT_REPLAY,500,1000,0.488
28,4,ELIGIBILITY_TRACE_NORM_MATCHED,500,1000,0.492
28,4,NO_TRACE,500,1000,0.484
28,4,EXACT_REPLAY,1000,1500,0.486
28,4,ELIGIBILITY_TRACE_NORM_MATCHED,1000,1500,0.482
28,4,NO_TRACE,1000,1500,0.484
28,4,EXACT_REPLAY,1500,2000,0.528
28,4,ELIGIBILITY_TRACE_NORM_MATCHED,1500,2000,0.5
28,4,NO_TRACE,1500,2000,0.508
28,4,EXACT_REPLAY,2000,2500,0.518
28,4,ELIGIBILITY_TRACE_NORM_MATCHED,2000,2500,0.502
28,4,NO_TRACE,2000,2500,0.496
28,4,EXACT_REPLAY,2500,3000,0.578
28,4,ELIGIBILITY_TRACE_NORM_MATCHED,2500,3000,0.552
28,4,NO_TRACE,2500,3000,0.552
28,4,EXACT_REPLAY,3000,3500,0.56
28,4,ELIGIBILITY_TRACE_NORM_MATCHED,3000,3500,0.546
28,4,NO_TRACE,3000,3500,0.54
28,4,EXACT_REPLAY,3500,4000,0.548
28,4,ELIGIBILITY_TRACE_NORM_MATCHED,3500,4000,0.52
28,4,NO_TRACE,3500,4000,0.52
28,4,EXACT_REPLAY,4000,4500,0.536
28,4,ELIGIBILITY_TRACE_NORM_MATCHED,4000,4500,0.504
28,4,NO_TRACE,4000,4500,0.502
28,4,EXACT_REPLAY,4500,5000,0.56
28,4,ELIGIBILITY_TRACE_NORM_MATCHED,4500,5000,0.532
28,4,NO_TRACE,4500,5000,0.52
28,4,EXACT_REPLAY,5000,5500,0.546
28,4,ELIGIBILITY_TRACE_NORM_MATCHED,5000,5500,0.504
28,4,NO_TRACE,5000,5500,0.508
28,4,EXACT_REPLAY,5500,6000,0.534
28,4,ELIGIBILITY_TRACE_NORM_MATCHED,5500,6000,0.484
28,4,NO_TRACE,5500,6000,0.482
28,16,EXACT_REPLAY,0,500,0.494
28,16,ELIGIBILITY_TRACE_NORM_MATCHED,0,500,0.496
28,16,NO_TRACE,0,500,0.496
28,16,EXACT_REPLAY,500,1000,0.488
28,16,ELIGIBILITY_TRACE_NORM_MATCHED,500,1000,0.484
28,16,NO_TRACE,500,1000,0.482
28,16,EXACT_REPLAY,1000,1500,0.486
28,16,ELIGIBILITY_TRACE_NORM_MATCHED,1000,1500,0.482
28,16,NO_TRACE,1000,1500,0.486
28,16,EXACT_REPLAY,1500,2000,0.53
28,16,ELIGIBILITY_TRACE_NORM_MATCHED,1500,2000,0.502
28,16,NO_TRACE,1500,2000,0.5
28,16,EXACT_REPLAY,2000,2500,0.518
28,16,ELIGIBILITY_TRACE_NORM_MATCHED,2000,2500,0.504
28,16,NO_TRACE,2000,2500,0.498
28,16,EXACT_REPLAY,2500,3000,0.576
28,16,ELIGIBILITY_TRACE_NORM_MATCHED,2500,3000,0.546
28,16,NO_TRACE,2500,3000,0.542
28,16,EXACT_REPLAY,3000,3500,0.56
28,16,ELIGIBILITY_TRACE_NORM_MATCHED,3000,3500,0.538
28,16,NO_TRACE,3000,3500,0.532
28,16,EXACT_REPLAY,3500,4000,0.546
28,16,ELIGIBILITY_TRACE_NORM_MATCHED,3500,4000,0.522
28,16,NO_TRACE,3500,4000,0.512
28,16,EXACT_REPLAY,4000,4500,0.536
28,16,ELIGIBILITY_TRACE_NORM_MATCHED,4000,4500,0.494
28,16,NO_TRACE,4000,4500,0.494
28,16,EXACT_REPLAY,4500,5000,0.56
28,16,ELIGIBILITY_TRACE_NORM_MATCHED,4500,5000,0.53
28,16,NO_TRACE,4500,5000,0.528
28,16,EXACT_REPLAY,5000,5500,0.544
28,16,ELIGIBILITY_TRACE_NORM_MATCHED,5000,5500,0.506
28,16,NO_TRACE,5000,5500,0.512
28,16,EXACT_REPLAY,5500,6000,0.538
28,16,ELIGIBILITY_TRACE_NORM_MATCHED,5500,6000,0.482
28,16,NO_TRACE,5500,6000,0.476
28,64,EXACT_REPLAY,0,500,0.494
28,64,ELIGIBILITY_TRACE_NORM_MATCHED,0,500,0.498
28,64,NO_TRACE,0,500,0.494
28,64,EXACT_REPLAY,500,1000,0.488
28,64,ELIGIBILITY_TRACE_NORM_MATCHED,500,1000,0.482
28,64,NO_TRACE,500,1000,0.486
28,64,EXACT_REPLAY,1000,1500,0.49
28,64,ELIGIBILITY_TRACE_NORM_MATCHED,1000,1500,0.484
28,64,NO_TRACE,1000,1500,0.484
28,64,EXACT_REPLAY,1500,2000,0.528
28,64,ELIGIBILITY_TRACE_NORM_MATCHED,1500,2000,0.5
28,64,NO_TRACE,1500,2000,0.502
28,64,EXACT_REPLAY,2000,2500,0.514
28,64,ELIGIBILITY_TRACE_NORM_MATCHED,2000,2500,0.492
28,64,NO_TRACE,2000,2500,0.5
28,64,EXACT_REPLAY,2500,3000,0.576
28,64,ELIGIBILITY_TRACE_NORM_MATCHED,2500,3000,0.548
28,64,NO_TRACE,2500,3000,0.548
28,64,EXACT_REPLAY,3000,3500,0.56
28,64,ELIGIBILITY_TRACE_NORM_MATCHED,3000,3500,0.54
28,64,NO_TRACE,3000,3500,0.536
28,64,EXACT_REPLAY,3500,4000,0.542
28,64,ELIGIBILITY_TRACE_NORM_MATCHED,3500,4000,0.516
28,64,NO_TRACE,3500,4000,0.508
28,64,EXACT_REPLAY,4000,4500,0.534
28,64,ELIGIBILITY_TRACE_NORM_MATCHED,4000,4500,0.496
28,64,NO_TRACE,4000,4500,0.49
28,64,EXACT_REPLAY,4500,5000,0.558
28,64,ELIGIBILITY_TRACE_NORM_MATCHED,4500,5000,0.526
28,64,NO_TRACE,4500,5000,0.524
28,64,EXACT_REPLAY,5000,5500,0.546
28,64,ELIGIBILITY_TRACE_NORM_MATCHED,5000,5500,0.504
28,64,NO_TRACE,5000,5500,0.506
28,64,EXACT_REPLAY,5500,6000,0.536
28,64,ELIGIBILITY_TRACE_NORM_MATCHED,5500,6000,0.478
28,64,NO_TRACE,5500,6000,0.476
29,1,EXACT_REPLAY,0,500,0.496
29,1,ELIGIBILITY_TRACE_NORM_MATCHED,0,500,0.5
29,1,NO_TRACE,0,500,0.496
29,1,EXACT_REPLAY,500,1000,0.502
29,1,ELIGIBILITY_TRACE_NORM_MATCHED,500,1000,0.494
29,1,NO_TRACE,500,1000,0.488
29,1,EXACT_REPLAY,1000,1500,0.484
29,1,ELIGIBILITY_TRACE_NORM_MATCHED,1000,1500,0.47
29,1,NO_TRACE,1000,1500,0.472
29,1,EXACT_REPLAY,1500,2000,0.528
29,1,ELIGIBILITY_TRACE_NORM_MATCHED,1500,2000,0.516
29,1,NO_TRACE,1500,2000,0.51
29,1,EXACT_REPLAY,2000,2500,0.534
29,1,ELIGIBILITY_TRACE_NORM_MATCHED,2000,2500,0.514
29,1,NO_TRACE,2000,2500,0.514
29,1,EXACT_REPLAY,2500,3000,0.522
29,1,ELIGIBILITY_TRACE_NORM_MATCHED,2500,3000,0.496
29,1,NO_TRACE,2500,3000,0.496
29,1,EXACT_REPLAY,3000,3500,0.516
29,1,ELIGIBILITY_TRACE_NORM_MATCHED,3000,3500,0.496
29,1,NO_TRACE,3000,3500,0.496
29,1,EXACT_REPLAY,3500,4000,0.506
29,1,ELIGIBILITY_TRACE_NORM_MATCHED,3500,4000,0.474
29,1,NO_TRACE,3500,4000,0.472
29,1,EXACT_REPLAY,4000,4500,0.496
29,1,ELIGIBILITY_TRACE_NORM_MATCHED,4000,4500,0.472
29,1,NO_TRACE,4000,4500,0.474
29,1,EXACT_REPLAY,4500,5000,0.538
29,1,ELIGIBILITY_TRACE_NORM_MATCHED,4500,5000,0.516
29,1,NO_TRACE,4500,5000,0.504
29,1,EXACT_REPLAY,5000,5500,0.562
29,1,ELIGIBILITY_TRACE_NORM_MATCHED,5000,5500,0.512
29,1,NO_TRACE,5000,5500,0.502
29,1,EXACT_REPLAY,5500,6000,0.558
29,1,ELIGIBILITY_TRACE_NORM_MATCHED,5500,6000,0.514
29,1,NO_TRACE,5500,6000,0.504
29,4,EXACT_REPLAY,0,500,0.498
29,4,ELIGIBILITY_TRACE_NORM_MATCHED,0,500,0.5
29,4,NO_TRACE,0,500,0.498
29,4,EXACT_REPLAY,500,1000,0.502
29,4,ELIGIBILITY_TRACE_NORM_MATCHED,500,1000,0.496
29,4,NO_TRACE,500,1000,0.49
29,4,EXACT_REPLAY,1000,1500,0.484
29,4,ELIGIBILITY_TRACE_NORM_MATCHED,1000,1500,0.472
29,4,NO_TRACE,1000,1500,0.474
29,4,EXACT_REPLAY,1500,2000,0.528
29,4,ELIGIBILITY_TRACE_NORM_MATCHED,1500,2000,0.516
29,4,NO_TRACE,1500,2000,0.518
29,4,EXACT_REPLAY,2000,2500,0.534
29,4,ELIGIBILITY_TRACE_NORM_MATCHED,2000,2500,0.516
29,4,NO_TRACE,2000,2500,0.51
29,4,EXACT_REPLAY,2500,3000,0.522
29,4,ELIGIBILITY_TRACE_NORM_MATCHED,2500,3000,0.496
29,4,NO_TRACE,2500,3000,0.494
29,4,EXACT_REPLAY,3000,3500,0.518
29,4,ELIGIBILITY_TRACE_NORM_MATCHED,3000,3500,0.5
29,4,NO_TRACE,3000,3500,0.496
29,4,EXACT_REPLAY,3500,4000,0.506
29,4,ELIGIBILITY_TRACE_NORM_MATCHED,3500,4000,0.48
29,4,NO_TRACE,3500,4000,0.466
29,4,EXACT_REPLAY,4000,4500,0.496
29,4,ELIGIBILITY_TRACE_NORM_MATCHED,4000,4500,0.474
29,4,NO_TRACE,4000,4500,0.472
29,4,EXACT_REPLAY,4500,5000,0.54
29,4,ELIGIBILITY_TRACE_NORM_MATCHED,4500,5000,0.516
29,4,NO_TRACE,4500,5000,0.506
29,4,EXACT_REPLAY,5000,5500,0.562
29,4,ELIGIBILITY_TRACE_NORM_MATCHED,5000,5500,0.514
29,4,NO_TRACE,5000,5500,0.508
29,4,EXACT_REPLAY,5500,6000,0.558
29,4,ELIGIBILITY_TRACE_NORM_MATCHED,5500,6000,0.514
29,4,NO_TRACE,5500,6000,0.504
29,16,EXACT_REPLAY,0,500,0.498
29,16,ELIGIBILITY_TRACE_NORM_MATCHED,0,500,0.5
29,16,NO_TRACE,0,500,0.5
29,16,EXACT_REPLAY,500,1000,0.502
29,16,ELIGIBILITY_TRACE_NORM_MATCHED,500,1000,0.494
29,16,NO_TRACE,500,1000,0.488
29,16,EXACT_REPLAY,1000,1500,0.484
29,16,ELIGIBILITY_TRACE_NORM_MATCHED,1000,1500,0.468
29,16,NO_TRACE,1000,1500,0.472
29,16,EXACT_REPLAY,1500,2000,0.526
29,16,ELIGIBILITY_TRACE_NORM_MATCHED,1500,2000,0.516
29,16,NO_TRACE,1500,2000,0.516
29,16,EXACT_REPLAY,2000,2500,0.534
29,16,ELIGIBILITY_TRACE_NORM_MATCHED,2000,2500,0.522
29,16,NO_TRACE,2000,2500,0.518
29,16,EXACT_REPLAY,2500,3000,0.522
29,16,ELIGIBILITY_TRACE_NORM_MATCHED,2500,3000,0.496
29,16,NO_TRACE,2500,3000,0.496
29,16,EXACT_REPLAY,3000,3500,0.518
29,16,ELIGIBILITY_TRACE_NORM_MATCHED,3000,3500,0.496
29,16,NO_TRACE,3000,3500,0.498
29,16,EXACT_REPLAY,3500,4000,0.504
29,16,ELIGIBILITY_TRACE_NORM_MATCHED,3500,4000,0.48
29,16,NO_TRACE,3500,4000,0.482
29,16,EXACT_REPLAY,4000,4500,0.496
29,16,ELIGIBILITY_TRACE_NORM_MATCHED,4000,4500,0.472
29,16,NO_TRACE,4000,4500,0.472
29,16,EXACT_REPLAY,4500,5000,0.536
29,16,ELIGIBILITY_TRACE_NORM_MATCHED,4500,5000,0.512
29,16,NO_TRACE,4500,5000,0.508
29,16,EXACT_REPLAY,5000,5500,0.562
29,16,ELIGIBILITY_TRACE_NORM_MATCHED,5000,5500,0.514
29,16,NO_TRACE,5000,5500,0.502
29,16,EXACT_REPLAY,5500,6000,0.558
29,16,ELIGIBILITY_TRACE_NORM_MATCHED,5500,6000,0.512
29,16,NO_TRACE,5500,6000,0.51
29,64,EXACT_REPLAY,0,500,0.496
29,64,ELIGIBILITY_TRACE_NORM_MATCHED,0,500,0.5
29,64,NO_TRACE,0,500,0.5
29,64,EXACT_REPLAY,500,1000,0.5
29,64,ELIGIBILITY_TRACE_NORM_MATCHED,500,1000,0.49
29,64,NO_TRACE,500,1000,0.484
29,64,EXACT_REPLAY,1000,1500,0.484
29,64,ELIGIBILITY_TRACE_NORM_MATCHED,1000,1500,0.472
29,64,NO_TRACE,1000,1500,0.466
29,64,EXACT_REPLAY,1500,2000,0.524
29,64,ELIGIBILITY_TRACE_NORM_MATCHED,1500,2000,0.508
29,64,NO_TRACE,1500,2000,0.512
29,64,EXACT_REPLAY,2000,2500,0.538
29,64,ELIGIBILITY_TRACE_NORM_MATCHED,2000,2500,0.514
29,64,NO_TRACE,2000,2500,0.518
29,64,EXACT_REPLAY,2500,3000,0.522
29,64,ELIGIBILITY_TRACE_NORM_MATCHED,2500,3000,0.498
29,64,NO_TRACE,2500,3000,0.496
29,64,EXACT_REPLAY,3000,3500,0.516
29,64,ELIGIBILITY_TRACE_NORM_MATCHED,3000,3500,0.496
29,64,NO_TRACE,3000,3500,0.498
29,64,EXACT_REPLAY,3500,4000,0.506
29,64,ELIGIBILITY_TRACE_NORM_MATCHED,3500,4000,0.466
29,64,NO_TRACE,3500,4000,0.474
29,64,EXACT_REPLAY,4000,4500,0.496
29,64,ELIGIBILITY_TRACE_NORM_MATCHED,4000,4500,0.472
29,64,NO_TRACE,4000,4500,0.464
29,64,EXACT_REPLAY,4500,5000,0.538
29,64,ELIGIBILITY_TRACE_NORM_MATCHED,4500,5000,0.512
29,64,NO_TRACE,4500,5000,0.498
29,64,EXACT_REPLAY,5000,5500,0.562
29,64,ELIGIBILITY_TRACE_NORM_MATCHED,5000,5500,0.51
29,64,NO_TRACE,5000,5500,0.512
29,64,EXACT_REPLAY,5500,6000,0.558
29,64,ELIGIBILITY_TRACE_NORM_MATCHED,5500,6000,0.506
29,64,NO_TRACE,5500,6000,0.5
