objective,rho,seed,delay,arm,metric_name,score,n_train,n_test
CLASSIFICATION,0.0,0,1,EXACT_REPLAY,accuracy,0.767,3000,1000
CLASSIFICATION,0.0,0,1,ELIGIBILITY_TRACE,accuracy,0.594,3000,1000
CLASSIFICATION,0.0,0,1,NO_TRACE,accuracy,0.23,3000,1000
CLASSIFICATION,0.0,0,4,EXACT_REPLAY,accuracy,0.767,3000,1000
CLASSIFICATION,0.0,0,4,ELIGIBILITY_TRACE,accuracy,0.599,3000,1000
CLASSIFICATION,0.0,0,4,NO_TRACE,accuracy,0.291,3000,1000
CLASSIFICATION,0.0,0,16,EXACT_REPLAY,accuracy,0.766,3000,1000
CLASSIFICATION,0.0,0,16,ELIGIBILITY_TRACE,accuracy,0.571,3000,1000
CLASSIFICATION,0.0,0,16,NO_TRACE,accuracy,0.207,3000,1000
CLASSIFICATION,0.0,0,64,EXACT_REPLAY,accuracy,0.765,3000,1000
CLASSIFICATION,0.0,0,64,ELIGIBILITY_TRACE,accuracy,0.338,3000,1000
CLASSIFICATION,0.0,0,64,NO_TRACE,accuracy,0.307,3000,1000
CLASSIFICATION,0.0,1,1,EXACT_REPLAY,accuracy,0.781,3000,1000
CLASSIFICATION,0.0,1,1,ELIGIBILITY_TRACE,accuracy,0.648,3000,1000
CLASSIFICATION,0.0,1,1,NO_TRACE,accuracy,0.294,3000,1000
CLASSIFICATION,0.0,1,4,EXACT_REPLAY,accuracy,0.781,3000,1000
CLASSIFICATION,0.0,1,4,ELIGIBILITY_TRACE,accuracy,0.631,3000,1000
CLASSIFICATION,0.0,1,4,NO_TRACE,accuracy,0.239,3000,1000
CLASSIFICATION,0.0,1,16,EXACT_REPLAY,accuracy,0.781,3000,1000
CLASSIFICATION,0.0,1,16,ELIGIBILITY_TRACE,accuracy,0.601,3000,1000
CLASSIFICATION,0.0,1,16,NO_TRACE,accuracy,0.215,3000,1000
CLASSIFICATION,0.0,1,64,EXACT_REPLAY,accuracy,0.781,3000,1000
CLASSIFICATION,0.0,1,64,ELIGIBILITY_TRACE,accuracy,0.342,3000,1000
CLASSIFICATION,0.0,1,64,NO_TRACE,accuracy,0.228,3000,1000
CLASSIFICATION,0.0,2,1,EXACT_REPLAY,accuracy,0.788,3000,1000
CLASSIFICATION,0.0,2,1,ELIGIBILITY_TRACE,accuracy,0.628,3000,1000
CLASSIFICATION,0.0,2,1,NO_TRACE,accuracy,0.294,3000,1000
CLASSIFICATION,0.0,2,4,EXACT_REPLAY,accuracy,0.787,3000,1000
CLASSIFICATION,0.0,2,4,ELIGIBILITY_TRACE,accuracy,0.612,3000,1000
CLASSIFICATION,0.0,2,4,NO_TRACE,accuracy,0.31,3000,1000
CLASSIFICATION,0.0,2,16,EXACT_REPLAY,accuracy,0.787,3000,1000
CLASSIFICATION,0.0,2,16,ELIGIBILITY_TRACE,accuracy,0.581,3000,1000
CLASSIFICATION,0.0,2,16,NO_TRACE,accuracy,0.288,3000,1000
CLASSIFICATION,0.0,2,64,EXACT_REPLAY,accuracy,0.785,3000,1000
CLASSIFICATION,0.0,2,64,ELIGIBILITY_TRACE,accuracy,0.417,3000,1000
CLASSIFICATION,0.0,2,64,NO_TRACE,accuracy,0.3,3000,1000
CLASSIFICATION,0.0,3,1,EXACT_REPLAY,accuracy,0.771,3000,1000
CLASSIFICATION,0.0,3,1,ELIGIBILITY_TRACE,accuracy,0.665,3000,1000
CLASSIFICATION,0.0,3,1,NO_TRACE,accuracy,0.239,3000,1000
CLASSIFICATION,0.0,3,4,EXACT_REPLAY,accuracy,0.771,3000,1000
CLASSIFICATION,0.0,3,4,ELIGIBILITY_TRACE,accuracy,0.628,3000,1000
CLASSIFICATION,0.0,3,4,NO_TRACE,accuracy,0.186,3000,1000
CLASSIFICATION,0.0,3,16,EXACT_REPLAY,accuracy,0.771,3000,1000
CLASSIFICATION,0.0,3,16,ELIGIBILITY_TRACE,accuracy,0.539,3000,1000
CLASSIFICATION,0.0,3,16,NO_TRACE,accuracy,0.183,3000,1000
CLASSIFICATION,0.0,3,64,EXACT_REPLAY,accuracy,0.771,3000,1000
CLASSIFICATION,0.0,3,64,ELIGIBILITY_TRACE,accuracy,0.43,3000,1000
CLASSIFICATION,0.0,3,64,NO_TRACE,accuracy,0.281,3000,1000
CLASSIFICATION,0.0,4,1,EXACT_REPLAY,accuracy,0.79,3000,1000
CLASSIFICATION,0.0,4,1,ELIGIBILITY_TRACE,accuracy,0.547,3000,1000
CLASSIFICATION,0.0,4,1,NO_TRACE,accuracy,0.319,3000,1000
CLASSIFICATION,0.0,4,4,EXACT_REPLAY,accuracy,0.79,3000,1000
CLASSIFICATION,0.0,4,4,ELIGIBILITY_TRACE,accuracy,0.505,3000,1000
CLASSIFICATION,0.0,4,4,NO_TRACE,accuracy,0.216,3000,1000
CLASSIFICATION,0.0,4,16,EXACT_REPLAY,accuracy,0.79,3000,1000
CLASSIFICATION,0.0,4,16,ELIGIBILITY_TRACE,accuracy,0.465,3000,1000
CLASSIFICATION,0.0,4,16,NO_TRACE,accuracy,0.267,3000,1000
CLASSIFICATION,0.0,4,64,EXACT_REPLAY,accuracy,0.79,3000,1000
CLASSIFICATION,0.0,4,64,ELIGIBILITY_TRACE,accuracy,0.38,3000,1000
CLASSIFICATION,0.0,4,64,NO_TRACE,accuracy,0.306,3000,1000
CLASSIFICATION,0.0,5,1,EXACT_REPLAY,accuracy,0.75,3000,1000
CLASSIFICATION,0.0,5,1,ELIGIBILITY_TRACE,accuracy,0.594,3000,1000
CLASSIFICATION,0.0,5,1,NO_TRACE,accuracy,0.341,3000,1000
CLASSIFICATION,0.0,5,4,EXACT_REPLAY,accuracy,0.749,3000,1000
CLASSIFICATION,0.0,5,4,ELIGIBILITY_TRACE,accuracy,0.581,3000,1000
CLASSIFICATION,0.0,5,4,NO_TRACE,accuracy,0.272,3000,1000
CLASSIFICATION,0.0,5,16,EXACT_REPLAY,accuracy,0.749,3000,1000
CLASSIFICATION,0.0,5,16,ELIGIBILITY_TRACE,accuracy,0.558,3000,1000
CLASSIFICATION,0.0,5,16,NO_TRACE,accuracy,0.32,3000,1000
CLASSIFICATION,0.0,5,64,EXACT_REPLAY,accuracy,0.747,3000,1000
CLASSIFICATION,0.0,5,64,ELIGIBILITY_TRACE,accuracy,0.446,3000,1000
CLASSIFICATION,0.0,5,64,NO_TRACE,accuracy,0.313,3000,1000
CLASSIFICATION,0.0,6,1,EXACT_REPLAY,accuracy,0.755,3000,1000
CLASSIFICATION,0.0,6,1,ELIGIBILITY_TRACE,accuracy,0.575,3000,1000
CLASSIFICATION,0.0,6,1,NO_TRACE,accuracy,0.246,3000,1000
CLASSIFICATION,0.0,6,4,EXACT_REPLAY,accuracy,0.755,3000,1000
CLASSIFICATION,0.0,6,4,ELIGIBILITY_TRACE,accuracy,0.565,3000,1000
CLASSIFICATION,0.0,6,4,NO_TRACE,accuracy,0.209,3000,1000
CLASSIFICATION,0.0,6,16,EXACT_REPLAY,accuracy,0.755,3000,1000
CLASSIFICATION,0.0,6,16,ELIGIBILITY_TRACE,accuracy,0.502,3000,1000
CLASSIFICATION,0.0,6,16,NO_TRACE,accuracy,0.129,3000,1000
CLASSIFICATION,0.0,6,64,EXACT_REPLAY,accuracy,0.755,3000,1000
CLASSIFICATION,0.0,6,64,ELIGIBILITY_TRACE,accuracy,0.398,3000,1000
CLASSIFICATION,0.0,6,64,NO_TRACE,accuracy,0.209,3000,1000
CLASSIFICATION,0.0,7,1,EXACT_REPLAY,accuracy,0.798,3000,1000
CLASSIFICATION,0.0,7,1,ELIGIBILITY_TRACE,accuracy,0.663,3000,1000
CLASSIFICATION,0.0,7,1,NO_TRACE,accuracy,0.201,3000,1000
CLASSIFICATION,0.0,7,4,EXACT_REPLAY,accuracy,0.798,3000,1000
CLASSIFICATION,0.0,7,4,ELIGIBILITY_TRACE,accuracy,0.642,3000,1000
CLASSIFICATION,0.0,7,4,NO_TRACE,accuracy,0.289,3000,1000
CLASSIFICATION,0.0,7,16,EXACT_REPLAY,accuracy,0.798,3000,1000
CLASSIFICATION,0.0,7,16,ELIGIBILITY_TRACE,accuracy,0.586,3000,1000
CLASSIFICATION,0.0,7,16,NO_TRACE,accuracy,0.214,3000,1000
CLASSIFICATION,0.0,7,64,EXACT_REPLAY,accuracy,0.796,3000,1000
CLASSIFICATION,0.0,7,64,ELIGIBILITY_TRACE,accuracy,0.473,3000,1000
CLASSIFICATION,0.0,7,64,NO_TRACE,accuracy,0.339,3000,1000
CLASSIFICATION,0.0,8,1,EXACT_REPLAY,accuracy,0.714,3000,1000
CLASSIFICATION,0.0,8,1,ELIGIBILITY_TRACE,accuracy,0.575,3000,1000
CLASSIFICATION,0.0,8,1,NO_TRACE,accuracy,0.294,3000,1000
CLASSIFICATION,0.0,8,4,EXACT_REPLAY,accuracy,0.714,3000,1000
CLASSIFICATION,0.0,8,4,ELIGIBILITY_TRACE,accuracy,0.573,3000,1000
CLASSIFICATION,0.0,8,4,NO_TRACE,accuracy,0.262,3000,1000
CLASSIFICATION,0.0,8,16,EXACT_REPLAY,accuracy,0.714,3000,1000
CLASSIFICATION,0.0,8,16,ELIGIBILITY_TRACE,accuracy,0.542,3000,1000
CLASSIFICATION,0.0,8,16,NO_TRACE,accuracy,0.284,3000,1000
CLASSIFICATION,0.0,8,64,EXACT_REPLAY,accuracy,0.713,3000,1000
CLASSIFICATION,0.0,8,64,ELIGIBILITY_TRACE,accuracy,0.365,3000,1000
CLASSIFICATION,0.0,8,64,NO_TRACE,accuracy,0.236,3000,1000
CLASSIFICATION,0.0,9,1,EXACT_REPLAY,accuracy,0.774,3000,1000
CLASSIFICATION,0.0,9,1,ELIGIBILITY_TRACE,accuracy,0.612,3000,1000
CLASSIFICATION,0.0,9,1,NO_TRACE,accuracy,0.283,3000,1000
CLASSIFICATION,0.0,9,4,EXACT_REPLAY,accuracy,0.774,3000,1000
CLASSIFICATION,0.0,9,4,ELIGIBILITY_TRACE,accuracy,0.594,3000,1000
CLASSIFICATION,0.0,9,4,NO_TRACE,accuracy,0.321,3000,1000
CLASSIFICATION,0.0,9,16,EXACT_REPLAY,accuracy,0.774,3000,1000
CLASSIFICATION,0.0,9,16,ELIGIBILITY_TRACE,accuracy,0.571,3000,1000
CLASSIFICATION,0.0,9,16,NO_TRACE,accuracy,0.315,3000,1000
CLASSIFICATION,0.0,9,64,EXACT_REPLAY,accuracy,0.774,3000,1000
CLASSIFICATION,0.0,9,64,ELIGIBILITY_TRACE,accuracy,0.317,3000,1000
CLASSIFICATION,0.0,9,64,NO_TRACE,accuracy,0.229,3000,1000
CLASSIFICATION,0.0,10,1,EXACT_REPLAY,accuracy,0.755,3000,1000
CLASSIFICATION,0.0,10,1,ELIGIBILITY_TRACE,accuracy,0.565,3000,1000
CLASSIFICATION,0.0,10,1,NO_TRACE,accuracy,0.265,3000,1000
CLASSIFICATION,0.0,10,4,EXACT_REPLAY,accuracy,0.755,3000,1000
CLASSIFICATION,0.0,10,4,ELIGIBILITY_TRACE,accuracy,0.572,3000,1000
CLASSIFICATION,0.0,10,4,NO_TRACE,accuracy,0.283,3000,1000
CLASSIFICATION,0.0,10,16,EXACT_REPLAY,accuracy,0.755,3000,1000
CLASSIFICATION,0.0,10,16,ELIGIBILITY_TRACE,accuracy,0.563,3000,1000
CLASSIFICATION,0.0,10,16,NO_TRACE,accuracy,0.382,3000,1000
CLASSIFICATION,0.0,10,64,EXACT_REPLAY,accuracy,0.753,3000,1000
CLASSIFICATION,0.0,10,64,ELIGIBILITY_TRACE,accuracy,0.351,3000,1000
CLASSIFICATION,0.0,10,64,NO_TRACE,accuracy,0.244,3000,1000
CLASSIFICATION,0.0,11,1,EXACT_REPLAY,accuracy,0.735,3000,1000
CLASSIFICATION,0.0,11,1,ELIGIBILITY_TRACE,accuracy,0.581,3000,1000
CLASSIFICATION,0.0,11,1,NO_TRACE,accuracy,0.315,3000,1000
CLASSIFICATION,0.0,11,4,EXACT_REPLAY,accuracy,0.735,3000,1000
CLASSIFICATION,0.0,11,4,ELIGIBILITY_TRACE,accuracy,0.556,3000,1000
CLASSIFICATION,0.0,11,4,NO_TRACE,accuracy,0.294,3000,1000
CLASSIFICATION,0.0,11,16,EXACT_REPLAY,accuracy,0.735,3000,1000
CLASSIFICATION,0.0,11,16,ELIGIBILITY_TRACE,accuracy,0.567,3000,1000
CLASSIFICATION,0.0,11,16,NO_TRACE,accuracy,0.316,3000,1000
CLASSIFICATION,0.0,11,64,EXACT_REPLAY,accuracy,0.734,3000,1000
CLASSIFICATION,0.0,11,64,ELIGIBILITY_TRACE,accuracy,0.345,3000,1000
CLASSIFICATION,0.0,11,64,NO_TRACE,accuracy,0.151,3000,1000
CLASSIFICATION,0.0,12,1,EXACT_REPLAY,accuracy,0.736,3000,1000
CLASSIFICATION,0.0,12,1,ELIGIBILITY_TRACE,accuracy,0.572,3000,1000
CLASSIFICATION,0.0,12,1,NO_TRACE,accuracy,0.157,3000,1000
CLASSIFICATION,0.0,12,4,EXACT_REPLAY,accuracy,0.736,3000,1000
CLASSIFICATION,0.0,12,4,ELIGIBILITY_TRACE,accuracy,0.578,3000,1000
CLASSIFICATION,0.0,12,4,NO_TRACE,accuracy,0.276,3000,1000
CLASSIFICATION,0.0,12,16,EXACT_REPLAY,accuracy,0.735,3000,1000
CLASSIFICATION,0.0,12,16,ELIGIBILITY_TRACE,accuracy,0.527,3000,1000
CLASSIFICATION,0.0,12,16,NO_TRACE,accuracy,0.234,3000,1000
CLASSIFICATION,0.0,12,64,EXACT_REPLAY,accuracy,0.735,3000,1000
CLASSIFICATION,0.0,12,64,ELIGIBILITY_TRACE,accuracy,0.359,3000,1000
CLASSIFICATION,0.0,12,64,NO_TRACE,accuracy,0.174,3000,1000
CLASSIFICATION,0.0,13,1,EXACT_REPLAY,accuracy,0.78,3000,1000
CLASSIFICATION,0.0,13,1,ELIGIBILITY_TRACE,accuracy,0.644,3000,1000
CLASSIFICATION,0.0,13,1,NO_TRACE,accuracy,0.151,3000,1000
CLASSIFICATION,0.0,13,4,EXACT_REPLAY,accuracy,0.78,3000,1000
CLASSIFICATION,0.0,13,4,ELIGIBILITY_TRACE,accuracy,0.643,3000,1000
CLASSIFICATION,0.0,13,4,NO_TRACE,accuracy,0.196,3000,1000
CLASSIFICATION,0.0,13,16,EXACT_REPLAY,accuracy,0.78,3000,1000
CLASSIFICATION,0.0,13,16,ELIGIBILITY_TRACE,accuracy,0.601,3000,1000
CLASSIFICATION,0.0,13,16,NO_TRACE,accuracy,0.332,3000,1000
CLASSIFICATION,0.0,13,64,EXACT_REPLAY,accuracy,0.78,3000,1000
CLASSIFICATION,0.0,13,64,ELIGIBILITY_TRACE,accuracy,0.385,3000,1000
CLASSIFICATION,0.0,13,64,NO_TRACE,accuracy,0.276,3000,1000
CLASSIFICATION,0.0,14,1,EXACT_REPLAY,accuracy,0.8,3000,1000
CLASSIFICATION,0.0,14,1,ELIGIBILITY_TRACE,accuracy,0.643,3000,1000
CLASSIFICATION,0.0,14,1,NO_TRACE,accuracy,0.229,3000,1000
CLASSIFICATION,0.0,14,4,EXACT_REPLAY,accuracy,0.8,3000,1000
CLASSIFICATION,0.0,14,4,ELIGIBILITY_TRACE,accuracy,0.621,3000,1000
CLASSIFICATION,0.0,14,4,NO_TRACE,accuracy,0.279,3000,1000
CLASSIFICATION,0.0,14,16,EXACT_REPLAY,accuracy,0.8,3000,1000
CLASSIFICATION,0.0,14,16,ELIGIBILITY_TRACE,accuracy,0.614,3000,1000
CLASSIFICATION,0.0,14,16,NO_TRACE,accuracy,0.342,3000,1000
CLASSIFICATION,0.0,14,64,EXACT_REPLAY,accuracy,0.8,3000,1000
CLASSIFICATION,0.0,14,64,ELIGIBILITY_TRACE,accuracy,0.37,3000,1000
CLASSIFICATION,0.0,14,64,NO_TRACE,accuracy,0.261,3000,1000
CLASSIFICATION,0.0,15,1,EXACT_REPLAY,accuracy,0.793,3000,1000
CLASSIFICATION,0.0,15,1,ELIGIBILITY_TRACE,accuracy,0.668,3000,1000
CLASSIFICATION,0.0,15,1,NO_TRACE,accuracy,0.26,3000,1000
CLASSIFICATION,0.0,15,4,EXACT_REPLAY,accuracy,0.793,3000,1000
CLASSIFICATION,0.0,15,4,ELIGIBILITY_TRACE,accuracy,0.638,3000,1000
CLASSIFICATION,0.0,15,4,NO_TRACE,accuracy,0.225,3000,1000
CLASSIFICATION,0.0,15,16,EXACT_REPLAY,accuracy,0.793,3000,1000
CLASSIFICATION,0.0,15,16,ELIGIBILITY_TRACE,accuracy,0.566,3000,1000
CLASSIFICATION,0.0,15,16,NO_TRACE,accuracy,0.192,3000,1000
CLASSIFICATION,0.0,15,64,EXACT_REPLAY,accuracy,0.792,3000,1000
CLASSIFICATION,0.0,15,64,ELIGIBILITY_TRACE,accuracy,0.405,3000,1000
CLASSIFICATION,0.0,15,64,NO_TRACE,accuracy,0.191,3000,1000
CLASSIFICATION,0.0,16,1,EXACT_REPLAY,accuracy,0.74,3000,1000
CLASSIFICATION,0.0,16,1,ELIGIBILITY_TRACE,accuracy,0.594,3000,1000
CLASSIFICATION,0.0,16,1,NO_TRACE,accuracy,0.258,3000,1000
CLASSIFICATION,0.0,16,4,EXACT_REPLAY,accuracy,0.74,3000,1000
CLASSIFICATION,0.0,16,4,ELIGIBILITY_TRACE,accuracy,0.573,3000,1000
CLASSIFICATION,0.0,16,4,NO_TRACE,accuracy,0.194,3000,1000
CLASSIFICATION,0.0,16,16,EXACT_REPLAY,accuracy,0.74,3000,1000
CLASSIFICATION,0.0,16,16,ELIGIBILITY_TRACE,accuracy,0.518,3000,1000
CLASSIFICATION,0.0,16,16,NO_TRACE,accuracy,0.194,3000,1000
CLASSIFICATION,0.0,16,64,EXACT_REPLAY,accuracy,0.738,3000,1000
CLASSIFICATION,0.0,16,64,ELIGIBILITY_TRACE,accuracy,0.409,3000,1000
CLASSIFICATION,0.0,16,64,NO_TRACE,accuracy,0.375,3000,1000
CLASSIFICATION,0.0,17,1,EXACT_REPLAY,accuracy,0.749,3000,1000
CLASSIFICATION,0.0,17,1,ELIGIBILITY_TRACE,accuracy,0.56,3000,1000
CLASSIFICATION,0.0,17,1,NO_TRACE,accuracy,0.166,3000,1000
CLASSIFICATION,0.0,17,4,EXACT_REPLAY,accuracy,0.749,3000,1000
CLASSIFICATION,0.0,17,4,ELIGIBILITY_TRACE,accuracy,0.556,3000,1000
CLASSIFICATION,0.0,17,4,NO_TRACE,accuracy,0.269,3000,1000
CLASSIFICATION,0.0,17,16,EXACT_REPLAY,accuracy,0.749,3000,1000
CLASSIFICATION,0.0,17,16,ELIGIBILITY_TRACE,accuracy,0.573,3000,1000
CLASSIFICATION,0.0,17,16,NO_TRACE,accuracy,0.252,3000,1000
CLASSIFICATION,0.0,17,64,EXACT_REPLAY,accuracy,0.75,3000,1000
CLASSIFICATION,0.0,17,64,ELIGIBILITY_TRACE,accuracy,0.351,3000,1000
CLASSIFICATION,0.0,17,64,NO_TRACE,accuracy,0.25,3000,1000
CLASSIFICATION,0.0,18,1,EXACT_REPLAY,accuracy,0.771,3000,1000
CLASSIFICATION,0.0,18,1,ELIGIBILITY_TRACE,accuracy,0.643,3000,1000
CLASSIFICATION,0.0,18,1,NO_TRACE,accuracy,0.322,3000,1000
CLASSIFICATION,0.0,18,4,EXACT_REPLAY,accuracy,0.771,3000,1000
CLASSIFICATION,0.0,18,4,ELIGIBILITY_TRACE,accuracy,0.6,3000,1000
CLASSIFICATION,0.0,18,4,NO_TRACE,accuracy,0.182,3000,1000
CLASSIFICATION,0.0,18,16,EXACT_REPLAY,accuracy,0.771,3000,1000
CLASSIFICATION,0.0,18,16,ELIGIBILITY_TRACE,accuracy,0.532,3000,1000
CLASSIFICATION,0.0,18,16,NO_TRACE,accuracy,0.286,3000,1000
CLASSIFICATION,0.0,18,64,EXACT_REPLAY,accuracy,0.771,3000,1000
CLASSIFICATION,0.0,18,64,ELIGIBILITY_TRACE,accuracy,0.302,3000,1000
CLASSIFICATION,0.0,18,64,NO_TRACE,accuracy,0.155,3000,1000
CLASSIFICATION,0.0,19,1,EXACT_REPLAY,accuracy,0.706,3000,1000
CLASSIFICATION,0.0,19,1,ELIGIBILITY_TRACE,accuracy,0.583,3000,1000
CLASSIFICATION,0.0,19,1,NO_TRACE,accuracy,0.193,3000,1000
CLASSIFICATION,0.0,19,4,EXACT_REPLAY,accuracy,0.706,3000,1000
CLASSIFICATION,0.0,19,4,ELIGIBILITY_TRACE,accuracy,0.573,3000,1000
CLASSIFICATION,0.0,19,4,NO_TRACE,accuracy,0.156,3000,1000
CLASSIFICATION,0.0,19,16,EXACT_REPLAY,accuracy,0.706,3000,1000
CLASSIFICATION,0.0,19,16,ELIGIBILITY_TRACE,accuracy,0.475,3000,1000
CLASSIFICATION,0.0,19,16,NO_TRACE,accuracy,0.181,3000,1000
CLASSIFICATION,0.0,19,64,EXACT_REPLAY,accuracy,0.705,3000,1000
CLASSIFICATION,0.0,19,64,ELIGIBILITY_TRACE,accuracy,0.347,3000,1000
CLASSIFICATION,0.0,19,64,NO_TRACE,accuracy,0.239,3000,1000
CLASSIFICATION,0.0,20,1,EXACT_REPLAY,accuracy,0.755,3000,1000
CLASSIFICATION,0.0,20,1,ELIGIBILITY_TRACE,accuracy,0.603,3000,1000
CLASSIFICATION,0.0,20,1,NO_TRACE,accuracy,0.23,3000,1000
CLASSIFICATION,0.0,20,4,EXACT_REPLAY,accuracy,0.755,3000,1000
CLASSIFICATION,0.0,20,4,ELIGIBILITY_TRACE,accuracy,0.585,3000,1000
CLASSIFICATION,0.0,20,4,NO_TRACE,accuracy,0.206,3000,1000
CLASSIFICATION,0.0,20,16,EXACT_REPLAY,accuracy,0.755,3000,1000
CLASSIFICATION,0.0,20,16,ELIGIBILITY_TRACE,accuracy,0.541,3000,1000
CLASSIFICATION,0.0,20,16,NO_TRACE,accuracy,0.22,3000,1000
CLASSIFICATION,0.0,20,64,EXACT_REPLAY,accuracy,0.754,3000,1000
CLASSIFICATION,0.0,20,64,ELIGIBILITY_TRACE,accuracy,0.366,3000,1000
CLASSIFICATION,0.0,20,64,NO_TRACE,accuracy,0.268,3000,1000
CLASSIFICATION,0.0,21,1,EXACT_REPLAY,accuracy,0.729,3000,1000
CLASSIFICATION,0.0,21,1,ELIGIBILITY_TRACE,accuracy,0.619,3000,1000
CLASSIFICATION,0.0,21,1,NO_TRACE,accuracy,0.217,3000,1000
CLASSIFICATION,0.0,21,4,EXACT_REPLAY,accuracy,0.729,3000,1000
CLASSIFICATION,0.0,21,4,ELIGIBILITY_TRACE,accuracy,0.61,3000,1000
CLASSIFICATION,0.0,21,4,NO_TRACE,accuracy,0.312,3000,1000
CLASSIFICATION,0.0,21,16,EXACT_REPLAY,accuracy,0.729,3000,1000
CLASSIFICATION,0.0,21,16,ELIGIBILITY_TRACE,accuracy,0.581,3000,1000
CLASSIFICATION,0.0,21,16,NO_TRACE,accuracy,0.33,3000,1000
CLASSIFICATION,0.0,21,64,EXACT_REPLAY,accuracy,0.729,3000,1000
CLASSIFICATION,0.0,21,64,ELIGIBILITY_TRACE,accuracy,0.381,3000,1000
CLASSIFICATION,0.0,21,64,NO_TRACE,accuracy,0.289,3000,1000
CLASSIFICATION,0.0,22,1,EXACT_REPLAY,accuracy,0.781,3000,1000
CLASSIFICATION,0.0,22,1,ELIGIBILITY_TRACE,accuracy,0.628,3000,1000
CLASSIFICATION,0.0,22,1,NO_TRACE,accuracy,0.323,3000,1000
CLASSIFICATION,0.0,22,4,EXACT_REPLAY,accuracy,0.781,3000,1000
CLASSIFICATION,0.0,22,4,ELIGIBILITY_TRACE,accuracy,0.606,3000,1000
CLASSIFICATION,0.0,22,4,NO_TRACE,accuracy,0.253,3000,1000
CLASSIFICATION,0.0,22,16,EXACT_REPLAY,accuracy,0.781,3000,1000
CLASSIFICATION,0.0,22,16,ELIGIBILITY_TRACE,accuracy,0.605,3000,1000
CLASSIFICATION,0.0,22,16,NO_TRACE,accuracy,0.366,3000,1000
CLASSIFICATION,0.0,22,64,EXACT_REPLAY,accuracy,0.78,3000,1000
CLASSIFICATION,0.0,22,64,ELIGIBILITY_TRACE,accuracy,0.424,3000,1000
CLASSIFICATION,0.0,22,64,NO_TRACE,accuracy,0.206,3000,1000
CLASSIFICATION,0.0,23,1,EXACT_REPLAY,accuracy,0.788,3000,1000
CLASSIFICATION,0.0,23,1,ELIGIBILITY_TRACE,accuracy,0.624,3000,1000
CLASSIFICATION,0.0,23,1,NO_TRACE,accuracy,0.282,3000,1000
CLASSIFICATION,0.0,23,4,EXACT_REPLAY,accuracy,0.788,3000,1000
CLASSIFICATION,0.0,23,4,ELIGIBILITY_TRACE,accuracy,0.618,3000,1000
CLASSIFICATION,0.0,23,4,NO_TRACE,accuracy,0.229,3000,1000
CLASSIFICATION,0.0,23,16,EXACT_REPLAY,accuracy,0.788,3000,1000
CLASSIFICATION,0.0,23,16,ELIGIBILITY_TRACE,accuracy,0.582,3000,1000
CLASSIFICATION,0.0,23,16,NO_TRACE,accuracy,0.258,3000,1000
CLASSIFICATION,0.0,23,64,EXACT_REPLAY,accuracy,0.787,3000,1000
CLASSIFICATION,0.0,23,64,ELIGIBILITY_TRACE,accuracy,0.402,3000,1000
CLASSIFICATION,0.0,23,64,NO_TRACE,accuracy,0.221,3000,1000
CLASSIFICATION,0.0,24,1,EXACT_REPLAY,accuracy,0.778,3000,1000
CLASSIFICATION,0.0,24,1,ELIGIBILITY_TRACE,accuracy,0.638,3000,1000
CLASSIFICATION,0.0,24,1,NO_TRACE,accuracy,0.232,3000,1000
CLASSIFICATION,0.0,24,4,EXACT_REPLAY,accuracy,0.778,3000,1000
CLASSIFICATION,0.0,24,4,ELIGIBILITY_TRACE,accuracy,0.608,3000,1000
CLASSIFICATION,0.0,24,4,NO_TRACE,accuracy,0.275,3000,1000
CLASSIFICATION,0.0,24,16,EXACT_REPLAY,accuracy,0.777,3000,1000
CLASSIFICATION,0.0,24,16,ELIGIBILITY_TRACE,accuracy,0.548,3000,1000
CLASSIFICATION,0.0,24,16,NO_TRACE,accuracy,0.167,3000,1000
CLASSIFICATION,0.0,24,64,EXACT_REPLAY,accuracy,0.774,3000,1000
CLASSIFICATION,0.0,24,64,ELIGIBILITY_TRACE,accuracy,0.409,3000,1000
CLASSIFICATION,0.0,24,64,NO_TRACE,accuracy,0.209,3000,1000
CLASSIFICATION,0.0,25,1,EXACT_REPLAY,accuracy,0.78,3000,1000
CLASSIFICATION,0.0,25,1,ELIGIBILITY_TRACE,accuracy,0.681,3000,1000
CLASSIFICATION,0.0,25,1,NO_TRACE,accuracy,0.267,3000,1000
CLASSIFICATION,0.0,25,4,EXACT_REPLAY,accuracy,0.779,3000,1000
CLASSIFICATION,0.0,25,4,ELIGIBILITY_TRACE,accuracy,0.688,3000,1000
CLASSIFICATION,0.0,25,4,NO_TRACE,accuracy,0.234,3000,1000
CLASSIFICATION,0.0,25,16,EXACT_REPLAY,accuracy,0.779,3000,1000
CLASSIFICATION,0.0,25,16,ELIGIBILITY_TRACE,accuracy,0.6,3000,1000
CLASSIFICATION,0.0,25,16,NO_TRACE,accuracy,0.309,3000,1000
CLASSIFICATION,0.0,25,64,EXACT_REPLAY,accuracy,0.778,3000,1000
CLASSIFICATION,0.0,25,64,ELIGIBILITY_TRACE,accuracy,0.416,3000,1000
CLASSIFICATION,0.0,25,64,NO_TRACE,accuracy,0.189,3000,1000
CLASSIFICATION,0.0,26,1,EXACT_REPLAY,accuracy,0.769,3000,1000
CLASSIFICATION,0.0,26,1,ELIGIBILITY_TRACE,accuracy,0.693,3000,1000
CLASSIFICATION,0.0,26,1,NO_TRACE,accuracy,0.416,3000,1000
CLASSIFICATION,0.0,26,4,EXACT_REPLAY,accuracy,0.769,3000,1000
CLASSIFICATION,0.0,26,4,ELIGIBILITY_TRACE,accuracy,0.682,3000,1000
CLASSIFICATION,0.0,26,4,NO_TRACE,accuracy,0.272,3000,1000
CLASSIFICATION,0.0,26,16,EXACT_REPLAY,accuracy,0.769,3000,1000
CLASSIFICATION,0.0,26,16,ELIGIBILITY_TRACE,accuracy,0.639,3000,1000
CLASSIFICATION,0.0,26,16,NO_TRACE,accuracy,0.293,3000,1000
CLASSIFICATION,0.0,26,64,EXACT_REPLAY,accuracy,0.768,3000,1000
CLASSIFICATION,0.0,26,64,ELIGIBILITY_TRACE,accuracy,0.36,3000,1000
CLASSIFICATION,0.0,26,64,NO_TRACE,accuracy,0.261,3000,1000
CLASSIFICATION,0.0,27,1,EXACT_REPLAY,accuracy,0.817,3000,1000
CLASSIFICATION,0.0,27,1,ELIGIBILITY_TRACE,accuracy,0.654,3000,1000
CLASSIFICATION,0.0,27,1,NO_TRACE,accuracy,0.279,3000,1000
CLASSIFICATION,0.0,27,4,EXACT_REPLAY,accuracy,0.817,3000,1000
CLASSIFICATION,0.0,27,4,ELIGIBILITY_TRACE,accuracy,0.637,3000,1000
CLASSIFICATION,0.0,27,4,NO_TRACE,accuracy,0.369,3000,1000
CLASSIFICATION,0.0,27,16,EXACT_REPLAY,accuracy,0.817,3000,1000
CLASSIFICATION,0.0,27,16,ELIGIBILITY_TRACE,accuracy,0.604,3000,1000
CLASSIFICATION,0.0,27,16,NO_TRACE,accuracy,0.367,3000,1000
CLASSIFICATION,0.0,27,64,EXACT_REPLAY,accuracy,0.816,3000,1000
CLASSIFICATION,0.0,27,64,ELIGIBILITY_TRACE,accuracy,0.431,3000,1000
CLASSIFICATION,0.0,27,64,NO_TRACE,accuracy,0.446,3000,1000
CLASSIFICATION,0.0,28,1,EXACT_REPLAY,accuracy,0.812,3000,1000
CLASSIFICATION,0.0,28,1,ELIGIBILITY_TRACE,accuracy,0.573,3000,1000
CLASSIFICATION,0.0,28,1,NO_TRACE,accuracy,0.263,3000,1000
CLASSIFICATION,0.0,28,4,EXACT_REPLAY,accuracy,0.812,3000,1000
CLASSIFICATION,0.0,28,4,ELIGIBILITY_TRACE,accuracy,0.562,3000,1000
CLASSIFICATION,0.0,28,4,NO_TRACE,accuracy,0.266,3000,1000
CLASSIFICATION,0.0,28,16,EXACT_REPLAY,accuracy,0.812,3000,1000
CLASSIFICATION,0.0,28,16,ELIGIBILITY_TRACE,accuracy,0.545,3000,1000
CLASSIFICATION,0.0,28,16,NO_TRACE,accuracy,0.238,3000,1000
CLASSIFICATION,0.0,28,64,EXACT_REPLAY,accuracy,0.811,3000,1000
CLASSIFICATION,0.0,28,64,ELIGIBILITY_TRACE,accuracy,0.382,3000,1000
CLASSIFICATION,0.0,28,64,NO_TRACE,accuracy,0.376,3000,1000
CLASSIFICATION,0.0,29,1,EXACT_REPLAY,accuracy,0.77,3000,1000
CLASSIFICATION,0.0,29,1,ELIGIBILITY_TRACE,accuracy,0.597,3000,1000
CLASSIFICATION,0.0,29,1,NO_TRACE,accuracy,0.216,3000,1000
CLASSIFICATION,0.0,29,4,EXACT_REPLAY,accuracy,0.77,3000,1000
CLASSIFICATION,0.0,29,4,ELIGIBILITY_TRACE,accuracy,0.593,3000,1000
CLASSIFICATION,0.0,29,4,NO_TRACE,accuracy,0.336,3000,1000
CLASSIFICATION,0.0,29,16,EXACT_REPLAY,accuracy,0.77,3000,1000
CLASSIFICATION,0.0,29,16,ELIGIBILITY_TRACE,accuracy,0.542,3000,1000
CLASSIFICATION,0.0,29,16,NO_TRACE,accuracy,0.191,3000,1000
CLASSIFICATION,0.0,29,64,EXACT_REPLAY,accuracy,0.771,3000,1000
CLASSIFICATION,0.0,29,64,ELIGIBILITY_TRACE,accuracy,0.377,3000,1000
CLASSIFICATION,0.0,29,64,NO_TRACE,accuracy,0.212,3000,1000
CLASSIFICATION,0.2,0,1,EXACT_REPLAY,accuracy,0.756,3000,1000
CLASSIFICATION,0.2,0,1,ELIGIBILITY_TRACE,accuracy,0.648,3000,1000
CLASSIFICATION,0.2,0,1,NO_TRACE,accuracy,0.646,3000,1000
CLASSIFICATION,0.2,0,4,EXACT_REPLAY,accuracy,0.756,3000,1000
CLASSIFICATION,0.2,0,4,ELIGIBILITY_TRACE,accuracy,0.657,3000,1000
CLASSIFICATION,0.2,0,4,NO_TRACE,accuracy,0.19,3000,1000
CLASSIFICATION,0.2,0,16,EXACT_REPLAY,accuracy,0.756,3000,1000
CLASSIFICATION,0.2,0,16,ELIGIBILITY_TRACE,accuracy,0.627,3000,1000
CLASSIFICATION,0.2,0,16,NO_TRACE,accuracy,0.318,3000,1000
CLASSIFICATION,0.2,0,64,EXACT_REPLAY,accuracy,0.756,3000,1000
CLASSIFICATION,0.2,0,64,ELIGIBILITY_TRACE,accuracy,0.464,3000,1000
CLASSIFICATION,0.2,0,64,NO_TRACE,accuracy,0.275,3000,1000
CLASSIFICATION,0.2,1,1,EXACT_REPLAY,accuracy,0.795,3000,1000
CLASSIFICATION,0.2,1,1,ELIGIBILITY_TRACE,accuracy,0.678,3000,1000
CLASSIFICATION,0.2,1,1,NO_TRACE,accuracy,0.67,3000,1000
CLASSIFICATION,0.2,1,4,EXACT_REPLAY,accuracy,0.795,3000,1000
CLASSIFICATION,0.2,1,4,ELIGIBILITY_TRACE,accuracy,0.666,3000,1000
CLASSIFICATION,0.2,1,4,NO_TRACE,accuracy,0.312,3000,1000
CLASSIFICATION,0.2,1,16,EXACT_REPLAY,accuracy,0.795,3000,1000
CLASSIFICATION,0.2,1,16,ELIGIBILITY_TRACE,accuracy,0.569,3000,1000
CLASSIFICATION,0.2,1,16,NO_TRACE,accuracy,0.236,3000,1000
CLASSIFICATION,0.2,1,64,EXACT_REPLAY,accuracy,0.794,3000,1000
CLASSIFICATION,0.2,1,64,ELIGIBILITY_TRACE,accuracy,0.35,3000,1000
CLASSIFICATION,0.2,1,64,NO_TRACE,accuracy,0.292,3000,1000
CLASSIFICATION,0.2,2,1,EXACT_REPLAY,accuracy,0.787,3000,1000
CLASSIFICATION,0.2,2,1,ELIGIBILITY_TRACE,accuracy,0.635,3000,1000
CLASSIFICATION,0.2,2,1,NO_TRACE,accuracy,0.683,3000,1000
CLASSIFICATION,0.2,2,4,EXACT_REPLAY,accuracy,0.787,3000,1000
CLASSIFICATION,0.2,2,4,ELIGIBILITY_TRACE,accuracy,0.625,3000,1000
CLASSIFICATION,0.2,2,4,NO_TRACE,accuracy,0.283,3000,1000
CLASSIFICATION,0.2,2,16,EXACT_REPLAY,accuracy,0.787,3000,1000
CLASSIFICATION,0.2,2,16,ELIGIBILITY_TRACE,accuracy,0.565,3000,1000
CLASSIFICATION,0.2,2,16,NO_TRACE,accuracy,0.195,3000,1000
CLASSIFICATION,0.2,2,64,EXACT_REPLAY,accuracy,0.787,3000,1000
CLASSIFICATION,0.2,2,64,ELIGIBILITY_TRACE,accuracy,0.336,3000,1000
CLASSIFICATION,0.2,2,64,NO_TRACE,accuracy,0.288,3000,1000
CLASSIFICATION,0.2,3,1,EXACT_REPLAY,accuracy,0.75,3000,1000
CLASSIFICATION,0.2,3,1,ELIGIBILITY_TRACE,accuracy,0.667,3000,1000
CLASSIFICATION,0.2,3,1,NO_TRACE,accuracy,0.641,3000,1000
CLASSIFICATION,0.2,3,4,EXACT_REPLAY,accuracy,0.75,3000,1000
CLASSIFICATION,0.2,3,4,ELIGIBILITY_TRACE,accuracy,0.654,3000,1000
CLASSIFICATION,0.2,3,4,NO_TRACE,accuracy,0.217,3000,1000
CLASSIFICATION,0.2,3,16,EXACT_REPLAY,accuracy,0.75,3000,1000
CLASSIFICATION,0.2,3,16,ELIGIBILITY_TRACE,accuracy,0.619,3000,1000
CLASSIFICATION,0.2,3,16,NO_TRACE,accuracy,0.315,3000,1000
CLASSIFICATION,0.2,3,64,EXACT_REPLAY,accuracy,0.749,3000,1000
CLASSIFICATION,0.2,3,64,ELIGIBILITY_TRACE,accuracy,0.457,3000,1000
CLASSIFICATION,0.2,3,64,NO_TRACE,accuracy,0.28,3000,1000
CLASSIFICATION,0.2,4,1,EXACT_REPLAY,accuracy,0.778,3000,1000
CLASSIFICATION,0.2,4,1,ELIGIBILITY_TRACE,accuracy,0.567,3000,1000
CLASSIFICATION,0.2,4,1,NO_TRACE,accuracy,0.598,3000,1000
CLASSIFICATION,0.2,4,4,EXACT_REPLAY,accuracy,0.778,3000,1000
CLASSIFICATION,0.2,4,4,ELIGIBILITY_TRACE,accuracy,0.553,3000,1000
CLASSIFICATION,0.2,4,4,NO_TRACE,accuracy,0.302,3000,1000
CLASSIFICATION,0.2,4,16,EXACT_REPLAY,accuracy,0.778,3000,1000
CLASSIFICATION,0.2,4,16,ELIGIBILITY_TRACE,accuracy,0.502,3000,1000
CLASSIFICATION,0.2,4,16,NO_TRACE,accuracy,0.269,3000,1000
CLASSIFICATION,0.2,4,64,EXACT_REPLAY,accuracy,0.778,3000,1000
CLASSIFICATION,0.2,4,64,ELIGIBILITY_TRACE,accuracy,0.347,3000,1000
CLASSIFICATION,0.2,4,64,NO_TRACE,accuracy,0.221,3000,1000
CLASSIFICATION,0.2,5,1,EXACT_REPLAY,accuracy,0.728,3000,1000
CLASSIFICATION,0.2,5,1,ELIGIBILITY_TRACE,accuracy,0.553,3000,1000
CLASSIFICATION,0.2,5,1,NO_TRACE,accuracy,0.617,3000,1000
CLASSIFICATION,0.2,5,4,EXACT_REPLAY,accuracy,0.728,3000,1000
CLASSIFICATION,0.2,5,4,ELIGIBILITY_TRACE,accuracy,0.556,3000,1000
CLASSIFICATION,0.2,5,4,NO_TRACE,accuracy,0.29,3000,1000
CLASSIFICATION,0.2,5,16,EXACT_REPLAY,accuracy,0.728,3000,1000
CLASSIFICATION,0.2,5,16,ELIGIBILITY_TRACE,accuracy,0.522,3000,1000
CLASSIFICATION,0.2,5,16,NO_TRACE,accuracy,0.319,3000,1000
CLASSIFICATION,0.2,5,64,EXACT_REPLAY,accuracy,0.727,3000,1000
CLASSIFICATION,0.2,5,64,ELIGIBILITY_TRACE,accuracy,0.413,3000,1000
CLASSIFICATION,0.2,5,64,NO_TRACE,accuracy,0.349,3000,1000
CLASSIFICATION,0.2,6,1,EXACT_REPLAY,accuracy,0.79,3000,1000
CLASSIFICATION,0.2,6,1,ELIGIBILITY_TRACE,accuracy,0.628,3000,1000
CLASSIFICATION,0.2,6,1,NO_TRACE,accuracy,0.682,3000,1000
CLASSIFICATION,0.2,6,4,EXACT_REPLAY,accuracy,0.791,3000,1000
CLASSIFICATION,0.2,6,4,ELIGIBILITY_TRACE,accuracy,0.618,3000,1000
CLASSIFICATION,0.2,6,4,NO_TRACE,accuracy,0.243,3000,1000
CLASSIFICATION,0.2,6,16,EXACT_REPLAY,accuracy,0.791,3000,1000
CLASSIFICATION,0.2,6,16,ELIGIBILITY_TRACE,accuracy,0.586,3000,1000
CLASSIFICATION,0.2,6,16,NO_TRACE,accuracy,0.275,3000,1000
CLASSIFICATION,0.2,6,64,EXACT_REPLAY,accuracy,0.791,3000,1000
CLASSIFICATION,0.2,6,64,ELIGIBILITY_TRACE,accuracy,0.382,3000,1000
CLASSIFICATION,0.2,6,64,NO_TRACE,accuracy,0.296,3000,1000
CLASSIFICATION,0.2,7,1,EXACT_REPLAY,accuracy,0.765,3000,1000
CLASSIFICATION,0.2,7,1,ELIGIBILITY_TRACE,accuracy,0.681,3000,1000
CLASSIFICATION,0.2,7,1,NO_TRACE,accuracy,0.621,3000,1000
CLASSIFICATION,0.2,7,4,EXACT_REPLAY,accuracy,0.765,3000,1000
CLASSIFICATION,0.2,7,4,ELIGIBILITY_TRACE,accuracy,0.67,3000,1000
CLASSIFICATION,0.2,7,4,NO_TRACE,accuracy,0.253,3000,1000
CLASSIFICATION,0.2,7,16,EXACT_REPLAY,accuracy,0.765,3000,1000
CLASSIFICATION,0.2,7,16,ELIGIBILITY_TRACE,accuracy,0.659,3000,1000
CLASSIFICATION,0.2,7,16,NO_TRACE,accuracy,0.224,3000,1000
CLASSIFICATION,0.2,7,64,EXACT_REPLAY,accuracy,0.764,3000,1000
CLASSIFICATION,0.2,7,64,ELIGIBILITY_TRACE,accuracy,0.429,3000,1000
CLASSIFICATION,0.2,7,64,NO_TRACE,accuracy,0.323,3000,1000
CLASSIFICATION,0.2,8,1,EXACT_REPLAY,accuracy,0.76,3000,1000
CLASSIFICATION,0.2,8,1,ELIGIBILITY_TRACE,accuracy,0.639,3000,1000
CLASSIFICATION,0.2,8,1,NO_TRACE,accuracy,0.642,3000,1000
CLASSIFICATION,0.2,8,4,EXACT_REPLAY,accuracy,0.76,3000,1000
CLASSIFICATION,0.2,8,4,ELIGIBILITY_TRACE,accuracy,0.639,3000,1000
CLASSIFICATION,0.2,8,4,NO_TRACE,accuracy,0.34,3000,1000
CLASSIFICATION,0.2,8,16,EXACT_REPLAY,accuracy,0.76,3000,1000
CLASSIFICATION,0.2,8,16,ELIGIBILITY_TRACE,accuracy,0.604,3000,1000
CLASSIFICATION,0.2,8,16,NO_TRACE,accuracy,0.238,3000,1000
CLASSIFICATION,0.2,8,64,EXACT_REPLAY,accuracy,0.761,3000,1000
CLASSIFICATION,0.2,8,64,ELIGIBILITY_TRACE,accuracy,0.456,3000,1000
CLASSIFICATION,0.2,8,64,NO_TRACE,accuracy,0.247,3000,1000
CLASSIFICATION,0.2,9,1,EXACT_REPLAY,accuracy,0.77,3000,1000
CLASSIFICATION,0.2,9,1,ELIGIBILITY_TRACE,accuracy,0.597,3000,1000
CLASSIFICATION,0.2,9,1,NO_TRACE,accuracy,0.649,3000,1000
CLASSIFICATION,0.2,9,4,EXACT_REPLAY,accuracy,0.77,3000,1000
CLASSIFICATION,0.2,9,4,ELIGIBILITY_TRACE,accuracy,0.6,3000,1000
CLASSIFICATION,0.2,9,4,NO_TRACE,accuracy,0.221,3000,1000
CLASSIFICATION,0.2,9,16,EXACT_REPLAY,accuracy,0.77,3000,1000
CLASSIFICATION,0.2,9,16,ELIGIBILITY_TRACE,accuracy,0.594,3000,1000
CLASSIFICATION,0.2,9,16,NO_TRACE,accuracy,0.286,3000,1000
CLASSIFICATION,0.2,9,64,EXACT_REPLAY,accuracy,0.77,3000,1000
CLASSIFICATION,0.2,9,64,ELIGIBILITY_TRACE,accuracy,0.375,3000,1000
CLASSIFICATION,0.2,9,64,NO_TRACE,accuracy,0.206,3000,1000
CLASSIFICATION,0.2,10,1,EXACT_REPLAY,accuracy,0.773,3000,1000
CLASSIFICATION,0.2,10,1,ELIGIBILITY_TRACE,accuracy,0.545,3000,1000
CLASSIFICATION,0.2,10,1,NO_TRACE,accuracy,0.578,3000,1000
CLASSIFICATION,0.2,10,4,EXACT_REPLAY,accuracy,0.773,3000,1000
CLASSIFICATION,0.2,10,4,ELIGIBILITY_TRACE,accuracy,0.53,3000,1000
CLASSIFICATION,0.2,10,4,NO_TRACE,accuracy,0.254,3000,1000
CLASSIFICATION,0.2,10,16,EXACT_REPLAY,accuracy,0.773,3000,1000
CLASSIFICATION,0.2,10,16,ELIGIBILITY_TRACE,accuracy,0.493,3000,1000
CLASSIFICATION,0.2,10,16,NO_TRACE,accuracy,0.234,3000,1000
CLASSIFICATION,0.2,10,64,EXACT_REPLAY,accuracy,0.773,3000,1000
CLASSIFICATION,0.2,10,64,ELIGIBILITY_TRACE,accuracy,0.38,3000,1000
CLASSIFICATION,0.2,10,64,NO_TRACE,accuracy,0.267,3000,1000
CLASSIFICATION,0.2,11,1,EXACT_REPLAY,accuracy,0.773,3000,1000
CLASSIFICATION,0.2,11,1,ELIGIBILITY_TRACE,accuracy,0.649,3000,1000
CLASSIFICATION,0.2,11,1,NO_TRACE,accuracy,0.655,3000,1000
CLASSIFICATION,0.2,11,4,EXACT_REPLAY,accuracy,0.773,3000,1000
CLASSIFICATION,0.2,11,4,ELIGIBILITY_TRACE,accuracy,0.634,3000,1000
CLASSIFICATION,0.2,11,4,NO_TRACE,accuracy,0.217,3000,1000
CLASSIFICATION,0.2,11,16,EXACT_REPLAY,accuracy,0.773,3000,1000
CLASSIFICATION,0.2,11,16,ELIGIBILITY_TRACE,accuracy,0.601,3000,1000
CLASSIFICATION,0.2,11,16,NO_TRACE,accuracy,0.206,3000,1000
CLASSIFICATION,0.2,11,64,EXACT_REPLAY,accuracy,0.772,3000,1000
CLASSIFICATION,0.2,11,64,ELIGIBILITY_TRACE,accuracy,0.322,3000,1000
CLASSIFICATION,0.2,11,64,NO_TRACE,accuracy,0.222,3000,1000
CLASSIFICATION,0.2,12,1,EXACT_REPLAY,accuracy,0.744,3000,1000
CLASSIFICATION,0.2,12,1,ELIGIBILITY_TRACE,accuracy,0.574,3000,1000
CLASSIFICATION,0.2,12,1,NO_TRACE,accuracy,0.643,3000,1000
CLASSIFICATION,0.2,12,4,EXACT_REPLAY,accuracy,0.744,3000,1000
CLASSIFICATION,0.2,12,4,ELIGIBILITY_TRACE,accuracy,0.562,3000,1000
CLASSIFICATION,0.2,12,4,NO_TRACE,accuracy,0.199,3000,1000
CLASSIFICATION,0.2,12,16,EXACT_REPLAY,accuracy,0.743,3000,1000
CLASSIFICATION,0.2,12,16,ELIGIBILITY_TRACE,accuracy,0.513,3000,1000
CLASSIFICATION,0.2,12,16,NO_TRACE,accuracy,0.262,3000,1000
CLASSIFICATION,0.2,12,64,EXACT_REPLAY,accuracy,0.741,3000,1000
CLASSIFICATION,0.2,12,64,ELIGIBILITY_TRACE,accuracy,0.359,3000,1000
CLASSIFICATION,0.2,12,64,NO_TRACE,accuracy,0.242,3000,1000
CLASSIFICATION,0.2,13,1,EXACT_REPLAY,accuracy,0.783,3000,1000
CLASSIFICATION,0.2,13,1,ELIGIBILITY_TRACE,accuracy,0.693,3000,1000
CLASSIFICATION,0.2,13,1,NO_TRACE,accuracy,0.584,3000,1000
CLASSIFICATION,0.2,13,4,EXACT_REPLAY,accuracy,0.783,3000,1000
CLASSIFICATION,0.2,13,4,ELIGIBILITY_TRACE,accuracy,0.682,3000,1000
CLASSIFICATION,0.2,13,4,NO_TRACE,accuracy,0.283,3000,1000
CLASSIFICATION,0.2,13,16,EXACT_REPLAY,accuracy,0.783,3000,1000
CLASSIFICATION,0.2,13,16,ELIGIBILITY_TRACE,accuracy,0.656,3000,1000
CLASSIFICATION,0.2,13,16,NO_TRACE,accuracy,0.243,3000,1000
CLASSIFICATION,0.2,13,64,EXACT_REPLAY,accuracy,0.783,3000,1000
CLASSIFICATION,0.2,13,64,ELIGIBILITY_TRACE,accuracy,0.415,3000,1000
CLASSIFICATION,0.2,13,64,NO_TRACE,accuracy,0.274,3000,1000
CLASSIFICATION,0.2,14,1,EXACT_REPLAY,accuracy,0.801,3000,1000
CLASSIFICATION,0.2,14,1,ELIGIBILITY_TRACE,accuracy,0.653,3000,1000
CLASSIFICATION,0.2,14,1,NO_TRACE,accuracy,0.681,3000,1000
CLASSIFICATION,0.2,14,4,EXACT_REPLAY,accuracy,0.801,3000,1000
CLASSIFICATION,0.2,14,4,ELIGIBILITY_TRACE,accuracy,0.658,3000,1000
CLASSIFICATION,0.2,14,4,NO_TRACE,accuracy,0.356,3000,1000
CLASSIFICATION,0.2,14,16,EXACT_REPLAY,accuracy,0.801,3000,1000
CLASSIFICATION,0.2,14,16,ELIGIBILITY_TRACE,accuracy,0.617,3000,1000
CLASSIFICATION,0.2,14,16,NO_TRACE,accuracy,0.206,3000,1000
CLASSIFICATION,0.2,14,64,EXACT_REPLAY,accuracy,0.798,3000,1000
CLASSIFICATION,0.2,14,64,ELIGIBILITY_TRACE,accuracy,0.343,3000,1000
CLASSIFICATION,0.2,14,64,NO_TRACE,accuracy,0.298,3000,1000
CLASSIFICATION,0.2,15,1,EXACT_REPLAY,accuracy,0.796,3000,1000
CLASSIFICATION,0.2,15,1,ELIGIBILITY_TRACE,accuracy,0.623,3000,1000
CLASSIFICATION,0.2,15,1,NO_TRACE,accuracy,0.629,3000,1000
CLASSIFICATION,0.2,15,4,EXACT_REPLAY,accuracy,0.796,3000,1000
CLASSIFICATION,0.2,15,4,ELIGIBILITY_TRACE,accuracy,0.607,3000,1000
CLASSIFICATION,0.2,15,4,NO_TRACE,accuracy,0.258,3000,1000
CLASSIFICATION,0.2,15,16,EXACT_REPLAY,accuracy,0.796,3000,1000
CLASSIFICATION,0.2,15,16,ELIGIBILITY_TRACE,accuracy,0.567,3000,1000
CLASSIFICATION,0.2,15,16,NO_TRACE,accuracy,0.259,3000,1000
CLASSIFICATION,0.2,15,64,EXACT_REPLAY,accuracy,0.796,3000,1000
CLASSIFICATION,0.2,15,64,ELIGIBILITY_TRACE,accuracy,0.374,3000,1000
CLASSIFICATION,0.2,15,64,NO_TRACE,accuracy,0.283,3000,1000
CLASSIFICATION,0.2,16,1,EXACT_REPLAY,accuracy,0.705,3000,1000
CLASSIFICATION,0.2,16,1,ELIGIBILITY_TRACE,accuracy,0.586,3000,1000
CLASSIFICATION,0.2,16,1,NO_TRACE,accuracy,0.621,3000,1000
CLASSIFICATION,0.2,16,4,EXACT_REPLAY,accuracy,0.705,3000,1000
CLASSIFICATION,0.2,16,4,ELIGIBILITY_TRACE,accuracy,0.578,3000,1000
CLASSIFICATION,0.2,16,4,NO_TRACE,accuracy,0.386,3000,1000
CLASSIFICATION,0.2,16,16,EXACT_REPLAY,accuracy,0.705,3000,1000
CLASSIFICATION,0.2,16,16,ELIGIBILITY_TRACE,accuracy,0.591,3000,1000
CLASSIFICATION,0.2,16,16,NO_TRACE,accuracy,0.288,3000,1000
CLASSIFICATION,0.2,16,64,EXACT_REPLAY,accuracy,0.704,3000,1000
CLASSIFICATION,0.2,16,64,ELIGIBILITY_TRACE,accuracy,0.457,3000,1000
CLASSIFICATION,0.2,16,64,NO_TRACE,accuracy,0.251,3000,1000
CLASSIFICATION,0.2,17,1,EXACT_REPLAY,accuracy,0.755,3000,1000
CLASSIFICATION,0.2,17,1,ELIGIBILITY_TRACE,accuracy,0.555,3000,1000
CLASSIFICATION,0.2,17,1,NO_TRACE,accuracy,0.618,3000,1000
CLASSIFICATION,0.2,17,4,EXACT_REPLAY,accuracy,0.755,3000,1000
CLASSIFICATION,0.2,17,4,ELIGIBILITY_TRACE,accuracy,0.569,3000,1000
CLASSIFICATION,0.2,17,4,NO_TRACE,accuracy,0.296,3000,1000
CLASSIFICATION,0.2,17,16,EXACT_REPLAY,accuracy,0.755,3000,1000
CLASSIFICATION,0.2,17,16,ELIGIBILITY_TRACE,accuracy,0.533,3000,1000
CLASSIFICATION,0.2,17,16,NO_TRACE,accuracy,0.211,3000,1000
CLASSIFICATION,0.2,17,64,EXACT_REPLAY,accuracy,0.754,3000,1000
CLASSIFICATION,0.2,17,64,ELIGIBILITY_TRACE,accuracy,0.417,3000,1000
CLASSIFICATION,0.2,17,64,NO_TRACE,accuracy,0.225,3000,1000
CLASSIFICATION,0.2,18,1,EXACT_REPLAY,accuracy,0.723,3000,1000
CLASSIFICATION,0.2,18,1,ELIGIBILITY_TRACE,accuracy,0.635,3000,1000
CLASSIFICATION,0.2,18,1,NO_TRACE,accuracy,0.614,3000,1000
CLASSIFICATION,0.2,18,4,EXACT_REPLAY,accuracy,0.723,3000,1000
CLASSIFICATION,0.2,18,4,ELIGIBILITY_TRACE,accuracy,0.627,3000,1000
CLASSIFICATION,0.2,18,4,NO_TRACE,accuracy,0.32,3000,1000
CLASSIFICATION,0.2,18,16,EXACT_REPLAY,accuracy,0.723,3000,1000
CLASSIFICATION,0.2,18,16,ELIGIBILITY_TRACE,accuracy,0.582,3000,1000
CLASSIFICATION,0.2,18,16,NO_TRACE,accuracy,0.292,3000,1000
CLASSIFICATION,0.2,18,64,EXACT_REPLAY,accuracy,0.723,3000,1000
CLASSIFICATION,0.2,18,64,ELIGIBILITY_TRACE,accuracy,0.391,3000,1000
CLASSIFICATION,0.2,18,64,NO_TRACE,accuracy,0.261,3000,1000
CLASSIFICATION,0.2,19,1,EXACT_REPLAY,accuracy,0.727,3000,1000
CLASSIFICATION,0.2,19,1,ELIGIBILITY_TRACE,accuracy,0.607,3000,1000
CLASSIFICATION,0.2,19,1,NO_TRACE,accuracy,0.588,3000,1000
CLASSIFICATION,0.2,19,4,EXACT_REPLAY,accuracy,0.727,3000,1000
CLASSIFICATION,0.2,19,4,ELIGIBILITY_TRACE,accuracy,0.596,3000,1000
CLASSIFICATION,0.2,19,4,NO_TRACE,accuracy,0.33,3000,1000
CLASSIFICATION,0.2,19,16,EXACT_REPLAY,accuracy,0.727,3000,1000
CLASSIFICATION,0.2,19,16,ELIGIBILITY_TRACE,accuracy,0.562,3000,1000
CLASSIFICATION,0.2,19,16,NO_TRACE,accuracy,0.253,3000,1000
CLASSIFICATION,0.2,19,64,EXACT_REPLAY,accuracy,0.727,3000,1000
CLASSIFICATION,0.2,19,64,ELIGIBILITY_TRACE,accuracy,0.427,3000,1000
CLASSIFICATION,0.2,19,64,NO_TRACE,accuracy,0.232,3000,1000
CLASSIFICATION,0.2,20,1,EXACT_REPLAY,accuracy,0.731,3000,1000
CLASSIFICATION,0.2,20,1,ELIGIBILITY_TRACE,accuracy,0.656,3000,1000
CLASSIFICATION,0.2,20,1,NO_TRACE,accuracy,0.594,3000,1000
CLASSIFICATION,0.2,20,4,EXACT_REPLAY,accuracy,0.731,3000,1000
CLASSIFICATION,0.2,20,4,ELIGIBILITY_TRACE,accuracy,0.643,3000,1000
CLASSIFICATION,0.2,20,4,NO_TRACE,accuracy,0.345,3000,1000
CLASSIFICATION,0.2,20,16,EXACT_REPLAY,accuracy,0.731,3000,1000
CLASSIFICATION,0.2,20,16,ELIGIBILITY_TRACE,accuracy,0.631,3000,1000
CLASSIFICATION,0.2,20,16,NO_TRACE,accuracy,0.25,3000,1000
CLASSIFICATION,0.2,20,64,EXACT_REPLAY,accuracy,0.73,3000,1000
CLASSIFICATION,0.2,20,64,ELIGIBILITY_TRACE,accuracy,0.419,3000,1000
CLASSIFICATION,0.2,20,64,NO_TRACE,accuracy,0.339,3000,1000
CLASSIFICATION,0.2,21,1,EXACT_REPLAY,accuracy,0.726,3000,1000
CLASSIFICATION,0.2,21,1,ELIGIBILITY_TRACE,accuracy,0.633,3000,1000
CLASSIFICATION,0.2,21,1,NO_TRACE,accuracy,0.601,3000,1000
CLASSIFICATION,0.2,21,4,EXACT_REPLAY,accuracy,0.725,3000,1000
CLASSIFICATION,0.2,21,4,ELIGIBILITY_TRACE,accuracy,0.624,3000,1000
CLASSIFICATION,0.2,21,4,NO_TRACE,accuracy,0.261,3000,1000
CLASSIFICATION,0.2,21,16,EXACT_REPLAY,accuracy,0.726,3000,1000
CLASSIFICATION,0.2,21,16,ELIGIBILITY_TRACE,accuracy,0.575,3000,1000
CLASSIFICATION,0.2,21,16,NO_TRACE,accuracy,0.232,3000,1000
CLASSIFICATION,0.2,21,64,EXACT_REPLAY,accuracy,0.725,3000,1000
CLASSIFICATION,0.2,21,64,ELIGIBILITY_TRACE,accuracy,0.422,3000,1000
CLASSIFICATION,0.2,21,64,NO_TRACE,accuracy,0.316,3000,1000
CLASSIFICATION,0.2,22,1,EXACT_REPLAY,accuracy,0.798,3000,1000
CLASSIFICATION,0.2,22,1,ELIGIBILITY_TRACE,accuracy,0.679,3000,1000
CLASSIFICATION,0.2,22,1,NO_TRACE,accuracy,0.665,3000,1000
CLASSIFICATION,0.2,22,4,EXACT_REPLAY,accuracy,0.798,3000,1000
CLASSIFICATION,0.2,22,4,ELIGIBILITY_TRACE,accuracy,0.681,3000,1000
CLASSIFICATION,0.2,22,4,NO_TRACE,accuracy,0.268,3000,1000
CLASSIFICATION,0.2,22,16,EXACT_REPLAY,accuracy,0.798,3000,1000
CLASSIFICATION,0.2,22,16,ELIGIBILITY_TRACE,accuracy,0.622,3000,1000
CLASSIFICATION,0.2,22,16,NO_TRACE,accuracy,0.213,3000,1000
CLASSIFICATION,0.2,22,64,EXACT_REPLAY,accuracy,0.798,3000,1000
CLASSIFICATION,0.2,22,64,ELIGIBILITY_TRACE,accuracy,0.512,3000,1000
CLASSIFICATION,0.2,22,64,NO_TRACE,accuracy,0.321,3000,1000
CLASSIFICATION,0.2,23,1,EXACT_REPLAY,accuracy,0.797,3000,1000
CLASSIFICATION,0.2,23,1,ELIGIBILITY_TRACE,accuracy,0.672,3000,1000
CLASSIFICATION,0.2,23,1,NO_TRACE,accuracy,0.665,3000,1000
CLASSIFICATION,0.2,23,4,EXACT_REPLAY,accuracy,0.797,3000,1000
CLASSIFICATION,0.2,23,4,ELIGIBILITY_TRACE,accuracy,0.671,3000,1000
CLASSIFICATION,0.2,23,4,NO_TRACE,accuracy,0.261,3000,1000
CLASSIFICATION,0.2,23,16,EXACT_REPLAY,accuracy,0.796,3000,1000
CLASSIFICATION,0.2,23,16,ELIGIBILITY_TRACE,accuracy,0.611,3000,1000
CLASSIFICATION,0.2,23,16,NO_TRACE,accuracy,0.304,3000,1000
CLASSIFICATION,0.2,23,64,EXACT_REPLAY,accuracy,0.795,3000,1000
CLASSIFICATION,0.2,23,64,ELIGIBILITY_TRACE,accuracy,0.461,3000,1000
CLASSIFICATION,0.2,23,64,NO_TRACE,accuracy,0.195,3000,1000
CLASSIFICATION,0.2,24,1,EXACT_REPLAY,accuracy,0.76,3000,1000
CLASSIFICATION,0.2,24,1,ELIGIBILITY_TRACE,accuracy,0.627,3000,1000
CLASSIFICATION,0.2,24,1,NO_TRACE,accuracy,0.614,3000,1000
CLASSIFICATION,0.2,24,4,EXACT_REPLAY,accuracy,0.76,3000,1000
CLASSIFICATION,0.2,24,4,ELIGIBILITY_TRACE,accuracy,0.61,3000,1000
CLASSIFICATION,0.2,24,4,NO_TRACE,accuracy,0.267,3000,1000
CLASSIFICATION,0.2,24,16,EXACT_REPLAY,accuracy,0.76,3000,1000
CLASSIFICATION,0.2,24,16,ELIGIBILITY_TRACE,accuracy,0.604,3000,1000
CLASSIFICATION,0.2,24,16,NO_TRACE,accuracy,0.258,3000,1000
CLASSIFICATION,0.2,24,64,EXACT_REPLAY,accuracy,0.76,3000,1000
CLASSIFICATION,0.2,24,64,ELIGIBILITY_TRACE,accuracy,0.374,3000,1000
CLASSIFICATION,0.2,24,64,NO_TRACE,accuracy,0.179,3000,1000
CLASSIFICATION,0.2,25,1,EXACT_REPLAY,accuracy,0.77,3000,1000
CLASSIFICATION,0.2,25,1,ELIGIBILITY_TRACE,accuracy,0.686,3000,1000
CLASSIFICATION,0.2,25,1,NO_TRACE,accuracy,0.635,3000,1000
CLASSIFICATION,0.2,25,4,EXACT_REPLAY,accuracy,0.771,3000,1000
CLASSIFICATION,0.2,25,4,ELIGIBILITY_TRACE,accuracy,0.683,3000,1000
CLASSIFICATION,0.2,25,4,NO_TRACE,accuracy,0.259,3000,1000
CLASSIFICATION,0.2,25,16,EXACT_REPLAY,accuracy,0.77,3000,1000
CLASSIFICATION,0.2,25,16,ELIGIBILITY_TRACE,accuracy,0.621,3000,1000
CLASSIFICATION,0.2,25,16,NO_TRACE,accuracy,0.269,3000,1000
CLASSIFICATION,0.2,25,64,EXACT_REPLAY,accuracy,0.771,3000,1000
CLASSIFICATION,0.2,25,64,ELIGIBILITY_TRACE,accuracy,0.378,3000,1000
CLASSIFICATION,0.2,25,64,NO_TRACE,accuracy,0.31,3000,1000
CLASSIFICATION,0.2,26,1,EXACT_REPLAY,accuracy,0.798,3000,1000
CLASSIFICATION,0.2,26,1,ELIGIBILITY_TRACE,accuracy,0.671,3000,1000
CLASSIFICATION,0.2,26,1,NO_TRACE,accuracy,0.628,3000,1000
CLASSIFICATION,0.2,26,4,EXACT_REPLAY,accuracy,0.798,3000,1000
CLASSIFICATION,0.2,26,4,ELIGIBILITY_TRACE,accuracy,0.669,3000,1000
CLASSIFICATION,0.2,26,4,NO_TRACE,accuracy,0.233,3000,1000
CLASSIFICATION,0.2,26,16,EXACT_REPLAY,accuracy,0.798,3000,1000
CLASSIFICATION,0.2,26,16,ELIGIBILITY_TRACE,accuracy,0.635,3000,1000
CLASSIFICATION,0.2,26,16,NO_TRACE,accuracy,0.212,3000,1000
CLASSIFICATION,0.2,26,64,EXACT_REPLAY,accuracy,0.798,3000,1000
CLASSIFICATION,0.2,26,64,ELIGIBILITY_TRACE,accuracy,0.341,3000,1000
CLASSIFICATION,0.2,26,64,NO_TRACE,accuracy,0.197,3000,1000
CLASSIFICATION,0.2,27,1,EXACT_REPLAY,accuracy,0.793,3000,1000
CLASSIFICATION,0.2,27,1,ELIGIBILITY_TRACE,accuracy,0.651,3000,1000
CLASSIFICATION,0.2,27,1,NO_TRACE,accuracy,0.652,3000,1000
CLASSIFICATION,0.2,27,4,EXACT_REPLAY,accuracy,0.793,3000,1000
CLASSIFICATION,0.2,27,4,ELIGIBILITY_TRACE,accuracy,0.649,3000,1000
CLASSIFICATION,0.2,27,4,NO_TRACE,accuracy,0.253,3000,1000
CLASSIFICATION,0.2,27,16,EXACT_REPLAY,accuracy,0.793,3000,1000
CLASSIFICATION,0.2,27,16,ELIGIBILITY_TRACE,accuracy,0.528,3000,1000
CLASSIFICATION,0.2,27,16,NO_TRACE,accuracy,0.2,3000,1000
CLASSIFICATION,0.2,27,64,EXACT_REPLAY,accuracy,0.792,3000,1000
CLASSIFICATION,0.2,27,64,ELIGIBILITY_TRACE,accuracy,0.41,3000,1000
CLASSIFICATION,0.2,27,64,NO_TRACE,accuracy,0.201,3000,1000
CLASSIFICATION,0.2,28,1,EXACT_REPLAY,accuracy,0.807,3000,1000
CLASSIFICATION,0.2,28,1,ELIGIBILITY_TRACE,accuracy,0.628,3000,1000
CLASSIFICATION,0.2,28,1,NO_TRACE,accuracy,0.672,3000,1000
CLASSIFICATION,0.2,28,4,EXACT_REPLAY,accuracy,0.807,3000,1000
CLASSIFICATION,0.2,28,4,ELIGIBILITY_TRACE,accuracy,0.616,3000,1000
CLASSIFICATION,0.2,28,4,NO_TRACE,accuracy,0.253,3000,1000
CLASSIFICATION,0.2,28,16,EXACT_REPLAY,accuracy,0.807,3000,1000
CLASSIFICATION,0.2,28,16,ELIGIBILITY_TRACE,accuracy,0.544,3000,1000
CLASSIFICATION,0.2,28,16,NO_TRACE,accuracy,0.215,3000,1000
CLASSIFICATION,0.2,28,64,EXACT_REPLAY,accuracy,0.807,3000,1000
CLASSIFICATION,0.2,28,64,ELIGIBILITY_TRACE,accuracy,0.349,3000,1000
CLASSIFICATION,0.2,28,64,NO_TRACE,accuracy,0.206,3000,1000
CLASSIFICATION,0.2,29,1,EXACT_REPLAY,accuracy,0.769,3000,1000
CLASSIFICATION,0.2,29,1,ELIGIBILITY_TRACE,accuracy,0.647,3000,1000
CLASSIFICATION,0.2,29,1,NO_TRACE,accuracy,0.596,3000,1000
CLASSIFICATION,0.2,29,4,EXACT_REPLAY,accuracy,0.769,3000,1000
CLASSIFICATION,0.2,29,4,ELIGIBILITY_TRACE,accuracy,0.651,3000,1000
CLASSIFICATION,0.2,29,4,NO_TRACE,accuracy,0.248,3000,1000
CLASSIFICATION,0.2,29,16,EXACT_REPLAY,accuracy,0.769,3000,1000
CLASSIFICATION,0.2,29,16,ELIGIBILITY_TRACE,accuracy,0.597,3000,1000
CLASSIFICATION,0.2,29,16,NO_TRACE,accuracy,0.243,3000,1000
CLASSIFICATION,0.2,29,64,EXACT_REPLAY,accuracy,0.768,3000,1000
CLASSIFICATION,0.2,29,64,ELIGIBILITY_TRACE,accuracy,0.433,3000,1000
CLASSIFICATION,0.2,29,64,NO_TRACE,accuracy,0.251,3000,1000
CLASSIFICATION,0.4,0,1,EXACT_REPLAY,accuracy,0.755,3000,1000
CLASSIFICATION,0.4,0,1,ELIGIBILITY_TRACE,accuracy,0.578,3000,1000
CLASSIFICATION,0.4,0,1,NO_TRACE,accuracy,0.722,3000,1000
CLASSIFICATION,0.4,0,4,EXACT_REPLAY,accuracy,0.755,3000,1000
CLASSIFICATION,0.4,0,4,ELIGIBILITY_TRACE,accuracy,0.593,3000,1000
CLASSIFICATION,0.4,0,4,NO_TRACE,accuracy,0.387,3000,1000
CLASSIFICATION,0.4,0,16,EXACT_REPLAY,accuracy,0.755,3000,1000
CLASSIFICATION,0.4,0,16,ELIGIBILITY_TRACE,accuracy,0.563,3000,1000
CLASSIFICATION,0.4,0,16,NO_TRACE,accuracy,0.223,3000,1000
CLASSIFICATION,0.4,0,64,EXACT_REPLAY,accuracy,0.753,3000,1000
CLASSIFICATION,0.4,0,64,ELIGIBILITY_TRACE,accuracy,0.4,3000,1000
CLASSIFICATION,0.4,0,64,NO_TRACE,accuracy,0.156,3000,1000
CLASSIFICATION,0.4,1,1,EXACT_REPLAY,accuracy,0.759,3000,1000
CLASSIFICATION,0.4,1,1,ELIGIBILITY_TRACE,accuracy,0.668,3000,1000
CLASSIFICATION,0.4,1,1,NO_TRACE,accuracy,0.714,3000,1000
CLASSIFICATION,0.4,1,4,EXACT_REPLAY,accuracy,0.759,3000,1000
CLASSIFICATION,0.4,1,4,ELIGIBILITY_TRACE,accuracy,0.692,3000,1000
CLASSIFICATION,0.4,1,4,NO_TRACE,accuracy,0.342,3000,1000
CLASSIFICATION,0.4,1,16,EXACT_REPLAY,accuracy,0.759,3000,1000
CLASSIFICATION,0.4,1,16,ELIGIBILITY_TRACE,accuracy,0.623,3000,1000
CLASSIFICATION,0.4,1,16,NO_TRACE,accuracy,0.296,3000,1000
CLASSIFICATION,0.4,1,64,EXACT_REPLAY,accuracy,0.759,3000,1000
CLASSIFICATION,0.4,1,64,ELIGIBILITY_TRACE,accuracy,0.388,3000,1000
CLASSIFICATION,0.4,1,64,NO_TRACE,accuracy,0.275,3000,1000
CLASSIFICATION,0.4,2,1,EXACT_REPLAY,accuracy,0.779,3000,1000
CLASSIFICATION,0.4,2,1,ELIGIBILITY_TRACE,accuracy,0.608,3000,1000
CLASSIFICATION,0.4,2,1,NO_TRACE,accuracy,0.726,3000,1000
CLASSIFICATION,0.4,2,4,EXACT_REPLAY,accuracy,0.779,3000,1000
CLASSIFICATION,0.4,2,4,ELIGIBILITY_TRACE,accuracy,0.624,3000,1000
CLASSIFICATION,0.4,2,4,NO_TRACE,accuracy,0.269,3000,1000
CLASSIFICATION,0.4,2,16,EXACT_REPLAY,accuracy,0.779,3000,1000
CLASSIFICATION,0.4,2,16,ELIGIBILITY_TRACE,accuracy,0.563,3000,1000
CLASSIFICATION,0.4,2,16,NO_TRACE,accuracy,0.279,3000,1000
CLASSIFICATION,0.4,2,64,EXACT_REPLAY,accuracy,0.778,3000,1000
CLASSIFICATION,0.4,2,64,ELIGIBILITY_TRACE,accuracy,0.407,3000,1000
CLASSIFICATION,0.4,2,64,NO_TRACE,accuracy,0.282,3000,1000
CLASSIFICATION,0.4,3,1,EXACT_REPLAY,accuracy,0.771,3000,1000
CLASSIFICATION,0.4,3,1,ELIGIBILITY_TRACE,accuracy,0.648,3000,1000
CLASSIFICATION,0.4,3,1,NO_TRACE,accuracy,0.735,3000,1000
CLASSIFICATION,0.4,3,4,EXACT_REPLAY,accuracy,0.771,3000,1000
CLASSIFICATION,0.4,3,4,ELIGIBILITY_TRACE,accuracy,0.677,3000,1000
CLASSIFICATION,0.4,3,4,NO_TRACE,accuracy,0.371,3000,1000
CLASSIFICATION,0.4,3,16,EXACT_REPLAY,accuracy,0.771,3000,1000
CLASSIFICATION,0.4,3,16,ELIGIBILITY_TRACE,accuracy,0.665,3000,1000
CLASSIFICATION,0.4,3,16,NO_TRACE,accuracy,0.262,3000,1000
CLASSIFICATION,0.4,3,64,EXACT_REPLAY,accuracy,0.771,3000,1000
CLASSIFICATION,0.4,3,64,ELIGIBILITY_TRACE,accuracy,0.426,3000,1000
CLASSIFICATION,0.4,3,64,NO_TRACE,accuracy,0.237,3000,1000
CLASSIFICATION,0.4,4,1,EXACT_REPLAY,accuracy,0.763,3000,1000
CLASSIFICATION,0.4,4,1,ELIGIBILITY_TRACE,accuracy,0.567,3000,1000
CLASSIFICATION,0.4,4,1,NO_TRACE,accuracy,0.705,3000,1000
CLASSIFICATION,0.4,4,4,EXACT_REPLAY,accuracy,0.763,3000,1000
CLASSIFICATION,0.4,4,4,ELIGIBILITY_TRACE,accuracy,0.579,3000,1000
CLASSIFICATION,0.4,4,4,NO_TRACE,accuracy,0.36,3000,1000
CLASSIFICATION,0.4,4,16,EXACT_REPLAY,accuracy,0.763,3000,1000
CLASSIFICATION,0.4,4,16,ELIGIBILITY_TRACE,accuracy,0.528,3000,1000
CLASSIFICATION,0.4,4,16,NO_TRACE,accuracy,0.293,3000,1000
CLASSIFICATION,0.4,4,64,EXACT_REPLAY,accuracy,0.761,3000,1000
CLASSIFICATION,0.4,4,64,ELIGIBILITY_TRACE,accuracy,0.375,3000,1000
CLASSIFICATION,0.4,4,64,NO_TRACE,accuracy,0.338,3000,1000
CLASSIFICATION,0.4,5,1,EXACT_REPLAY,accuracy,0.727,3000,1000
CLASSIFICATION,0.4,5,1,ELIGIBILITY_TRACE,accuracy,0.575,3000,1000
CLASSIFICATION,0.4,5,1,NO_TRACE,accuracy,0.674,3000,1000
CLASSIFICATION,0.4,5,4,EXACT_REPLAY,accuracy,0.727,3000,1000
CLASSIFICATION,0.4,5,4,ELIGIBILITY_TRACE,accuracy,0.589,3000,1000
CLASSIFICATION,0.4,5,4,NO_TRACE,accuracy,0.369,3000,1000
CLASSIFICATION,0.4,5,16,EXACT_REPLAY,accuracy,0.727,3000,1000
CLASSIFICATION,0.4,5,16,ELIGIBILITY_TRACE,accuracy,0.56,3000,1000
CLASSIFICATION,0.4,5,16,NO_TRACE,accuracy,0.157,3000,1000
CLASSIFICATION,0.4,5,64,EXACT_REPLAY,accuracy,0.726,3000,1000
CLASSIFICATION,0.4,5,64,ELIGIBILITY_TRACE,accuracy,0.36,3000,1000
CLASSIFICATION,0.4,5,64,NO_TRACE,accuracy,0.221,3000,1000
CLASSIFICATION,0.4,6,1,EXACT_REPLAY,accuracy,0.775,3000,1000
CLASSIFICATION,0.4,6,1,ELIGIBILITY_TRACE,accuracy,0.633,3000,1000
CLASSIFICATION,0.4,6,1,NO_TRACE,accuracy,0.701,3000,1000
CLASSIFICATION,0.4,6,4,EXACT_REPLAY,accuracy,0.775,3000,1000
CLASSIFICATION,0.4,6,4,ELIGIBILITY_TRACE,accuracy,0.645,3000,1000
CLASSIFICATION,0.4,6,4,NO_TRACE,accuracy,0.275,3000,1000
CLASSIFICATION,0.4,6,16,EXACT_REPLAY,accuracy,0.775,3000,1000
CLASSIFICATION,0.4,6,16,ELIGIBILITY_TRACE,accuracy,0.615,3000,1000
CLASSIFICATION,0.4,6,16,NO_TRACE,accuracy,0.193,3000,1000
CLASSIFICATION,0.4,6,64,EXACT_REPLAY,accuracy,0.775,3000,1000
CLASSIFICATION,0.4,6,64,ELIGIBILITY_TRACE,accuracy,0.442,3000,1000
CLASSIFICATION,0.4,6,64,NO_TRACE,accuracy,0.244,3000,1000
CLASSIFICATION,0.4,7,1,EXACT_REPLAY,accuracy,0.782,3000,1000
CLASSIFICATION,0.4,7,1,ELIGIBILITY_TRACE,accuracy,0.659,3000,1000
CLASSIFICATION,0.4,7,1,NO_TRACE,accuracy,0.743,3000,1000
CLASSIFICATION,0.4,7,4,EXACT_REPLAY,accuracy,0.782,3000,1000
CLASSIFICATION,0.4,7,4,ELIGIBILITY_TRACE,accuracy,0.661,3000,1000
CLASSIFICATION,0.4,7,4,NO_TRACE,accuracy,0.278,3000,1000
CLASSIFICATION,0.4,7,16,EXACT_REPLAY,accuracy,0.782,3000,1000
CLASSIFICATION,0.4,7,16,ELIGIBILITY_TRACE,accuracy,0.617,3000,1000
CLASSIFICATION,0.4,7,16,NO_TRACE,accuracy,0.236,3000,1000
CLASSIFICATION,0.4,7,64,EXACT_REPLAY,accuracy,0.781,3000,1000
CLASSIFICATION,0.4,7,64,ELIGIBILITY_TRACE,accuracy,0.505,3000,1000
CLASSIFICATION,0.4,7,64,NO_TRACE,accuracy,0.254,3000,1000
CLASSIFICATION,0.4,8,1,EXACT_REPLAY,accuracy,0.758,3000,1000
CLASSIFICATION,0.4,8,1,ELIGIBILITY_TRACE,accuracy,0.613,3000,1000
CLASSIFICATION,0.4,8,1,NO_TRACE,accuracy,0.723,3000,1000
CLASSIFICATION,0.4,8,4,EXACT_REPLAY,accuracy,0.758,3000,1000
CLASSIFICATION,0.4,8,4,ELIGIBILITY_TRACE,accuracy,0.623,3000,1000
CLASSIFICATION,0.4,8,4,NO_TRACE,accuracy,0.293,3000,1000
CLASSIFICATION,0.4,8,16,EXACT_REPLAY,accuracy,0.758,3000,1000
CLASSIFICATION,0.4,8,16,ELIGIBILITY_TRACE,accuracy,0.588,3000,1000
CLASSIFICATION,0.4,8,16,NO_TRACE,accuracy,0.24,3000,1000
CLASSIFICATION,0.4,8,64,EXACT_REPLAY,accuracy,0.758,3000,1000
CLASSIFICATION,0.4,8,64,ELIGIBILITY_TRACE,accuracy,0.372,3000,1000
CLASSIFICATION,0.4,8,64,NO_TRACE,accuracy,0.191,3000,1000
CLASSIFICATION,0.4,9,1,EXACT_REPLAY,accuracy,0.771,3000,1000
CLASSIFICATION,0.4,9,1,ELIGIBILITY_TRACE,accuracy,0.663,3000,1000
CLASSIFICATION,0.4,9,1,NO_TRACE,accuracy,0.732,3000,1000
CLASSIFICATION,0.4,9,4,EXACT_REPLAY,accuracy,0.771,3000,1000
CLASSIFICATION,0.4,9,4,ELIGIBILITY_TRACE,accuracy,0.673,3000,1000
CLASSIFICATION,0.4,9,4,NO_TRACE,accuracy,0.366,3000,1000
CLASSIFICATION,0.4,9,16,EXACT_REPLAY,accuracy,0.771,3000,1000
CLASSIFICATION,0.4,9,16,ELIGIBILITY_TRACE,accuracy,0.644,3000,1000
CLASSIFICATION,0.4,9,16,NO_TRACE,accuracy,0.224,3000,1000
CLASSIFICATION,0.4,9,64,EXACT_REPLAY,accuracy,0.771,3000,1000
CLASSIFICATION,0.4,9,64,ELIGIBILITY_TRACE,accuracy,0.359,3000,1000
CLASSIFICATION,0.4,9,64,NO_TRACE,accuracy,0.199,3000,1000
CLASSIFICATION,0.4,10,1,EXACT_REPLAY,accuracy,0.778,3000,1000
CLASSIFICATION,0.4,10,1,ELIGIBILITY_TRACE,accuracy,0.605,3000,1000
CLASSIFICATION,0.4,10,1,NO_TRACE,accuracy,0.704,3000,1000
CLASSIFICATION,0.4,10,4,EXACT_REPLAY,accuracy,0.778,3000,1000
CLASSIFICATION,0.4,10,4,ELIGIBILITY_TRACE,accuracy,0.606,3000,1000
CLASSIFICATION,0.4,10,4,NO_TRACE,accuracy,0.238,3000,1000
CLASSIFICATION,0.4,10,16,EXACT_REPLAY,accuracy,0.778,3000,1000
CLASSIFICATION,0.4,10,16,ELIGIBILITY_TRACE,accuracy,0.579,3000,1000
CLASSIFICATION,0.4,10,16,NO_TRACE,accuracy,0.283,3000,1000
CLASSIFICATION,0.4,10,64,EXACT_REPLAY,accuracy,0.778,3000,1000
CLASSIFICATION,0.4,10,64,ELIGIBILITY_TRACE,accuracy,0.409,3000,1000
CLASSIFICATION,0.4,10,64,NO_TRACE,accuracy,0.245,3000,1000
CLASSIFICATION,0.4,11,1,EXACT_REPLAY,accuracy,0.735,3000,1000
CLASSIFICATION,0.4,11,1,ELIGIBILITY_TRACE,accuracy,0.648,3000,1000
CLASSIFICATION,0.4,11,1,NO_TRACE,accuracy,0.677,3000,1000
CLASSIFICATION,0.4,11,4,EXACT_REPLAY,accuracy,0.735,3000,1000
CLASSIFICATION,0.4,11,4,ELIGIBILITY_TRACE,accuracy,0.641,3000,1000
CLASSIFICATION,0.4,11,4,NO_TRACE,accuracy,0.277,3000,1000
CLASSIFICATION,0.4,11,16,EXACT_REPLAY,accuracy,0.735,3000,1000
CLASSIFICATION,0.4,11,16,ELIGIBILITY_TRACE,accuracy,0.586,3000,1000
CLASSIFICATION,0.4,11,16,NO_TRACE,accuracy,0.157,3000,1000
CLASSIFICATION,0.4,11,64,EXACT_REPLAY,accuracy,0.735,3000,1000
CLASSIFICATION,0.4,11,64,ELIGIBILITY_TRACE,accuracy,0.434,3000,1000
CLASSIFICATION,0.4,11,64,NO_TRACE,accuracy,0.247,3000,1000
CLASSIFICATION,0.4,12,1,EXACT_REPLAY,accuracy,0.735,3000,1000
CLASSIFICATION,0.4,12,1,ELIGIBILITY_TRACE,accuracy,0.557,3000,1000
CLASSIFICATION,0.4,12,1,NO_TRACE,accuracy,0.686,3000,1000
CLASSIFICATION,0.4,12,4,EXACT_REPLAY,accuracy,0.735,3000,1000
CLASSIFICATION,0.4,12,4,ELIGIBILITY_TRACE,accuracy,0.556,3000,1000
CLASSIFICATION,0.4,12,4,NO_TRACE,accuracy,0.31,3000,1000
CLASSIFICATION,0.4,12,16,EXACT_REPLAY,accuracy,0.735,3000,1000
CLASSIFICATION,0.4,12,16,ELIGIBILITY_TRACE,accuracy,0.567,3000,1000
CLASSIFICATION,0.4,12,16,NO_TRACE,accuracy,0.194,3000,1000
CLASSIFICATION,0.4,12,64,EXACT_REPLAY,accuracy,0.735,3000,1000
CLASSIFICATION,0.4,12,64,ELIGIBILITY_TRACE,accuracy,0.338,3000,1000
CLASSIFICATION,0.4,12,64,NO_TRACE,accuracy,0.219,3000,1000
CLASSIFICATION,0.4,13,1,EXACT_REPLAY,accuracy,0.783,3000,1000
CLASSIFICATION,0.4,13,1,ELIGIBILITY_TRACE,accuracy,0.669,3000,1000
CLASSIFICATION,0.4,13,1,NO_TRACE,accuracy,0.707,3000,1000
CLASSIFICATION,0.4,13,4,EXACT_REPLAY,accuracy,0.783,3000,1000
CLASSIFICATION,0.4,13,4,ELIGIBILITY_TRACE,accuracy,0.657,3000,1000
CLASSIFICATION,0.4,13,4,NO_TRACE,accuracy,0.251,3000,1000
CLASSIFICATION,0.4,13,16,EXACT_REPLAY,accuracy,0.782,3000,1000
CLASSIFICATION,0.4,13,16,ELIGIBILITY_TRACE,accuracy,0.643,3000,1000
CLASSIFICATION,0.4,13,16,NO_TRACE,accuracy,0.348,3000,1000
CLASSIFICATION,0.4,13,64,EXACT_REPLAY,accuracy,0.781,3000,1000
CLASSIFICATION,0.4,13,64,ELIGIBILITY_TRACE,accuracy,0.421,3000,1000
CLASSIFICATION,0.4,13,64,NO_TRACE,accuracy,0.2,3000,1000
CLASSIFICATION,0.4,14,1,EXACT_REPLAY,accuracy,0.799,3000,1000
CLASSIFICATION,0.4,14,1,ELIGIBILITY_TRACE,accuracy,0.679,3000,1000
CLASSIFICATION,0.4,14,1,NO_TRACE,accuracy,0.754,3000,1000
CLASSIFICATION,0.4,14,4,EXACT_REPLAY,accuracy,0.799,3000,1000
CLASSIFICATION,0.4,14,4,ELIGIBILITY_TRACE,accuracy,0.68,3000,1000
CLASSIFICATION,0.4,14,4,NO_TRACE,accuracy,0.35,3000,1000
CLASSIFICATION,0.4,14,16,EXACT_REPLAY,accuracy,0.8,3000,1000
CLASSIFICATION,0.4,14,16,ELIGIBILITY_TRACE,accuracy,0.605,3000,1000
CLASSIFICATION,0.4,14,16,NO_TRACE,accuracy,0.23,3000,1000
CLASSIFICATION,0.4,14,64,EXACT_REPLAY,accuracy,0.799,3000,1000
CLASSIFICATION,0.4,14,64,ELIGIBILITY_TRACE,accuracy,0.499,3000,1000
CLASSIFICATION,0.4,14,64,NO_TRACE,accuracy,0.204,3000,1000
CLASSIFICATION,0.4,15,1,EXACT_REPLAY,accuracy,0.799,3000,1000
CLASSIFICATION,0.4,15,1,ELIGIBILITY_TRACE,accuracy,0.682,3000,1000
CLASSIFICATION,0.4,15,1,NO_TRACE,accuracy,0.748,3000,1000
CLASSIFICATION,0.4,15,4,EXACT_REPLAY,accuracy,0.799,3000,1000
CLASSIFICATION,0.4,15,4,ELIGIBILITY_TRACE,accuracy,0.689,3000,1000
CLASSIFICATION,0.4,15,4,NO_TRACE,accuracy,0.258,3000,1000
CLASSIFICATION,0.4,15,16,EXACT_REPLAY,accuracy,0.799,3000,1000
CLASSIFICATION,0.4,15,16,ELIGIBILITY_TRACE,accuracy,0.643,3000,1000
CLASSIFICATION,0.4,15,16,NO_TRACE,accuracy,0.194,3000,1000
CLASSIFICATION,0.4,15,64,EXACT_REPLAY,accuracy,0.799,3000,1000
CLASSIFICATION,0.4,15,64,ELIGIBILITY_TRACE,accuracy,0.459,3000,1000
CLASSIFICATION,0.4,15,64,NO_TRACE,accuracy,0.276,3000,1000
CLASSIFICATION,0.4,16,1,EXACT_REPLAY,accuracy,0.731,3000,1000
CLASSIFICATION,0.4,16,1,ELIGIBILITY_TRACE,accuracy,0.585,3000,1000
CLASSIFICATION,0.4,16,1,NO_TRACE,accuracy,0.666,3000,1000
CLASSIFICATION,0.4,16,4,EXACT_REPLAY,accuracy,0.732,3000,1000
CLASSIFICATION,0.4,16,4,ELIGIBILITY_TRACE,accuracy,0.574,3000,1000
CLASSIFICATION,0.4,16,4,NO_TRACE,accuracy,0.281,3000,1000
CLASSIFICATION,0.4,16,16,EXACT_REPLAY,accuracy,0.731,3000,1000
CLASSIFICATION,0.4,16,16,ELIGIBILITY_TRACE,accuracy,0.569,3000,1000
CLASSIFICATION,0.4,16,16,NO_TRACE,accuracy,0.248,3000,1000
CLASSIFICATION,0.4,16,64,EXACT_REPLAY,accuracy,0.73,3000,1000
CLASSIFICATION,0.4,16,64,ELIGIBILITY_TRACE,accuracy,0.435,3000,1000
CLASSIFICATION,0.4,16,64,NO_TRACE,accuracy,0.352,3000,1000
CLASSIFICATION,0.4,17,1,EXACT_REPLAY,accuracy,0.755,3000,1000
CLASSIFICATION,0.4,17,1,ELIGIBILITY_TRACE,accuracy,0.677,3000,1000
CLASSIFICATION,0.4,17,1,NO_TRACE,accuracy,0.686,3000,1000
CLASSIFICATION,0.4,17,4,EXACT_REPLAY,accuracy,0.755,3000,1000
CLASSIFICATION,0.4,17,4,ELIGIBILITY_TRACE,accuracy,0.692,3000,1000
CLASSIFICATION,0.4,17,4,NO_TRACE,accuracy,0.311,3000,1000
CLASSIFICATION,0.4,17,16,EXACT_REPLAY,accuracy,0.755,3000,1000
CLASSIFICATION,0.4,17,16,ELIGIBILITY_TRACE,accuracy,0.644,3000,1000
CLASSIFICATION,0.4,17,16,NO_TRACE,accuracy,0.319,3000,1000
CLASSIFICATION,0.4,17,64,EXACT_REPLAY,accuracy,0.751,3000,1000
CLASSIFICATION,0.4,17,64,ELIGIBILITY_TRACE,accuracy,0.485,3000,1000
CLASSIFICATION,0.4,17,64,NO_TRACE,accuracy,0.339,3000,1000
CLASSIFICATION,0.4,18,1,EXACT_REPLAY,accuracy,0.739,3000,1000
CLASSIFICATION,0.4,18,1,ELIGIBILITY_TRACE,accuracy,0.646,3000,1000
CLASSIFICATION,0.4,18,1,NO_TRACE,accuracy,0.687,3000,1000
CLASSIFICATION,0.4,18,4,EXACT_REPLAY,accuracy,0.739,3000,1000
CLASSIFICATION,0.4,18,4,ELIGIBILITY_TRACE,accuracy,0.661,3000,1000
CLASSIFICATION,0.4,18,4,NO_TRACE,accuracy,0.228,3000,1000
CLASSIFICATION,0.4,18,16,EXACT_REPLAY,accuracy,0.739,3000,1000
CLASSIFICATION,0.4,18,16,ELIGIBILITY_TRACE,accuracy,0.638,3000,1000
CLASSIFICATION,0.4,18,16,NO_TRACE,accuracy,0.279,3000,1000
CLASSIFICATION,0.4,18,64,EXACT_REPLAY,accuracy,0.738,3000,1000
CLASSIFICATION,0.4,18,64,ELIGIBILITY_TRACE,accuracy,0.449,3000,1000
CLASSIFICATION,0.4,18,64,NO_TRACE,accuracy,0.27,3000,1000
CLASSIFICATION,0.4,19,1,EXACT_REPLAY,accuracy,0.741,3000,1000
CLASSIFICATION,0.4,19,1,ELIGIBILITY_TRACE,accuracy,0.665,3000,1000
CLASSIFICATION,0.4,19,1,NO_TRACE,accuracy,0.704,3000,1000
CLASSIFICATION,0.4,19,4,EXACT_REPLAY,accuracy,0.741,3000,1000
CLASSIFICATION,0.4,19,4,ELIGIBILITY_TRACE,accuracy,0.675,3000,1000
CLASSIFICATION,0.4,19,4,NO_TRACE,accuracy,0.377,3000,1000
CLASSIFICATION,0.4,19,16,EXACT_REPLAY,accuracy,0.741,3000,1000
CLASSIFICATION,0.4,19,16,ELIGIBILITY_TRACE,accuracy,0.614,3000,1000
CLASSIFICATION,0.4,19,16,NO_TRACE,accuracy,0.217,3000,1000
CLASSIFICATION,0.4,19,64,EXACT_REPLAY,accuracy,0.741,3000,1000
CLASSIFICATION,0.4,19,64,ELIGIBILITY_TRACE,accuracy,0.402,3000,1000
CLASSIFICATION,0.4,19,64,NO_TRACE,accuracy,0.244,3000,1000
CLASSIFICATION,0.4,20,1,EXACT_REPLAY,accuracy,0.751,3000,1000
CLASSIFICATION,0.4,20,1,ELIGIBILITY_TRACE,accuracy,0.651,3000,1000
CLASSIFICATION,0.4,20,1,NO_TRACE,accuracy,0.691,3000,1000
CLASSIFICATION,0.4,20,4,EXACT_REPLAY,accuracy,0.751,3000,1000
CLASSIFICATION,0.4,20,4,ELIGIBILITY_TRACE,accuracy,0.676,3000,1000
CLASSIFICATION,0.4,20,4,NO_TRACE,accuracy,0.241,3000,1000
CLASSIFICATION,0.4,20,16,EXACT_REPLAY,accuracy,0.751,3000,1000
CLASSIFICATION,0.4,20,16,ELIGIBILITY_TRACE,accuracy,0.61,3000,1000
CLASSIFICATION,0.4,20,16,NO_TRACE,accuracy,0.279,3000,1000
CLASSIFICATION,0.4,20,64,EXACT_REPLAY,accuracy,0.75,3000,1000
CLASSIFICATION,0.4,20,64,ELIGIBILITY_TRACE,accuracy,0.444,3000,1000
CLASSIFICATION,0.4,20,64,NO_TRACE,accuracy,0.344,3000,1000
CLASSIFICATION,0.4,21,1,EXACT_REPLAY,accuracy,0.721,3000,1000
CLASSIFICATION,0.4,21,1,ELIGIBILITY_TRACE,accuracy,0.603,3000,1000
CLASSIFICATION,0.4,21,1,NO_TRACE,accuracy,0.664,3000,1000
CLASSIFICATION,0.4,21,4,EXACT_REPLAY,accuracy,0.721,3000,1000
CLASSIFICATION,0.4,21,4,ELIGIBILITY_TRACE,accuracy,0.609,3000,1000
CLASSIFICATION,0.4,21,4,NO_TRACE,accuracy,0.373,3000,1000
CLASSIFICATION,0.4,21,16,EXACT_REPLAY,accuracy,0.721,3000,1000
CLASSIFICATION,0.4,21,16,ELIGIBILITY_TRACE,accuracy,0.58,3000,1000
CLASSIFICATION,0.4,21,16,NO_TRACE,accuracy,0.258,3000,1000
CLASSIFICATION,0.4,21,64,EXACT_REPLAY,accuracy,0.719,3000,1000
CLASSIFICATION,0.4,21,64,ELIGIBILITY_TRACE,accuracy,0.374,3000,1000
CLASSIFICATION,0.4,21,64,NO_TRACE,accuracy,0.312,3000,1000
CLASSIFICATION,0.4,22,1,EXACT_REPLAY,accuracy,0.804,3000,1000
CLASSIFICATION,0.4,22,1,ELIGIBILITY_TRACE,accuracy,0.672,3000,1000
CLASSIFICATION,0.4,22,1,NO_TRACE,accuracy,0.748,3000,1000
CLASSIFICATION,0.4,22,4,EXACT_REPLAY,accuracy,0.804,3000,1000
CLASSIFICATION,0.4,22,4,ELIGIBILITY_TRACE,accuracy,0.666,3000,1000
CLASSIFICATION,0.4,22,4,NO_TRACE,accuracy,0.33,3000,1000
CLASSIFICATION,0.4,22,16,EXACT_REPLAY,accuracy,0.804,3000,1000
CLASSIFICATION,0.4,22,16,ELIGIBILITY_TRACE,accuracy,0.587,3000,1000
CLASSIFICATION,0.4,22,16,NO_TRACE,accuracy,0.178,3000,1000
CLASSIFICATION,0.4,22,64,EXACT_REPLAY,accuracy,0.805,3000,1000
CLASSIFICATION,0.4,22,64,ELIGIBILITY_TRACE,accuracy,0.475,3000,1000
CLASSIFICATION,0.4,22,64,NO_TRACE,accuracy,0.301,3000,1000
CLASSIFICATION,0.4,23,1,EXACT_REPLAY,accuracy,0.809,3000,1000
CLASSIFICATION,0.4,23,1,ELIGIBILITY_TRACE,accuracy,0.721,3000,1000
CLASSIFICATION,0.4,23,1,NO_TRACE,accuracy,0.773,3000,1000
CLASSIFICATION,0.4,23,4,EXACT_REPLAY,accuracy,0.809,3000,1000
CLASSIFICATION,0.4,23,4,ELIGIBILITY_TRACE,accuracy,0.732,3000,1000
CLASSIFICATION,0.4,23,4,NO_TRACE,accuracy,0.358,3000,1000
CLASSIFICATION,0.4,23,16,EXACT_REPLAY,accuracy,0.809,3000,1000
CLASSIFICATION,0.4,23,16,ELIGIBILITY_TRACE,accuracy,0.729,3000,1000
CLASSIFICATION,0.4,23,16,NO_TRACE,accuracy,0.34,3000,1000
CLASSIFICATION,0.4,23,64,EXACT_REPLAY,accuracy,0.809,3000,1000
CLASSIFICATION,0.4,23,64,ELIGIBILITY_TRACE,accuracy,0.536,3000,1000
CLASSIFICATION,0.4,23,64,NO_TRACE,accuracy,0.265,3000,1000
CLASSIFICATION,0.4,24,1,EXACT_REPLAY,accuracy,0.743,3000,1000
CLASSIFICATION,0.4,24,1,ELIGIBILITY_TRACE,accuracy,0.657,3000,1000
CLASSIFICATION,0.4,24,1,NO_TRACE,accuracy,0.705,3000,1000
CLASSIFICATION,0.4,24,4,EXACT_REPLAY,accuracy,0.743,3000,1000
CLASSIFICATION,0.4,24,4,ELIGIBILITY_TRACE,accuracy,0.653,3000,1000
CLASSIFICATION,0.4,24,4,NO_TRACE,accuracy,0.398,3000,1000
CLASSIFICATION,0.4,24,16,EXACT_REPLAY,accuracy,0.742,3000,1000
CLASSIFICATION,0.4,24,16,ELIGIBILITY_TRACE,accuracy,0.601,3000,1000
CLASSIFICATION,0.4,24,16,NO_TRACE,accuracy,0.205,3000,1000
CLASSIFICATION,0.4,24,64,EXACT_REPLAY,accuracy,0.742,3000,1000
CLASSIFICATION,0.4,24,64,ELIGIBILITY_TRACE,accuracy,0.507,3000,1000
CLASSIFICATION,0.4,24,64,NO_TRACE,accuracy,0.215,3000,1000
CLASSIFICATION,0.4,25,1,EXACT_REPLAY,accuracy,0.796,3000,1000
CLASSIFICATION,0.4,25,1,ELIGIBILITY_TRACE,accuracy,0.657,3000,1000
CLASSIFICATION,0.4,25,1,NO_TRACE,accuracy,0.747,3000,1000
CLASSIFICATION,0.4,25,4,EXACT_REPLAY,accuracy,0.796,3000,1000
CLASSIFICATION,0.4,25,4,ELIGIBILITY_TRACE,accuracy,0.679,3000,1000
CLASSIFICATION,0.4,25,4,NO_TRACE,accuracy,0.33,3000,1000
CLASSIFICATION,0.4,25,16,EXACT_REPLAY,accuracy,0.796,3000,1000
CLASSIFICATION,0.4,25,16,ELIGIBILITY_TRACE,accuracy,0.676,3000,1000
CLASSIFICATION,0.4,25,16,NO_TRACE,accuracy,0.305,3000,1000
CLASSIFICATION,0.4,25,64,EXACT_REPLAY,accuracy,0.796,3000,1000
CLASSIFICATION,0.4,25,64,ELIGIBILITY_TRACE,accuracy,0.435,3000,1000
CLASSIFICATION,0.4,25,64,NO_TRACE,accuracy,0.19,3000,1000
CLASSIFICATION,0.4,26,1,EXACT_REPLAY,accuracy,0.79,3000,1000
CLASSIFICATION,0.4,26,1,ELIGIBILITY_TRACE,accuracy,0.686,3000,1000
CLASSIFICATION,0.4,26,1,NO_TRACE,accuracy,0.747,3000,1000
CLASSIFICATION,0.4,26,4,EXACT_REPLAY,accuracy,0.79,3000,1000
CLASSIFICATION,0.4,26,4,ELIGIBILITY_TRACE,accuracy,0.694,3000,1000
CLASSIFICATION,0.4,26,4,NO_TRACE,accuracy,0.346,3000,1000
CLASSIFICATION,0.4,26,16,EXACT_REPLAY,accuracy,0.79,3000,1000
CLASSIFICATION,0.4,26,16,ELIGIBILITY_TRACE,accuracy,0.633,3000,1000
CLASSIFICATION,0.4,26,16,NO_TRACE,accuracy,0.254,3000,1000
CLASSIFICATION,0.4,26,64,EXACT_REPLAY,accuracy,0.789,3000,1000
CLASSIFICATION,0.4,26,64,ELIGIBILITY_TRACE,accuracy,0.459,3000,1000
CLASSIFICATION,0.4,26,64,NO_TRACE,accuracy,0.158,3000,1000
CLASSIFICATION,0.4,27,1,EXACT_REPLAY,accuracy,0.803,3000,1000
CLASSIFICATION,0.4,27,1,ELIGIBILITY_TRACE,accuracy,0.664,3000,1000
CLASSIFICATION,0.4,27,1,NO_TRACE,accuracy,0.752,3000,1000
CLASSIFICATION,0.4,27,4,EXACT_REPLAY,accuracy,0.803,3000,1000
CLASSIFICATION,0.4,27,4,ELIGIBILITY_TRACE,accuracy,0.682,3000,1000
CLASSIFICATION,0.4,27,4,NO_TRACE,accuracy,0.44,3000,1000
CLASSIFICATION,0.4,27,16,EXACT_REPLAY,accuracy,0.803,3000,1000
CLASSIFICATION,0.4,27,16,ELIGIBILITY_TRACE,accuracy,0.622,3000,1000
CLASSIFICATION,0.4,27,16,NO_TRACE,accuracy,0.289,3000,1000
CLASSIFICATION,0.4,27,64,EXACT_REPLAY,accuracy,0.803,3000,1000
CLASSIFICATION,0.4,27,64,ELIGIBILITY_TRACE,accuracy,0.576,3000,1000
CLASSIFICATION,0.4,27,64,NO_TRACE,accuracy,0.305,3000,1000
CLASSIFICATION,0.4,28,1,EXACT_REPLAY,accuracy,0.801,3000,1000
CLASSIFICATION,0.4,28,1,ELIGIBILITY_TRACE,accuracy,0.646,3000,1000
CLASSIFICATION,0.4,28,1,NO_TRACE,accuracy,0.732,3000,1000
CLASSIFICATION,0.4,28,4,EXACT_REPLAY,accuracy,0.801,3000,1000
CLASSIFICATION,0.4,28,4,ELIGIBILITY_TRACE,accuracy,0.657,3000,1000
CLASSIFICATION,0.4,28,4,NO_TRACE,accuracy,0.377,3000,1000
CLASSIFICATION,0.4,28,16,EXACT_REPLAY,accuracy,0.801,3000,1000
CLASSIFICATION,0.4,28,16,ELIGIBILITY_TRACE,accuracy,0.628,3000,1000
CLASSIFICATION,0.4,28,16,NO_TRACE,accuracy,0.222,3000,1000
CLASSIFICATION,0.4,28,64,EXACT_REPLAY,accuracy,0.801,3000,1000
CLASSIFICATION,0.4,28,64,ELIGIBILITY_TRACE,accuracy,0.47,3000,1000
CLASSIFICATION,0.4,28,64,NO_TRACE,accuracy,0.276,3000,1000
CLASSIFICATION,0.4,29,1,EXACT_REPLAY,accuracy,0.786,3000,1000
CLASSIFICATION,0.4,29,1,ELIGIBILITY_TRACE,accuracy,0.63,3000,1000
CLASSIFICATION,0.4,29,1,NO_TRACE,accuracy,0.736,3000,1000
CLASSIFICATION,0.4,29,4,EXACT_REPLAY,accuracy,0.786,3000,1000
CLASSIFICATION,0.4,29,4,ELIGIBILITY_TRACE,accuracy,0.654,3000,1000
CLASSIFICATION,0.4,29,4,NO_TRACE,accuracy,0.303,3000,1000
CLASSIFICATION,0.4,29,16,EXACT_REPLAY,accuracy,0.786,3000,1000
CLASSIFICATION,0.4,29,16,ELIGIBILITY_TRACE,accuracy,0.567,3000,1000
CLASSIFICATION,0.4,29,16,NO_TRACE,accuracy,0.184,3000,1000
CLASSIFICATION,0.4,29,64,EXACT_REPLAY,accuracy,0.786,3000,1000
CLASSIFICATION,0.4,29,64,ELIGIBILITY_TRACE,accuracy,0.367,3000,1000
CLASSIFICATION,0.4,29,64,NO_TRACE,accuracy,0.324,3000,1000
CLASSIFICATION,0.6,0,1,EXACT_REPLAY,accuracy,0.781,3000,1000
CLASSIFICATION,0.6,0,1,ELIGIBILITY_TRACE,accuracy,0.662,3000,1000
CLASSIFICATION,0.6,0,1,NO_TRACE,accuracy,0.759,3000,1000
CLASSIFICATION,0.6,0,4,EXACT_REPLAY,accuracy,0.781,3000,1000
CLASSIFICATION,0.6,0,4,ELIGIBILITY_TRACE,accuracy,0.687,3000,1000
CLASSIFICATION,0.6,0,4,NO_TRACE,accuracy,0.452,3000,1000
CLASSIFICATION,0.6,0,16,EXACT_REPLAY,accuracy,0.781,3000,1000
CLASSIFICATION,0.6,0,16,ELIGIBILITY_TRACE,accuracy,0.609,3000,1000
CLASSIFICATION,0.6,0,16,NO_TRACE,accuracy,0.244,3000,1000
CLASSIFICATION,0.6,0,64,EXACT_REPLAY,accuracy,0.781,3000,1000
CLASSIFICATION,0.6,0,64,ELIGIBILITY_TRACE,accuracy,0.39,3000,1000
CLASSIFICATION,0.6,0,64,NO_TRACE,accuracy,0.224,3000,1000
CLASSIFICATION,0.6,1,1,EXACT_REPLAY,accuracy,0.769,3000,1000
CLASSIFICATION,0.6,1,1,ELIGIBILITY_TRACE,accuracy,0.658,3000,1000
CLASSIFICATION,0.6,1,1,NO_TRACE,accuracy,0.744,3000,1000
CLASSIFICATION,0.6,1,4,EXACT_REPLAY,accuracy,0.769,3000,1000
CLASSIFICATION,0.6,1,4,ELIGIBILITY_TRACE,accuracy,0.679,3000,1000
CLASSIFICATION,0.6,1,4,NO_TRACE,accuracy,0.548,3000,1000
CLASSIFICATION,0.6,1,16,EXACT_REPLAY,accuracy,0.768,3000,1000
CLASSIFICATION,0.6,1,16,ELIGIBILITY_TRACE,accuracy,0.643,3000,1000
CLASSIFICATION,0.6,1,16,NO_TRACE,accuracy,0.222,3000,1000
CLASSIFICATION,0.6,1,64,EXACT_REPLAY,accuracy,0.768,3000,1000
CLASSIFICATION,0.6,1,64,ELIGIBILITY_TRACE,accuracy,0.437,3000,1000
CLASSIFICATION,0.6,1,64,NO_TRACE,accuracy,0.225,3000,1000
CLASSIFICATION,0.6,2,1,EXACT_REPLAY,accuracy,0.781,3000,1000
CLASSIFICATION,0.6,2,1,ELIGIBILITY_TRACE,accuracy,0.628,3000,1000
CLASSIFICATION,0.6,2,1,NO_TRACE,accuracy,0.778,3000,1000
CLASSIFICATION,0.6,2,4,EXACT_REPLAY,accuracy,0.781,3000,1000
CLASSIFICATION,0.6,2,4,ELIGIBILITY_TRACE,accuracy,0.655,3000,1000
CLASSIFICATION,0.6,2,4,NO_TRACE,accuracy,0.543,3000,1000
CLASSIFICATION,0.6,2,16,EXACT_REPLAY,accuracy,0.781,3000,1000
CLASSIFICATION,0.6,2,16,ELIGIBILITY_TRACE,accuracy,0.624,3000,1000
CLASSIFICATION,0.6,2,16,NO_TRACE,accuracy,0.279,3000,1000
CLASSIFICATION,0.6,2,64,EXACT_REPLAY,accuracy,0.779,3000,1000
CLASSIFICATION,0.6,2,64,ELIGIBILITY_TRACE,accuracy,0.349,3000,1000
CLASSIFICATION,0.6,2,64,NO_TRACE,accuracy,0.293,3000,1000
CLASSIFICATION,0.6,3,1,EXACT_REPLAY,accuracy,0.742,3000,1000
CLASSIFICATION,0.6,3,1,ELIGIBILITY_TRACE,accuracy,0.607,3000,1000
CLASSIFICATION,0.6,3,1,NO_TRACE,accuracy,0.709,3000,1000
CLASSIFICATION,0.6,3,4,EXACT_REPLAY,accuracy,0.742,3000,1000
CLASSIFICATION,0.6,3,4,ELIGIBILITY_TRACE,accuracy,0.656,3000,1000
CLASSIFICATION,0.6,3,4,NO_TRACE,accuracy,0.496,3000,1000
CLASSIFICATION,0.6,3,16,EXACT_REPLAY,accuracy,0.741,3000,1000
CLASSIFICATION,0.6,3,16,ELIGIBILITY_TRACE,accuracy,0.63,3000,1000
CLASSIFICATION,0.6,3,16,NO_TRACE,accuracy,0.236,3000,1000
CLASSIFICATION,0.6,3,64,EXACT_REPLAY,accuracy,0.741,3000,1000
CLASSIFICATION,0.6,3,64,ELIGIBILITY_TRACE,accuracy,0.375,3000,1000
CLASSIFICATION,0.6,3,64,NO_TRACE,accuracy,0.173,3000,1000
CLASSIFICATION,0.6,4,1,EXACT_REPLAY,accuracy,0.824,3000,1000
CLASSIFICATION,0.6,4,1,ELIGIBILITY_TRACE,accuracy,0.648,3000,1000
CLASSIFICATION,0.6,4,1,NO_TRACE,accuracy,0.788,3000,1000
CLASSIFICATION,0.6,4,4,EXACT_REPLAY,accuracy,0.824,3000,1000
CLASSIFICATION,0.6,4,4,ELIGIBILITY_TRACE,accuracy,0.661,3000,1000
CLASSIFICATION,0.6,4,4,NO_TRACE,accuracy,0.568,3000,1000
CLASSIFICATION,0.6,4,16,EXACT_REPLAY,accuracy,0.824,3000,1000
CLASSIFICATION,0.6,4,16,ELIGIBILITY_TRACE,accuracy,0.61,3000,1000
CLASSIFICATION,0.6,4,16,NO_TRACE,accuracy,0.246,3000,1000
CLASSIFICATION,0.6,4,64,EXACT_REPLAY,accuracy,0.823,3000,1000
CLASSIFICATION,0.6,4,64,ELIGIBILITY_TRACE,accuracy,0.389,3000,1000
CLASSIFICATION,0.6,4,64,NO_TRACE,accuracy,0.269,3000,1000
CLASSIFICATION,0.6,5,1,EXACT_REPLAY,accuracy,0.747,3000,1000
CLASSIFICATION,0.6,5,1,ELIGIBILITY_TRACE,accuracy,0.646,3000,1000
CLASSIFICATION,0.6,5,1,NO_TRACE,accuracy,0.735,3000,1000
CLASSIFICATION,0.6,5,4,EXACT_REPLAY,accuracy,0.747,3000,1000
CLASSIFICATION,0.6,5,4,ELIGIBILITY_TRACE,accuracy,0.674,3000,1000
CLASSIFICATION,0.6,5,4,NO_TRACE,accuracy,0.428,3000,1000
CLASSIFICATION,0.6,5,16,EXACT_REPLAY,accuracy,0.747,3000,1000
CLASSIFICATION,0.6,5,16,ELIGIBILITY_TRACE,accuracy,0.628,3000,1000
CLASSIFICATION,0.6,5,16,NO_TRACE,accuracy,0.273,3000,1000
CLASSIFICATION,0.6,5,64,EXACT_REPLAY,accuracy,0.746,3000,1000
CLASSIFICATION,0.6,5,64,ELIGIBILITY_TRACE,accuracy,0.427,3000,1000
CLASSIFICATION,0.6,5,64,NO_TRACE,accuracy,0.22,3000,1000
CLASSIFICATION,0.6,6,1,EXACT_REPLAY,accuracy,0.813,3000,1000
CLASSIFICATION,0.6,6,1,ELIGIBILITY_TRACE,accuracy,0.662,3000,1000
CLASSIFICATION,0.6,6,1,NO_TRACE,accuracy,0.776,3000,1000
CLASSIFICATION,0.6,6,4,EXACT_REPLAY,accuracy,0.813,3000,1000
CLASSIFICATION,0.6,6,4,ELIGIBILITY_TRACE,accuracy,0.68,3000,1000
CLASSIFICATION,0.6,6,4,NO_TRACE,accuracy,0.539,3000,1000
CLASSIFICATION,0.6,6,16,EXACT_REPLAY,accuracy,0.813,3000,1000
CLASSIFICATION,0.6,6,16,ELIGIBILITY_TRACE,accuracy,0.642,3000,1000
CLASSIFICATION,0.6,6,16,NO_TRACE,accuracy,0.239,3000,1000
CLASSIFICATION,0.6,6,64,EXACT_REPLAY,accuracy,0.813,3000,1000
CLASSIFICATION,0.6,6,64,ELIGIBILITY_TRACE,accuracy,0.403,3000,1000
CLASSIFICATION,0.6,6,64,NO_TRACE,accuracy,0.241,3000,1000
CLASSIFICATION,0.6,7,1,EXACT_REPLAY,accuracy,0.774,3000,1000
CLASSIFICATION,0.6,7,1,ELIGIBILITY_TRACE,accuracy,0.703,3000,1000
CLASSIFICATION,0.6,7,1,NO_TRACE,accuracy,0.746,3000,1000
CLASSIFICATION,0.6,7,4,EXACT_REPLAY,accuracy,0.774,3000,1000
CLASSIFICATION,0.6,7,4,ELIGIBILITY_TRACE,accuracy,0.716,3000,1000
CLASSIFICATION,0.6,7,4,NO_TRACE,accuracy,0.544,3000,1000
CLASSIFICATION,0.6,7,16,EXACT_REPLAY,accuracy,0.773,3000,1000
CLASSIFICATION,0.6,7,16,ELIGIBILITY_TRACE,accuracy,0.693,3000,1000
CLASSIFICATION,0.6,7,16,NO_TRACE,accuracy,0.333,3000,1000
CLASSIFICATION,0.6,7,64,EXACT_REPLAY,accuracy,0.773,3000,1000
CLASSIFICATION,0.6,7,64,ELIGIBILITY_TRACE,accuracy,0.425,3000,1000
CLASSIFICATION,0.6,7,64,NO_TRACE,accuracy,0.192,3000,1000
CLASSIFICATION,0.6,8,1,EXACT_REPLAY,accuracy,0.747,3000,1000
CLASSIFICATION,0.6,8,1,ELIGIBILITY_TRACE,accuracy,0.614,3000,1000
CLASSIFICATION,0.6,8,1,NO_TRACE,accuracy,0.721,3000,1000
CLASSIFICATION,0.6,8,4,EXACT_REPLAY,accuracy,0.745,3000,1000
CLASSIFICATION,0.6,8,4,ELIGIBILITY_TRACE,accuracy,0.653,3000,1000
CLASSIFICATION,0.6,8,4,NO_TRACE,accuracy,0.503,3000,1000
CLASSIFICATION,0.6,8,16,EXACT_REPLAY,accuracy,0.745,3000,1000
CLASSIFICATION,0.6,8,16,ELIGIBILITY_TRACE,accuracy,0.606,3000,1000
CLASSIFICATION,0.6,8,16,NO_TRACE,accuracy,0.238,3000,1000
CLASSIFICATION,0.6,8,64,EXACT_REPLAY,accuracy,0.744,3000,1000
CLASSIFICATION,0.6,8,64,ELIGIBILITY_TRACE,accuracy,0.475,3000,1000
CLASSIFICATION,0.6,8,64,NO_TRACE,accuracy,0.3,3000,1000
CLASSIFICATION,0.6,9,1,EXACT_REPLAY,accuracy,0.765,3000,1000
CLASSIFICATION,0.6,9,1,ELIGIBILITY_TRACE,accuracy,0.617,3000,1000
CLASSIFICATION,0.6,9,1,NO_TRACE,accuracy,0.693,3000,1000
CLASSIFICATION,0.6,9,4,EXACT_REPLAY,accuracy,0.765,3000,1000
CLASSIFICATION,0.6,9,4,ELIGIBILITY_TRACE,accuracy,0.628,3000,1000
CLASSIFICATION,0.6,9,4,NO_TRACE,accuracy,0.542,3000,1000
CLASSIFICATION,0.6,9,16,EXACT_REPLAY,accuracy,0.765,3000,1000
CLASSIFICATION,0.6,9,16,ELIGIBILITY_TRACE,accuracy,0.619,3000,1000
CLASSIFICATION,0.6,9,16,NO_TRACE,accuracy,0.303,3000,1000
CLASSIFICATION,0.6,9,64,EXACT_REPLAY,accuracy,0.764,3000,1000
CLASSIFICATION,0.6,9,64,ELIGIBILITY_TRACE,accuracy,0.45,3000,1000
CLASSIFICATION,0.6,9,64,NO_TRACE,accuracy,0.317,3000,1000
CLASSIFICATION,0.6,10,1,EXACT_REPLAY,accuracy,0.767,3000,1000
CLASSIFICATION,0.6,10,1,ELIGIBILITY_TRACE,accuracy,0.612,3000,1000
CLASSIFICATION,0.6,10,1,NO_TRACE,accuracy,0.746,3000,1000
CLASSIFICATION,0.6,10,4,EXACT_REPLAY,accuracy,0.767,3000,1000
CLASSIFICATION,0.6,10,4,ELIGIBILITY_TRACE,accuracy,0.647,3000,1000
CLASSIFICATION,0.6,10,4,NO_TRACE,accuracy,0.516,3000,1000
CLASSIFICATION,0.6,10,16,EXACT_REPLAY,accuracy,0.767,3000,1000
CLASSIFICATION,0.6,10,16,ELIGIBILITY_TRACE,accuracy,0.634,3000,1000
CLASSIFICATION,0.6,10,16,NO_TRACE,accuracy,0.233,3000,1000
CLASSIFICATION,0.6,10,64,EXACT_REPLAY,accuracy,0.767,3000,1000
CLASSIFICATION,0.6,10,64,ELIGIBILITY_TRACE,accuracy,0.498,3000,1000
CLASSIFICATION,0.6,10,64,NO_TRACE,accuracy,0.302,3000,1000
CLASSIFICATION,0.6,11,1,EXACT_REPLAY,accuracy,0.729,3000,1000
CLASSIFICATION,0.6,11,1,ELIGIBILITY_TRACE,accuracy,0.593,3000,1000
CLASSIFICATION,0.6,11,1,NO_TRACE,accuracy,0.699,3000,1000
CLASSIFICATION,0.6,11,4,EXACT_REPLAY,accuracy,0.729,3000,1000
CLASSIFICATION,0.6,11,4,ELIGIBILITY_TRACE,accuracy,0.605,3000,1000
CLASSIFICATION,0.6,11,4,NO_TRACE,accuracy,0.519,3000,1000
CLASSIFICATION,0.6,11,16,EXACT_REPLAY,accuracy,0.728,3000,1000
CLASSIFICATION,0.6,11,16,ELIGIBILITY_TRACE,accuracy,0.567,3000,1000
CLASSIFICATION,0.6,11,16,NO_TRACE,accuracy,0.2,3000,1000
CLASSIFICATION,0.6,11,64,EXACT_REPLAY,accuracy,0.727,3000,1000
CLASSIFICATION,0.6,11,64,ELIGIBILITY_TRACE,accuracy,0.499,3000,1000
CLASSIFICATION,0.6,11,64,NO_TRACE,accuracy,0.194,3000,1000
CLASSIFICATION,0.6,12,1,EXACT_REPLAY,accuracy,0.732,3000,1000
CLASSIFICATION,0.6,12,1,ELIGIBILITY_TRACE,accuracy,0.585,3000,1000
CLASSIFICATION,0.6,12,1,NO_TRACE,accuracy,0.702,3000,1000
CLASSIFICATION,0.6,12,4,EXACT_REPLAY,accuracy,0.732,3000,1000
CLASSIFICATION,0.6,12,4,ELIGIBILITY_TRACE,accuracy,0.603,3000,1000
CLASSIFICATION,0.6,12,4,NO_TRACE,accuracy,0.419,3000,1000
CLASSIFICATION,0.6,12,16,EXACT_REPLAY,accuracy,0.732,3000,1000
CLASSIFICATION,0.6,12,16,ELIGIBILITY_TRACE,accuracy,0.53,3000,1000
CLASSIFICATION,0.6,12,16,NO_TRACE,accuracy,0.218,3000,1000
CLASSIFICATION,0.6,12,64,EXACT_REPLAY,accuracy,0.732,3000,1000
CLASSIFICATION,0.6,12,64,ELIGIBILITY_TRACE,accuracy,0.32,3000,1000
CLASSIFICATION,0.6,12,64,NO_TRACE,accuracy,0.247,3000,1000
CLASSIFICATION,0.6,13,1,EXACT_REPLAY,accuracy,0.746,3000,1000
CLASSIFICATION,0.6,13,1,ELIGIBILITY_TRACE,accuracy,0.626,3000,1000
CLASSIFICATION,0.6,13,1,NO_TRACE,accuracy,0.722,3000,1000
CLASSIFICATION,0.6,13,4,EXACT_REPLAY,accuracy,0.746,3000,1000
CLASSIFICATION,0.6,13,4,ELIGIBILITY_TRACE,accuracy,0.652,3000,1000
CLASSIFICATION,0.6,13,4,NO_TRACE,accuracy,0.528,3000,1000
CLASSIFICATION,0.6,13,16,EXACT_REPLAY,accuracy,0.746,3000,1000
CLASSIFICATION,0.6,13,16,ELIGIBILITY_TRACE,accuracy,0.645,3000,1000
CLASSIFICATION,0.6,13,16,NO_TRACE,accuracy,0.328,3000,1000
CLASSIFICATION,0.6,13,64,EXACT_REPLAY,accuracy,0.745,3000,1000
CLASSIFICATION,0.6,13,64,ELIGIBILITY_TRACE,accuracy,0.499,3000,1000
CLASSIFICATION,0.6,13,64,NO_TRACE,accuracy,0.289,3000,1000
CLASSIFICATION,0.6,14,1,EXACT_REPLAY,accuracy,0.8,3000,1000
CLASSIFICATION,0.6,14,1,ELIGIBILITY_TRACE,accuracy,0.686,3000,1000
CLASSIFICATION,0.6,14,1,NO_TRACE,accuracy,0.765,3000,1000
CLASSIFICATION,0.6,14,4,EXACT_REPLAY,accuracy,0.8,3000,1000
CLASSIFICATION,0.6,14,4,ELIGIBILITY_TRACE,accuracy,0.692,3000,1000
CLASSIFICATION,0.6,14,4,NO_TRACE,accuracy,0.505,3000,1000
CLASSIFICATION,0.6,14,16,EXACT_REPLAY,accuracy,0.8,3000,1000
CLASSIFICATION,0.6,14,16,ELIGIBILITY_TRACE,accuracy,0.643,3000,1000
CLASSIFICATION,0.6,14,16,NO_TRACE,accuracy,0.251,3000,1000
CLASSIFICATION,0.6,14,64,EXACT_REPLAY,accuracy,0.801,3000,1000
CLASSIFICATION,0.6,14,64,ELIGIBILITY_TRACE,accuracy,0.549,3000,1000
CLASSIFICATION,0.6,14,64,NO_TRACE,accuracy,0.31,3000,1000
CLASSIFICATION,0.6,15,1,EXACT_REPLAY,accuracy,0.806,3000,1000
CLASSIFICATION,0.6,15,1,ELIGIBILITY_TRACE,accuracy,0.64,3000,1000
CLASSIFICATION,0.6,15,1,NO_TRACE,accuracy,0.767,3000,1000
CLASSIFICATION,0.6,15,4,EXACT_REPLAY,accuracy,0.806,3000,1000
CLASSIFICATION,0.6,15,4,ELIGIBILITY_TRACE,accuracy,0.665,3000,1000
CLASSIFICATION,0.6,15,4,NO_TRACE,accuracy,0.544,3000,1000
CLASSIFICATION,0.6,15,16,EXACT_REPLAY,accuracy,0.806,3000,1000
CLASSIFICATION,0.6,15,16,ELIGIBILITY_TRACE,accuracy,0.614,3000,1000
CLASSIFICATION,0.6,15,16,NO_TRACE,accuracy,0.189,3000,1000
CLASSIFICATION,0.6,15,64,EXACT_REPLAY,accuracy,0.806,3000,1000
CLASSIFICATION,0.6,15,64,ELIGIBILITY_TRACE,accuracy,0.364,3000,1000
CLASSIFICATION,0.6,15,64,NO_TRACE,accuracy,0.241,3000,1000
CLASSIFICATION,0.6,16,1,EXACT_REPLAY,accuracy,0.748,3000,1000
CLASSIFICATION,0.6,16,1,ELIGIBILITY_TRACE,accuracy,0.638,3000,1000
CLASSIFICATION,0.6,16,1,NO_TRACE,accuracy,0.723,3000,1000
CLASSIFICATION,0.6,16,4,EXACT_REPLAY,accuracy,0.748,3000,1000
CLASSIFICATION,0.6,16,4,ELIGIBILITY_TRACE,accuracy,0.666,3000,1000
CLASSIFICATION,0.6,16,4,NO_TRACE,accuracy,0.452,3000,1000
CLASSIFICATION,0.6,16,16,EXACT_REPLAY,accuracy,0.748,3000,1000
CLASSIFICATION,0.6,16,16,ELIGIBILITY_TRACE,accuracy,0.599,3000,1000
CLASSIFICATION,0.6,16,16,NO_TRACE,accuracy,0.204,3000,1000
CLASSIFICATION,0.6,16,64,EXACT_REPLAY,accuracy,0.747,3000,1000
CLASSIFICATION,0.6,16,64,ELIGIBILITY_TRACE,accuracy,0.422,3000,1000
CLASSIFICATION,0.6,16,64,NO_TRACE,accuracy,0.278,3000,1000
CLASSIFICATION,0.6,17,1,EXACT_REPLAY,accuracy,0.746,3000,1000
CLASSIFICATION,0.6,17,1,ELIGIBILITY_TRACE,accuracy,0.644,3000,1000
CLASSIFICATION,0.6,17,1,NO_TRACE,accuracy,0.722,3000,1000
CLASSIFICATION,0.6,17,4,EXACT_REPLAY,accuracy,0.746,3000,1000
CLASSIFICATION,0.6,17,4,ELIGIBILITY_TRACE,accuracy,0.658,3000,1000
CLASSIFICATION,0.6,17,4,NO_TRACE,accuracy,0.601,3000,1000
CLASSIFICATION,0.6,17,16,EXACT_REPLAY,accuracy,0.746,3000,1000
CLASSIFICATION,0.6,17,16,ELIGIBILITY_TRACE,accuracy,0.641,3000,1000
CLASSIFICATION,0.6,17,16,NO_TRACE,accuracy,0.24,3000,1000
CLASSIFICATION,0.6,17,64,EXACT_REPLAY,accuracy,0.744,3000,1000
CLASSIFICATION,0.6,17,64,ELIGIBILITY_TRACE,accuracy,0.46,3000,1000
CLASSIFICATION,0.6,17,64,NO_TRACE,accuracy,0.204,3000,1000
CLASSIFICATION,0.6,18,1,EXACT_REPLAY,accuracy,0.78,3000,1000
CLASSIFICATION,0.6,18,1,ELIGIBILITY_TRACE,accuracy,0.681,3000,1000
CLASSIFICATION,0.6,18,1,NO_TRACE,accuracy,0.736,3000,1000
CLASSIFICATION,0.6,18,4,EXACT_REPLAY,accuracy,0.78,3000,1000
CLASSIFICATION,0.6,18,4,ELIGIBILITY_TRACE,accuracy,0.702,3000,1000
CLASSIFICATION,0.6,18,4,NO_TRACE,accuracy,0.535,3000,1000
CLASSIFICATION,0.6,18,16,EXACT_REPLAY,accuracy,0.78,3000,1000
CLASSIFICATION,0.6,18,16,ELIGIBILITY_TRACE,accuracy,0.655,3000,1000
CLASSIFICATION,0.6,18,16,NO_TRACE,accuracy,0.215,3000,1000
CLASSIFICATION,0.6,18,64,EXACT_REPLAY,accuracy,0.779,3000,1000
CLASSIFICATION,0.6,18,64,ELIGIBILITY_TRACE,accuracy,0.417,3000,1000
CLASSIFICATION,0.6,18,64,NO_TRACE,accuracy,0.217,3000,1000
CLASSIFICATION,0.6,19,1,EXACT_REPLAY,accuracy,0.748,3000,1000
CLASSIFICATION,0.6,19,1,ELIGIBILITY_TRACE,accuracy,0.648,3000,1000
CLASSIFICATION,0.6,19,1,NO_TRACE,accuracy,0.732,3000,1000
CLASSIFICATION,0.6,19,4,EXACT_REPLAY,accuracy,0.748,3000,1000
CLASSIFICATION,0.6,19,4,ELIGIBILITY_TRACE,accuracy,0.659,3000,1000
CLASSIFICATION,0.6,19,4,NO_TRACE,accuracy,0.557,3000,1000
CLASSIFICATION,0.6,19,16,EXACT_REPLAY,accuracy,0.748,3000,1000
CLASSIFICATION,0.6,19,16,ELIGIBILITY_TRACE,accuracy,0.622,3000,1000
CLASSIFICATION,0.6,19,16,NO_TRACE,accuracy,0.308,3000,1000
CLASSIFICATION,0.6,19,64,EXACT_REPLAY,accuracy,0.747,3000,1000
CLASSIFICATION,0.6,19,64,ELIGIBILITY_TRACE,accuracy,0.456,3000,1000
CLASSIFICATION,0.6,19,64,NO_TRACE,accuracy,0.182,3000,1000
CLASSIFICATION,0.6,20,1,EXACT_REPLAY,accuracy,0.747,3000,1000
CLASSIFICATION,0.6,20,1,ELIGIBILITY_TRACE,accuracy,0.673,3000,1000
CLASSIFICATION,0.6,20,1,NO_TRACE,accuracy,0.734,3000,1000
CLASSIFICATION,0.6,20,4,EXACT_REPLAY,accuracy,0.747,3000,1000
CLASSIFICATION,0.6,20,4,ELIGIBILITY_TRACE,accuracy,0.685,3000,1000
CLASSIFICATION,0.6,20,4,NO_TRACE,accuracy,0.536,3000,1000
CLASSIFICATION,0.6,20,16,EXACT_REPLAY,accuracy,0.747,3000,1000
CLASSIFICATION,0.6,20,16,ELIGIBILITY_TRACE,accuracy,0.656,3000,1000
CLASSIFICATION,0.6,20,16,NO_TRACE,accuracy,0.292,3000,1000
CLASSIFICATION,0.6,20,64,EXACT_REPLAY,accuracy,0.746,3000,1000
CLASSIFICATION,0.6,20,64,ELIGIBILITY_TRACE,accuracy,0.422,3000,1000
CLASSIFICATION,0.6,20,64,NO_TRACE,accuracy,0.225,3000,1000
CLASSIFICATION,0.6,21,1,EXACT_REPLAY,accuracy,0.71,3000,1000
CLASSIFICATION,0.6,21,1,ELIGIBILITY_TRACE,accuracy,0.598,3000,1000
CLASSIFICATION,0.6,21,1,NO_TRACE,accuracy,0.695,3000,1000
CLASSIFICATION,0.6,21,4,EXACT_REPLAY,accuracy,0.71,3000,1000
CLASSIFICATION,0.6,21,4,ELIGIBILITY_TRACE,accuracy,0.63,3000,1000
CLASSIFICATION,0.6,21,4,NO_TRACE,accuracy,0.499,3000,1000
CLASSIFICATION,0.6,21,16,EXACT_REPLAY,accuracy,0.71,3000,1000
CLASSIFICATION,0.6,21,16,ELIGIBILITY_TRACE,accuracy,0.601,3000,1000
CLASSIFICATION,0.6,21,16,NO_TRACE,accuracy,0.241,3000,1000
CLASSIFICATION,0.6,21,64,EXACT_REPLAY,accuracy,0.709,3000,1000
CLASSIFICATION,0.6,21,64,ELIGIBILITY_TRACE,accuracy,0.428,3000,1000
CLASSIFICATION,0.6,21,64,NO_TRACE,accuracy,0.217,3000,1000
CLASSIFICATION,0.6,22,1,EXACT_REPLAY,accuracy,0.783,3000,1000
CLASSIFICATION,0.6,22,1,ELIGIBILITY_TRACE,accuracy,0.682,3000,1000
CLASSIFICATION,0.6,22,1,NO_TRACE,accuracy,0.769,3000,1000
CLASSIFICATION,0.6,22,4,EXACT_REPLAY,accuracy,0.783,3000,1000
CLASSIFICATION,0.6,22,4,ELIGIBILITY_TRACE,accuracy,0.698,3000,1000
CLASSIFICATION,0.6,22,4,NO_TRACE,accuracy,0.505,3000,1000
CLASSIFICATION,0.6,22,16,EXACT_REPLAY,accuracy,0.783,3000,1000
CLASSIFICATION,0.6,22,16,ELIGIBILITY_TRACE,accuracy,0.656,3000,1000
CLASSIFICATION,0.6,22,16,NO_TRACE,accuracy,0.274,3000,1000
CLASSIFICATION,0.6,22,64,EXACT_REPLAY,accuracy,0.782,3000,1000
CLASSIFICATION,0.6,22,64,ELIGIBILITY_TRACE,accuracy,0.378,3000,1000
CLASSIFICATION,0.6,22,64,NO_TRACE,accuracy,0.279,3000,1000
CLASSIFICATION,0.6,23,1,EXACT_REPLAY,accuracy,0.816,3000,1000
CLASSIFICATION,0.6,23,1,ELIGIBILITY_TRACE,accuracy,0.687,3000,1000
CLASSIFICATION,0.6,23,1,NO_TRACE,accuracy,0.79,3000,1000
CLASSIFICATION,0.6,23,4,EXACT_REPLAY,accuracy,0.816,3000,1000
CLASSIFICATION,0.6,23,4,ELIGIBILITY_TRACE,accuracy,0.721,3000,1000
CLASSIFICATION,0.6,23,4,NO_TRACE,accuracy,0.514,3000,1000
CLASSIFICATION,0.6,23,16,EXACT_REPLAY,accuracy,0.816,3000,1000
CLASSIFICATION,0.6,23,16,ELIGIBILITY_TRACE,accuracy,0.709,3000,1000
CLASSIFICATION,0.6,23,16,NO_TRACE,accuracy,0.173,3000,1000
CLASSIFICATION,0.6,23,64,EXACT_REPLAY,accuracy,0.816,3000,1000
CLASSIFICATION,0.6,23,64,ELIGIBILITY_TRACE,accuracy,0.446,3000,1000
CLASSIFICATION,0.6,23,64,NO_TRACE,accuracy,0.329,3000,1000
CLASSIFICATION,0.6,24,1,EXACT_REPLAY,accuracy,0.736,3000,1000
CLASSIFICATION,0.6,24,1,ELIGIBILITY_TRACE,accuracy,0.655,3000,1000
CLASSIFICATION,0.6,24,1,NO_TRACE,accuracy,0.707,3000,1000
CLASSIFICATION,0.6,24,4,EXACT_REPLAY,accuracy,0.736,3000,1000
CLASSIFICATION,0.6,24,4,ELIGIBILITY_TRACE,accuracy,0.676,3000,1000
CLASSIFICATION,0.6,24,4,NO_TRACE,accuracy,0.515,3000,1000
CLASSIFICATION,0.6,24,16,EXACT_REPLAY,accuracy,0.736,3000,1000
CLASSIFICATION,0.6,24,16,ELIGIBILITY_TRACE,accuracy,0.604,3000,1000
CLASSIFICATION,0.6,24,16,NO_TRACE,accuracy,0.2,3000,1000
CLASSIFICATION,0.6,24,64,EXACT_REPLAY,accuracy,0.735,3000,1000
CLASSIFICATION,0.6,24,64,ELIGIBILITY_TRACE,accuracy,0.375,3000,1000
CLASSIFICATION,0.6,24,64,NO_TRACE,accuracy,0.26,3000,1000
CLASSIFICATION,0.6,25,1,EXACT_REPLAY,accuracy,0.788,3000,1000
CLASSIFICATION,0.6,25,1,ELIGIBILITY_TRACE,accuracy,0.678,3000,1000
CLASSIFICATION,0.6,25,1,NO_TRACE,accuracy,0.768,3000,1000
CLASSIFICATION,0.6,25,4,EXACT_REPLAY,accuracy,0.788,3000,1000
CLASSIFICATION,0.6,25,4,ELIGIBILITY_TRACE,accuracy,0.703,3000,1000
CLASSIFICATION,0.6,25,4,NO_TRACE,accuracy,0.588,3000,1000
CLASSIFICATION,0.6,25,16,EXACT_REPLAY,accuracy,0.788,3000,1000
CLASSIFICATION,0.6,25,16,ELIGIBILITY_TRACE,accuracy,0.686,3000,1000
CLASSIFICATION,0.6,25,16,NO_TRACE,accuracy,0.238,3000,1000
CLASSIFICATION,0.6,25,64,EXACT_REPLAY,accuracy,0.787,3000,1000
CLASSIFICATION,0.6,25,64,ELIGIBILITY_TRACE,accuracy,0.391,3000,1000
CLASSIFICATION,0.6,25,64,NO_TRACE,accuracy,0.251,3000,1000
CLASSIFICATION,0.6,26,1,EXACT_REPLAY,accuracy,0.79,3000,1000
CLASSIFICATION,0.6,26,1,ELIGIBILITY_TRACE,accuracy,0.675,3000,1000
CLASSIFICATION,0.6,26,1,NO_TRACE,accuracy,0.759,3000,1000
CLASSIFICATION,0.6,26,4,EXACT_REPLAY,accuracy,0.79,3000,1000
CLASSIFICATION,0.6,26,4,ELIGIBILITY_TRACE,accuracy,0.688,3000,1000
CLASSIFICATION,0.6,26,4,NO_TRACE,accuracy,0.526,3000,1000
CLASSIFICATION,0.6,26,16,EXACT_REPLAY,accuracy,0.79,3000,1000
CLASSIFICATION,0.6,26,16,ELIGIBILITY_TRACE,accuracy,0.655,3000,1000
CLASSIFICATION,0.6,26,16,NO_TRACE,accuracy,0.295,3000,1000
CLASSIFICATION,0.6,26,64,EXACT_REPLAY,accuracy,0.79,3000,1000
CLASSIFICATION,0.6,26,64,ELIGIBILITY_TRACE,accuracy,0.466,3000,1000
CLASSIFICATION,0.6,26,64,NO_TRACE,accuracy,0.267,3000,1000
CLASSIFICATION,0.6,27,1,EXACT_REPLAY,accuracy,0.779,3000,1000
CLASSIFICATION,0.6,27,1,ELIGIBILITY_TRACE,accuracy,0.634,3000,1000
CLASSIFICATION,0.6,27,1,NO_TRACE,accuracy,0.757,3000,1000
CLASSIFICATION,0.6,27,4,EXACT_REPLAY,accuracy,0.779,3000,1000
CLASSIFICATION,0.6,27,4,ELIGIBILITY_TRACE,accuracy,0.655,3000,1000
CLASSIFICATION,0.6,27,4,NO_TRACE,accuracy,0.55,3000,1000
CLASSIFICATION,0.6,27,16,EXACT_REPLAY,accuracy,0.779,3000,1000
CLASSIFICATION,0.6,27,16,ELIGIBILITY_TRACE,accuracy,0.621,3000,1000
CLASSIFICATION,0.6,27,16,NO_TRACE,accuracy,0.201,3000,1000
CLASSIFICATION,0.6,27,64,EXACT_REPLAY,accuracy,0.779,3000,1000
CLASSIFICATION,0.6,27,64,ELIGIBILITY_TRACE,accuracy,0.457,3000,1000
CLASSIFICATION,0.6,27,64,NO_TRACE,accuracy,0.283,3000,1000
CLASSIFICATION,0.6,28,1,EXACT_REPLAY,accuracy,0.814,3000,1000
CLASSIFICATION,0.6,28,1,ELIGIBILITY_TRACE,accuracy,0.593,3000,1000
CLASSIFICATION,0.6,28,1,NO_TRACE,accuracy,0.785,3000,1000
CLASSIFICATION,0.6,28,4,EXACT_REPLAY,accuracy,0.814,3000,1000
CLASSIFICATION,0.6,28,4,ELIGIBILITY_TRACE,accuracy,0.629,3000,1000
CLASSIFICATION,0.6,28,4,NO_TRACE,accuracy,0.431,3000,1000
CLASSIFICATION,0.6,28,16,EXACT_REPLAY,accuracy,0.813,3000,1000
CLASSIFICATION,0.6,28,16,ELIGIBILITY_TRACE,accuracy,0.572,3000,1000
CLASSIFICATION,0.6,28,16,NO_TRACE,accuracy,0.247,3000,1000
CLASSIFICATION,0.6,28,64,EXACT_REPLAY,accuracy,0.813,3000,1000
CLASSIFICATION,0.6,28,64,ELIGIBILITY_TRACE,accuracy,0.418,3000,1000
CLASSIFICATION,0.6,28,64,NO_TRACE,accuracy,0.291,3000,1000
CLASSIFICATION,0.6,29,1,EXACT_REPLAY,accuracy,0.75,3000,1000
CLASSIFICATION,0.6,29,1,ELIGIBILITY_TRACE,accuracy,0.625,3000,1000
CLASSIFICATION,0.6,29,1,NO_TRACE,accuracy,0.729,3000,1000
CLASSIFICATION,0.6,29,4,EXACT_REPLAY,accuracy,0.75,3000,1000
CLASSIFICATION,0.6,29,4,ELIGIBILITY_TRACE,accuracy,0.646,3000,1000
CLASSIFICATION,0.6,29,4,NO_TRACE,accuracy,0.563,3000,1000
CLASSIFICATION,0.6,29,16,EXACT_REPLAY,accuracy,0.75,3000,1000
CLASSIFICATION,0.6,29,16,ELIGIBILITY_TRACE,accuracy,0.602,3000,1000
CLASSIFICATION,0.6,29,16,NO_TRACE,accuracy,0.264,3000,1000
CLASSIFICATION,0.6,29,64,EXACT_REPLAY,accuracy,0.75,3000,1000
CLASSIFICATION,0.6,29,64,ELIGIBILITY_TRACE,accuracy,0.484,3000,1000
CLASSIFICATION,0.6,29,64,NO_TRACE,accuracy,0.199,3000,1000
CLASSIFICATION,0.8,0,1,EXACT_REPLAY,accuracy,0.75,3000,1000
CLASSIFICATION,0.8,0,1,ELIGIBILITY_TRACE,accuracy,0.614,3000,1000
CLASSIFICATION,0.8,0,1,NO_TRACE,accuracy,0.745,3000,1000
CLASSIFICATION,0.8,0,4,EXACT_REPLAY,accuracy,0.75,3000,1000
CLASSIFICATION,0.8,0,4,ELIGIBILITY_TRACE,accuracy,0.651,3000,1000
CLASSIFICATION,0.8,0,4,NO_TRACE,accuracy,0.646,3000,1000
CLASSIFICATION,0.8,0,16,EXACT_REPLAY,accuracy,0.75,3000,1000
CLASSIFICATION,0.8,0,16,ELIGIBILITY_TRACE,accuracy,0.658,3000,1000
CLASSIFICATION,0.8,0,16,NO_TRACE,accuracy,0.385,3000,1000
CLASSIFICATION,0.8,0,64,EXACT_REPLAY,accuracy,0.749,3000,1000
CLASSIFICATION,0.8,0,64,ELIGIBILITY_TRACE,accuracy,0.426,3000,1000
CLASSIFICATION,0.8,0,64,NO_TRACE,accuracy,0.156,3000,1000
CLASSIFICATION,0.8,1,1,EXACT_REPLAY,accuracy,0.716,3000,1000
CLASSIFICATION,0.8,1,1,ELIGIBILITY_TRACE,accuracy,0.665,3000,1000
CLASSIFICATION,0.8,1,1,NO_TRACE,accuracy,0.694,3000,1000
CLASSIFICATION,0.8,1,4,EXACT_REPLAY,accuracy,0.716,3000,1000
CLASSIFICATION,0.8,1,4,ELIGIBILITY_TRACE,accuracy,0.684,3000,1000
CLASSIFICATION,0.8,1,4,NO_TRACE,accuracy,0.632,3000,1000
CLASSIFICATION,0.8,1,16,EXACT_REPLAY,accuracy,0.717,3000,1000
CLASSIFICATION,0.8,1,16,ELIGIBILITY_TRACE,accuracy,0.646,3000,1000
CLASSIFICATION,0.8,1,16,NO_TRACE,accuracy,0.427,3000,1000
CLASSIFICATION,0.8,1,64,EXACT_REPLAY,accuracy,0.716,3000,1000
CLASSIFICATION,0.8,1,64,ELIGIBILITY_TRACE,accuracy,0.506,3000,1000
CLASSIFICATION,0.8,1,64,NO_TRACE,accuracy,0.247,3000,1000
CLASSIFICATION,0.8,2,1,EXACT_REPLAY,accuracy,0.794,3000,1000
CLASSIFICATION,0.8,2,1,ELIGIBILITY_TRACE,accuracy,0.634,3000,1000
CLASSIFICATION,0.8,2,1,NO_TRACE,accuracy,0.773,3000,1000
CLASSIFICATION,0.8,2,4,EXACT_REPLAY,accuracy,0.794,3000,1000
CLASSIFICATION,0.8,2,4,ELIGIBILITY_TRACE,accuracy,0.673,3000,1000
CLASSIFICATION,0.8,2,4,NO_TRACE,accuracy,0.686,3000,1000
CLASSIFICATION,0.8,2,16,EXACT_REPLAY,accuracy,0.794,3000,1000
CLASSIFICATION,0.8,2,16,ELIGIBILITY_TRACE,accuracy,0.654,3000,1000
CLASSIFICATION,0.8,2,16,NO_TRACE,accuracy,0.272,3000,1000
CLASSIFICATION,0.8,2,64,EXACT_REPLAY,accuracy,0.795,3000,1000
CLASSIFICATION,0.8,2,64,ELIGIBILITY_TRACE,accuracy,0.512,3000,1000
CLASSIFICATION,0.8,2,64,NO_TRACE,accuracy,0.235,3000,1000
CLASSIFICATION,0.8,3,1,EXACT_REPLAY,accuracy,0.779,3000,1000
CLASSIFICATION,0.8,3,1,ELIGIBILITY_TRACE,accuracy,0.631,3000,1000
CLASSIFICATION,0.8,3,1,NO_TRACE,accuracy,0.757,3000,1000
CLASSIFICATION,0.8,3,4,EXACT_REPLAY,accuracy,0.778,3000,1000
CLASSIFICATION,0.8,3,4,ELIGIBILITY_TRACE,accuracy,0.654,3000,1000
CLASSIFICATION,0.8,3,4,NO_TRACE,accuracy,0.67,3000,1000
CLASSIFICATION,0.8,3,16,EXACT_REPLAY,accuracy,0.778,3000,1000
CLASSIFICATION,0.8,3,16,ELIGIBILITY_TRACE,accuracy,0.635,3000,1000
CLASSIFICATION,0.8,3,16,NO_TRACE,accuracy,0.263,3000,1000
CLASSIFICATION,0.8,3,64,EXACT_REPLAY,accuracy,0.778,3000,1000
CLASSIFICATION,0.8,3,64,ELIGIBILITY_TRACE,accuracy,0.459,3000,1000
CLASSIFICATION,0.8,3,64,NO_TRACE,accuracy,0.235,3000,1000
CLASSIFICATION,0.8,4,1,EXACT_REPLAY,accuracy,0.792,3000,1000
CLASSIFICATION,0.8,4,1,ELIGIBILITY_TRACE,accuracy,0.61,3000,1000
CLASSIFICATION,0.8,4,1,NO_TRACE,accuracy,0.785,3000,1000
CLASSIFICATION,0.8,4,4,EXACT_REPLAY,accuracy,0.792,3000,1000
CLASSIFICATION,0.8,4,4,ELIGIBILITY_TRACE,accuracy,0.668,3000,1000
CLASSIFICATION,0.8,4,4,NO_TRACE,accuracy,0.711,3000,1000
CLASSIFICATION,0.8,4,16,EXACT_REPLAY,accuracy,0.792,3000,1000
CLASSIFICATION,0.8,4,16,ELIGIBILITY_TRACE,accuracy,0.679,3000,1000
CLASSIFICATION,0.8,4,16,NO_TRACE,accuracy,0.304,3000,1000
CLASSIFICATION,0.8,4,64,EXACT_REPLAY,accuracy,0.791,3000,1000
CLASSIFICATION,0.8,4,64,ELIGIBILITY_TRACE,accuracy,0.421,3000,1000
CLASSIFICATION,0.8,4,64,NO_TRACE,accuracy,0.301,3000,1000
CLASSIFICATION,0.8,5,1,EXACT_REPLAY,accuracy,0.769,3000,1000
CLASSIFICATION,0.8,5,1,ELIGIBILITY_TRACE,accuracy,0.613,3000,1000
CLASSIFICATION,0.8,5,1,NO_TRACE,accuracy,0.767,3000,1000
CLASSIFICATION,0.8,5,4,EXACT_REPLAY,accuracy,0.769,3000,1000
CLASSIFICATION,0.8,5,4,ELIGIBILITY_TRACE,accuracy,0.678,3000,1000
CLASSIFICATION,0.8,5,4,NO_TRACE,accuracy,0.752,3000,1000
CLASSIFICATION,0.8,5,16,EXACT_REPLAY,accuracy,0.769,3000,1000
CLASSIFICATION,0.8,5,16,ELIGIBILITY_TRACE,accuracy,0.715,3000,1000
CLASSIFICATION,0.8,5,16,NO_TRACE,accuracy,0.31,3000,1000
CLASSIFICATION,0.8,5,64,EXACT_REPLAY,accuracy,0.769,3000,1000
CLASSIFICATION,0.8,5,64,ELIGIBILITY_TRACE,accuracy,0.419,3000,1000
CLASSIFICATION,0.8,5,64,NO_TRACE,accuracy,0.154,3000,1000
CLASSIFICATION,0.8,6,1,EXACT_REPLAY,accuracy,0.787,3000,1000
CLASSIFICATION,0.8,6,1,ELIGIBILITY_TRACE,accuracy,0.621,3000,1000
CLASSIFICATION,0.8,6,1,NO_TRACE,accuracy,0.774,3000,1000
CLASSIFICATION,0.8,6,4,EXACT_REPLAY,accuracy,0.787,3000,1000
CLASSIFICATION,0.8,6,4,ELIGIBILITY_TRACE,accuracy,0.661,3000,1000
CLASSIFICATION,0.8,6,4,NO_TRACE,accuracy,0.632,3000,1000
CLASSIFICATION,0.8,6,16,EXACT_REPLAY,accuracy,0.788,3000,1000
CLASSIFICATION,0.8,6,16,ELIGIBILITY_TRACE,accuracy,0.633,3000,1000
CLASSIFICATION,0.8,6,16,NO_TRACE,accuracy,0.346,3000,1000
CLASSIFICATION,0.8,6,64,EXACT_REPLAY,accuracy,0.787,3000,1000
CLASSIFICATION,0.8,6,64,ELIGIBILITY_TRACE,accuracy,0.367,3000,1000
CLASSIFICATION,0.8,6,64,NO_TRACE,accuracy,0.253,3000,1000
CLASSIFICATION,0.8,7,1,EXACT_REPLAY,accuracy,0.754,3000,1000
CLASSIFICATION,0.8,7,1,ELIGIBILITY_TRACE,accuracy,0.631,3000,1000
CLASSIFICATION,0.8,7,1,NO_TRACE,accuracy,0.746,3000,1000
CLASSIFICATION,0.8,7,4,EXACT_REPLAY,accuracy,0.754,3000,1000
CLASSIFICATION,0.8,7,4,ELIGIBILITY_TRACE,accuracy,0.671,3000,1000
CLASSIFICATION,0.8,7,4,NO_TRACE,accuracy,0.722,3000,1000
CLASSIFICATION,0.8,7,16,EXACT_REPLAY,accuracy,0.754,3000,1000
CLASSIFICATION,0.8,7,16,ELIGIBILITY_TRACE,accuracy,0.679,3000,1000
CLASSIFICATION,0.8,7,16,NO_TRACE,accuracy,0.373,3000,1000
CLASSIFICATION,0.8,7,64,EXACT_REPLAY,accuracy,0.754,3000,1000
CLASSIFICATION,0.8,7,64,ELIGIBILITY_TRACE,accuracy,0.453,3000,1000
CLASSIFICATION,0.8,7,64,NO_TRACE,accuracy,0.163,3000,1000
CLASSIFICATION,0.8,8,1,EXACT_REPLAY,accuracy,0.729,3000,1000
CLASSIFICATION,0.8,8,1,ELIGIBILITY_TRACE,accuracy,0.598,3000,1000
CLASSIFICATION,0.8,8,1,NO_TRACE,accuracy,0.728,3000,1000
CLASSIFICATION,0.8,8,4,EXACT_REPLAY,accuracy,0.729,3000,1000
CLASSIFICATION,0.8,8,4,ELIGIBILITY_TRACE,accuracy,0.63,3000,1000
CLASSIFICATION,0.8,8,4,NO_TRACE,accuracy,0.683,3000,1000
CLASSIFICATION,0.8,8,16,EXACT_REPLAY,accuracy,0.729,3000,1000
CLASSIFICATION,0.8,8,16,ELIGIBILITY_TRACE,accuracy,0.627,3000,1000
CLASSIFICATION,0.8,8,16,NO_TRACE,accuracy,0.326,3000,1000
CLASSIFICATION,0.8,8,64,EXACT_REPLAY,accuracy,0.729,3000,1000
CLASSIFICATION,0.8,8,64,ELIGIBILITY_TRACE,accuracy,0.373,3000,1000
CLASSIFICATION,0.8,8,64,NO_TRACE,accuracy,0.228,3000,1000
CLASSIFICATION,0.8,9,1,EXACT_REPLAY,accuracy,0.759,3000,1000
CLASSIFICATION,0.8,9,1,ELIGIBILITY_TRACE,accuracy,0.607,3000,1000
CLASSIFICATION,0.8,9,1,NO_TRACE,accuracy,0.746,3000,1000
CLASSIFICATION,0.8,9,4,EXACT_REPLAY,accuracy,0.758,3000,1000
CLASSIFICATION,0.8,9,4,ELIGIBILITY_TRACE,accuracy,0.647,3000,1000
CLASSIFICATION,0.8,9,4,NO_TRACE,accuracy,0.676,3000,1000
CLASSIFICATION,0.8,9,16,EXACT_REPLAY,accuracy,0.759,3000,1000
CLASSIFICATION,0.8,9,16,ELIGIBILITY_TRACE,accuracy,0.661,3000,1000
CLASSIFICATION,0.8,9,16,NO_TRACE,accuracy,0.319,3000,1000
CLASSIFICATION,0.8,9,64,EXACT_REPLAY,accuracy,0.756,3000,1000
CLASSIFICATION,0.8,9,64,ELIGIBILITY_TRACE,accuracy,0.506,3000,1000
CLASSIFICATION,0.8,9,64,NO_TRACE,accuracy,0.252,3000,1000
CLASSIFICATION,0.8,10,1,EXACT_REPLAY,accuracy,0.754,3000,1000
CLASSIFICATION,0.8,10,1,ELIGIBILITY_TRACE,accuracy,0.645,3000,1000
CLASSIFICATION,0.8,10,1,NO_TRACE,accuracy,0.737,3000,1000
CLASSIFICATION,0.8,10,4,EXACT_REPLAY,accuracy,0.754,3000,1000
CLASSIFICATION,0.8,10,4,ELIGIBILITY_TRACE,accuracy,0.669,3000,1000
CLASSIFICATION,0.8,10,4,NO_TRACE,accuracy,0.688,3000,1000
CLASSIFICATION,0.8,10,16,EXACT_REPLAY,accuracy,0.754,3000,1000
CLASSIFICATION,0.8,10,16,ELIGIBILITY_TRACE,accuracy,0.652,3000,1000
CLASSIFICATION,0.8,10,16,NO_TRACE,accuracy,0.21,3000,1000
CLASSIFICATION,0.8,10,64,EXACT_REPLAY,accuracy,0.754,3000,1000
CLASSIFICATION,0.8,10,64,ELIGIBILITY_TRACE,accuracy,0.463,3000,1000
CLASSIFICATION,0.8,10,64,NO_TRACE,accuracy,0.317,3000,1000
CLASSIFICATION,0.8,11,1,EXACT_REPLAY,accuracy,0.709,3000,1000
CLASSIFICATION,0.8,11,1,ELIGIBILITY_TRACE,accuracy,0.554,3000,1000
CLASSIFICATION,0.8,11,1,NO_TRACE,accuracy,0.689,3000,1000
CLASSIFICATION,0.8,11,4,EXACT_REPLAY,accuracy,0.709,3000,1000
CLASSIFICATION,0.8,11,4,ELIGIBILITY_TRACE,accuracy,0.582,3000,1000
CLASSIFICATION,0.8,11,4,NO_TRACE,accuracy,0.625,3000,1000
CLASSIFICATION,0.8,11,16,EXACT_REPLAY,accuracy,0.709,3000,1000
CLASSIFICATION,0.8,11,16,ELIGIBILITY_TRACE,accuracy,0.587,3000,1000
CLASSIFICATION,0.8,11,16,NO_TRACE,accuracy,0.239,3000,1000
CLASSIFICATION,0.8,11,64,EXACT_REPLAY,accuracy,0.708,3000,1000
CLASSIFICATION,0.8,11,64,ELIGIBILITY_TRACE,accuracy,0.408,3000,1000
CLASSIFICATION,0.8,11,64,NO_TRACE,accuracy,0.207,3000,1000
CLASSIFICATION,0.8,12,1,EXACT_REPLAY,accuracy,0.723,3000,1000
CLASSIFICATION,0.8,12,1,ELIGIBILITY_TRACE,accuracy,0.605,3000,1000
CLASSIFICATION,0.8,12,1,NO_TRACE,accuracy,0.698,3000,1000
CLASSIFICATION,0.8,12,4,EXACT_REPLAY,accuracy,0.723,3000,1000
CLASSIFICATION,0.8,12,4,ELIGIBILITY_TRACE,accuracy,0.634,3000,1000
CLASSIFICATION,0.8,12,4,NO_TRACE,accuracy,0.641,3000,1000
CLASSIFICATION,0.8,12,16,EXACT_REPLAY,accuracy,0.723,3000,1000
CLASSIFICATION,0.8,12,16,ELIGIBILITY_TRACE,accuracy,0.621,3000,1000
CLASSIFICATION,0.8,12,16,NO_TRACE,accuracy,0.272,3000,1000
CLASSIFICATION,0.8,12,64,EXACT_REPLAY,accuracy,0.722,3000,1000
CLASSIFICATION,0.8,12,64,ELIGIBILITY_TRACE,accuracy,0.432,3000,1000
CLASSIFICATION,0.8,12,64,NO_TRACE,accuracy,0.304,3000,1000
CLASSIFICATION,0.8,13,1,EXACT_REPLAY,accuracy,0.77,3000,1000
CLASSIFICATION,0.8,13,1,ELIGIBILITY_TRACE,accuracy,0.619,3000,1000
CLASSIFICATION,0.8,13,1,NO_TRACE,accuracy,0.765,3000,1000
CLASSIFICATION,0.8,13,4,EXACT_REPLAY,accuracy,0.77,3000,1000
CLASSIFICATION,0.8,13,4,ELIGIBILITY_TRACE,accuracy,0.663,3000,1000
CLASSIFICATION,0.8,13,4,NO_TRACE,accuracy,0.698,3000,1000
CLASSIFICATION,0.8,13,16,EXACT_REPLAY,accuracy,0.77,3000,1000
CLASSIFICATION,0.8,13,16,ELIGIBILITY_TRACE,accuracy,0.666,3000,1000
CLASSIFICATION,0.8,13,16,NO_TRACE,accuracy,0.319,3000,1000
CLASSIFICATION,0.8,13,64,EXACT_REPLAY,accuracy,0.769,3000,1000
CLASSIFICATION,0.8,13,64,ELIGIBILITY_TRACE,accuracy,0.413,3000,1000
CLASSIFICATION,0.8,13,64,NO_TRACE,accuracy,0.391,3000,1000
CLASSIFICATION,0.8,14,1,EXACT_REPLAY,accuracy,0.779,3000,1000
CLASSIFICATION,0.8,14,1,ELIGIBILITY_TRACE,accuracy,0.655,3000,1000
CLASSIFICATION,0.8,14,1,NO_TRACE,accuracy,0.763,3000,1000
CLASSIFICATION,0.8,14,4,EXACT_REPLAY,accuracy,0.78,3000,1000
CLASSIFICATION,0.8,14,4,ELIGIBILITY_TRACE,accuracy,0.685,3000,1000
CLASSIFICATION,0.8,14,4,NO_TRACE,accuracy,0.703,3000,1000
CLASSIFICATION,0.8,14,16,EXACT_REPLAY,accuracy,0.777,3000,1000
CLASSIFICATION,0.8,14,16,ELIGIBILITY_TRACE,accuracy,0.671,3000,1000
CLASSIFICATION,0.8,14,16,NO_TRACE,accuracy,0.356,3000,1000
CLASSIFICATION,0.8,14,64,EXACT_REPLAY,accuracy,0.775,3000,1000
CLASSIFICATION,0.8,14,64,ELIGIBILITY_TRACE,accuracy,0.469,3000,1000
CLASSIFICATION,0.8,14,64,NO_TRACE,accuracy,0.307,3000,1000
CLASSIFICATION,0.8,15,1,EXACT_REPLAY,accuracy,0.793,3000,1000
CLASSIFICATION,0.8,15,1,ELIGIBILITY_TRACE,accuracy,0.646,3000,1000
CLASSIFICATION,0.8,15,1,NO_TRACE,accuracy,0.773,3000,1000
CLASSIFICATION,0.8,15,4,EXACT_REPLAY,accuracy,0.793,3000,1000
CLASSIFICATION,0.8,15,4,ELIGIBILITY_TRACE,accuracy,0.674,3000,1000
CLASSIFICATION,0.8,15,4,NO_TRACE,accuracy,0.708,3000,1000
CLASSIFICATION,0.8,15,16,EXACT_REPLAY,accuracy,0.793,3000,1000
CLASSIFICATION,0.8,15,16,ELIGIBILITY_TRACE,accuracy,0.667,3000,1000
CLASSIFICATION,0.8,15,16,NO_TRACE,accuracy,0.303,3000,1000
CLASSIFICATION,0.8,15,64,EXACT_REPLAY,accuracy,0.791,3000,1000
CLASSIFICATION,0.8,15,64,ELIGIBILITY_TRACE,accuracy,0.408,3000,1000
CLASSIFICATION,0.8,15,64,NO_TRACE,accuracy,0.287,3000,1000
CLASSIFICATION,0.8,16,1,EXACT_REPLAY,accuracy,0.723,3000,1000
CLASSIFICATION,0.8,16,1,ELIGIBILITY_TRACE,accuracy,0.607,3000,1000
CLASSIFICATION,0.8,16,1,NO_TRACE,accuracy,0.72,3000,1000
CLASSIFICATION,0.8,16,4,EXACT_REPLAY,accuracy,0.723,3000,1000
CLASSIFICATION,0.8,16,4,ELIGIBILITY_TRACE,accuracy,0.629,3000,1000
CLASSIFICATION,0.8,16,4,NO_TRACE,accuracy,0.658,3000,1000
CLASSIFICATION,0.8,16,16,EXACT_REPLAY,accuracy,0.722,3000,1000
CLASSIFICATION,0.8,16,16,ELIGIBILITY_TRACE,accuracy,0.605,3000,1000
CLASSIFICATION,0.8,16,16,NO_TRACE,accuracy,0.267,3000,1000
CLASSIFICATION,0.8,16,64,EXACT_REPLAY,accuracy,0.724,3000,1000
CLASSIFICATION,0.8,16,64,ELIGIBILITY_TRACE,accuracy,0.425,3000,1000
CLASSIFICATION,0.8,16,64,NO_TRACE,accuracy,0.266,3000,1000
CLASSIFICATION,0.8,17,1,EXACT_REPLAY,accuracy,0.787,3000,1000
CLASSIFICATION,0.8,17,1,ELIGIBILITY_TRACE,accuracy,0.636,3000,1000
CLASSIFICATION,0.8,17,1,NO_TRACE,accuracy,0.75,3000,1000
CLASSIFICATION,0.8,17,4,EXACT_REPLAY,accuracy,0.787,3000,1000
CLASSIFICATION,0.8,17,4,ELIGIBILITY_TRACE,accuracy,0.679,3000,1000
CLASSIFICATION,0.8,17,4,NO_TRACE,accuracy,0.672,3000,1000
CLASSIFICATION,0.8,17,16,EXACT_REPLAY,accuracy,0.786,3000,1000
CLASSIFICATION,0.8,17,16,ELIGIBILITY_TRACE,accuracy,0.666,3000,1000
CLASSIFICATION,0.8,17,16,NO_TRACE,accuracy,0.341,3000,1000
CLASSIFICATION,0.8,17,64,EXACT_REPLAY,accuracy,0.785,3000,1000
CLASSIFICATION,0.8,17,64,ELIGIBILITY_TRACE,accuracy,0.47,3000,1000
CLASSIFICATION,0.8,17,64,NO_TRACE,accuracy,0.267,3000,1000
CLASSIFICATION,0.8,18,1,EXACT_REPLAY,accuracy,0.758,3000,1000
CLASSIFICATION,0.8,18,1,ELIGIBILITY_TRACE,accuracy,0.614,3000,1000
CLASSIFICATION,0.8,18,1,NO_TRACE,accuracy,0.747,3000,1000
CLASSIFICATION,0.8,18,4,EXACT_REPLAY,accuracy,0.758,3000,1000
CLASSIFICATION,0.8,18,4,ELIGIBILITY_TRACE,accuracy,0.648,3000,1000
CLASSIFICATION,0.8,18,4,NO_TRACE,accuracy,0.672,3000,1000
CLASSIFICATION,0.8,18,16,EXACT_REPLAY,accuracy,0.758,3000,1000
CLASSIFICATION,0.8,18,16,ELIGIBILITY_TRACE,accuracy,0.656,3000,1000
CLASSIFICATION,0.8,18,16,NO_TRACE,accuracy,0.171,3000,1000
CLASSIFICATION,0.8,18,64,EXACT_REPLAY,accuracy,0.758,3000,1000
CLASSIFICATION,0.8,18,64,ELIGIBILITY_TRACE,accuracy,0.488,3000,1000
CLASSIFICATION,0.8,18,64,NO_TRACE,accuracy,0.199,3000,1000
CLASSIFICATION,0.8,19,1,EXACT_REPLAY,accuracy,0.729,3000,1000
CLASSIFICATION,0.8,19,1,ELIGIBILITY_TRACE,accuracy,0.63,3000,1000
CLASSIFICATION,0.8,19,1,NO_TRACE,accuracy,0.709,3000,1000
CLASSIFICATION,0.8,19,4,EXACT_REPLAY,accuracy,0.729,3000,1000
CLASSIFICATION,0.8,19,4,ELIGIBILITY_TRACE,accuracy,0.65,3000,1000
CLASSIFICATION,0.8,19,4,NO_TRACE,accuracy,0.632,3000,1000
CLASSIFICATION,0.8,19,16,EXACT_REPLAY,accuracy,0.729,3000,1000
CLASSIFICATION,0.8,19,16,ELIGIBILITY_TRACE,accuracy,0.624,3000,1000
CLASSIFICATION,0.8,19,16,NO_TRACE,accuracy,0.274,3000,1000
CLASSIFICATION,0.8,19,64,EXACT_REPLAY,accuracy,0.729,3000,1000
CLASSIFICATION,0.8,19,64,ELIGIBILITY_TRACE,accuracy,0.481,3000,1000
CLASSIFICATION,0.8,19,64,NO_TRACE,accuracy,0.17,3000,1000
CLASSIFICATION,0.8,20,1,EXACT_REPLAY,accuracy,0.786,3000,1000
CLASSIFICATION,0.8,20,1,ELIGIBILITY_TRACE,accuracy,0.635,3000,1000
CLASSIFICATION,0.8,20,1,NO_TRACE,accuracy,0.767,3000,1000
CLASSIFICATION,0.8,20,4,EXACT_REPLAY,accuracy,0.786,3000,1000
CLASSIFICATION,0.8,20,4,ELIGIBILITY_TRACE,accuracy,0.673,3000,1000
CLASSIFICATION,0.8,20,4,NO_TRACE,accuracy,0.704,3000,1000
CLASSIFICATION,0.8,20,16,EXACT_REPLAY,accuracy,0.786,3000,1000
CLASSIFICATION,0.8,20,16,ELIGIBILITY_TRACE,accuracy,0.663,3000,1000
CLASSIFICATION,0.8,20,16,NO_TRACE,accuracy,0.298,3000,1000
CLASSIFICATION,0.8,20,64,EXACT_REPLAY,accuracy,0.786,3000,1000
CLASSIFICATION,0.8,20,64,ELIGIBILITY_TRACE,accuracy,0.504,3000,1000
CLASSIFICATION,0.8,20,64,NO_TRACE,accuracy,0.267,3000,1000
CLASSIFICATION,0.8,21,1,EXACT_REPLAY,accuracy,0.73,3000,1000
CLASSIFICATION,0.8,21,1,ELIGIBILITY_TRACE,accuracy,0.568,3000,1000
CLASSIFICATION,0.8,21,1,NO_TRACE,accuracy,0.714,3000,1000
CLASSIFICATION,0.8,21,4,EXACT_REPLAY,accuracy,0.73,3000,1000
CLASSIFICATION,0.8,21,4,ELIGIBILITY_TRACE,accuracy,0.609,3000,1000
CLASSIFICATION,0.8,21,4,NO_TRACE,accuracy,0.641,3000,1000
CLASSIFICATION,0.8,21,16,EXACT_REPLAY,accuracy,0.73,3000,1000
CLASSIFICATION,0.8,21,16,ELIGIBILITY_TRACE,accuracy,0.611,3000,1000
CLASSIFICATION,0.8,21,16,NO_TRACE,accuracy,0.222,3000,1000
CLASSIFICATION,0.8,21,64,EXACT_REPLAY,accuracy,0.729,3000,1000
CLASSIFICATION,0.8,21,64,ELIGIBILITY_TRACE,accuracy,0.492,3000,1000
CLASSIFICATION,0.8,21,64,NO_TRACE,accuracy,0.319,3000,1000
CLASSIFICATION,0.8,22,1,EXACT_REPLAY,accuracy,0.751,3000,1000
CLASSIFICATION,0.8,22,1,ELIGIBILITY_TRACE,accuracy,0.644,3000,1000
CLASSIFICATION,0.8,22,1,NO_TRACE,accuracy,0.736,3000,1000
CLASSIFICATION,0.8,22,4,EXACT_REPLAY,accuracy,0.752,3000,1000
CLASSIFICATION,0.8,22,4,ELIGIBILITY_TRACE,accuracy,0.67,3000,1000
CLASSIFICATION,0.8,22,4,NO_TRACE,accuracy,0.692,3000,1000
CLASSIFICATION,0.8,22,16,EXACT_REPLAY,accuracy,0.751,3000,1000
CLASSIFICATION,0.8,22,16,ELIGIBILITY_TRACE,accuracy,0.663,3000,1000
CLASSIFICATION,0.8,22,16,NO_TRACE,accuracy,0.264,3000,1000
CLASSIFICATION,0.8,22,64,EXACT_REPLAY,accuracy,0.75,3000,1000
CLASSIFICATION,0.8,22,64,ELIGIBILITY_TRACE,accuracy,0.445,3000,1000
CLASSIFICATION,0.8,22,64,NO_TRACE,accuracy,0.181,3000,1000
CLASSIFICATION,0.8,23,1,EXACT_REPLAY,accuracy,0.811,3000,1000
CLASSIFICATION,0.8,23,1,ELIGIBILITY_TRACE,accuracy,0.679,3000,1000
CLASSIFICATION,0.8,23,1,NO_TRACE,accuracy,0.801,3000,1000
CLASSIFICATION,0.8,23,4,EXACT_REPLAY,accuracy,0.811,3000,1000
CLASSIFICATION,0.8,23,4,ELIGIBILITY_TRACE,accuracy,0.711,3000,1000
CLASSIFICATION,0.8,23,4,NO_TRACE,accuracy,0.704,3000,1000
CLASSIFICATION,0.8,23,16,EXACT_REPLAY,accuracy,0.811,3000,1000
CLASSIFICATION,0.8,23,16,ELIGIBILITY_TRACE,accuracy,0.702,3000,1000
CLASSIFICATION,0.8,23,16,NO_TRACE,accuracy,0.318,3000,1000
CLASSIFICATION,0.8,23,64,EXACT_REPLAY,accuracy,0.812,3000,1000
CLASSIFICATION,0.8,23,64,ELIGIBILITY_TRACE,accuracy,0.406,3000,1000
CLASSIFICATION,0.8,23,64,NO_TRACE,accuracy,0.266,3000,1000
CLASSIFICATION,0.8,24,1,EXACT_REPLAY,accuracy,0.744,3000,1000
CLASSIFICATION,0.8,24,1,ELIGIBILITY_TRACE,accuracy,0.611,3000,1000
CLASSIFICATION,0.8,24,1,NO_TRACE,accuracy,0.718,3000,1000
CLASSIFICATION,0.8,24,4,EXACT_REPLAY,accuracy,0.744,3000,1000
CLASSIFICATION,0.8,24,4,ELIGIBILITY_TRACE,accuracy,0.635,3000,1000
CLASSIFICATION,0.8,24,4,NO_TRACE,accuracy,0.663,3000,1000
CLASSIFICATION,0.8,24,16,EXACT_REPLAY,accuracy,0.744,3000,1000
CLASSIFICATION,0.8,24,16,ELIGIBILITY_TRACE,accuracy,0.64,3000,1000
CLASSIFICATION,0.8,24,16,NO_TRACE,accuracy,0.23,3000,1000
CLASSIFICATION,0.8,24,64,EXACT_REPLAY,accuracy,0.744,3000,1000
CLASSIFICATION,0.8,24,64,ELIGIBILITY_TRACE,accuracy,0.489,3000,1000
CLASSIFICATION,0.8,24,64,NO_TRACE,accuracy,0.327,3000,1000
CLASSIFICATION,0.8,25,1,EXACT_REPLAY,accuracy,0.764,3000,1000
CLASSIFICATION,0.8,25,1,ELIGIBILITY_TRACE,accuracy,0.655,3000,1000
CLASSIFICATION,0.8,25,1,NO_TRACE,accuracy,0.748,3000,1000
CLASSIFICATION,0.8,25,4,EXACT_REPLAY,accuracy,0.764,3000,1000
CLASSIFICATION,0.8,25,4,ELIGIBILITY_TRACE,accuracy,0.688,3000,1000
CLASSIFICATION,0.8,25,4,NO_TRACE,accuracy,0.706,3000,1000
CLASSIFICATION,0.8,25,16,EXACT_REPLAY,accuracy,0.764,3000,1000
CLASSIFICATION,0.8,25,16,ELIGIBILITY_TRACE,accuracy,0.696,3000,1000
CLASSIFICATION,0.8,25,16,NO_TRACE,accuracy,0.379,3000,1000
CLASSIFICATION,0.8,25,64,EXACT_REPLAY,accuracy,0.763,3000,1000
CLASSIFICATION,0.8,25,64,ELIGIBILITY_TRACE,accuracy,0.544,3000,1000
CLASSIFICATION,0.8,25,64,NO_TRACE,accuracy,0.158,3000,1000
CLASSIFICATION,0.8,26,1,EXACT_REPLAY,accuracy,0.782,3000,1000
CLASSIFICATION,0.8,26,1,ELIGIBILITY_TRACE,accuracy,0.636,3000,1000
CLASSIFICATION,0.8,26,1,NO_TRACE,accuracy,0.769,3000,1000
CLASSIFICATION,0.8,26,4,EXACT_REPLAY,accuracy,0.782,3000,1000
CLASSIFICATION,0.8,26,4,ELIGIBILITY_TRACE,accuracy,0.682,3000,1000
CLASSIFICATION,0.8,26,4,NO_TRACE,accuracy,0.727,3000,1000
CLASSIFICATION,0.8,26,16,EXACT_REPLAY,accuracy,0.782,3000,1000
CLASSIFICATION,0.8,26,16,ELIGIBILITY_TRACE,accuracy,0.691,3000,1000
CLASSIFICATION,0.8,26,16,NO_TRACE,accuracy,0.288,3000,1000
CLASSIFICATION,0.8,26,64,EXACT_REPLAY,accuracy,0.782,3000,1000
CLASSIFICATION,0.8,26,64,ELIGIBILITY_TRACE,accuracy,0.46,3000,1000
CLASSIFICATION,0.8,26,64,NO_TRACE,accuracy,0.248,3000,1000
CLASSIFICATION,0.8,27,1,EXACT_REPLAY,accuracy,0.786,3000,1000
CLASSIFICATION,0.8,27,1,ELIGIBILITY_TRACE,accuracy,0.643,3000,1000
CLASSIFICATION,0.8,27,1,NO_TRACE,accuracy,0.766,3000,1000
CLASSIFICATION,0.8,27,4,EXACT_REPLAY,accuracy,0.787,3000,1000
CLASSIFICATION,0.8,27,4,ELIGIBILITY_TRACE,accuracy,0.687,3000,1000
CLASSIFICATION,0.8,27,4,NO_TRACE,accuracy,0.702,3000,1000
CLASSIFICATION,0.8,27,16,EXACT_REPLAY,accuracy,0.787,3000,1000
CLASSIFICATION,0.8,27,16,ELIGIBILITY_TRACE,accuracy,0.68,3000,1000
CLASSIFICATION,0.8,27,16,NO_TRACE,accuracy,0.291,3000,1000
CLASSIFICATION,0.8,27,64,EXACT_REPLAY,accuracy,0.786,3000,1000
CLASSIFICATION,0.8,27,64,ELIGIBILITY_TRACE,accuracy,0.428,3000,1000
CLASSIFICATION,0.8,27,64,NO_TRACE,accuracy,0.346,3000,1000
CLASSIFICATION,0.8,28,1,EXACT_REPLAY,accuracy,0.766,3000,1000
CLASSIFICATION,0.8,28,1,ELIGIBILITY_TRACE,accuracy,0.527,3000,1000
CLASSIFICATION,0.8,28,1,NO_TRACE,accuracy,0.738,3000,1000
CLASSIFICATION,0.8,28,4,EXACT_REPLAY,accuracy,0.766,3000,1000
CLASSIFICATION,0.8,28,4,ELIGIBILITY_TRACE,accuracy,0.566,3000,1000
CLASSIFICATION,0.8,28,4,NO_TRACE,accuracy,0.654,3000,1000
CLASSIFICATION,0.8,28,16,EXACT_REPLAY,accuracy,0.765,3000,1000
CLASSIFICATION,0.8,28,16,ELIGIBILITY_TRACE,accuracy,0.536,3000,1000
CLASSIFICATION,0.8,28,16,NO_TRACE,accuracy,0.193,3000,1000
CLASSIFICATION,0.8,28,64,EXACT_REPLAY,accuracy,0.765,3000,1000
CLASSIFICATION,0.8,28,64,ELIGIBILITY_TRACE,accuracy,0.349,3000,1000
CLASSIFICATION,0.8,28,64,NO_TRACE,accuracy,0.249,3000,1000
CLASSIFICATION,0.8,29,1,EXACT_REPLAY,accuracy,0.775,3000,1000
CLASSIFICATION,0.8,29,1,ELIGIBILITY_TRACE,accuracy,0.588,3000,1000
CLASSIFICATION,0.8,29,1,NO_TRACE,accuracy,0.757,3000,1000
CLASSIFICATION,0.8,29,4,EXACT_REPLAY,accuracy,0.774,3000,1000
CLASSIFICATION,0.8,29,4,ELIGIBILITY_TRACE,accuracy,0.633,3000,1000
CLASSIFICATION,0.8,29,4,NO_TRACE,accuracy,0.669,3000,1000
CLASSIFICATION,0.8,29,16,EXACT_REPLAY,accuracy,0.774,3000,1000
CLASSIFICATION,0.8,29,16,ELIGIBILITY_TRACE,accuracy,0.656,3000,1000
CLASSIFICATION,0.8,29,16,NO_TRACE,accuracy,0.318,3000,1000
CLASSIFICATION,0.8,29,64,EXACT_REPLAY,accuracy,0.775,3000,1000
CLASSIFICATION,0.8,29,64,ELIGIBILITY_TRACE,accuracy,0.423,3000,1000
CLASSIFICATION,0.8,29,64,NO_TRACE,accuracy,0.173,3000,1000
CLASSIFICATION,0.9,0,1,EXACT_REPLAY,accuracy,0.783,3000,1000
CLASSIFICATION,0.9,0,1,ELIGIBILITY_TRACE,accuracy,0.659,3000,1000
CLASSIFICATION,0.9,0,1,NO_TRACE,accuracy,0.777,3000,1000
CLASSIFICATION,0.9,0,4,EXACT_REPLAY,accuracy,0.783,3000,1000
CLASSIFICATION,0.9,0,4,ELIGIBILITY_TRACE,accuracy,0.678,3000,1000
CLASSIFICATION,0.9,0,4,NO_TRACE,accuracy,0.74,3000,1000
CLASSIFICATION,0.9,0,16,EXACT_REPLAY,accuracy,0.782,3000,1000
CLASSIFICATION,0.9,0,16,ELIGIBILITY_TRACE,accuracy,0.703,3000,1000
CLASSIFICATION,0.9,0,16,NO_TRACE,accuracy,0.47,3000,1000
CLASSIFICATION,0.9,0,64,EXACT_REPLAY,accuracy,0.782,3000,1000
CLASSIFICATION,0.9,0,64,ELIGIBILITY_TRACE,accuracy,0.465,3000,1000
CLASSIFICATION,0.9,0,64,NO_TRACE,accuracy,0.18,3000,1000
CLASSIFICATION,0.9,1,1,EXACT_REPLAY,accuracy,0.71,3000,1000
CLASSIFICATION,0.9,1,1,ELIGIBILITY_TRACE,accuracy,0.561,3000,1000
CLASSIFICATION,0.9,1,1,NO_TRACE,accuracy,0.7,3000,1000
CLASSIFICATION,0.9,1,4,EXACT_REPLAY,accuracy,0.71,3000,1000
CLASSIFICATION,0.9,1,4,ELIGIBILITY_TRACE,accuracy,0.597,3000,1000
CLASSIFICATION,0.9,1,4,NO_TRACE,accuracy,0.664,3000,1000
CLASSIFICATION,0.9,1,16,EXACT_REPLAY,accuracy,0.709,3000,1000
CLASSIFICATION,0.9,1,16,ELIGIBILITY_TRACE,accuracy,0.637,3000,1000
CLASSIFICATION,0.9,1,16,NO_TRACE,accuracy,0.409,3000,1000
CLASSIFICATION,0.9,1,64,EXACT_REPLAY,accuracy,0.706,3000,1000
CLASSIFICATION,0.9,1,64,ELIGIBILITY_TRACE,accuracy,0.483,3000,1000
CLASSIFICATION,0.9,1,64,NO_TRACE,accuracy,0.318,3000,1000
CLASSIFICATION,0.9,2,1,EXACT_REPLAY,accuracy,0.79,3000,1000
CLASSIFICATION,0.9,2,1,ELIGIBILITY_TRACE,accuracy,0.676,3000,1000
CLASSIFICATION,0.9,2,1,NO_TRACE,accuracy,0.782,3000,1000
CLASSIFICATION,0.9,2,4,EXACT_REPLAY,accuracy,0.79,3000,1000
CLASSIFICATION,0.9,2,4,ELIGIBILITY_TRACE,accuracy,0.718,3000,1000
CLASSIFICATION,0.9,2,4,NO_TRACE,accuracy,0.773,3000,1000
CLASSIFICATION,0.9,2,16,EXACT_REPLAY,accuracy,0.791,3000,1000
CLASSIFICATION,0.9,2,16,ELIGIBILITY_TRACE,accuracy,0.73,3000,1000
CLASSIFICATION,0.9,2,16,NO_TRACE,accuracy,0.396,3000,1000
CLASSIFICATION,0.9,2,64,EXACT_REPLAY,accuracy,0.789,3000,1000
CLASSIFICATION,0.9,2,64,ELIGIBILITY_TRACE,accuracy,0.558,3000,1000
CLASSIFICATION,0.9,2,64,NO_TRACE,accuracy,0.254,3000,1000
CLASSIFICATION,0.9,3,1,EXACT_REPLAY,accuracy,0.732,3000,1000
CLASSIFICATION,0.9,3,1,ELIGIBILITY_TRACE,accuracy,0.571,3000,1000
CLASSIFICATION,0.9,3,1,NO_TRACE,accuracy,0.709,3000,1000
CLASSIFICATION,0.9,3,4,EXACT_REPLAY,accuracy,0.732,3000,1000
CLASSIFICATION,0.9,3,4,ELIGIBILITY_TRACE,accuracy,0.614,3000,1000
CLASSIFICATION,0.9,3,4,NO_TRACE,accuracy,0.692,3000,1000
CLASSIFICATION,0.9,3,16,EXACT_REPLAY,accuracy,0.73,3000,1000
CLASSIFICATION,0.9,3,16,ELIGIBILITY_TRACE,accuracy,0.637,3000,1000
CLASSIFICATION,0.9,3,16,NO_TRACE,accuracy,0.458,3000,1000
CLASSIFICATION,0.9,3,64,EXACT_REPLAY,accuracy,0.73,3000,1000
CLASSIFICATION,0.9,3,64,ELIGIBILITY_TRACE,accuracy,0.507,3000,1000
CLASSIFICATION,0.9,3,64,NO_TRACE,accuracy,0.254,3000,1000
CLASSIFICATION,0.9,4,1,EXACT_REPLAY,accuracy,0.783,3000,1000
CLASSIFICATION,0.9,4,1,ELIGIBILITY_TRACE,accuracy,0.643,3000,1000
CLASSIFICATION,0.9,4,1,NO_TRACE,accuracy,0.767,3000,1000
CLASSIFICATION,0.9,4,4,EXACT_REPLAY,accuracy,0.782,3000,1000
CLASSIFICATION,0.9,4,4,ELIGIBILITY_TRACE,accuracy,0.671,3000,1000
CLASSIFICATION,0.9,4,4,NO_TRACE,accuracy,0.736,3000,1000
CLASSIFICATION,0.9,4,16,EXACT_REPLAY,accuracy,0.782,3000,1000
CLASSIFICATION,0.9,4,16,ELIGIBILITY_TRACE,accuracy,0.675,3000,1000
CLASSIFICATION,0.9,4,16,NO_TRACE,accuracy,0.489,3000,1000
CLASSIFICATION,0.9,4,64,EXACT_REPLAY,accuracy,0.782,3000,1000
CLASSIFICATION,0.9,4,64,ELIGIBILITY_TRACE,accuracy,0.52,3000,1000
CLASSIFICATION,0.9,4,64,NO_TRACE,accuracy,0.37,3000,1000
CLASSIFICATION,0.9,5,1,EXACT_REPLAY,accuracy,0.758,3000,1000
CLASSIFICATION,0.9,5,1,ELIGIBILITY_TRACE,accuracy,0.639,3000,1000
CLASSIFICATION,0.9,5,1,NO_TRACE,accuracy,0.755,3000,1000
CLASSIFICATION,0.9,5,4,EXACT_REPLAY,accuracy,0.758,3000,1000
CLASSIFICATION,0.9,5,4,ELIGIBILITY_TRACE,accuracy,0.668,3000,1000
CLASSIFICATION,0.9,5,4,NO_TRACE,accuracy,0.722,3000,1000
CLASSIFICATION,0.9,5,16,EXACT_REPLAY,accuracy,0.757,3000,1000
CLASSIFICATION,0.9,5,16,ELIGIBILITY_TRACE,accuracy,0.687,3000,1000
CLASSIFICATION,0.9,5,16,NO_TRACE,accuracy,0.54,3000,1000
CLASSIFICATION,0.9,5,64,EXACT_REPLAY,accuracy,0.757,3000,1000
CLASSIFICATION,0.9,5,64,ELIGIBILITY_TRACE,accuracy,0.556,3000,1000
CLASSIFICATION,0.9,5,64,NO_TRACE,accuracy,0.332,3000,1000
CLASSIFICATION,0.9,6,1,EXACT_REPLAY,accuracy,0.765,3000,1000
CLASSIFICATION,0.9,6,1,ELIGIBILITY_TRACE,accuracy,0.631,3000,1000
CLASSIFICATION,0.9,6,1,NO_TRACE,accuracy,0.751,3000,1000
CLASSIFICATION,0.9,6,4,EXACT_REPLAY,accuracy,0.765,3000,1000
CLASSIFICATION,0.9,6,4,ELIGIBILITY_TRACE,accuracy,0.672,3000,1000
CLASSIFICATION,0.9,6,4,NO_TRACE,accuracy,0.698,3000,1000
CLASSIFICATION,0.9,6,16,EXACT_REPLAY,accuracy,0.765,3000,1000
CLASSIFICATION,0.9,6,16,ELIGIBILITY_TRACE,accuracy,0.702,3000,1000
CLASSIFICATION,0.9,6,16,NO_TRACE,accuracy,0.48,3000,1000
CLASSIFICATION,0.9,6,64,EXACT_REPLAY,accuracy,0.765,3000,1000
CLASSIFICATION,0.9,6,64,ELIGIBILITY_TRACE,accuracy,0.476,3000,1000
CLASSIFICATION,0.9,6,64,NO_TRACE,accuracy,0.169,3000,1000
CLASSIFICATION,0.9,7,1,EXACT_REPLAY,accuracy,0.744,3000,1000
CLASSIFICATION,0.9,7,1,ELIGIBILITY_TRACE,accuracy,0.547,3000,1000
CLASSIFICATION,0.9,7,1,NO_TRACE,accuracy,0.731,3000,1000
CLASSIFICATION,0.9,7,4,EXACT_REPLAY,accuracy,0.744,3000,1000
CLASSIFICATION,0.9,7,4,ELIGIBILITY_TRACE,accuracy,0.581,3000,1000
CLASSIFICATION,0.9,7,4,NO_TRACE,accuracy,0.697,3000,1000
CLASSIFICATION,0.9,7,16,EXACT_REPLAY,accuracy,0.744,3000,1000
CLASSIFICATION,0.9,7,16,ELIGIBILITY_TRACE,accuracy,0.595,3000,1000
CLASSIFICATION,0.9,7,16,NO_TRACE,accuracy,0.319,3000,1000
CLASSIFICATION,0.9,7,64,EXACT_REPLAY,accuracy,0.744,3000,1000
CLASSIFICATION,0.9,7,64,ELIGIBILITY_TRACE,accuracy,0.438,3000,1000
CLASSIFICATION,0.9,7,64,NO_TRACE,accuracy,0.224,3000,1000
CLASSIFICATION,0.9,8,1,EXACT_REPLAY,accuracy,0.734,3000,1000
CLASSIFICATION,0.9,8,1,ELIGIBILITY_TRACE,accuracy,0.591,3000,1000
CLASSIFICATION,0.9,8,1,NO_TRACE,accuracy,0.719,3000,1000
CLASSIFICATION,0.9,8,4,EXACT_REPLAY,accuracy,0.734,3000,1000
CLASSIFICATION,0.9,8,4,ELIGIBILITY_TRACE,accuracy,0.628,3000,1000
CLASSIFICATION,0.9,8,4,NO_TRACE,accuracy,0.666,3000,1000
CLASSIFICATION,0.9,8,16,EXACT_REPLAY,accuracy,0.732,3000,1000
CLASSIFICATION,0.9,8,16,ELIGIBILITY_TRACE,accuracy,0.649,3000,1000
CLASSIFICATION,0.9,8,16,NO_TRACE,accuracy,0.435,3000,1000
CLASSIFICATION,0.9,8,64,EXACT_REPLAY,accuracy,0.731,3000,1000
CLASSIFICATION,0.9,8,64,ELIGIBILITY_TRACE,accuracy,0.433,3000,1000
CLASSIFICATION,0.9,8,64,NO_TRACE,accuracy,0.264,3000,1000
CLASSIFICATION,0.9,9,1,EXACT_REPLAY,accuracy,0.796,3000,1000
CLASSIFICATION,0.9,9,1,ELIGIBILITY_TRACE,accuracy,0.541,3000,1000
CLASSIFICATION,0.9,9,1,NO_TRACE,accuracy,0.783,3000,1000
CLASSIFICATION,0.9,9,4,EXACT_REPLAY,accuracy,0.796,3000,1000
CLASSIFICATION,0.9,9,4,ELIGIBILITY_TRACE,accuracy,0.585,3000,1000
CLASSIFICATION,0.9,9,4,NO_TRACE,accuracy,0.75,3000,1000
CLASSIFICATION,0.9,9,16,EXACT_REPLAY,accuracy,0.796,3000,1000
CLASSIFICATION,0.9,9,16,ELIGIBILITY_TRACE,accuracy,0.622,3000,1000
CLASSIFICATION,0.9,9,16,NO_TRACE,accuracy,0.487,3000,1000
CLASSIFICATION,0.9,9,64,EXACT_REPLAY,accuracy,0.795,3000,1000
CLASSIFICATION,0.9,9,64,ELIGIBILITY_TRACE,accuracy,0.462,3000,1000
CLASSIFICATION,0.9,9,64,NO_TRACE,accuracy,0.249,3000,1000
CLASSIFICATION,0.9,10,1,EXACT_REPLAY,accuracy,0.767,3000,1000
CLASSIFICATION,0.9,10,1,ELIGIBILITY_TRACE,accuracy,0.56,3000,1000
CLASSIFICATION,0.9,10,1,NO_TRACE,accuracy,0.76,3000,1000
CLASSIFICATION,0.9,10,4,EXACT_REPLAY,accuracy,0.768,3000,1000
CLASSIFICATION,0.9,10,4,ELIGIBILITY_TRACE,accuracy,0.62,3000,1000
CLASSIFICATION,0.9,10,4,NO_TRACE,accuracy,0.7,3000,1000
CLASSIFICATION,0.9,10,16,EXACT_REPLAY,accuracy,0.767,3000,1000
CLASSIFICATION,0.9,10,16,ELIGIBILITY_TRACE,accuracy,0.639,3000,1000
CLASSIFICATION,0.9,10,16,NO_TRACE,accuracy,0.419,3000,1000
CLASSIFICATION,0.9,10,64,EXACT_REPLAY,accuracy,0.766,3000,1000
CLASSIFICATION,0.9,10,64,ELIGIBILITY_TRACE,accuracy,0.46,3000,1000
CLASSIFICATION,0.9,10,64,NO_TRACE,accuracy,0.272,3000,1000
CLASSIFICATION,0.9,11,1,EXACT_REPLAY,accuracy,0.713,3000,1000
CLASSIFICATION,0.9,11,1,ELIGIBILITY_TRACE,accuracy,0.584,3000,1000
CLASSIFICATION,0.9,11,1,NO_TRACE,accuracy,0.697,3000,1000
CLASSIFICATION,0.9,11,4,EXACT_REPLAY,accuracy,0.713,3000,1000
CLASSIFICATION,0.9,11,4,ELIGIBILITY_TRACE,accuracy,0.611,3000,1000
CLASSIFICATION,0.9,11,4,NO_TRACE,accuracy,0.624,3000,1000
CLASSIFICATION,0.9,11,16,EXACT_REPLAY,accuracy,0.713,3000,1000
CLASSIFICATION,0.9,11,16,ELIGIBILITY_TRACE,accuracy,0.605,3000,1000
CLASSIFICATION,0.9,11,16,NO_TRACE,accuracy,0.387,3000,1000
CLASSIFICATION,0.9,11,64,EXACT_REPLAY,accuracy,0.713,3000,1000
CLASSIFICATION,0.9,11,64,ELIGIBILITY_TRACE,accuracy,0.407,3000,1000
CLASSIFICATION,0.9,11,64,NO_TRACE,accuracy,0.201,3000,1000
CLASSIFICATION,0.9,12,1,EXACT_REPLAY,accuracy,0.661,3000,1000
CLASSIFICATION,0.9,12,1,ELIGIBILITY_TRACE,accuracy,0.597,3000,1000
CLASSIFICATION,0.9,12,1,NO_TRACE,accuracy,0.647,3000,1000
CLASSIFICATION,0.9,12,4,EXACT_REPLAY,accuracy,0.661,3000,1000
CLASSIFICATION,0.9,12,4,ELIGIBILITY_TRACE,accuracy,0.612,3000,1000
CLASSIFICATION,0.9,12,4,NO_TRACE,accuracy,0.618,3000,1000
CLASSIFICATION,0.9,12,16,EXACT_REPLAY,accuracy,0.661,3000,1000
CLASSIFICATION,0.9,12,16,ELIGIBILITY_TRACE,accuracy,0.61,3000,1000
CLASSIFICATION,0.9,12,16,NO_TRACE,accuracy,0.418,3000,1000
CLASSIFICATION,0.9,12,64,EXACT_REPLAY,accuracy,0.662,3000,1000
CLASSIFICATION,0.9,12,64,ELIGIBILITY_TRACE,accuracy,0.44,3000,1000
CLASSIFICATION,0.9,12,64,NO_TRACE,accuracy,0.225,3000,1000
CLASSIFICATION,0.9,13,1,EXACT_REPLAY,accuracy,0.761,3000,1000
CLASSIFICATION,0.9,13,1,ELIGIBILITY_TRACE,accuracy,0.572,3000,1000
CLASSIFICATION,0.9,13,1,NO_TRACE,accuracy,0.749,3000,1000
CLASSIFICATION,0.9,13,4,EXACT_REPLAY,accuracy,0.761,3000,1000
CLASSIFICATION,0.9,13,4,ELIGIBILITY_TRACE,accuracy,0.612,3000,1000
CLASSIFICATION,0.9,13,4,NO_TRACE,accuracy,0.712,3000,1000
CLASSIFICATION,0.9,13,16,EXACT_REPLAY,accuracy,0.763,3000,1000
CLASSIFICATION,0.9,13,16,ELIGIBILITY_TRACE,accuracy,0.633,3000,1000
CLASSIFICATION,0.9,13,16,NO_TRACE,accuracy,0.468,3000,1000
CLASSIFICATION,0.9,13,64,EXACT_REPLAY,accuracy,0.761,3000,1000
CLASSIFICATION,0.9,13,64,ELIGIBILITY_TRACE,accuracy,0.452,3000,1000
CLASSIFICATION,0.9,13,64,NO_TRACE,accuracy,0.239,3000,1000
CLASSIFICATION,0.9,14,1,EXACT_REPLAY,accuracy,0.767,3000,1000
CLASSIFICATION,0.9,14,1,ELIGIBILITY_TRACE,accuracy,0.593,3000,1000
CLASSIFICATION,0.9,14,1,NO_TRACE,accuracy,0.764,3000,1000
CLASSIFICATION,0.9,14,4,EXACT_REPLAY,accuracy,0.766,3000,1000
CLASSIFICATION,0.9,14,4,ELIGIBILITY_TRACE,accuracy,0.62,3000,1000
CLASSIFICATION,0.9,14,4,NO_TRACE,accuracy,0.733,3000,1000
CLASSIFICATION,0.9,14,16,EXACT_REPLAY,accuracy,0.767,3000,1000
CLASSIFICATION,0.9,14,16,ELIGIBILITY_TRACE,accuracy,0.672,3000,1000
CLASSIFICATION,0.9,14,16,NO_TRACE,accuracy,0.426,3000,1000
CLASSIFICATION,0.9,14,64,EXACT_REPLAY,accuracy,0.769,3000,1000
CLASSIFICATION,0.9,14,64,ELIGIBILITY_TRACE,accuracy,0.531,3000,1000
CLASSIFICATION,0.9,14,64,NO_TRACE,accuracy,0.282,3000,1000
CLASSIFICATION,0.9,15,1,EXACT_REPLAY,accuracy,0.749,3000,1000
CLASSIFICATION,0.9,15,1,ELIGIBILITY_TRACE,accuracy,0.684,3000,1000
CLASSIFICATION,0.9,15,1,NO_TRACE,accuracy,0.739,3000,1000
CLASSIFICATION,0.9,15,4,EXACT_REPLAY,accuracy,0.748,3000,1000
CLASSIFICATION,0.9,15,4,ELIGIBILITY_TRACE,accuracy,0.709,3000,1000
CLASSIFICATION,0.9,15,4,NO_TRACE,accuracy,0.676,3000,1000
CLASSIFICATION,0.9,15,16,EXACT_REPLAY,accuracy,0.746,3000,1000
CLASSIFICATION,0.9,15,16,ELIGIBILITY_TRACE,accuracy,0.689,3000,1000
CLASSIFICATION,0.9,15,16,NO_TRACE,accuracy,0.494,3000,1000
CLASSIFICATION,0.9,15,64,EXACT_REPLAY,accuracy,0.747,3000,1000
CLASSIFICATION,0.9,15,64,ELIGIBILITY_TRACE,accuracy,0.522,3000,1000
CLASSIFICATION,0.9,15,64,NO_TRACE,accuracy,0.247,3000,1000
CLASSIFICATION,0.9,16,1,EXACT_REPLAY,accuracy,0.758,3000,1000
CLASSIFICATION,0.9,16,1,ELIGIBILITY_TRACE,accuracy,0.557,3000,1000
CLASSIFICATION,0.9,16,1,NO_TRACE,accuracy,0.744,3000,1000
CLASSIFICATION,0.9,16,4,EXACT_REPLAY,accuracy,0.758,3000,1000
CLASSIFICATION,0.9,16,4,ELIGIBILITY_TRACE,accuracy,0.598,3000,1000
CLASSIFICATION,0.9,16,4,NO_TRACE,accuracy,0.673,3000,1000
CLASSIFICATION,0.9,16,16,EXACT_REPLAY,accuracy,0.759,3000,1000
CLASSIFICATION,0.9,16,16,ELIGIBILITY_TRACE,accuracy,0.627,3000,1000
CLASSIFICATION,0.9,16,16,NO_TRACE,accuracy,0.493,3000,1000
CLASSIFICATION,0.9,16,64,EXACT_REPLAY,accuracy,0.76,3000,1000
CLASSIFICATION,0.9,16,64,ELIGIBILITY_TRACE,accuracy,0.381,3000,1000
CLASSIFICATION,0.9,16,64,NO_TRACE,accuracy,0.187,3000,1000
CLASSIFICATION,0.9,17,1,EXACT_REPLAY,accuracy,0.722,3000,1000
CLASSIFICATION,0.9,17,1,ELIGIBILITY_TRACE,accuracy,0.556,3000,1000
CLASSIFICATION,0.9,17,1,NO_TRACE,accuracy,0.705,3000,1000
CLASSIFICATION,0.9,17,4,EXACT_REPLAY,accuracy,0.722,3000,1000
CLASSIFICATION,0.9,17,4,ELIGIBILITY_TRACE,accuracy,0.579,3000,1000
CLASSIFICATION,0.9,17,4,NO_TRACE,accuracy,0.667,3000,1000
CLASSIFICATION,0.9,17,16,EXACT_REPLAY,accuracy,0.722,3000,1000
CLASSIFICATION,0.9,17,16,ELIGIBILITY_TRACE,accuracy,0.617,3000,1000
CLASSIFICATION,0.9,17,16,NO_TRACE,accuracy,0.397,3000,1000
CLASSIFICATION,0.9,17,64,EXACT_REPLAY,accuracy,0.722,3000,1000
CLASSIFICATION,0.9,17,64,ELIGIBILITY_TRACE,accuracy,0.444,3000,1000
CLASSIFICATION,0.9,17,64,NO_TRACE,accuracy,0.283,3000,1000
CLASSIFICATION,0.9,18,1,EXACT_REPLAY,accuracy,0.724,3000,1000
CLASSIFICATION,0.9,18,1,ELIGIBILITY_TRACE,accuracy,0.554,3000,1000
CLASSIFICATION,0.9,18,1,NO_TRACE,accuracy,0.711,3000,1000
CLASSIFICATION,0.9,18,4,EXACT_REPLAY,accuracy,0.723,3000,1000
CLASSIFICATION,0.9,18,4,ELIGIBILITY_TRACE,accuracy,0.584,3000,1000
CLASSIFICATION,0.9,18,4,NO_TRACE,accuracy,0.67,3000,1000
CLASSIFICATION,0.9,18,16,EXACT_REPLAY,accuracy,0.723,3000,1000
CLASSIFICATION,0.9,18,16,ELIGIBILITY_TRACE,accuracy,0.599,3000,1000
CLASSIFICATION,0.9,18,16,NO_TRACE,accuracy,0.444,3000,1000
CLASSIFICATION,0.9,18,64,EXACT_REPLAY,accuracy,0.726,3000,1000
CLASSIFICATION,0.9,18,64,ELIGIBILITY_TRACE,accuracy,0.448,3000,1000
CLASSIFICATION,0.9,18,64,NO_TRACE,accuracy,0.195,3000,1000
CLASSIFICATION,0.9,19,1,EXACT_REPLAY,accuracy,0.716,3000,1000
CLASSIFICATION,0.9,19,1,ELIGIBILITY_TRACE,accuracy,0.619,3000,1000
CLASSIFICATION,0.9,19,1,NO_TRACE,accuracy,0.703,3000,1000
CLASSIFICATION,0.9,19,4,EXACT_REPLAY,accuracy,0.716,3000,1000
CLASSIFICATION,0.9,19,4,ELIGIBILITY_TRACE,accuracy,0.652,3000,1000
CLASSIFICATION,0.9,19,4,NO_TRACE,accuracy,0.677,3000,1000
CLASSIFICATION,0.9,19,16,EXACT_REPLAY,accuracy,0.716,3000,1000
CLASSIFICATION,0.9,19,16,ELIGIBILITY_TRACE,accuracy,0.651,3000,1000
CLASSIFICATION,0.9,19,16,NO_TRACE,accuracy,0.411,3000,1000
CLASSIFICATION,0.9,19,64,EXACT_REPLAY,accuracy,0.716,3000,1000
CLASSIFICATION,0.9,19,64,ELIGIBILITY_TRACE,accuracy,0.407,3000,1000
CLASSIFICATION,0.9,19,64,NO_TRACE,accuracy,0.245,3000,1000
CLASSIFICATION,0.9,20,1,EXACT_REPLAY,accuracy,0.721,3000,1000
CLASSIFICATION,0.9,20,1,ELIGIBILITY_TRACE,accuracy,0.598,3000,1000
CLASSIFICATION,0.9,20,1,NO_TRACE,accuracy,0.713,3000,1000
CLASSIFICATION,0.9,20,4,EXACT_REPLAY,accuracy,0.721,3000,1000
CLASSIFICATION,0.9,20,4,ELIGIBILITY_TRACE,accuracy,0.63,3000,1000
CLASSIFICATION,0.9,20,4,NO_TRACE,accuracy,0.672,3000,1000
CLASSIFICATION,0.9,20,16,EXACT_REPLAY,accuracy,0.721,3000,1000
CLASSIFICATION,0.9,20,16,ELIGIBILITY_TRACE,accuracy,0.636,3000,1000
CLASSIFICATION,0.9,20,16,NO_TRACE,accuracy,0.343,3000,1000
CLASSIFICATION,0.9,20,64,EXACT_REPLAY,accuracy,0.721,3000,1000
CLASSIFICATION,0.9,20,64,ELIGIBILITY_TRACE,accuracy,0.434,3000,1000
CLASSIFICATION,0.9,20,64,NO_TRACE,accuracy,0.187,3000,1000
CLASSIFICATION,0.9,21,1,EXACT_REPLAY,accuracy,0.734,3000,1000
CLASSIFICATION,0.9,21,1,ELIGIBILITY_TRACE,accuracy,0.568,3000,1000
CLASSIFICATION,0.9,21,1,NO_TRACE,accuracy,0.726,3000,1000
CLASSIFICATION,0.9,21,4,EXACT_REPLAY,accuracy,0.734,3000,1000
CLASSIFICATION,0.9,21,4,ELIGIBILITY_TRACE,accuracy,0.614,3000,1000
CLASSIFICATION,0.9,21,4,NO_TRACE,accuracy,0.694,3000,1000
CLASSIFICATION,0.9,21,16,EXACT_REPLAY,accuracy,0.734,3000,1000
CLASSIFICATION,0.9,21,16,ELIGIBILITY_TRACE,accuracy,0.636,3000,1000
CLASSIFICATION,0.9,21,16,NO_TRACE,accuracy,0.411,3000,1000
CLASSIFICATION,0.9,21,64,EXACT_REPLAY,accuracy,0.732,3000,1000
CLASSIFICATION,0.9,21,64,ELIGIBILITY_TRACE,accuracy,0.396,3000,1000
CLASSIFICATION,0.9,21,64,NO_TRACE,accuracy,0.309,3000,1000
CLASSIFICATION,0.9,22,1,EXACT_REPLAY,accuracy,0.773,3000,1000
CLASSIFICATION,0.9,22,1,ELIGIBILITY_TRACE,accuracy,0.658,3000,1000
CLASSIFICATION,0.9,22,1,NO_TRACE,accuracy,0.752,3000,1000
CLASSIFICATION,0.9,22,4,EXACT_REPLAY,accuracy,0.772,3000,1000
CLASSIFICATION,0.9,22,4,ELIGIBILITY_TRACE,accuracy,0.68,3000,1000
CLASSIFICATION,0.9,22,4,NO_TRACE,accuracy,0.726,3000,1000
CLASSIFICATION,0.9,22,16,EXACT_REPLAY,accuracy,0.772,3000,1000
CLASSIFICATION,0.9,22,16,ELIGIBILITY_TRACE,accuracy,0.68,3000,1000
CLASSIFICATION,0.9,22,16,NO_TRACE,accuracy,0.446,3000,1000
CLASSIFICATION,0.9,22,64,EXACT_REPLAY,accuracy,0.769,3000,1000
CLASSIFICATION,0.9,22,64,ELIGIBILITY_TRACE,accuracy,0.435,3000,1000
CLASSIFICATION,0.9,22,64,NO_TRACE,accuracy,0.218,3000,1000
CLASSIFICATION,0.9,23,1,EXACT_REPLAY,accuracy,0.787,3000,1000
CLASSIFICATION,0.9,23,1,ELIGIBILITY_TRACE,accuracy,0.674,3000,1000
CLASSIFICATION,0.9,23,1,NO_TRACE,accuracy,0.778,3000,1000
CLASSIFICATION,0.9,23,4,EXACT_REPLAY,accuracy,0.787,3000,1000
CLASSIFICATION,0.9,23,4,ELIGIBILITY_TRACE,accuracy,0.716,3000,1000
CLASSIFICATION,0.9,23,4,NO_TRACE,accuracy,0.765,3000,1000
CLASSIFICATION,0.9,23,16,EXACT_REPLAY,accuracy,0.787,3000,1000
CLASSIFICATION,0.9,23,16,ELIGIBILITY_TRACE,accuracy,0.746,3000,1000
CLASSIFICATION,0.9,23,16,NO_TRACE,accuracy,0.532,3000,1000
CLASSIFICATION,0.9,23,64,EXACT_REPLAY,accuracy,0.787,3000,1000
CLASSIFICATION,0.9,23,64,ELIGIBILITY_TRACE,accuracy,0.466,3000,1000
CLASSIFICATION,0.9,23,64,NO_TRACE,accuracy,0.133,3000,1000
CLASSIFICATION,0.9,24,1,EXACT_REPLAY,accuracy,0.731,3000,1000
CLASSIFICATION,0.9,24,1,ELIGIBILITY_TRACE,accuracy,0.608,3000,1000
CLASSIFICATION,0.9,24,1,NO_TRACE,accuracy,0.718,3000,1000
CLASSIFICATION,0.9,24,4,EXACT_REPLAY,accuracy,0.731,3000,1000
CLASSIFICATION,0.9,24,4,ELIGIBILITY_TRACE,accuracy,0.648,3000,1000
CLASSIFICATION,0.9,24,4,NO_TRACE,accuracy,0.695,3000,1000
CLASSIFICATION,0.9,24,16,EXACT_REPLAY,accuracy,0.731,3000,1000
CLASSIFICATION,0.9,24,16,ELIGIBILITY_TRACE,accuracy,0.643,3000,1000
CLASSIFICATION,0.9,24,16,NO_TRACE,accuracy,0.445,3000,1000
CLASSIFICATION,0.9,24,64,EXACT_REPLAY,accuracy,0.73,3000,1000
CLASSIFICATION,0.9,24,64,ELIGIBILITY_TRACE,accuracy,0.469,3000,1000
CLASSIFICATION,0.9,24,64,NO_TRACE,accuracy,0.244,3000,1000
CLASSIFICATION,0.9,25,1,EXACT_REPLAY,accuracy,0.755,3000,1000
CLASSIFICATION,0.9,25,1,ELIGIBILITY_TRACE,accuracy,0.663,3000,1000
CLASSIFICATION,0.9,25,1,NO_TRACE,accuracy,0.743,3000,1000
CLASSIFICATION,0.9,25,4,EXACT_REPLAY,accuracy,0.755,3000,1000
CLASSIFICATION,0.9,25,4,ELIGIBILITY_TRACE,accuracy,0.698,3000,1000
CLASSIFICATION,0.9,25,4,NO_TRACE,accuracy,0.7,3000,1000
CLASSIFICATION,0.9,25,16,EXACT_REPLAY,accuracy,0.754,3000,1000
CLASSIFICATION,0.9,25,16,ELIGIBILITY_TRACE,accuracy,0.682,3000,1000
CLASSIFICATION,0.9,25,16,NO_TRACE,accuracy,0.504,3000,1000
CLASSIFICATION,0.9,25,64,EXACT_REPLAY,accuracy,0.754,3000,1000
CLASSIFICATION,0.9,25,64,ELIGIBILITY_TRACE,accuracy,0.526,3000,1000
CLASSIFICATION,0.9,25,64,NO_TRACE,accuracy,0.177,3000,1000
CLASSIFICATION,0.9,26,1,EXACT_REPLAY,accuracy,0.744,3000,1000
CLASSIFICATION,0.9,26,1,ELIGIBILITY_TRACE,accuracy,0.569,3000,1000
CLASSIFICATION,0.9,26,1,NO_TRACE,accuracy,0.729,3000,1000
CLASSIFICATION,0.9,26,4,EXACT_REPLAY,accuracy,0.744,3000,1000
CLASSIFICATION,0.9,26,4,ELIGIBILITY_TRACE,accuracy,0.615,3000,1000
CLASSIFICATION,0.9,26,4,NO_TRACE,accuracy,0.67,3000,1000
CLASSIFICATION,0.9,26,16,EXACT_REPLAY,accuracy,0.743,3000,1000
CLASSIFICATION,0.9,26,16,ELIGIBILITY_TRACE,accuracy,0.625,3000,1000
CLASSIFICATION,0.9,26,16,NO_TRACE,accuracy,0.427,3000,1000
CLASSIFICATION,0.9,26,64,EXACT_REPLAY,accuracy,0.74,3000,1000
CLASSIFICATION,0.9,26,64,ELIGIBILITY_TRACE,accuracy,0.516,3000,1000
CLASSIFICATION,0.9,26,64,NO_TRACE,accuracy,0.268,3000,1000
CLASSIFICATION,0.9,27,1,EXACT_REPLAY,accuracy,0.781,3000,1000
CLASSIFICATION,0.9,27,1,ELIGIBILITY_TRACE,accuracy,0.606,3000,1000
CLASSIFICATION,0.9,27,1,NO_TRACE,accuracy,0.78,3000,1000
CLASSIFICATION,0.9,27,4,EXACT_REPLAY,accuracy,0.781,3000,1000
CLASSIFICATION,0.9,27,4,ELIGIBILITY_TRACE,accuracy,0.643,3000,1000
CLASSIFICATION,0.9,27,4,NO_TRACE,accuracy,0.766,3000,1000
CLASSIFICATION,0.9,27,16,EXACT_REPLAY,accuracy,0.781,3000,1000
CLASSIFICATION,0.9,27,16,ELIGIBILITY_TRACE,accuracy,0.684,3000,1000
CLASSIFICATION,0.9,27,16,NO_TRACE,accuracy,0.419,3000,1000
CLASSIFICATION,0.9,27,64,EXACT_REPLAY,accuracy,0.781,3000,1000
CLASSIFICATION,0.9,27,64,ELIGIBILITY_TRACE,accuracy,0.522,3000,1000
CLASSIFICATION,0.9,27,64,NO_TRACE,accuracy,0.218,3000,1000
CLASSIFICATION,0.9,28,1,EXACT_REPLAY,accuracy,0.828,3000,1000
CLASSIFICATION,0.9,28,1,ELIGIBILITY_TRACE,accuracy,0.624,3000,1000
CLASSIFICATION,0.9,28,1,NO_TRACE,accuracy,0.806,3000,1000
CLASSIFICATION,0.9,28,4,EXACT_REPLAY,accuracy,0.828,3000,1000
CLASSIFICATION,0.9,28,4,ELIGIBILITY_TRACE,accuracy,0.659,3000,1000
CLASSIFICATION,0.9,28,4,NO_TRACE,accuracy,0.755,3000,1000
CLASSIFICATION,0.9,28,16,EXACT_REPLAY,accuracy,0.828,3000,1000
CLASSIFICATION,0.9,28,16,ELIGIBILITY_TRACE,accuracy,0.671,3000,1000
CLASSIFICATION,0.9,28,16,NO_TRACE,accuracy,0.392,3000,1000
CLASSIFICATION,0.9,28,64,EXACT_REPLAY,accuracy,0.827,3000,1000
CLASSIFICATION,0.9,28,64,ELIGIBILITY_TRACE,accuracy,0.425,3000,1000
CLASSIFICATION,0.9,28,64,NO_TRACE,accuracy,0.305,3000,1000
CLASSIFICATION,0.9,29,1,EXACT_REPLAY,accuracy,0.757,3000,1000
CLASSIFICATION,0.9,29,1,ELIGIBILITY_TRACE,accuracy,0.555,3000,1000
CLASSIFICATION,0.9,29,1,NO_TRACE,accuracy,0.759,3000,1000
CLASSIFICATION,0.9,29,4,EXACT_REPLAY,accuracy,0.757,3000,1000
CLASSIFICATION,0.9,29,4,ELIGIBILITY_TRACE,accuracy,0.607,3000,1000
CLASSIFICATION,0.9,29,4,NO_TRACE,accuracy,0.718,3000,1000
CLASSIFICATION,0.9,29,16,EXACT_REPLAY,accuracy,0.757,3000,1000
CLASSIFICATION,0.9,29,16,ELIGIBILITY_TRACE,accuracy,0.64,3000,1000
CLASSIFICATION,0.9,29,16,NO_TRACE,accuracy,0.511,3000,1000
CLASSIFICATION,0.9,29,64,EXACT_REPLAY,accuracy,0.756,3000,1000
CLASSIFICATION,0.9,29,64,ELIGIBILITY_TRACE,accuracy,0.546,3000,1000
CLASSIFICATION,0.9,29,64,NO_TRACE,accuracy,0.345,3000,1000
REGRESSION,0.0,0,1,EXACT_REPLAY,mse,0.002112257110224519,3000,1000
REGRESSION,0.0,0,1,ELIGIBILITY_TRACE,mse,0.007925212698609768,3000,1000
REGRESSION,0.0,0,1,NO_TRACE,mse,0.011907480911004516,3000,1000
REGRESSION,0.0,0,4,EXACT_REPLAY,mse,0.0021101552709747408,3000,1000
REGRESSION,0.0,0,4,ELIGIBILITY_TRACE,mse,0.008219753255430721,3000,1000
REGRESSION,0.0,0,4,NO_TRACE,mse,0.012717123953670235,3000,1000
REGRESSION,0.0,0,16,EXACT_REPLAY,mse,0.002101257900919273,3000,1000
REGRESSION,0.0,0,16,ELIGIBILITY_TRACE,mse,0.009102635559738321,3000,1000
REGRESSION,0.0,0,16,NO_TRACE,mse,0.012275464712139993,3000,1000
REGRESSION,0.0,0,64,EXACT_REPLAY,mse,0.0020671216155010524,3000,1000
REGRESSION,0.0,0,64,ELIGIBILITY_TRACE,mse,0.011719842343310092,3000,1000
REGRESSION,0.0,0,64,NO_TRACE,mse,0.012687355059442004,3000,1000
REGRESSION,0.0,1,1,EXACT_REPLAY,mse,0.0025390607349393287,3000,1000
REGRESSION,0.0,1,1,ELIGIBILITY_TRACE,mse,0.009376841480187305,3000,1000
REGRESSION,0.0,1,1,NO_TRACE,mse,0.014689329218049928,3000,1000
REGRESSION,0.0,1,4,EXACT_REPLAY,mse,0.0025361429631598716,3000,1000
REGRESSION,0.0,1,4,ELIGIBILITY_TRACE,mse,0.009530211628048083,3000,1000
REGRESSION,0.0,1,4,NO_TRACE,mse,0.014294323066173995,3000,1000
REGRESSION,0.0,1,16,EXACT_REPLAY,mse,0.0025245312348839387,3000,1000
REGRESSION,0.0,1,16,ELIGIBILITY_TRACE,mse,0.010398655911091292,3000,1000
REGRESSION,0.0,1,16,NO_TRACE,mse,0.014370691143777597,3000,1000
REGRESSION,0.0,1,64,EXACT_REPLAY,mse,0.0024793661808014005,3000,1000
REGRESSION,0.0,1,64,ELIGIBILITY_TRACE,mse,0.01268478550034311,3000,1000
REGRESSION,0.0,1,64,NO_TRACE,mse,0.014534141097459315,3000,1000
REGRESSION,0.0,2,1,EXACT_REPLAY,mse,0.002440713031647223,3000,1000
REGRESSION,0.0,2,1,ELIGIBILITY_TRACE,mse,0.008931075779593196,3000,1000
REGRESSION,0.0,2,1,NO_TRACE,mse,0.014766781969855385,3000,1000
REGRESSION,0.0,2,4,EXACT_REPLAY,mse,0.0024379987230366425,3000,1000
REGRESSION,0.0,2,4,ELIGIBILITY_TRACE,mse,0.009144892708933705,3000,1000
REGRESSION,0.0,2,4,NO_TRACE,mse,0.014463042676880778,3000,1000
REGRESSION,0.0,2,16,EXACT_REPLAY,mse,0.002427255751389814,3000,1000
REGRESSION,0.0,2,16,ELIGIBILITY_TRACE,mse,0.010003575457846694,3000,1000
REGRESSION,0.0,2,16,NO_TRACE,mse,0.014748845910106686,3000,1000
REGRESSION,0.0,2,64,EXACT_REPLAY,mse,0.0023852594353311503,3000,1000
REGRESSION,0.0,2,64,ELIGIBILITY_TRACE,mse,0.01233857813903744,3000,1000
REGRESSION,0.0,2,64,NO_TRACE,mse,0.013866345767747926,3000,1000
REGRESSION,0.0,3,1,EXACT_REPLAY,mse,0.002099136240926563,3000,1000
REGRESSION,0.0,3,1,ELIGIBILITY_TRACE,mse,0.008373953061144149,3000,1000
REGRESSION,0.0,3,1,NO_TRACE,mse,0.013052488849259511,3000,1000
REGRESSION,0.0,3,4,EXACT_REPLAY,mse,0.0020967852075433014,3000,1000
REGRESSION,0.0,3,4,ELIGIBILITY_TRACE,mse,0.008613218165997168,3000,1000
REGRESSION,0.0,3,4,NO_TRACE,mse,0.01321783937689602,3000,1000
REGRESSION,0.0,3,16,EXACT_REPLAY,mse,0.002086663734262911,3000,1000
REGRESSION,0.0,3,16,ELIGIBILITY_TRACE,mse,0.009420522278930584,3000,1000
REGRESSION,0.0,3,16,NO_TRACE,mse,0.012715250757902122,3000,1000
REGRESSION,0.0,3,64,EXACT_REPLAY,mse,0.0020465451172423364,3000,1000
REGRESSION,0.0,3,64,ELIGIBILITY_TRACE,mse,0.011720683208460257,3000,1000
REGRESSION,0.0,3,64,NO_TRACE,mse,0.01359432457634157,3000,1000
REGRESSION,0.0,4,1,EXACT_REPLAY,mse,0.002586772591575588,3000,1000
REGRESSION,0.0,4,1,ELIGIBILITY_TRACE,mse,0.011114151181026575,3000,1000
REGRESSION,0.0,4,1,NO_TRACE,mse,0.017821157743878387,3000,1000
REGRESSION,0.0,4,4,EXACT_REPLAY,mse,0.0025833808093937193,3000,1000
REGRESSION,0.0,4,4,ELIGIBILITY_TRACE,mse,0.011322503259835283,3000,1000
REGRESSION,0.0,4,4,NO_TRACE,mse,0.01713804470711839,3000,1000
REGRESSION,0.0,4,16,EXACT_REPLAY,mse,0.0025697407574162786,3000,1000
REGRESSION,0.0,4,16,ELIGIBILITY_TRACE,mse,0.012492575663271326,3000,1000
REGRESSION,0.0,4,16,NO_TRACE,mse,0.01807115232040636,3000,1000
REGRESSION,0.0,4,64,EXACT_REPLAY,mse,0.0025172976766004683,3000,1000
REGRESSION,0.0,4,64,ELIGIBILITY_TRACE,mse,0.01569501508074852,3000,1000
REGRESSION,0.0,4,64,NO_TRACE,mse,0.017910875469214948,3000,1000
REGRESSION,0.0,5,1,EXACT_REPLAY,mse,0.0030146260358204584,3000,1000
REGRESSION,0.0,5,1,ELIGIBILITY_TRACE,mse,0.010128449159808383,3000,1000
REGRESSION,0.0,5,1,NO_TRACE,mse,0.014831697414164019,3000,1000
REGRESSION,0.0,5,4,EXACT_REPLAY,mse,0.003011718464738726,3000,1000
REGRESSION,0.0,5,4,ELIGIBILITY_TRACE,mse,0.010181753404631972,3000,1000
REGRESSION,0.0,5,4,NO_TRACE,mse,0.014474471028734752,3000,1000
REGRESSION,0.0,5,16,EXACT_REPLAY,mse,0.003000553427976381,3000,1000
REGRESSION,0.0,5,16,ELIGIBILITY_TRACE,mse,0.01134572493078615,3000,1000
REGRESSION,0.0,5,16,NO_TRACE,mse,0.014585752526559801,3000,1000
REGRESSION,0.0,5,64,EXACT_REPLAY,mse,0.002955634709293924,3000,1000
REGRESSION,0.0,5,64,ELIGIBILITY_TRACE,mse,0.013536989260029457,3000,1000
REGRESSION,0.0,5,64,NO_TRACE,mse,0.01575178897278912,3000,1000
REGRESSION,0.0,6,1,EXACT_REPLAY,mse,0.0026032444257791934,3000,1000
REGRESSION,0.0,6,1,ELIGIBILITY_TRACE,mse,0.009932014812251129,3000,1000
REGRESSION,0.0,6,1,NO_TRACE,mse,0.01519799462484568,3000,1000
REGRESSION,0.0,6,4,EXACT_REPLAY,mse,0.002600222217443081,3000,1000
REGRESSION,0.0,6,4,ELIGIBILITY_TRACE,mse,0.010251427003196032,3000,1000
REGRESSION,0.0,6,4,NO_TRACE,mse,0.016719104744552127,3000,1000
REGRESSION,0.0,6,16,EXACT_REPLAY,mse,0.002587616839393034,3000,1000
REGRESSION,0.0,6,16,ELIGIBILITY_TRACE,mse,0.01114262151446568,3000,1000
REGRESSION,0.0,6,16,NO_TRACE,mse,0.015804548192063075,3000,1000
REGRESSION,0.0,6,64,EXACT_REPLAY,mse,0.0025382946586192346,3000,1000
REGRESSION,0.0,6,64,ELIGIBILITY_TRACE,mse,0.013727406177633489,3000,1000
REGRESSION,0.0,6,64,NO_TRACE,mse,0.01582367178399572,3000,1000
REGRESSION,0.0,7,1,EXACT_REPLAY,mse,0.0022876314960205723,3000,1000
REGRESSION,0.0,7,1,ELIGIBILITY_TRACE,mse,0.008914918593076481,3000,1000
REGRESSION,0.0,7,1,NO_TRACE,mse,0.01370573086836101,3000,1000
REGRESSION,0.0,7,4,EXACT_REPLAY,mse,0.002285217118336539,3000,1000
REGRESSION,0.0,7,4,ELIGIBILITY_TRACE,mse,0.009201496788345928,3000,1000
REGRESSION,0.0,7,4,NO_TRACE,mse,0.014930382816677149,3000,1000
REGRESSION,0.0,7,16,EXACT_REPLAY,mse,0.0022751622175537873,3000,1000
REGRESSION,0.0,7,16,ELIGIBILITY_TRACE,mse,0.010431134268638896,3000,1000
REGRESSION,0.0,7,16,NO_TRACE,mse,0.014154216102998727,3000,1000
REGRESSION,0.0,7,64,EXACT_REPLAY,mse,0.0022362839272042244,3000,1000
REGRESSION,0.0,7,64,ELIGIBILITY_TRACE,mse,0.012618375555746297,3000,1000
REGRESSION,0.0,7,64,NO_TRACE,mse,0.014804954780170817,3000,1000
REGRESSION,0.0,8,1,EXACT_REPLAY,mse,0.002332806650597659,3000,1000
REGRESSION,0.0,8,1,ELIGIBILITY_TRACE,mse,0.010092967625492095,3000,1000
REGRESSION,0.0,8,1,NO_TRACE,mse,0.017293743803818516,3000,1000
REGRESSION,0.0,8,4,EXACT_REPLAY,mse,0.002329555696631238,3000,1000
REGRESSION,0.0,8,4,ELIGIBILITY_TRACE,mse,0.01042641441156392,3000,1000
REGRESSION,0.0,8,4,NO_TRACE,mse,0.016622973835687893,3000,1000
REGRESSION,0.0,8,16,EXACT_REPLAY,mse,0.00231748341106383,3000,1000
REGRESSION,0.0,8,16,ELIGIBILITY_TRACE,mse,0.011611620853595012,3000,1000
REGRESSION,0.0,8,16,NO_TRACE,mse,0.017405134977968122,3000,1000
REGRESSION,0.0,8,64,EXACT_REPLAY,mse,0.0022689180190795808,3000,1000
REGRESSION,0.0,8,64,ELIGIBILITY_TRACE,mse,0.014769692596139288,3000,1000
REGRESSION,0.0,8,64,NO_TRACE,mse,0.016646590518123373,3000,1000
REGRESSION,0.0,9,1,EXACT_REPLAY,mse,0.0018723823760558123,3000,1000
REGRESSION,0.0,9,1,ELIGIBILITY_TRACE,mse,0.007070555414216491,3000,1000
REGRESSION,0.0,9,1,NO_TRACE,mse,0.011592566588178052,3000,1000
REGRESSION,0.0,9,4,EXACT_REPLAY,mse,0.0018706393429586865,3000,1000
REGRESSION,0.0,9,4,ELIGIBILITY_TRACE,mse,0.007274654068641592,3000,1000
REGRESSION,0.0,9,4,NO_TRACE,mse,0.01140678774913416,3000,1000
REGRESSION,0.0,9,16,EXACT_REPLAY,mse,0.0018630288929009915,3000,1000
REGRESSION,0.0,9,16,ELIGIBILITY_TRACE,mse,0.007794467881585269,3000,1000
REGRESSION,0.0,9,16,NO_TRACE,mse,0.010633049771546138,3000,1000
REGRESSION,0.0,9,64,EXACT_REPLAY,mse,0.0018330497627048747,3000,1000
REGRESSION,0.0,9,64,ELIGIBILITY_TRACE,mse,0.009787195313223985,3000,1000
REGRESSION,0.0,9,64,NO_TRACE,mse,0.010888118275256584,3000,1000
REGRESSION,0.0,10,1,EXACT_REPLAY,mse,0.0019254933849709797,3000,1000
REGRESSION,0.0,10,1,ELIGIBILITY_TRACE,mse,0.009692060264173769,3000,1000
REGRESSION,0.0,10,1,NO_TRACE,mse,0.0161279508254932,3000,1000
REGRESSION,0.0,10,4,EXACT_REPLAY,mse,0.0019221612228264098,3000,1000
REGRESSION,0.0,10,4,ELIGIBILITY_TRACE,mse,0.01011213401153291,3000,1000
REGRESSION,0.0,10,4,NO_TRACE,mse,0.01632650252716624,3000,1000
REGRESSION,0.0,10,16,EXACT_REPLAY,mse,0.0019093381015735482,3000,1000
REGRESSION,0.0,10,16,ELIGIBILITY_TRACE,mse,0.011104076129386709,3000,1000
REGRESSION,0.0,10,16,NO_TRACE,mse,0.015703263727775446,3000,1000
REGRESSION,0.0,10,64,EXACT_REPLAY,mse,0.0018598128220796582,3000,1000
REGRESSION,0.0,10,64,ELIGIBILITY_TRACE,mse,0.013760456508804078,3000,1000
REGRESSION,0.0,10,64,NO_TRACE,mse,0.016191904548228664,3000,1000
REGRESSION,0.0,11,1,EXACT_REPLAY,mse,0.0023524127490230375,3000,1000
REGRESSION,0.0,11,1,ELIGIBILITY_TRACE,mse,0.009601878109326525,3000,1000
REGRESSION,0.0,11,1,NO_TRACE,mse,0.01514607309623702,3000,1000
REGRESSION,0.0,11,4,EXACT_REPLAY,mse,0.0023496532402575293,3000,1000
REGRESSION,0.0,11,4,ELIGIBILITY_TRACE,mse,0.009937648231603433,3000,1000
REGRESSION,0.0,11,4,NO_TRACE,mse,0.014700438056240002,3000,1000
REGRESSION,0.0,11,16,EXACT_REPLAY,mse,0.0023386301856702795,3000,1000
REGRESSION,0.0,11,16,ELIGIBILITY_TRACE,mse,0.010806900141861841,3000,1000
REGRESSION,0.0,11,16,NO_TRACE,mse,0.015365752844087793,3000,1000
REGRESSION,0.0,11,64,EXACT_REPLAY,mse,0.002295863973031974,3000,1000
REGRESSION,0.0,11,64,ELIGIBILITY_TRACE,mse,0.012913234842755241,3000,1000
REGRESSION,0.0,11,64,NO_TRACE,mse,0.01576792795184759,3000,1000
REGRESSION,0.0,12,1,EXACT_REPLAY,mse,0.0031503395945518377,3000,1000
REGRESSION,0.0,12,1,ELIGIBILITY_TRACE,mse,0.012695084518063464,3000,1000
REGRESSION,0.0,12,1,NO_TRACE,mse,0.020069632128001818,3000,1000
REGRESSION,0.0,12,4,EXACT_REPLAY,mse,0.003146678560883079,3000,1000
REGRESSION,0.0,12,4,ELIGIBILITY_TRACE,mse,0.013006780743764738,3000,1000
REGRESSION,0.0,12,4,NO_TRACE,mse,0.019142594350185525,3000,1000
REGRESSION,0.0,12,16,EXACT_REPLAY,mse,0.0031311563919858196,3000,1000
REGRESSION,0.0,12,16,ELIGIBILITY_TRACE,mse,0.014080532487050452,3000,1000
REGRESSION,0.0,12,16,NO_TRACE,mse,0.0195951916941331,3000,1000
REGRESSION,0.0,12,64,EXACT_REPLAY,mse,0.0030692456495014287,3000,1000
REGRESSION,0.0,12,64,ELIGIBILITY_TRACE,mse,0.016859292329648654,3000,1000
REGRESSION,0.0,12,64,NO_TRACE,mse,0.01843137951434305,3000,1000
REGRESSION,0.0,13,1,EXACT_REPLAY,mse,0.002384052664438233,3000,1000
REGRESSION,0.0,13,1,ELIGIBILITY_TRACE,mse,0.009477897814716911,3000,1000
REGRESSION,0.0,13,1,NO_TRACE,mse,0.015243705430624654,3000,1000
REGRESSION,0.0,13,4,EXACT_REPLAY,mse,0.0023809020626777175,3000,1000
REGRESSION,0.0,13,4,ELIGIBILITY_TRACE,mse,0.00967912143937883,3000,1000
REGRESSION,0.0,13,4,NO_TRACE,mse,0.015325847627827847,3000,1000
REGRESSION,0.0,13,16,EXACT_REPLAY,mse,0.002368377959401977,3000,1000
REGRESSION,0.0,13,16,ELIGIBILITY_TRACE,mse,0.010415595887335136,3000,1000
REGRESSION,0.0,13,16,NO_TRACE,mse,0.014434561713224098,3000,1000
REGRESSION,0.0,13,64,EXACT_REPLAY,mse,0.002321357549998776,3000,1000
REGRESSION,0.0,13,64,ELIGIBILITY_TRACE,mse,0.012770402797825627,3000,1000
REGRESSION,0.0,13,64,NO_TRACE,mse,0.014924185257035216,3000,1000
REGRESSION,0.0,14,1,EXACT_REPLAY,mse,0.0027120733123172387,3000,1000
REGRESSION,0.0,14,1,ELIGIBILITY_TRACE,mse,0.010183381086304235,3000,1000
REGRESSION,0.0,14,1,NO_TRACE,mse,0.01591979309302412,3000,1000
REGRESSION,0.0,14,4,EXACT_REPLAY,mse,0.0027086664230699686,3000,1000
REGRESSION,0.0,14,4,ELIGIBILITY_TRACE,mse,0.010387126517750837,3000,1000
REGRESSION,0.0,14,4,NO_TRACE,mse,0.015872127965815618,3000,1000
REGRESSION,0.0,14,16,EXACT_REPLAY,mse,0.0026960456683374277,3000,1000
REGRESSION,0.0,14,16,ELIGIBILITY_TRACE,mse,0.011515848536256148,3000,1000
REGRESSION,0.0,14,16,NO_TRACE,mse,0.016043182872231568,3000,1000
REGRESSION,0.0,14,64,EXACT_REPLAY,mse,0.002645923223181433,3000,1000
REGRESSION,0.0,14,64,ELIGIBILITY_TRACE,mse,0.013891421287502434,3000,1000
REGRESSION,0.0,14,64,NO_TRACE,mse,0.01604134996398725,3000,1000
REGRESSION,0.0,15,1,EXACT_REPLAY,mse,0.0021894438730862996,3000,1000
REGRESSION,0.0,15,1,ELIGIBILITY_TRACE,mse,0.008401389244405097,3000,1000
REGRESSION,0.0,15,1,NO_TRACE,mse,0.013253632500999915,3000,1000
REGRESSION,0.0,15,4,EXACT_REPLAY,mse,0.0021869815563675355,3000,1000
REGRESSION,0.0,15,4,ELIGIBILITY_TRACE,mse,0.00857687584356626,3000,1000
REGRESSION,0.0,15,4,NO_TRACE,mse,0.013150061944114232,3000,1000
REGRESSION,0.0,15,16,EXACT_REPLAY,mse,0.0021773655292077958,3000,1000
REGRESSION,0.0,15,16,ELIGIBILITY_TRACE,mse,0.009542501722104383,3000,1000
REGRESSION,0.0,15,16,NO_TRACE,mse,0.013257727488234911,3000,1000
REGRESSION,0.0,15,64,EXACT_REPLAY,mse,0.0021392251264070613,3000,1000
REGRESSION,0.0,15,64,ELIGIBILITY_TRACE,mse,0.011863245109304173,3000,1000
REGRESSION,0.0,15,64,NO_TRACE,mse,0.01343669033190019,3000,1000
REGRESSION,0.0,16,1,EXACT_REPLAY,mse,0.0025624832224887674,3000,1000
REGRESSION,0.0,16,1,ELIGIBILITY_TRACE,mse,0.009620430446788208,3000,1000
REGRESSION,0.0,16,1,NO_TRACE,mse,0.015585566688262834,3000,1000
REGRESSION,0.0,16,4,EXACT_REPLAY,mse,0.002559257539071814,3000,1000
REGRESSION,0.0,16,4,ELIGIBILITY_TRACE,mse,0.00970603304654816,3000,1000
REGRESSION,0.0,16,4,NO_TRACE,mse,0.014930663763010919,3000,1000
REGRESSION,0.0,16,16,EXACT_REPLAY,mse,0.0025465588938288555,3000,1000
REGRESSION,0.0,16,16,ELIGIBILITY_TRACE,mse,0.010511369693580814,3000,1000
REGRESSION,0.0,16,16,NO_TRACE,mse,0.01434425778725462,3000,1000
REGRESSION,0.0,16,64,EXACT_REPLAY,mse,0.0024971505530804344,3000,1000
REGRESSION,0.0,16,64,ELIGIBILITY_TRACE,mse,0.012959175516321076,3000,1000
REGRESSION,0.0,16,64,NO_TRACE,mse,0.015957947336511534,3000,1000
REGRESSION,0.0,17,1,EXACT_REPLAY,mse,0.0026263577832214826,3000,1000
REGRESSION,0.0,17,1,ELIGIBILITY_TRACE,mse,0.010114876000980806,3000,1000
REGRESSION,0.0,17,1,NO_TRACE,mse,0.016957010425406708,3000,1000
REGRESSION,0.0,17,4,EXACT_REPLAY,mse,0.0026233941516503882,3000,1000
REGRESSION,0.0,17,4,ELIGIBILITY_TRACE,mse,0.01050343416406631,3000,1000
REGRESSION,0.0,17,4,NO_TRACE,mse,0.016247804614003054,3000,1000
REGRESSION,0.0,17,16,EXACT_REPLAY,mse,0.002611564581535046,3000,1000
REGRESSION,0.0,17,16,ELIGIBILITY_TRACE,mse,0.011284660644221076,3000,1000
REGRESSION,0.0,17,16,NO_TRACE,mse,0.015768233735494363,3000,1000
REGRESSION,0.0,17,64,EXACT_REPLAY,mse,0.002562900866318701,3000,1000
REGRESSION,0.0,17,64,ELIGIBILITY_TRACE,mse,0.013951588619898802,3000,1000
REGRESSION,0.0,17,64,NO_TRACE,mse,0.015691397418746714,3000,1000
REGRESSION,0.0,18,1,EXACT_REPLAY,mse,0.0027863460161350914,3000,1000
REGRESSION,0.0,18,1,ELIGIBILITY_TRACE,mse,0.010226953764565366,3000,1000
REGRESSION,0.0,18,1,NO_TRACE,mse,0.015709081625815094,3000,1000
REGRESSION,0.0,18,4,EXACT_REPLAY,mse,0.0027832379916271394,3000,1000
REGRESSION,0.0,18,4,ELIGIBILITY_TRACE,mse,0.01053594598618432,3000,1000
REGRESSION,0.0,18,4,NO_TRACE,mse,0.015747562973083596,3000,1000
REGRESSION,0.0,18,16,EXACT_REPLAY,mse,0.0027711995146674742,3000,1000
REGRESSION,0.0,18,16,ELIGIBILITY_TRACE,mse,0.01154599292514876,3000,1000
REGRESSION,0.0,18,16,NO_TRACE,mse,0.0158885150325477,3000,1000
REGRESSION,0.0,18,64,EXACT_REPLAY,mse,0.002723237060655065,3000,1000
REGRESSION,0.0,18,64,ELIGIBILITY_TRACE,mse,0.01383116057271952,3000,1000
REGRESSION,0.0,18,64,NO_TRACE,mse,0.015847399665953305,3000,1000
REGRESSION,0.0,19,1,EXACT_REPLAY,mse,0.0023466717534694767,3000,1000
REGRESSION,0.0,19,1,ELIGIBILITY_TRACE,mse,0.009108008750812762,3000,1000
REGRESSION,0.0,19,1,NO_TRACE,mse,0.014707832254177624,3000,1000
REGRESSION,0.0,19,4,EXACT_REPLAY,mse,0.002343930987328669,3000,1000
REGRESSION,0.0,19,4,ELIGIBILITY_TRACE,mse,0.009411168840296583,3000,1000
REGRESSION,0.0,19,4,NO_TRACE,mse,0.014758582940034789,3000,1000
REGRESSION,0.0,19,16,EXACT_REPLAY,mse,0.0023333343690491778,3000,1000
REGRESSION,0.0,19,16,ELIGIBILITY_TRACE,mse,0.0103560735887074,3000,1000
REGRESSION,0.0,19,16,NO_TRACE,mse,0.015555217797546103,3000,1000
REGRESSION,0.0,19,64,EXACT_REPLAY,mse,0.0022916041308211474,3000,1000
REGRESSION,0.0,19,64,ELIGIBILITY_TRACE,mse,0.012341152165138052,3000,1000
REGRESSION,0.0,19,64,NO_TRACE,mse,0.015249642094296289,3000,1000
REGRESSION,0.0,20,1,EXACT_REPLAY,mse,0.002977945330267973,3000,1000
REGRESSION,0.0,20,1,ELIGIBILITY_TRACE,mse,0.012135371777187235,3000,1000
REGRESSION,0.0,20,1,NO_TRACE,mse,0.02071195688491109,3000,1000
REGRESSION,0.0,20,4,EXACT_REPLAY,mse,0.0029744574493040803,3000,1000
REGRESSION,0.0,20,4,ELIGIBILITY_TRACE,mse,0.012427845372624148,3000,1000
REGRESSION,0.0,20,4,NO_TRACE,mse,0.020137761777400533,3000,1000
REGRESSION,0.0,20,16,EXACT_REPLAY,mse,0.0029601839555141937,3000,1000
REGRESSION,0.0,20,16,ELIGIBILITY_TRACE,mse,0.013663612889699311,3000,1000
REGRESSION,0.0,20,16,NO_TRACE,mse,0.01934723993641503,3000,1000
REGRESSION,0.0,20,64,EXACT_REPLAY,mse,0.0029037029637676197,3000,1000
REGRESSION,0.0,20,64,ELIGIBILITY_TRACE,mse,0.017051358323470905,3000,1000
REGRESSION,0.0,20,64,NO_TRACE,mse,0.01978979014184896,3000,1000
REGRESSION,0.0,21,1,EXACT_REPLAY,mse,0.0022385014878453136,3000,1000
REGRESSION,0.0,21,1,ELIGIBILITY_TRACE,mse,0.007387715163095102,3000,1000
REGRESSION,0.0,21,1,NO_TRACE,mse,0.011678541776542489,3000,1000
REGRESSION,0.0,21,4,EXACT_REPLAY,mse,0.002236532662483555,3000,1000
REGRESSION,0.0,21,4,ELIGIBILITY_TRACE,mse,0.007481361619217786,3000,1000
REGRESSION,0.0,21,4,NO_TRACE,mse,0.011244284845034635,3000,1000
REGRESSION,0.0,21,16,EXACT_REPLAY,mse,0.0022285624305190587,3000,1000
REGRESSION,0.0,21,16,ELIGIBILITY_TRACE,mse,0.007940585866311444,3000,1000
REGRESSION,0.0,21,16,NO_TRACE,mse,0.0108317060685652,3000,1000
REGRESSION,0.0,21,64,EXACT_REPLAY,mse,0.002196622028524038,3000,1000
REGRESSION,0.0,21,64,ELIGIBILITY_TRACE,mse,0.009648019490707377,3000,1000
REGRESSION,0.0,21,64,NO_TRACE,mse,0.011649096653771809,3000,1000
REGRESSION,0.0,22,1,EXACT_REPLAY,mse,0.0027300659421972224,3000,1000
REGRESSION,0.0,22,1,ELIGIBILITY_TRACE,mse,0.009763292785589623,3000,1000
REGRESSION,0.0,22,1,NO_TRACE,mse,0.016340563425867077,3000,1000
REGRESSION,0.0,22,4,EXACT_REPLAY,mse,0.0027273569010281442,3000,1000
REGRESSION,0.0,22,4,ELIGIBILITY_TRACE,mse,0.009893846664950011,3000,1000
REGRESSION,0.0,22,4,NO_TRACE,mse,0.015514682366432712,3000,1000
REGRESSION,0.0,22,16,EXACT_REPLAY,mse,0.0027156919678069536,3000,1000
REGRESSION,0.0,22,16,ELIGIBILITY_TRACE,mse,0.010702725022253542,3000,1000
REGRESSION,0.0,22,16,NO_TRACE,mse,0.015170790172593368,3000,1000
REGRESSION,0.0,22,64,EXACT_REPLAY,mse,0.0026701647429398325,3000,1000
REGRESSION,0.0,22,64,ELIGIBILITY_TRACE,mse,0.013449651852400263,3000,1000
REGRESSION,0.0,22,64,NO_TRACE,mse,0.015106399837848287,3000,1000
REGRESSION,0.0,23,1,EXACT_REPLAY,mse,0.0022576523007838806,3000,1000
REGRESSION,0.0,23,1,ELIGIBILITY_TRACE,mse,0.008999660303598672,3000,1000
REGRESSION,0.0,23,1,NO_TRACE,mse,0.014852767692566162,3000,1000
REGRESSION,0.0,23,4,EXACT_REPLAY,mse,0.002254876963177468,3000,1000
REGRESSION,0.0,23,4,ELIGIBILITY_TRACE,mse,0.009315799519461446,3000,1000
REGRESSION,0.0,23,4,NO_TRACE,mse,0.014152112038312105,3000,1000
REGRESSION,0.0,23,16,EXACT_REPLAY,mse,0.0022437065171268663,3000,1000
REGRESSION,0.0,23,16,ELIGIBILITY_TRACE,mse,0.010391841618091754,3000,1000
REGRESSION,0.0,23,16,NO_TRACE,mse,0.013745944781378274,3000,1000
REGRESSION,0.0,23,64,EXACT_REPLAY,mse,0.0022018814770541732,3000,1000
REGRESSION,0.0,23,64,ELIGIBILITY_TRACE,mse,0.012211356356296488,3000,1000
REGRESSION,0.0,23,64,NO_TRACE,mse,0.01409339988742867,3000,1000
REGRESSION,0.0,24,1,EXACT_REPLAY,mse,0.0024345151632350483,3000,1000
REGRESSION,0.0,24,1,ELIGIBILITY_TRACE,mse,0.010204349196838863,3000,1000
REGRESSION,0.0,24,1,NO_TRACE,mse,0.017874482472854367,3000,1000
REGRESSION,0.0,24,4,EXACT_REPLAY,mse,0.0024313381504603875,3000,1000
REGRESSION,0.0,24,4,ELIGIBILITY_TRACE,mse,0.010436479464414677,3000,1000
REGRESSION,0.0,24,4,NO_TRACE,mse,0.0161664704532326,3000,1000
REGRESSION,0.0,24,16,EXACT_REPLAY,mse,0.0024185546845866992,3000,1000
REGRESSION,0.0,24,16,ELIGIBILITY_TRACE,mse,0.011276787359257724,3000,1000
REGRESSION,0.0,24,16,NO_TRACE,mse,0.015519307432826443,3000,1000
REGRESSION,0.0,24,64,EXACT_REPLAY,mse,0.0023684861942283955,3000,1000
REGRESSION,0.0,24,64,ELIGIBILITY_TRACE,mse,0.013630010482449635,3000,1000
REGRESSION,0.0,24,64,NO_TRACE,mse,0.01643513380925108,3000,1000
REGRESSION,0.0,25,1,EXACT_REPLAY,mse,0.0026567931366533355,3000,1000
REGRESSION,0.0,25,1,ELIGIBILITY_TRACE,mse,0.01166788150080064,3000,1000
REGRESSION,0.0,25,1,NO_TRACE,mse,0.019131979000230958,3000,1000
REGRESSION,0.0,25,4,EXACT_REPLAY,mse,0.0026530356166296894,3000,1000
REGRESSION,0.0,25,4,ELIGIBILITY_TRACE,mse,0.012006173745503695,3000,1000
REGRESSION,0.0,25,4,NO_TRACE,mse,0.01960697015150214,3000,1000
REGRESSION,0.0,25,16,EXACT_REPLAY,mse,0.0026385200016103747,3000,1000
REGRESSION,0.0,25,16,ELIGIBILITY_TRACE,mse,0.013075906754515209,3000,1000
REGRESSION,0.0,25,16,NO_TRACE,mse,0.019508250180650076,3000,1000
REGRESSION,0.0,25,64,EXACT_REPLAY,mse,0.002580830293532827,3000,1000
REGRESSION,0.0,25,64,ELIGIBILITY_TRACE,mse,0.01666045951927573,3000,1000
REGRESSION,0.0,25,64,NO_TRACE,mse,0.019671702083491376,3000,1000
REGRESSION,0.0,26,1,EXACT_REPLAY,mse,0.002368029622206801,3000,1000
REGRESSION,0.0,26,1,ELIGIBILITY_TRACE,mse,0.01004281046543017,3000,1000
REGRESSION,0.0,26,1,NO_TRACE,mse,0.016594802932096784,3000,1000
REGRESSION,0.0,26,4,EXACT_REPLAY,mse,0.00236504080841728,3000,1000
REGRESSION,0.0,26,4,ELIGIBILITY_TRACE,mse,0.010313067184306508,3000,1000
REGRESSION,0.0,26,4,NO_TRACE,mse,0.015817171860149387,3000,1000
REGRESSION,0.0,26,16,EXACT_REPLAY,mse,0.0023533259449225012,3000,1000
REGRESSION,0.0,26,16,ELIGIBILITY_TRACE,mse,0.01149346233154333,3000,1000
REGRESSION,0.0,26,16,NO_TRACE,mse,0.016256820281777398,3000,1000
REGRESSION,0.0,26,64,EXACT_REPLAY,mse,0.0023073643745031187,3000,1000
REGRESSION,0.0,26,64,ELIGIBILITY_TRACE,mse,0.014064767725991566,3000,1000
REGRESSION,0.0,26,64,NO_TRACE,mse,0.015956800339246787,3000,1000
REGRESSION,0.0,27,1,EXACT_REPLAY,mse,0.003203264753031509,3000,1000
REGRESSION,0.0,27,1,ELIGIBILITY_TRACE,mse,0.011618625889036057,3000,1000
REGRESSION,0.0,27,1,NO_TRACE,mse,0.01830770153923623,3000,1000
REGRESSION,0.0,27,4,EXACT_REPLAY,mse,0.0032003032548622683,3000,1000
REGRESSION,0.0,27,4,ELIGIBILITY_TRACE,mse,0.011924302619260547,3000,1000
REGRESSION,0.0,27,4,NO_TRACE,mse,0.018326537192903176,3000,1000
REGRESSION,0.0,27,16,EXACT_REPLAY,mse,0.0031874047800437106,3000,1000
REGRESSION,0.0,27,16,ELIGIBILITY_TRACE,mse,0.013315264984174431,3000,1000
REGRESSION,0.0,27,16,NO_TRACE,mse,0.019284566506555804,3000,1000
REGRESSION,0.0,27,64,EXACT_REPLAY,mse,0.0031390169657652682,3000,1000
REGRESSION,0.0,27,64,ELIGIBILITY_TRACE,mse,0.015428582993578828,3000,1000
REGRESSION,0.0,27,64,NO_TRACE,mse,0.017472545259336735,3000,1000
REGRESSION,0.0,28,1,EXACT_REPLAY,mse,0.0029603609009550866,3000,1000
REGRESSION,0.0,28,1,ELIGIBILITY_TRACE,mse,0.011869444230876295,3000,1000
REGRESSION,0.0,28,1,NO_TRACE,mse,0.018493535241217423,3000,1000
REGRESSION,0.0,28,4,EXACT_REPLAY,mse,0.0029567033861531166,3000,1000
REGRESSION,0.0,28,4,ELIGIBILITY_TRACE,mse,0.012201936081411714,3000,1000
REGRESSION,0.0,28,4,NO_TRACE,mse,0.01836679280949988,3000,1000
REGRESSION,0.0,28,16,EXACT_REPLAY,mse,0.002943092978837865,3000,1000
REGRESSION,0.0,28,16,ELIGIBILITY_TRACE,mse,0.01366319499567764,3000,1000
REGRESSION,0.0,28,16,NO_TRACE,mse,0.020060305065713335,3000,1000
REGRESSION,0.0,28,64,EXACT_REPLAY,mse,0.0028883402680740344,3000,1000
REGRESSION,0.0,28,64,ELIGIBILITY_TRACE,mse,0.016275162382075076,3000,1000
REGRESSION,0.0,28,64,NO_TRACE,mse,0.018398555320551936,3000,1000
REGRESSION,0.0,29,1,EXACT_REPLAY,mse,0.002725012921983509,3000,1000
REGRESSION,0.0,29,1,ELIGIBILITY_TRACE,mse,0.009760320808499133,3000,1000
REGRESSION,0.0,29,1,NO_TRACE,mse,0.01560481507123264,3000,1000
REGRESSION,0.0,29,4,EXACT_REPLAY,mse,0.0027218504761403837,3000,1000
REGRESSION,0.0,29,4,ELIGIBILITY_TRACE,mse,0.009909555419434906,3000,1000
REGRESSION,0.0,29,4,NO_TRACE,mse,0.015377369528285325,3000,1000
REGRESSION,0.0,29,16,EXACT_REPLAY,mse,0.002708681606441892,3000,1000
REGRESSION,0.0,29,16,ELIGIBILITY_TRACE,mse,0.01088679671030593,3000,1000
REGRESSION,0.0,29,16,NO_TRACE,mse,0.016270647028085627,3000,1000
REGRESSION,0.0,29,64,EXACT_REPLAY,mse,0.0026564719811095366,3000,1000
REGRESSION,0.0,29,64,ELIGIBILITY_TRACE,mse,0.013260544301677878,3000,1000
REGRESSION,0.0,29,64,NO_TRACE,mse,0.01645011435327636,3000,1000
REGRESSION,0.2,0,1,EXACT_REPLAY,mse,0.0020424650270848836,3000,1000
REGRESSION,0.2,0,1,ELIGIBILITY_TRACE,mse,0.006935645980317492,3000,1000
REGRESSION,0.2,0,1,NO_TRACE,mse,0.007324462509716071,3000,1000
REGRESSION,0.2,0,4,EXACT_REPLAY,mse,0.00204033834681672,3000,1000
REGRESSION,0.2,0,4,ELIGIBILITY_TRACE,mse,0.00703443461154954,3000,1000
REGRESSION,0.2,0,4,NO_TRACE,mse,0.011826856261518469,3000,1000
REGRESSION,0.2,0,16,EXACT_REPLAY,mse,0.0020323100359942556,3000,1000
REGRESSION,0.2,0,16,ELIGIBILITY_TRACE,mse,0.00758016018575532,3000,1000
REGRESSION,0.2,0,16,NO_TRACE,mse,0.012009496814322443,3000,1000
REGRESSION,0.2,0,64,EXACT_REPLAY,mse,0.0020006443352866177,3000,1000
REGRESSION,0.2,0,64,ELIGIBILITY_TRACE,mse,0.010308120029778713,3000,1000
REGRESSION,0.2,0,64,NO_TRACE,mse,0.012249915623282584,3000,1000
REGRESSION,0.2,1,1,EXACT_REPLAY,mse,0.0026487712834744126,3000,1000
REGRESSION,0.2,1,1,ELIGIBILITY_TRACE,mse,0.009016783393870124,3000,1000
REGRESSION,0.2,1,1,NO_TRACE,mse,0.009694685912294264,3000,1000
REGRESSION,0.2,1,4,EXACT_REPLAY,mse,0.0026458233759585376,3000,1000
REGRESSION,0.2,1,4,ELIGIBILITY_TRACE,mse,0.009186107600600093,3000,1000
REGRESSION,0.2,1,4,NO_TRACE,mse,0.014683093464901785,3000,1000
REGRESSION,0.2,1,16,EXACT_REPLAY,mse,0.002634215354712857,3000,1000
REGRESSION,0.2,1,16,ELIGIBILITY_TRACE,mse,0.01023727521187487,3000,1000
REGRESSION,0.2,1,16,NO_TRACE,mse,0.014556857133146339,3000,1000
REGRESSION,0.2,1,64,EXACT_REPLAY,mse,0.002588119107779929,3000,1000
REGRESSION,0.2,1,64,ELIGIBILITY_TRACE,mse,0.012983073646771615,3000,1000
REGRESSION,0.2,1,64,NO_TRACE,mse,0.015196808847148618,3000,1000
REGRESSION,0.2,2,1,EXACT_REPLAY,mse,0.0023173833862754067,3000,1000
REGRESSION,0.2,2,1,ELIGIBILITY_TRACE,mse,0.00816320596741332,3000,1000
REGRESSION,0.2,2,1,NO_TRACE,mse,0.009211712472016544,3000,1000
REGRESSION,0.2,2,4,EXACT_REPLAY,mse,0.002314829235828475,3000,1000
REGRESSION,0.2,2,4,ELIGIBILITY_TRACE,mse,0.00826903633681371,3000,1000
REGRESSION,0.2,2,4,NO_TRACE,mse,0.014023819665358594,3000,1000
REGRESSION,0.2,2,16,EXACT_REPLAY,mse,0.0023043651715515304,3000,1000
REGRESSION,0.2,2,16,ELIGIBILITY_TRACE,mse,0.009066995645093863,3000,1000
REGRESSION,0.2,2,16,NO_TRACE,mse,0.01345612025341772,3000,1000
REGRESSION,0.2,2,64,EXACT_REPLAY,mse,0.0022631434767787745,3000,1000
REGRESSION,0.2,2,64,ELIGIBILITY_TRACE,mse,0.011518411778138117,3000,1000
REGRESSION,0.2,2,64,NO_TRACE,mse,0.014111510546663705,3000,1000
REGRESSION,0.2,3,1,EXACT_REPLAY,mse,0.002092445749374252,3000,1000
REGRESSION,0.2,3,1,ELIGIBILITY_TRACE,mse,0.007360749532808823,3000,1000
REGRESSION,0.2,3,1,NO_TRACE,mse,0.008468454653534994,3000,1000
REGRESSION,0.2,3,4,EXACT_REPLAY,mse,0.002090080975663166,3000,1000
REGRESSION,0.2,3,4,ELIGIBILITY_TRACE,mse,0.007526237507425696,3000,1000
REGRESSION,0.2,3,4,NO_TRACE,mse,0.013538009986783799,3000,1000
REGRESSION,0.2,3,16,EXACT_REPLAY,mse,0.002080224812884312,3000,1000
REGRESSION,0.2,3,16,ELIGIBILITY_TRACE,mse,0.008428894871235004,3000,1000
REGRESSION,0.2,3,16,NO_TRACE,mse,0.013156945411586069,3000,1000
REGRESSION,0.2,3,64,EXACT_REPLAY,mse,0.002041339648314139,3000,1000
REGRESSION,0.2,3,64,ELIGIBILITY_TRACE,mse,0.010818228426863178,3000,1000
REGRESSION,0.2,3,64,NO_TRACE,mse,0.013134890366338902,3000,1000
REGRESSION,0.2,4,1,EXACT_REPLAY,mse,0.0025337338021118364,3000,1000
REGRESSION,0.2,4,1,ELIGIBILITY_TRACE,mse,0.009983334597202277,3000,1000
REGRESSION,0.2,4,1,NO_TRACE,mse,0.011137718603550763,3000,1000
REGRESSION,0.2,4,4,EXACT_REPLAY,mse,0.0025302102270545767,3000,1000
REGRESSION,0.2,4,4,ELIGIBILITY_TRACE,mse,0.010134158744488529,3000,1000
REGRESSION,0.2,4,4,NO_TRACE,mse,0.01798368042359125,3000,1000
REGRESSION,0.2,4,16,EXACT_REPLAY,mse,0.002515980225571665,3000,1000
REGRESSION,0.2,4,16,ELIGIBILITY_TRACE,mse,0.011203822011281495,3000,1000
REGRESSION,0.2,4,16,NO_TRACE,mse,0.018344650152700044,3000,1000
REGRESSION,0.2,4,64,EXACT_REPLAY,mse,0.0024607299151488027,3000,1000
REGRESSION,0.2,4,64,ELIGIBILITY_TRACE,mse,0.014371808983423053,3000,1000
REGRESSION,0.2,4,64,NO_TRACE,mse,0.017687893644502895,3000,1000
REGRESSION,0.2,5,1,EXACT_REPLAY,mse,0.0029137167751495286,3000,1000
REGRESSION,0.2,5,1,ELIGIBILITY_TRACE,mse,0.009031233453447182,3000,1000
REGRESSION,0.2,5,1,NO_TRACE,mse,0.009869103013452207,3000,1000
REGRESSION,0.2,5,4,EXACT_REPLAY,mse,0.0029110691673463105,3000,1000
REGRESSION,0.2,5,4,ELIGIBILITY_TRACE,mse,0.009131752392479294,3000,1000
REGRESSION,0.2,5,4,NO_TRACE,mse,0.014758797240564071,3000,1000
REGRESSION,0.2,5,16,EXACT_REPLAY,mse,0.002900051974240333,3000,1000
REGRESSION,0.2,5,16,ELIGIBILITY_TRACE,mse,0.010214575512445716,3000,1000
REGRESSION,0.2,5,16,NO_TRACE,mse,0.014665684676668952,3000,1000
REGRESSION,0.2,5,64,EXACT_REPLAY,mse,0.002857652748463962,3000,1000
REGRESSION,0.2,5,64,ELIGIBILITY_TRACE,mse,0.012872480418050544,3000,1000
REGRESSION,0.2,5,64,NO_TRACE,mse,0.015480637865686809,3000,1000
REGRESSION,0.2,6,1,EXACT_REPLAY,mse,0.002549633742727765,3000,1000
REGRESSION,0.2,6,1,ELIGIBILITY_TRACE,mse,0.009407189437267264,3000,1000
REGRESSION,0.2,6,1,NO_TRACE,mse,0.010332514564729667,3000,1000
REGRESSION,0.2,6,4,EXACT_REPLAY,mse,0.002546211623469484,3000,1000
REGRESSION,0.2,6,4,ELIGIBILITY_TRACE,mse,0.009602538615858027,3000,1000
REGRESSION,0.2,6,4,NO_TRACE,mse,0.016578563585238036,3000,1000
REGRESSION,0.2,6,16,EXACT_REPLAY,mse,0.0025332303721565357,3000,1000
REGRESSION,0.2,6,16,ELIGIBILITY_TRACE,mse,0.010803472449129214,3000,1000
REGRESSION,0.2,6,16,NO_TRACE,mse,0.01680197895545186,3000,1000
REGRESSION,0.2,6,64,EXACT_REPLAY,mse,0.0024823022007212786,3000,1000
REGRESSION,0.2,6,64,ELIGIBILITY_TRACE,mse,0.013599438244111672,3000,1000
REGRESSION,0.2,6,64,NO_TRACE,mse,0.016161987344144455,3000,1000
REGRESSION,0.2,7,1,EXACT_REPLAY,mse,0.002307190137699289,3000,1000
REGRESSION,0.2,7,1,ELIGIBILITY_TRACE,mse,0.008372591808042368,3000,1000
REGRESSION,0.2,7,1,NO_TRACE,mse,0.008695697429153167,3000,1000
REGRESSION,0.2,7,4,EXACT_REPLAY,mse,0.0023046599093761626,3000,1000
REGRESSION,0.2,7,4,ELIGIBILITY_TRACE,mse,0.008524149115692886,3000,1000
REGRESSION,0.2,7,4,NO_TRACE,mse,0.01442354685024877,3000,1000
REGRESSION,0.2,7,16,EXACT_REPLAY,mse,0.0022949733527355487,3000,1000
REGRESSION,0.2,7,16,ELIGIBILITY_TRACE,mse,0.009338264796589363,3000,1000
REGRESSION,0.2,7,16,NO_TRACE,mse,0.014327015367816671,3000,1000
REGRESSION,0.2,7,64,EXACT_REPLAY,mse,0.0022554357423300933,3000,1000
REGRESSION,0.2,7,64,ELIGIBILITY_TRACE,mse,0.013492783596908581,3000,1000
REGRESSION,0.2,7,64,NO_TRACE,mse,0.01530715654480109,3000,1000
REGRESSION,0.2,8,1,EXACT_REPLAY,mse,0.0023154424985796247,3000,1000
REGRESSION,0.2,8,1,ELIGIBILITY_TRACE,mse,0.00915948055521676,3000,1000
REGRESSION,0.2,8,1,NO_TRACE,mse,0.010116887561002742,3000,1000
REGRESSION,0.2,8,4,EXACT_REPLAY,mse,0.0023123164750959465,3000,1000
REGRESSION,0.2,8,4,ELIGIBILITY_TRACE,mse,0.009486537227248477,3000,1000
REGRESSION,0.2,8,4,NO_TRACE,mse,0.01855718167428385,3000,1000
REGRESSION,0.2,8,16,EXACT_REPLAY,mse,0.002299788795616,3000,1000
REGRESSION,0.2,8,16,ELIGIBILITY_TRACE,mse,0.010357883922669604,3000,1000
REGRESSION,0.2,8,16,NO_TRACE,mse,0.017274421666209683,3000,1000
REGRESSION,0.2,8,64,EXACT_REPLAY,mse,0.0022500516844576224,3000,1000
REGRESSION,0.2,8,64,ELIGIBILITY_TRACE,mse,0.01397034881060331,3000,1000
REGRESSION,0.2,8,64,NO_TRACE,mse,0.017569994139103665,3000,1000
REGRESSION,0.2,9,1,EXACT_REPLAY,mse,0.001839325427344933,3000,1000
REGRESSION,0.2,9,1,ELIGIBILITY_TRACE,mse,0.006498678213138429,3000,1000
REGRESSION,0.2,9,1,NO_TRACE,mse,0.007440221665431418,3000,1000
REGRESSION,0.2,9,4,EXACT_REPLAY,mse,0.0018370549384495306,3000,1000
REGRESSION,0.2,9,4,ELIGIBILITY_TRACE,mse,0.006686657644076784,3000,1000
REGRESSION,0.2,9,4,NO_TRACE,mse,0.011884702941070613,3000,1000
REGRESSION,0.2,9,16,EXACT_REPLAY,mse,0.001828379215321587,3000,1000
REGRESSION,0.2,9,16,ELIGIBILITY_TRACE,mse,0.007619875895548979,3000,1000
REGRESSION,0.2,9,16,NO_TRACE,mse,0.011324697294554893,3000,1000
REGRESSION,0.2,9,64,EXACT_REPLAY,mse,0.001795723456446946,3000,1000
REGRESSION,0.2,9,64,ELIGIBILITY_TRACE,mse,0.009232763885378475,3000,1000
REGRESSION,0.2,9,64,NO_TRACE,mse,0.010417460214607188,3000,1000
REGRESSION,0.2,10,1,EXACT_REPLAY,mse,0.0019344739916920557,3000,1000
REGRESSION,0.2,10,1,ELIGIBILITY_TRACE,mse,0.008832010425586824,3000,1000
REGRESSION,0.2,10,1,NO_TRACE,mse,0.009433164583525767,3000,1000
REGRESSION,0.2,10,4,EXACT_REPLAY,mse,0.0019314129664830472,3000,1000
REGRESSION,0.2,10,4,ELIGIBILITY_TRACE,mse,0.0090303729701827,3000,1000
REGRESSION,0.2,10,4,NO_TRACE,mse,0.01522451596843314,3000,1000
REGRESSION,0.2,10,16,EXACT_REPLAY,mse,0.0019193842201032207,3000,1000
REGRESSION,0.2,10,16,ELIGIBILITY_TRACE,mse,0.010007971808475942,3000,1000
REGRESSION,0.2,10,16,NO_TRACE,mse,0.015397763236897635,3000,1000
REGRESSION,0.2,10,64,EXACT_REPLAY,mse,0.0018717486303872,3000,1000
REGRESSION,0.2,10,64,ELIGIBILITY_TRACE,mse,0.014077565219551657,3000,1000
REGRESSION,0.2,10,64,NO_TRACE,mse,0.017198366906533678,3000,1000
REGRESSION,0.2,11,1,EXACT_REPLAY,mse,0.0023443462789982366,3000,1000
REGRESSION,0.2,11,1,ELIGIBILITY_TRACE,mse,0.008509070044450742,3000,1000
REGRESSION,0.2,11,1,NO_TRACE,mse,0.009209452415007098,3000,1000
REGRESSION,0.2,11,4,EXACT_REPLAY,mse,0.002341499366503212,3000,1000
REGRESSION,0.2,11,4,ELIGIBILITY_TRACE,mse,0.008645854313770749,3000,1000
REGRESSION,0.2,11,4,NO_TRACE,mse,0.014463814659612804,3000,1000
REGRESSION,0.2,11,16,EXACT_REPLAY,mse,0.0023306165458484777,3000,1000
REGRESSION,0.2,11,16,ELIGIBILITY_TRACE,mse,0.009766034782716194,3000,1000
REGRESSION,0.2,11,16,NO_TRACE,mse,0.015517848141984118,3000,1000
REGRESSION,0.2,11,64,EXACT_REPLAY,mse,0.002288030158933087,3000,1000
REGRESSION,0.2,11,64,ELIGIBILITY_TRACE,mse,0.012441950755293163,3000,1000
REGRESSION,0.2,11,64,NO_TRACE,mse,0.014808059060243201,3000,1000
REGRESSION,0.2,12,1,EXACT_REPLAY,mse,0.0031092002838727043,3000,1000
REGRESSION,0.2,12,1,ELIGIBILITY_TRACE,mse,0.011683979548978447,3000,1000
REGRESSION,0.2,12,1,NO_TRACE,mse,0.012341312258588876,3000,1000
REGRESSION,0.2,12,4,EXACT_REPLAY,mse,0.0031052630253605913,3000,1000
REGRESSION,0.2,12,4,ELIGIBILITY_TRACE,mse,0.011941650870189875,3000,1000
REGRESSION,0.2,12,4,NO_TRACE,mse,0.01974717589387944,3000,1000
REGRESSION,0.2,12,16,EXACT_REPLAY,mse,0.0030904015970884807,3000,1000
REGRESSION,0.2,12,16,ELIGIBILITY_TRACE,mse,0.013105520997310844,3000,1000
REGRESSION,0.2,12,16,NO_TRACE,mse,0.01863863148749585,3000,1000
REGRESSION,0.2,12,64,EXACT_REPLAY,mse,0.003031398154746172,3000,1000
REGRESSION,0.2,12,64,ELIGIBILITY_TRACE,mse,0.01714542606157706,3000,1000
REGRESSION,0.2,12,64,NO_TRACE,mse,0.02030261694361726,3000,1000
REGRESSION,0.2,13,1,EXACT_REPLAY,mse,0.00274484677306725,3000,1000
REGRESSION,0.2,13,1,ELIGIBILITY_TRACE,mse,0.009154490739754361,3000,1000
REGRESSION,0.2,13,1,NO_TRACE,mse,0.010112573573051469,3000,1000
REGRESSION,0.2,13,4,EXACT_REPLAY,mse,0.0027415824343610474,3000,1000
REGRESSION,0.2,13,4,ELIGIBILITY_TRACE,mse,0.009329528435895657,3000,1000
REGRESSION,0.2,13,4,NO_TRACE,mse,0.014656026991480614,3000,1000
REGRESSION,0.2,13,16,EXACT_REPLAY,mse,0.0027297632417232318,3000,1000
REGRESSION,0.2,13,16,ELIGIBILITY_TRACE,mse,0.010178738466252259,3000,1000
REGRESSION,0.2,13,16,NO_TRACE,mse,0.014991935870048297,3000,1000
REGRESSION,0.2,13,64,EXACT_REPLAY,mse,0.002680750443132433,3000,1000
REGRESSION,0.2,13,64,ELIGIBILITY_TRACE,mse,0.013065490952023657,3000,1000
REGRESSION,0.2,13,64,NO_TRACE,mse,0.014871261437833436,3000,1000
REGRESSION,0.2,14,1,EXACT_REPLAY,mse,0.002767222165145638,3000,1000
REGRESSION,0.2,14,1,ELIGIBILITY_TRACE,mse,0.009752099450874095,3000,1000
REGRESSION,0.2,14,1,NO_TRACE,mse,0.01047494116049156,3000,1000
REGRESSION,0.2,14,4,EXACT_REPLAY,mse,0.002763811039871347,3000,1000
REGRESSION,0.2,14,4,ELIGIBILITY_TRACE,mse,0.009956875944127355,3000,1000
REGRESSION,0.2,14,4,NO_TRACE,mse,0.016096011814921197,3000,1000
REGRESSION,0.2,14,16,EXACT_REPLAY,mse,0.0027513583187824243,3000,1000
REGRESSION,0.2,14,16,ELIGIBILITY_TRACE,mse,0.01140515548787959,3000,1000
REGRESSION,0.2,14,16,NO_TRACE,mse,0.016284248996650638,3000,1000
REGRESSION,0.2,14,64,EXACT_REPLAY,mse,0.0027012818905661254,3000,1000
REGRESSION,0.2,14,64,ELIGIBILITY_TRACE,mse,0.014451745424833209,3000,1000
REGRESSION,0.2,14,64,NO_TRACE,mse,0.016331086627298125,3000,1000
REGRESSION,0.2,15,1,EXACT_REPLAY,mse,0.0021417490077612748,3000,1000
REGRESSION,0.2,15,1,ELIGIBILITY_TRACE,mse,0.007421502544095798,3000,1000
REGRESSION,0.2,15,1,NO_TRACE,mse,0.007811462893565924,3000,1000
REGRESSION,0.2,15,4,EXACT_REPLAY,mse,0.002139426427311931,3000,1000
REGRESSION,0.2,15,4,ELIGIBILITY_TRACE,mse,0.007534830102423426,3000,1000
REGRESSION,0.2,15,4,NO_TRACE,mse,0.012708802920549373,3000,1000
REGRESSION,0.2,15,16,EXACT_REPLAY,mse,0.002130119069559351,3000,1000
REGRESSION,0.2,15,16,ELIGIBILITY_TRACE,mse,0.008339015442795939,3000,1000
REGRESSION,0.2,15,16,NO_TRACE,mse,0.012819658519507377,3000,1000
REGRESSION,0.2,15,64,EXACT_REPLAY,mse,0.0020935059278049677,3000,1000
REGRESSION,0.2,15,64,ELIGIBILITY_TRACE,mse,0.011436408465720731,3000,1000
REGRESSION,0.2,15,64,NO_TRACE,mse,0.013530193006905888,3000,1000
REGRESSION,0.2,16,1,EXACT_REPLAY,mse,0.002530992844237474,3000,1000
REGRESSION,0.2,16,1,ELIGIBILITY_TRACE,mse,0.009369299709223284,3000,1000
REGRESSION,0.2,16,1,NO_TRACE,mse,0.009913000204456374,3000,1000
REGRESSION,0.2,16,4,EXACT_REPLAY,mse,0.002527922963144125,3000,1000
REGRESSION,0.2,16,4,ELIGIBILITY_TRACE,mse,0.00948608096012369,3000,1000
REGRESSION,0.2,16,4,NO_TRACE,mse,0.015821444213302,3000,1000
REGRESSION,0.2,16,16,EXACT_REPLAY,mse,0.002515407505362573,3000,1000
REGRESSION,0.2,16,16,ELIGIBILITY_TRACE,mse,0.010450441938843784,3000,1000
REGRESSION,0.2,16,16,NO_TRACE,mse,0.015288266860563119,3000,1000
REGRESSION,0.2,16,64,EXACT_REPLAY,mse,0.002466282940594659,3000,1000
REGRESSION,0.2,16,64,ELIGIBILITY_TRACE,mse,0.013516774222306113,3000,1000
REGRESSION,0.2,16,64,NO_TRACE,mse,0.01546063159217281,3000,1000
REGRESSION,0.2,17,1,EXACT_REPLAY,mse,0.0025202063954188297,3000,1000
REGRESSION,0.2,17,1,ELIGIBILITY_TRACE,mse,0.008739662021335328,3000,1000
REGRESSION,0.2,17,1,NO_TRACE,mse,0.009301237882627449,3000,1000
REGRESSION,0.2,17,4,EXACT_REPLAY,mse,0.0025173854440507268,3000,1000
REGRESSION,0.2,17,4,ELIGIBILITY_TRACE,mse,0.008761070615097946,3000,1000
REGRESSION,0.2,17,4,NO_TRACE,mse,0.014387648056842452,3000,1000
REGRESSION,0.2,17,16,EXACT_REPLAY,mse,0.0025058822321931203,3000,1000
REGRESSION,0.2,17,16,ELIGIBILITY_TRACE,mse,0.00985311968063418,3000,1000
REGRESSION,0.2,17,16,NO_TRACE,mse,0.01508512087160275,3000,1000
REGRESSION,0.2,17,64,EXACT_REPLAY,mse,0.002460695968342884,3000,1000
REGRESSION,0.2,17,64,ELIGIBILITY_TRACE,mse,0.012970132913431609,3000,1000
REGRESSION,0.2,17,64,NO_TRACE,mse,0.014438610162414552,3000,1000
REGRESSION,0.2,18,1,EXACT_REPLAY,mse,0.0027389941998622338,3000,1000
REGRESSION,0.2,18,1,ELIGIBILITY_TRACE,mse,0.009706571742906693,3000,1000
REGRESSION,0.2,18,1,NO_TRACE,mse,0.010757355995666672,3000,1000
REGRESSION,0.2,18,4,EXACT_REPLAY,mse,0.0027357006663180526,3000,1000
REGRESSION,0.2,18,4,ELIGIBILITY_TRACE,mse,0.009743733684195158,3000,1000
REGRESSION,0.2,18,4,NO_TRACE,mse,0.016339966310931157,3000,1000
REGRESSION,0.2,18,16,EXACT_REPLAY,mse,0.002722575979299239,3000,1000
REGRESSION,0.2,18,16,ELIGIBILITY_TRACE,mse,0.01078104588003646,3000,1000
REGRESSION,0.2,18,16,NO_TRACE,mse,0.016646925890439198,3000,1000
REGRESSION,0.2,18,64,EXACT_REPLAY,mse,0.0026712242357571046,3000,1000
REGRESSION,0.2,18,64,ELIGIBILITY_TRACE,mse,0.013338396391422532,3000,1000
REGRESSION,0.2,18,64,NO_TRACE,mse,0.017380398261731173,3000,1000
REGRESSION,0.2,19,1,EXACT_REPLAY,mse,0.00230930316744944,3000,1000
REGRESSION,0.2,19,1,ELIGIBILITY_TRACE,mse,0.008870370871889213,3000,1000
REGRESSION,0.2,19,1,NO_TRACE,mse,0.009288441783653695,3000,1000
REGRESSION,0.2,19,4,EXACT_REPLAY,mse,0.002306309344302233,3000,1000
REGRESSION,0.2,19,4,ELIGIBILITY_TRACE,mse,0.008859838673252934,3000,1000
REGRESSION,0.2,19,4,NO_TRACE,mse,0.014468609594201286,3000,1000
REGRESSION,0.2,19,16,EXACT_REPLAY,mse,0.002295209655187155,3000,1000
REGRESSION,0.2,19,16,ELIGIBILITY_TRACE,mse,0.010187201805061698,3000,1000
REGRESSION,0.2,19,16,NO_TRACE,mse,0.015822330305486493,3000,1000
REGRESSION,0.2,19,64,EXACT_REPLAY,mse,0.00225063019001932,3000,1000
REGRESSION,0.2,19,64,ELIGIBILITY_TRACE,mse,0.013372184920656383,3000,1000
REGRESSION,0.2,19,64,NO_TRACE,mse,0.015476862336834128,3000,1000
REGRESSION,0.2,20,1,EXACT_REPLAY,mse,0.003071196499664062,3000,1000
REGRESSION,0.2,20,1,ELIGIBILITY_TRACE,mse,0.01180320384721608,3000,1000
REGRESSION,0.2,20,1,NO_TRACE,mse,0.012779507252894968,3000,1000
REGRESSION,0.2,20,4,EXACT_REPLAY,mse,0.0030674105870149627,3000,1000
REGRESSION,0.2,20,4,ELIGIBILITY_TRACE,mse,0.011860234221227327,3000,1000
REGRESSION,0.2,20,4,NO_TRACE,mse,0.019415359336487675,3000,1000
REGRESSION,0.2,20,16,EXACT_REPLAY,mse,0.003052622097183756,3000,1000
REGRESSION,0.2,20,16,ELIGIBILITY_TRACE,mse,0.013591141355915465,3000,1000
REGRESSION,0.2,20,16,NO_TRACE,mse,0.019472007305442504,3000,1000
REGRESSION,0.2,20,64,EXACT_REPLAY,mse,0.002994604261242375,3000,1000
REGRESSION,0.2,20,64,ELIGIBILITY_TRACE,mse,0.01644510550360381,3000,1000
REGRESSION,0.2,20,64,NO_TRACE,mse,0.019361841558068176,3000,1000
REGRESSION,0.2,21,1,EXACT_REPLAY,mse,0.0021883963066573245,3000,1000
REGRESSION,0.2,21,1,ELIGIBILITY_TRACE,mse,0.006970552939471048,3000,1000
REGRESSION,0.2,21,1,NO_TRACE,mse,0.007681980652274062,3000,1000
REGRESSION,0.2,21,4,EXACT_REPLAY,mse,0.0021863880396173234,3000,1000
REGRESSION,0.2,21,4,ELIGIBILITY_TRACE,mse,0.007048758628132708,3000,1000
REGRESSION,0.2,21,4,NO_TRACE,mse,0.011625513840539024,3000,1000
REGRESSION,0.2,21,16,EXACT_REPLAY,mse,0.0021783252404747222,3000,1000
REGRESSION,0.2,21,16,ELIGIBILITY_TRACE,mse,0.007894947862999838,3000,1000
REGRESSION,0.2,21,16,NO_TRACE,mse,0.012693780638512018,3000,1000
REGRESSION,0.2,21,64,EXACT_REPLAY,mse,0.0021453246502021496,3000,1000
REGRESSION,0.2,21,64,ELIGIBILITY_TRACE,mse,0.009753512864721038,3000,1000
REGRESSION,0.2,21,64,NO_TRACE,mse,0.011585078400139635,3000,1000
REGRESSION,0.2,22,1,EXACT_REPLAY,mse,0.0027590520207114587,3000,1000
REGRESSION,0.2,22,1,ELIGIBILITY_TRACE,mse,0.009030041295862741,3000,1000
REGRESSION,0.2,22,1,NO_TRACE,mse,0.01014470920892617,3000,1000
REGRESSION,0.2,22,4,EXACT_REPLAY,mse,0.0027559747726004272,3000,1000
REGRESSION,0.2,22,4,ELIGIBILITY_TRACE,mse,0.009204773931210435,3000,1000
REGRESSION,0.2,22,4,NO_TRACE,mse,0.015190114576516284,3000,1000
REGRESSION,0.2,22,16,EXACT_REPLAY,mse,0.002745006946730533,3000,1000
REGRESSION,0.2,22,16,ELIGIBILITY_TRACE,mse,0.01005891101507991,3000,1000
REGRESSION,0.2,22,16,NO_TRACE,mse,0.014480185177071404,3000,1000
REGRESSION,0.2,22,64,EXACT_REPLAY,mse,0.0027001126248917032,3000,1000
REGRESSION,0.2,22,64,ELIGIBILITY_TRACE,mse,0.012782794599168977,3000,1000
REGRESSION,0.2,22,64,NO_TRACE,mse,0.015229740232387925,3000,1000
REGRESSION,0.2,23,1,EXACT_REPLAY,mse,0.002295431261859623,3000,1000
REGRESSION,0.2,23,1,ELIGIBILITY_TRACE,mse,0.008137153112140642,3000,1000
REGRESSION,0.2,23,1,NO_TRACE,mse,0.009195456443284844,3000,1000
REGRESSION,0.2,23,4,EXACT_REPLAY,mse,0.002292771662688494,3000,1000
REGRESSION,0.2,23,4,ELIGIBILITY_TRACE,mse,0.008224675433771618,3000,1000
REGRESSION,0.2,23,4,NO_TRACE,mse,0.013579171763423211,3000,1000
REGRESSION,0.2,23,16,EXACT_REPLAY,mse,0.0022820198989139495,3000,1000
REGRESSION,0.2,23,16,ELIGIBILITY_TRACE,mse,0.009232106929020876,3000,1000
REGRESSION,0.2,23,16,NO_TRACE,mse,0.014280641756269656,3000,1000
REGRESSION,0.2,23,64,EXACT_REPLAY,mse,0.0022407208187535843,3000,1000
REGRESSION,0.2,23,64,ELIGIBILITY_TRACE,mse,0.012248957387084994,3000,1000
REGRESSION,0.2,23,64,NO_TRACE,mse,0.01398297251888298,3000,1000
REGRESSION,0.2,24,1,EXACT_REPLAY,mse,0.0023581323894441863,3000,1000
REGRESSION,0.2,24,1,ELIGIBILITY_TRACE,mse,0.009206271087596526,3000,1000
REGRESSION,0.2,24,1,NO_TRACE,mse,0.009996660776971898,3000,1000
REGRESSION,0.2,24,4,EXACT_REPLAY,mse,0.00235523655643314,3000,1000
REGRESSION,0.2,24,4,ELIGIBILITY_TRACE,mse,0.009354714089783289,3000,1000
REGRESSION,0.2,24,4,NO_TRACE,mse,0.016053254967806616,3000,1000
REGRESSION,0.2,24,16,EXACT_REPLAY,mse,0.002343325971050432,3000,1000
REGRESSION,0.2,24,16,ELIGIBILITY_TRACE,mse,0.010580064476385464,3000,1000
REGRESSION,0.2,24,16,NO_TRACE,mse,0.0159101169530239,3000,1000
REGRESSION,0.2,24,64,EXACT_REPLAY,mse,0.002296455338837682,3000,1000
REGRESSION,0.2,24,64,ELIGIBILITY_TRACE,mse,0.013533913982305584,3000,1000
REGRESSION,0.2,24,64,NO_TRACE,mse,0.015732938777037925,3000,1000
REGRESSION,0.2,25,1,EXACT_REPLAY,mse,0.002730636788354866,3000,1000
REGRESSION,0.2,25,1,ELIGIBILITY_TRACE,mse,0.011027775892406668,3000,1000
REGRESSION,0.2,25,1,NO_TRACE,mse,0.011160458240617708,3000,1000
REGRESSION,0.2,25,4,EXACT_REPLAY,mse,0.0027270029930973765,3000,1000
REGRESSION,0.2,25,4,ELIGIBILITY_TRACE,mse,0.011281765301887518,3000,1000
REGRESSION,0.2,25,4,NO_TRACE,mse,0.020455873262229425,3000,1000
REGRESSION,0.2,25,16,EXACT_REPLAY,mse,0.002713445574505067,3000,1000
REGRESSION,0.2,25,16,ELIGIBILITY_TRACE,mse,0.012982062536106108,3000,1000
REGRESSION,0.2,25,16,NO_TRACE,mse,0.0197962564153975,3000,1000
REGRESSION,0.2,25,64,EXACT_REPLAY,mse,0.0026583284673410254,3000,1000
REGRESSION,0.2,25,64,ELIGIBILITY_TRACE,mse,0.018319198557218433,3000,1000
REGRESSION,0.2,25,64,NO_TRACE,mse,0.020049010914870338,3000,1000
REGRESSION,0.2,26,1,EXACT_REPLAY,mse,0.002409438840351605,3000,1000
REGRESSION,0.2,26,1,ELIGIBILITY_TRACE,mse,0.009720079725206407,3000,1000
REGRESSION,0.2,26,1,NO_TRACE,mse,0.010373035408047132,3000,1000
REGRESSION,0.2,26,4,EXACT_REPLAY,mse,0.0024063880280072772,3000,1000
REGRESSION,0.2,26,4,ELIGIBILITY_TRACE,mse,0.009761475745837078,3000,1000
REGRESSION,0.2,26,4,NO_TRACE,mse,0.01655178058054468,3000,1000
REGRESSION,0.2,26,16,EXACT_REPLAY,mse,0.00239421237440723,3000,1000
REGRESSION,0.2,26,16,ELIGIBILITY_TRACE,mse,0.011017449896442915,3000,1000
REGRESSION,0.2,26,16,NO_TRACE,mse,0.016090454999154794,3000,1000
REGRESSION,0.2,26,64,EXACT_REPLAY,mse,0.0023465588628234306,3000,1000
REGRESSION,0.2,26,64,ELIGIBILITY_TRACE,mse,0.014470993576306351,3000,1000
REGRESSION,0.2,26,64,NO_TRACE,mse,0.016579072876596504,3000,1000
REGRESSION,0.2,27,1,EXACT_REPLAY,mse,0.0030800357275595643,3000,1000
REGRESSION,0.2,27,1,ELIGIBILITY_TRACE,mse,0.010344715906519268,3000,1000
REGRESSION,0.2,27,1,NO_TRACE,mse,0.011027323272756117,3000,1000
REGRESSION,0.2,27,4,EXACT_REPLAY,mse,0.0030768664815231596,3000,1000
REGRESSION,0.2,27,4,ELIGIBILITY_TRACE,mse,0.010501939305136855,3000,1000
REGRESSION,0.2,27,4,NO_TRACE,mse,0.018084058533154174,3000,1000
REGRESSION,0.2,27,16,EXACT_REPLAY,mse,0.0030648502515464647,3000,1000
REGRESSION,0.2,27,16,ELIGIBILITY_TRACE,mse,0.012149854774227501,3000,1000
REGRESSION,0.2,27,16,NO_TRACE,mse,0.018266125328293137,3000,1000
REGRESSION,0.2,27,64,EXACT_REPLAY,mse,0.0030181113256154434,3000,1000
REGRESSION,0.2,27,64,ELIGIBILITY_TRACE,mse,0.01502671968449206,3000,1000
REGRESSION,0.2,27,64,NO_TRACE,mse,0.01734075854121586,3000,1000
REGRESSION,0.2,28,1,EXACT_REPLAY,mse,0.0029735324509866804,3000,1000
REGRESSION,0.2,28,1,ELIGIBILITY_TRACE,mse,0.010235235922363894,3000,1000
REGRESSION,0.2,28,1,NO_TRACE,mse,0.011599473650133555,3000,1000
REGRESSION,0.2,28,4,EXACT_REPLAY,mse,0.002970076601232761,3000,1000
REGRESSION,0.2,28,4,ELIGIBILITY_TRACE,mse,0.010292078240209102,3000,1000
REGRESSION,0.2,28,4,NO_TRACE,mse,0.017417833048426312,3000,1000
REGRESSION,0.2,28,16,EXACT_REPLAY,mse,0.0029570028281524375,3000,1000
REGRESSION,0.2,28,16,ELIGIBILITY_TRACE,mse,0.011837641174338248,3000,1000
REGRESSION,0.2,28,16,NO_TRACE,mse,0.017739505896194403,3000,1000
REGRESSION,0.2,28,64,EXACT_REPLAY,mse,0.0029044872769919696,3000,1000
REGRESSION,0.2,28,64,ELIGIBILITY_TRACE,mse,0.01524288694558759,3000,1000
REGRESSION,0.2,28,64,NO_TRACE,mse,0.019336325038261513,3000,1000
REGRESSION,0.2,29,1,EXACT_REPLAY,mse,0.0027217789313067537,3000,1000
REGRESSION,0.2,29,1,ELIGIBILITY_TRACE,mse,0.009821001810021135,3000,1000
REGRESSION,0.2,29,1,NO_TRACE,mse,0.010349945037837404,3000,1000
REGRESSION,0.2,29,4,EXACT_REPLAY,mse,0.0027187233572886116,3000,1000
REGRESSION,0.2,29,4,ELIGIBILITY_TRACE,mse,0.009983199946087942,3000,1000
REGRESSION,0.2,29,4,NO_TRACE,mse,0.015530405964109156,3000,1000
REGRESSION,0.2,29,16,EXACT_REPLAY,mse,0.002705608226633564,3000,1000
REGRESSION,0.2,29,16,ELIGIBILITY_TRACE,mse,0.010955290703579578,3000,1000
REGRESSION,0.2,29,16,NO_TRACE,mse,0.015789623798279705,3000,1000
REGRESSION,0.2,29,64,EXACT_REPLAY,mse,0.002654573372316476,3000,1000
REGRESSION,0.2,29,64,ELIGIBILITY_TRACE,mse,0.01387426842229485,3000,1000
REGRESSION,0.2,29,64,NO_TRACE,mse,0.01611033911227529,3000,1000
REGRESSION,0.4,0,1,EXACT_REPLAY,mse,0.0021641267382968054,3000,1000
REGRESSION,0.4,0,1,ELIGIBILITY_TRACE,mse,0.00655285156501499,3000,1000
REGRESSION,0.4,0,1,NO_TRACE,mse,0.005564199766780941,3000,1000
REGRESSION,0.4,0,4,EXACT_REPLAY,mse,0.002161481125379667,3000,1000
REGRESSION,0.4,0,4,ELIGIBILITY_TRACE,mse,0.006328795861856824,3000,1000
REGRESSION,0.4,0,4,NO_TRACE,mse,0.011860740522659332,3000,1000
REGRESSION,0.4,0,16,EXACT_REPLAY,mse,0.002151962132446925,3000,1000
REGRESSION,0.4,0,16,ELIGIBILITY_TRACE,mse,0.007301425292493801,3000,1000
REGRESSION,0.4,0,16,NO_TRACE,mse,0.013276132193010088,3000,1000
REGRESSION,0.4,0,64,EXACT_REPLAY,mse,0.0021141644434915074,3000,1000
REGRESSION,0.4,0,64,ELIGIBILITY_TRACE,mse,0.01052352448302612,3000,1000
REGRESSION,0.4,0,64,NO_TRACE,mse,0.01293824306260342,3000,1000
REGRESSION,0.4,1,1,EXACT_REPLAY,mse,0.0026858050818038388,3000,1000
REGRESSION,0.4,1,1,ELIGIBILITY_TRACE,mse,0.00801477416727146,3000,1000
REGRESSION,0.4,1,1,NO_TRACE,mse,0.006559052979690731,3000,1000
REGRESSION,0.4,1,4,EXACT_REPLAY,mse,0.002682161395733288,3000,1000
REGRESSION,0.4,1,4,ELIGIBILITY_TRACE,mse,0.007757439628355686,3000,1000
REGRESSION,0.4,1,4,NO_TRACE,mse,0.013472443537298697,3000,1000
REGRESSION,0.4,1,16,EXACT_REPLAY,mse,0.002671311281508815,3000,1000
REGRESSION,0.4,1,16,ELIGIBILITY_TRACE,mse,0.008951017321405729,3000,1000
REGRESSION,0.4,1,16,NO_TRACE,mse,0.01453956250468001,3000,1000
REGRESSION,0.4,1,64,EXACT_REPLAY,mse,0.002626910866915481,3000,1000
REGRESSION,0.4,1,64,ELIGIBILITY_TRACE,mse,0.011030144380135836,3000,1000
REGRESSION,0.4,1,64,NO_TRACE,mse,0.014130466260844774,3000,1000
REGRESSION,0.4,2,1,EXACT_REPLAY,mse,0.0024759008857716987,3000,1000
REGRESSION,0.4,2,1,ELIGIBILITY_TRACE,mse,0.008276268453738194,3000,1000
REGRESSION,0.4,2,1,NO_TRACE,mse,0.006460602923602183,3000,1000
REGRESSION,0.4,2,4,EXACT_REPLAY,mse,0.0024723545941807527,3000,1000
REGRESSION,0.4,2,4,ELIGIBILITY_TRACE,mse,0.007992996047068447,3000,1000
REGRESSION,0.4,2,4,NO_TRACE,mse,0.013571345066202476,3000,1000
REGRESSION,0.4,2,16,EXACT_REPLAY,mse,0.0024605589300660774,3000,1000
REGRESSION,0.4,2,16,ELIGIBILITY_TRACE,mse,0.009058897640048623,3000,1000
REGRESSION,0.4,2,16,NO_TRACE,mse,0.014211055116410529,3000,1000
REGRESSION,0.4,2,64,EXACT_REPLAY,mse,0.002415907963853604,3000,1000
REGRESSION,0.4,2,64,ELIGIBILITY_TRACE,mse,0.011945146557175216,3000,1000
REGRESSION,0.4,2,64,NO_TRACE,mse,0.014678147530286342,3000,1000
REGRESSION,0.4,3,1,EXACT_REPLAY,mse,0.0021958752782420027,3000,1000
REGRESSION,0.4,3,1,ELIGIBILITY_TRACE,mse,0.007493182598291473,3000,1000
REGRESSION,0.4,3,1,NO_TRACE,mse,0.005809486734276396,3000,1000
REGRESSION,0.4,3,4,EXACT_REPLAY,mse,0.0021927515226991784,3000,1000
REGRESSION,0.4,3,4,ELIGIBILITY_TRACE,mse,0.007279009213707726,3000,1000
REGRESSION,0.4,3,4,NO_TRACE,mse,0.013260967801342527,3000,1000
REGRESSION,0.4,3,16,EXACT_REPLAY,mse,0.0021825654112634756,3000,1000
REGRESSION,0.4,3,16,ELIGIBILITY_TRACE,mse,0.008340892254055004,3000,1000
REGRESSION,0.4,3,16,NO_TRACE,mse,0.014046804456765845,3000,1000
REGRESSION,0.4,3,64,EXACT_REPLAY,mse,0.002142003069981855,3000,1000
REGRESSION,0.4,3,64,ELIGIBILITY_TRACE,mse,0.011465189877194058,3000,1000
REGRESSION,0.4,3,64,NO_TRACE,mse,0.01347184384894313,3000,1000
REGRESSION,0.4,4,1,EXACT_REPLAY,mse,0.0025552546647856565,3000,1000
REGRESSION,0.4,4,1,ELIGIBILITY_TRACE,mse,0.009203719379503525,3000,1000
REGRESSION,0.4,4,1,NO_TRACE,mse,0.0069664795360257215,3000,1000
REGRESSION,0.4,4,4,EXACT_REPLAY,mse,0.002551222855897552,3000,1000
REGRESSION,0.4,4,4,ELIGIBILITY_TRACE,mse,0.0089625783234145,3000,1000
REGRESSION,0.4,4,4,NO_TRACE,mse,0.01667593362646559,3000,1000
REGRESSION,0.4,4,16,EXACT_REPLAY,mse,0.0025378947832203156,3000,1000
REGRESSION,0.4,4,16,ELIGIBILITY_TRACE,mse,0.010470844867636301,3000,1000
REGRESSION,0.4,4,16,NO_TRACE,mse,0.017502532175360783,3000,1000
REGRESSION,0.4,4,64,EXACT_REPLAY,mse,0.002486047594827612,3000,1000
REGRESSION,0.4,4,64,ELIGIBILITY_TRACE,mse,0.015391559212964371,3000,1000
REGRESSION,0.4,4,64,NO_TRACE,mse,0.017627237322102366,3000,1000
REGRESSION,0.4,5,1,EXACT_REPLAY,mse,0.0027784614728384193,3000,1000
REGRESSION,0.4,5,1,ELIGIBILITY_TRACE,mse,0.008350488339340644,3000,1000
REGRESSION,0.4,5,1,NO_TRACE,mse,0.006821547434689341,3000,1000
REGRESSION,0.4,5,4,EXACT_REPLAY,mse,0.0027750956794203754,3000,1000
REGRESSION,0.4,5,4,ELIGIBILITY_TRACE,mse,0.008063870325231723,3000,1000
REGRESSION,0.4,5,4,NO_TRACE,mse,0.013509311687595766,3000,1000
REGRESSION,0.4,5,16,EXACT_REPLAY,mse,0.0027646225671747507,3000,1000
REGRESSION,0.4,5,16,ELIGIBILITY_TRACE,mse,0.008846231581362293,3000,1000
REGRESSION,0.4,5,16,NO_TRACE,mse,0.014122302734509214,3000,1000
REGRESSION,0.4,5,64,EXACT_REPLAY,mse,0.0027219952885503833,3000,1000
REGRESSION,0.4,5,64,ELIGIBILITY_TRACE,mse,0.012124904668790001,3000,1000
REGRESSION,0.4,5,64,NO_TRACE,mse,0.014578763030814349,3000,1000
REGRESSION,0.4,6,1,EXACT_REPLAY,mse,0.0024281303360654326,3000,1000
REGRESSION,0.4,6,1,ELIGIBILITY_TRACE,mse,0.008874065642165661,3000,1000
REGRESSION,0.4,6,1,NO_TRACE,mse,0.006786733859691509,3000,1000
REGRESSION,0.4,6,4,EXACT_REPLAY,mse,0.0024243629844768475,3000,1000
REGRESSION,0.4,6,4,ELIGIBILITY_TRACE,mse,0.008656876190109967,3000,1000
REGRESSION,0.4,6,4,NO_TRACE,mse,0.014970995030052364,3000,1000
REGRESSION,0.4,6,16,EXACT_REPLAY,mse,0.0024120367761155726,3000,1000
REGRESSION,0.4,6,16,ELIGIBILITY_TRACE,mse,0.009706524093457122,3000,1000
REGRESSION,0.4,6,16,NO_TRACE,mse,0.01644007621910208,3000,1000
REGRESSION,0.4,6,64,EXACT_REPLAY,mse,0.002363901101251542,3000,1000
REGRESSION,0.4,6,64,ELIGIBILITY_TRACE,mse,0.014129532784184405,3000,1000
REGRESSION,0.4,6,64,NO_TRACE,mse,0.016444263618379164,3000,1000
REGRESSION,0.4,7,1,EXACT_REPLAY,mse,0.0022129909160885862,3000,1000
REGRESSION,0.4,7,1,ELIGIBILITY_TRACE,mse,0.007185233258309201,3000,1000
REGRESSION,0.4,7,1,NO_TRACE,mse,0.0056498801967172375,3000,1000
REGRESSION,0.4,7,4,EXACT_REPLAY,mse,0.0022099467548047217,3000,1000
REGRESSION,0.4,7,4,ELIGIBILITY_TRACE,mse,0.006988067261205112,3000,1000
REGRESSION,0.4,7,4,NO_TRACE,mse,0.013636128940182625,3000,1000
REGRESSION,0.4,7,16,EXACT_REPLAY,mse,0.002200546387040589,3000,1000
REGRESSION,0.4,7,16,ELIGIBILITY_TRACE,mse,0.008071914678751155,3000,1000
REGRESSION,0.4,7,16,NO_TRACE,mse,0.014198314156092927,3000,1000
REGRESSION,0.4,7,64,EXACT_REPLAY,mse,0.0021638895415963784,3000,1000
REGRESSION,0.4,7,64,ELIGIBILITY_TRACE,mse,0.01074460072671371,3000,1000
REGRESSION,0.4,7,64,NO_TRACE,mse,0.014619465911481928,3000,1000
REGRESSION,0.4,8,1,EXACT_REPLAY,mse,0.002293334769960892,3000,1000
REGRESSION,0.4,8,1,ELIGIBILITY_TRACE,mse,0.007835875380922218,3000,1000
REGRESSION,0.4,8,1,NO_TRACE,mse,0.0063120976631462974,3000,1000
REGRESSION,0.4,8,4,EXACT_REPLAY,mse,0.002289836566939284,3000,1000
REGRESSION,0.4,8,4,ELIGIBILITY_TRACE,mse,0.0075726597753122534,3000,1000
REGRESSION,0.4,8,4,NO_TRACE,mse,0.015017946758402378,3000,1000
REGRESSION,0.4,8,16,EXACT_REPLAY,mse,0.0022787725410096456,3000,1000
REGRESSION,0.4,8,16,ELIGIBILITY_TRACE,mse,0.00859073681911253,3000,1000
REGRESSION,0.4,8,16,NO_TRACE,mse,0.015847180564358153,3000,1000
REGRESSION,0.4,8,64,EXACT_REPLAY,mse,0.0022348980304607775,3000,1000
REGRESSION,0.4,8,64,ELIGIBILITY_TRACE,mse,0.011789183704671843,3000,1000
REGRESSION,0.4,8,64,NO_TRACE,mse,0.0159739333224685,3000,1000
REGRESSION,0.4,9,1,EXACT_REPLAY,mse,0.0018188274134940277,3000,1000
REGRESSION,0.4,9,1,ELIGIBILITY_TRACE,mse,0.006115087623014852,3000,1000
REGRESSION,0.4,9,1,NO_TRACE,mse,0.0046462532680759195,3000,1000
REGRESSION,0.4,9,4,EXACT_REPLAY,mse,0.0018161700479520629,3000,1000
REGRESSION,0.4,9,4,ELIGIBILITY_TRACE,mse,0.0058358487110733446,3000,1000
REGRESSION,0.4,9,4,NO_TRACE,mse,0.010265072178076434,3000,1000
REGRESSION,0.4,9,16,EXACT_REPLAY,mse,0.001807618533868642,3000,1000
REGRESSION,0.4,9,16,ELIGIBILITY_TRACE,mse,0.006849092168751833,3000,1000
REGRESSION,0.4,9,16,NO_TRACE,mse,0.011907629912091232,3000,1000
REGRESSION,0.4,9,64,EXACT_REPLAY,mse,0.0017755297600834429,3000,1000
REGRESSION,0.4,9,64,ELIGIBILITY_TRACE,mse,0.009054997740251678,3000,1000
REGRESSION,0.4,9,64,NO_TRACE,mse,0.012187972484168178,3000,1000
REGRESSION,0.4,10,1,EXACT_REPLAY,mse,0.0020613180505712923,3000,1000
REGRESSION,0.4,10,1,ELIGIBILITY_TRACE,mse,0.008632232448898505,3000,1000
REGRESSION,0.4,10,1,NO_TRACE,mse,0.006211448847208085,3000,1000
REGRESSION,0.4,10,4,EXACT_REPLAY,mse,0.0020575595904274353,3000,1000
REGRESSION,0.4,10,4,ELIGIBILITY_TRACE,mse,0.008275580418473488,3000,1000
REGRESSION,0.4,10,4,NO_TRACE,mse,0.01653473634516194,3000,1000
REGRESSION,0.4,10,16,EXACT_REPLAY,mse,0.0020442983650411466,3000,1000
REGRESSION,0.4,10,16,ELIGIBILITY_TRACE,mse,0.009517364110562082,3000,1000
REGRESSION,0.4,10,16,NO_TRACE,mse,0.01707102134111549,3000,1000
REGRESSION,0.4,10,64,EXACT_REPLAY,mse,0.0019910687328403035,3000,1000
REGRESSION,0.4,10,64,ELIGIBILITY_TRACE,mse,0.013870521012977864,3000,1000
REGRESSION,0.4,10,64,NO_TRACE,mse,0.0180460517839506,3000,1000
REGRESSION,0.4,11,1,EXACT_REPLAY,mse,0.002265682956207903,3000,1000
REGRESSION,0.4,11,1,ELIGIBILITY_TRACE,mse,0.007833209749826145,3000,1000
REGRESSION,0.4,11,1,NO_TRACE,mse,0.006209229010897643,3000,1000
REGRESSION,0.4,11,4,EXACT_REPLAY,mse,0.0022626574176447933,3000,1000
REGRESSION,0.4,11,4,ELIGIBILITY_TRACE,mse,0.007769259761224309,3000,1000
REGRESSION,0.4,11,4,NO_TRACE,mse,0.01527827855643889,3000,1000
REGRESSION,0.4,11,16,EXACT_REPLAY,mse,0.002252154224841619,3000,1000
REGRESSION,0.4,11,16,ELIGIBILITY_TRACE,mse,0.008921808606819855,3000,1000
REGRESSION,0.4,11,16,NO_TRACE,mse,0.01487898778722301,3000,1000
REGRESSION,0.4,11,64,EXACT_REPLAY,mse,0.0022103115245565384,3000,1000
REGRESSION,0.4,11,64,ELIGIBILITY_TRACE,mse,0.011724705559305465,3000,1000
REGRESSION,0.4,11,64,NO_TRACE,mse,0.015276349087067636,3000,1000
REGRESSION,0.4,12,1,EXACT_REPLAY,mse,0.0030571647340814434,3000,1000
REGRESSION,0.4,12,1,ELIGIBILITY_TRACE,mse,0.010741103116317745,3000,1000
REGRESSION,0.4,12,1,NO_TRACE,mse,0.008067472025225026,3000,1000
REGRESSION,0.4,12,4,EXACT_REPLAY,mse,0.0030524622416281426,3000,1000
REGRESSION,0.4,12,4,ELIGIBILITY_TRACE,mse,0.010538547648636354,3000,1000
REGRESSION,0.4,12,4,NO_TRACE,mse,0.017972929012362193,3000,1000
REGRESSION,0.4,12,16,EXACT_REPLAY,mse,0.0030375959623403334,3000,1000
REGRESSION,0.4,12,16,ELIGIBILITY_TRACE,mse,0.011545040002601247,3000,1000
REGRESSION,0.4,12,16,NO_TRACE,mse,0.017944240049815822,3000,1000
REGRESSION,0.4,12,64,EXACT_REPLAY,mse,0.0029797609445514402,3000,1000
REGRESSION,0.4,12,64,ELIGIBILITY_TRACE,mse,0.01627179073364192,3000,1000
REGRESSION,0.4,12,64,NO_TRACE,mse,0.018865714134476623,3000,1000
REGRESSION,0.4,13,1,EXACT_REPLAY,mse,0.00241653387794052,3000,1000
REGRESSION,0.4,13,1,ELIGIBILITY_TRACE,mse,0.007728634497002998,3000,1000
REGRESSION,0.4,13,1,NO_TRACE,mse,0.006157929184021393,3000,1000
REGRESSION,0.4,13,4,EXACT_REPLAY,mse,0.0024126963294177203,3000,1000
REGRESSION,0.4,13,4,ELIGIBILITY_TRACE,mse,0.007457972142658325,3000,1000
REGRESSION,0.4,13,4,NO_TRACE,mse,0.013532673567145626,3000,1000
REGRESSION,0.4,13,16,EXACT_REPLAY,mse,0.0024013804523937907,3000,1000
REGRESSION,0.4,13,16,ELIGIBILITY_TRACE,mse,0.0083006316617949,3000,1000
REGRESSION,0.4,13,16,NO_TRACE,mse,0.01409059337804436,3000,1000
REGRESSION,0.4,13,64,EXACT_REPLAY,mse,0.0023564021518534305,3000,1000
REGRESSION,0.4,13,64,ELIGIBILITY_TRACE,mse,0.01246770692792935,3000,1000
REGRESSION,0.4,13,64,NO_TRACE,mse,0.014790052758366994,3000,1000
REGRESSION,0.4,14,1,EXACT_REPLAY,mse,0.003016698176818703,3000,1000
REGRESSION,0.4,14,1,ELIGIBILITY_TRACE,mse,0.010194567795704447,3000,1000
REGRESSION,0.4,14,1,NO_TRACE,mse,0.00797237988269875,3000,1000
REGRESSION,0.4,14,4,EXACT_REPLAY,mse,0.0030122848223520502,3000,1000
REGRESSION,0.4,14,4,ELIGIBILITY_TRACE,mse,0.00989745457432473,3000,1000
REGRESSION,0.4,14,4,NO_TRACE,mse,0.016838835136008267,3000,1000
REGRESSION,0.4,14,16,EXACT_REPLAY,mse,0.0029984114220318013,3000,1000
REGRESSION,0.4,14,16,ELIGIBILITY_TRACE,mse,0.011138816746150353,3000,1000
REGRESSION,0.4,14,16,NO_TRACE,mse,0.017887445729955622,3000,1000
REGRESSION,0.4,14,64,EXACT_REPLAY,mse,0.002943198761764009,3000,1000
REGRESSION,0.4,14,64,ELIGIBILITY_TRACE,mse,0.015100250508289286,3000,1000
REGRESSION,0.4,14,64,NO_TRACE,mse,0.017749777300271934,3000,1000
REGRESSION,0.4,15,1,EXACT_REPLAY,mse,0.0021596341217599204,3000,1000
REGRESSION,0.4,15,1,ELIGIBILITY_TRACE,mse,0.007124927495403806,3000,1000
REGRESSION,0.4,15,1,NO_TRACE,mse,0.005573884707724928,3000,1000
REGRESSION,0.4,15,4,EXACT_REPLAY,mse,0.002156587727576384,3000,1000
REGRESSION,0.4,15,4,ELIGIBILITY_TRACE,mse,0.006888508840120549,3000,1000
REGRESSION,0.4,15,4,NO_TRACE,mse,0.013226347920434567,3000,1000
REGRESSION,0.4,15,16,EXACT_REPLAY,mse,0.002146754820436465,3000,1000
REGRESSION,0.4,15,16,ELIGIBILITY_TRACE,mse,0.007593748067707882,3000,1000
REGRESSION,0.4,15,16,NO_TRACE,mse,0.013383197196662273,3000,1000
REGRESSION,0.4,15,64,EXACT_REPLAY,mse,0.0021068208181022163,3000,1000
REGRESSION,0.4,15,64,ELIGIBILITY_TRACE,mse,0.011394159524921694,3000,1000
REGRESSION,0.4,15,64,NO_TRACE,mse,0.014047255140708804,3000,1000
REGRESSION,0.4,16,1,EXACT_REPLAY,mse,0.0026515055991461044,3000,1000
REGRESSION,0.4,16,1,ELIGIBILITY_TRACE,mse,0.009133780641622064,3000,1000
REGRESSION,0.4,16,1,NO_TRACE,mse,0.006898307198863637,3000,1000
REGRESSION,0.4,16,4,EXACT_REPLAY,mse,0.0026473432617029136,3000,1000
REGRESSION,0.4,16,4,ELIGIBILITY_TRACE,mse,0.008792249628788554,3000,1000
REGRESSION,0.4,16,4,NO_TRACE,mse,0.014230162873004814,3000,1000
REGRESSION,0.4,16,16,EXACT_REPLAY,mse,0.0026349070211861194,3000,1000
REGRESSION,0.4,16,16,ELIGIBILITY_TRACE,mse,0.010135852602061835,3000,1000
REGRESSION,0.4,16,16,NO_TRACE,mse,0.015741083872926286,3000,1000
REGRESSION,0.4,16,64,EXACT_REPLAY,mse,0.0025850377707410115,3000,1000
REGRESSION,0.4,16,64,ELIGIBILITY_TRACE,mse,0.01387945385583199,3000,1000
REGRESSION,0.4,16,64,NO_TRACE,mse,0.015194883718768388,3000,1000
REGRESSION,0.4,17,1,EXACT_REPLAY,mse,0.0024802838855878095,3000,1000
REGRESSION,0.4,17,1,ELIGIBILITY_TRACE,mse,0.008307521580734086,3000,1000
REGRESSION,0.4,17,1,NO_TRACE,mse,0.006617229451385003,3000,1000
REGRESSION,0.4,17,4,EXACT_REPLAY,mse,0.002476339295219365,3000,1000
REGRESSION,0.4,17,4,ELIGIBILITY_TRACE,mse,0.007976038760665275,3000,1000
REGRESSION,0.4,17,4,NO_TRACE,mse,0.014221882256399905,3000,1000
REGRESSION,0.4,17,16,EXACT_REPLAY,mse,0.0024644450465274663,3000,1000
REGRESSION,0.4,17,16,ELIGIBILITY_TRACE,mse,0.009425490780979597,3000,1000
REGRESSION,0.4,17,16,NO_TRACE,mse,0.015265794286091719,3000,1000
REGRESSION,0.4,17,64,EXACT_REPLAY,mse,0.00241577418309007,3000,1000
REGRESSION,0.4,17,64,ELIGIBILITY_TRACE,mse,0.01193427538134648,3000,1000
REGRESSION,0.4,17,64,NO_TRACE,mse,0.015225237804942164,3000,1000
REGRESSION,0.4,18,1,EXACT_REPLAY,mse,0.002859729737455643,3000,1000
REGRESSION,0.4,18,1,ELIGIBILITY_TRACE,mse,0.00912323609617712,3000,1000
REGRESSION,0.4,18,1,NO_TRACE,mse,0.0072168338048164,3000,1000
REGRESSION,0.4,18,4,EXACT_REPLAY,mse,0.002856212549770484,3000,1000
REGRESSION,0.4,18,4,ELIGIBILITY_TRACE,mse,0.008839281330476416,3000,1000
REGRESSION,0.4,18,4,NO_TRACE,mse,0.015457473326027088,3000,1000
REGRESSION,0.4,18,16,EXACT_REPLAY,mse,0.0028437733219292705,3000,1000
REGRESSION,0.4,18,16,ELIGIBILITY_TRACE,mse,0.009986957851588898,3000,1000
REGRESSION,0.4,18,16,NO_TRACE,mse,0.017516397911630968,3000,1000
REGRESSION,0.4,18,64,EXACT_REPLAY,mse,0.002793415776814486,3000,1000
REGRESSION,0.4,18,64,ELIGIBILITY_TRACE,mse,0.01365416078453271,3000,1000
REGRESSION,0.4,18,64,NO_TRACE,mse,0.016272625897455883,3000,1000
REGRESSION,0.4,19,1,EXACT_REPLAY,mse,0.002383082366350524,3000,1000
REGRESSION,0.4,19,1,ELIGIBILITY_TRACE,mse,0.008084686501986738,3000,1000
REGRESSION,0.4,19,1,NO_TRACE,mse,0.0064252196704232285,3000,1000
REGRESSION,0.4,19,4,EXACT_REPLAY,mse,0.0023792822524115755,3000,1000
REGRESSION,0.4,19,4,ELIGIBILITY_TRACE,mse,0.007857272864170255,3000,1000
REGRESSION,0.4,19,4,NO_TRACE,mse,0.01447063678757338,3000,1000
REGRESSION,0.4,19,16,EXACT_REPLAY,mse,0.00236807589776078,3000,1000
REGRESSION,0.4,19,16,ELIGIBILITY_TRACE,mse,0.009028794566040483,3000,1000
REGRESSION,0.4,19,16,NO_TRACE,mse,0.015510101525759804,3000,1000
REGRESSION,0.4,19,64,EXACT_REPLAY,mse,0.002322831192958267,3000,1000
REGRESSION,0.4,19,64,ELIGIBILITY_TRACE,mse,0.012619208082397524,3000,1000
REGRESSION,0.4,19,64,NO_TRACE,mse,0.016630955111809297,3000,1000
REGRESSION,0.4,20,1,EXACT_REPLAY,mse,0.0028901824071739554,3000,1000
REGRESSION,0.4,20,1,ELIGIBILITY_TRACE,mse,0.00991571333967574,3000,1000
REGRESSION,0.4,20,1,NO_TRACE,mse,0.007596843322438357,3000,1000
REGRESSION,0.4,20,4,EXACT_REPLAY,mse,0.0028861041805459593,3000,1000
REGRESSION,0.4,20,4,ELIGIBILITY_TRACE,mse,0.009659169698542476,3000,1000
REGRESSION,0.4,20,4,NO_TRACE,mse,0.017988901647200427,3000,1000
REGRESSION,0.4,20,16,EXACT_REPLAY,mse,0.0028725709728103935,3000,1000
REGRESSION,0.4,20,16,ELIGIBILITY_TRACE,mse,0.01091095081511849,3000,1000
REGRESSION,0.4,20,16,NO_TRACE,mse,0.0181085227328965,3000,1000
REGRESSION,0.4,20,64,EXACT_REPLAY,mse,0.0028200628553378447,3000,1000
REGRESSION,0.4,20,64,ELIGIBILITY_TRACE,mse,0.01562294347146086,3000,1000
REGRESSION,0.4,20,64,NO_TRACE,mse,0.018751152113482036,3000,1000
REGRESSION,0.4,21,1,EXACT_REPLAY,mse,0.0022520385250798533,3000,1000
REGRESSION,0.4,21,1,ELIGIBILITY_TRACE,mse,0.006201851316517107,3000,1000
REGRESSION,0.4,21,1,NO_TRACE,mse,0.005120067986876615,3000,1000
REGRESSION,0.4,21,4,EXACT_REPLAY,mse,0.0022496030163933235,3000,1000
REGRESSION,0.4,21,4,ELIGIBILITY_TRACE,mse,0.006015386299761809,3000,1000
REGRESSION,0.4,21,4,NO_TRACE,mse,0.010336606377204686,3000,1000
REGRESSION,0.4,21,16,EXACT_REPLAY,mse,0.0022411800160660063,3000,1000
REGRESSION,0.4,21,16,ELIGIBILITY_TRACE,mse,0.0065317056704327645,3000,1000
REGRESSION,0.4,21,16,NO_TRACE,mse,0.01089613807259559,3000,1000
REGRESSION,0.4,21,64,EXACT_REPLAY,mse,0.0022088682860132184,3000,1000
REGRESSION,0.4,21,64,ELIGIBILITY_TRACE,mse,0.008759052106797723,3000,1000
REGRESSION,0.4,21,64,NO_TRACE,mse,0.010785234773786902,3000,1000
REGRESSION,0.4,22,1,EXACT_REPLAY,mse,0.0027102302975895317,3000,1000
REGRESSION,0.4,22,1,ELIGIBILITY_TRACE,mse,0.008557784343542846,3000,1000
REGRESSION,0.4,22,1,NO_TRACE,mse,0.00659549234992509,3000,1000
REGRESSION,0.4,22,4,EXACT_REPLAY,mse,0.0027066820912195876,3000,1000
REGRESSION,0.4,22,4,ELIGIBILITY_TRACE,mse,0.00834032103161339,3000,1000
REGRESSION,0.4,22,4,NO_TRACE,mse,0.015285993657864849,3000,1000
REGRESSION,0.4,22,16,EXACT_REPLAY,mse,0.002695574918950123,3000,1000
REGRESSION,0.4,22,16,ELIGIBILITY_TRACE,mse,0.009149339081744421,3000,1000
REGRESSION,0.4,22,16,NO_TRACE,mse,0.015207340115999696,3000,1000
REGRESSION,0.4,22,64,EXACT_REPLAY,mse,0.002650259081030847,3000,1000
REGRESSION,0.4,22,64,ELIGIBILITY_TRACE,mse,0.01217933731936751,3000,1000
REGRESSION,0.4,22,64,NO_TRACE,mse,0.01530903264192571,3000,1000
REGRESSION,0.4,23,1,EXACT_REPLAY,mse,0.0024653784671895074,3000,1000
REGRESSION,0.4,23,1,ELIGIBILITY_TRACE,mse,0.007997648684605736,3000,1000
REGRESSION,0.4,23,1,NO_TRACE,mse,0.006183951143025371,3000,1000
REGRESSION,0.4,23,4,EXACT_REPLAY,mse,0.0024619152926301227,3000,1000
REGRESSION,0.4,23,4,ELIGIBILITY_TRACE,mse,0.007652038044612757,3000,1000
REGRESSION,0.4,23,4,NO_TRACE,mse,0.012960199848610578,3000,1000
REGRESSION,0.4,23,16,EXACT_REPLAY,mse,0.002450665317934419,3000,1000
REGRESSION,0.4,23,16,ELIGIBILITY_TRACE,mse,0.009036348541707116,3000,1000
REGRESSION,0.4,23,16,NO_TRACE,mse,0.01490138209318971,3000,1000
REGRESSION,0.4,23,64,EXACT_REPLAY,mse,0.0024061616521482243,3000,1000
REGRESSION,0.4,23,64,ELIGIBILITY_TRACE,mse,0.012419774769752336,3000,1000
REGRESSION,0.4,23,64,NO_TRACE,mse,0.015851967863067477,3000,1000
REGRESSION,0.4,24,1,EXACT_REPLAY,mse,0.0023676196502084926,3000,1000
REGRESSION,0.4,24,1,ELIGIBILITY_TRACE,mse,0.008198597683567585,3000,1000
REGRESSION,0.4,24,1,NO_TRACE,mse,0.006507527331678737,3000,1000
REGRESSION,0.4,24,4,EXACT_REPLAY,mse,0.002363932682114503,3000,1000
REGRESSION,0.4,24,4,ELIGIBILITY_TRACE,mse,0.007897652789554377,3000,1000
REGRESSION,0.4,24,4,NO_TRACE,mse,0.014514600573032667,3000,1000
REGRESSION,0.4,24,16,EXACT_REPLAY,mse,0.0023514089673375782,3000,1000
REGRESSION,0.4,24,16,ELIGIBILITY_TRACE,mse,0.009245249772977577,3000,1000
REGRESSION,0.4,24,16,NO_TRACE,mse,0.015721763160854302,3000,1000
REGRESSION,0.4,24,64,EXACT_REPLAY,mse,0.002304360396577252,3000,1000
REGRESSION,0.4,24,64,ELIGIBILITY_TRACE,mse,0.012378383027496031,3000,1000
REGRESSION,0.4,24,64,NO_TRACE,mse,0.01647380039044755,3000,1000
REGRESSION,0.4,25,1,EXACT_REPLAY,mse,0.002627077907418703,3000,1000
REGRESSION,0.4,25,1,ELIGIBILITY_TRACE,mse,0.009719238144420835,3000,1000
REGRESSION,0.4,25,1,NO_TRACE,mse,0.0072076025866294165,3000,1000
REGRESSION,0.4,25,4,EXACT_REPLAY,mse,0.002622500973887016,3000,1000
REGRESSION,0.4,25,4,ELIGIBILITY_TRACE,mse,0.009314209466289193,3000,1000
REGRESSION,0.4,25,4,NO_TRACE,mse,0.017763262571428264,3000,1000
REGRESSION,0.4,25,16,EXACT_REPLAY,mse,0.0026086428033795053,3000,1000
REGRESSION,0.4,25,16,ELIGIBILITY_TRACE,mse,0.01056057546608215,3000,1000
REGRESSION,0.4,25,16,NO_TRACE,mse,0.019774054441961696,3000,1000
REGRESSION,0.4,25,64,EXACT_REPLAY,mse,0.0025537204298755195,3000,1000
REGRESSION,0.4,25,64,ELIGIBILITY_TRACE,mse,0.016256751361740065,3000,1000
REGRESSION,0.4,25,64,NO_TRACE,mse,0.021187385382872372,3000,1000
REGRESSION,0.4,26,1,EXACT_REPLAY,mse,0.0023525330879845875,3000,1000
REGRESSION,0.4,26,1,ELIGIBILITY_TRACE,mse,0.009243514769477951,3000,1000
REGRESSION,0.4,26,1,NO_TRACE,mse,0.006669717890205684,3000,1000
REGRESSION,0.4,26,4,EXACT_REPLAY,mse,0.0023488454820297946,3000,1000
REGRESSION,0.4,26,4,ELIGIBILITY_TRACE,mse,0.008985128408821324,3000,1000
REGRESSION,0.4,26,4,NO_TRACE,mse,0.015763343428441153,3000,1000
REGRESSION,0.4,26,16,EXACT_REPLAY,mse,0.0023370864415562342,3000,1000
REGRESSION,0.4,26,16,ELIGIBILITY_TRACE,mse,0.010444141374390743,3000,1000
REGRESSION,0.4,26,16,NO_TRACE,mse,0.01730637375816242,3000,1000
REGRESSION,0.4,26,64,EXACT_REPLAY,mse,0.002290407951817704,3000,1000
REGRESSION,0.4,26,64,ELIGIBILITY_TRACE,mse,0.014057175027114255,3000,1000
REGRESSION,0.4,26,64,NO_TRACE,mse,0.015502557029656892,3000,1000
REGRESSION,0.4,27,1,EXACT_REPLAY,mse,0.003195309801728315,3000,1000
REGRESSION,0.4,27,1,ELIGIBILITY_TRACE,mse,0.009751827751404818,3000,1000
REGRESSION,0.4,27,1,NO_TRACE,mse,0.007702360647896927,3000,1000
REGRESSION,0.4,27,4,EXACT_REPLAY,mse,0.0031913738266085828,3000,1000
REGRESSION,0.4,27,4,ELIGIBILITY_TRACE,mse,0.009536205090779746,3000,1000
REGRESSION,0.4,27,4,NO_TRACE,mse,0.017512413044875812,3000,1000
REGRESSION,0.4,27,16,EXACT_REPLAY,mse,0.003179981272599476,3000,1000
REGRESSION,0.4,27,16,ELIGIBILITY_TRACE,mse,0.010718776877710752,3000,1000
REGRESSION,0.4,27,16,NO_TRACE,mse,0.01658685797000855,3000,1000
REGRESSION,0.4,27,64,EXACT_REPLAY,mse,0.003133196790555013,3000,1000
REGRESSION,0.4,27,64,ELIGIBILITY_TRACE,mse,0.01392565552253257,3000,1000
REGRESSION,0.4,27,64,NO_TRACE,mse,0.018635956555303215,3000,1000
REGRESSION,0.4,28,1,EXACT_REPLAY,mse,0.0029664752397193534,3000,1000
REGRESSION,0.4,28,1,ELIGIBILITY_TRACE,mse,0.009812810373142277,3000,1000
REGRESSION,0.4,28,1,NO_TRACE,mse,0.00749383782593497,3000,1000
REGRESSION,0.4,28,4,EXACT_REPLAY,mse,0.0029621203128791743,3000,1000
REGRESSION,0.4,28,4,ELIGIBILITY_TRACE,mse,0.00950300068948867,3000,1000
REGRESSION,0.4,28,4,NO_TRACE,mse,0.017471067452609644,3000,1000
REGRESSION,0.4,28,16,EXACT_REPLAY,mse,0.00294819331553587,3000,1000
REGRESSION,0.4,28,16,ELIGIBILITY_TRACE,mse,0.011099297877116474,3000,1000
REGRESSION,0.4,28,16,NO_TRACE,mse,0.018762622291273793,3000,1000
REGRESSION,0.4,28,64,EXACT_REPLAY,mse,0.0028941385560066744,3000,1000
REGRESSION,0.4,28,64,ELIGIBILITY_TRACE,mse,0.014576980000666151,3000,1000
REGRESSION,0.4,28,64,NO_TRACE,mse,0.018148048358116245,3000,1000
REGRESSION,0.4,29,1,EXACT_REPLAY,mse,0.0026835358577923115,3000,1000
REGRESSION,0.4,29,1,ELIGIBILITY_TRACE,mse,0.008788109450162274,3000,1000
REGRESSION,0.4,29,1,NO_TRACE,mse,0.0069729865195790304,3000,1000
REGRESSION,0.4,29,4,EXACT_REPLAY,mse,0.0026792732679685864,3000,1000
REGRESSION,0.4,29,4,ELIGIBILITY_TRACE,mse,0.008459669843521929,3000,1000
REGRESSION,0.4,29,4,NO_TRACE,mse,0.014241755547270134,3000,1000
REGRESSION,0.4,29,16,EXACT_REPLAY,mse,0.0026654159807326396,3000,1000
REGRESSION,0.4,29,16,ELIGIBILITY_TRACE,mse,0.009302051704527905,3000,1000
REGRESSION,0.4,29,16,NO_TRACE,mse,0.015915471516711042,3000,1000
REGRESSION,0.4,29,64,EXACT_REPLAY,mse,0.002613402937403849,3000,1000
REGRESSION,0.4,29,64,ELIGIBILITY_TRACE,mse,0.012434107886409237,3000,1000
REGRESSION,0.4,29,64,NO_TRACE,mse,0.015767972955691267,3000,1000
REGRESSION,0.6,0,1,EXACT_REPLAY,mse,0.0018953104497390827,3000,1000
REGRESSION,0.6,0,1,ELIGIBILITY_TRACE,mse,0.0053843431594223536,3000,1000
REGRESSION,0.6,0,1,NO_TRACE,mse,0.0032813981732641713,3000,1000
REGRESSION,0.6,0,4,EXACT_REPLAY,mse,0.0018905315652995172,3000,1000
REGRESSION,0.6,0,4,ELIGIBILITY_TRACE,mse,0.004825946270536472,3000,1000
REGRESSION,0.6,0,4,NO_TRACE,mse,0.007882644376478136,3000,1000
REGRESSION,0.6,0,16,EXACT_REPLAY,mse,0.001883057896158474,3000,1000
REGRESSION,0.6,0,16,ELIGIBILITY_TRACE,mse,0.0055281351718683425,3000,1000
REGRESSION,0.6,0,16,NO_TRACE,mse,0.011892113274883216,3000,1000
REGRESSION,0.6,0,64,EXACT_REPLAY,mse,0.0018542100580353127,3000,1000
REGRESSION,0.6,0,64,ELIGIBILITY_TRACE,mse,0.008713581500200657,3000,1000
REGRESSION,0.6,0,64,NO_TRACE,mse,0.011292873511792626,3000,1000
REGRESSION,0.6,1,1,EXACT_REPLAY,mse,0.0025293452938222718,3000,1000
REGRESSION,0.6,1,1,ELIGIBILITY_TRACE,mse,0.007005877487389833,3000,1000
REGRESSION,0.6,1,1,NO_TRACE,mse,0.004403022366181801,3000,1000
REGRESSION,0.6,1,4,EXACT_REPLAY,mse,0.0025221701286285265,3000,1000
REGRESSION,0.6,1,4,ELIGIBILITY_TRACE,mse,0.006383664699315221,3000,1000
REGRESSION,0.6,1,4,NO_TRACE,mse,0.01021385959426271,3000,1000
REGRESSION,0.6,1,16,EXACT_REPLAY,mse,0.0025115191104583736,3000,1000
REGRESSION,0.6,1,16,ELIGIBILITY_TRACE,mse,0.0071625613541824815,3000,1000
REGRESSION,0.6,1,16,NO_TRACE,mse,0.013736956814211485,3000,1000
REGRESSION,0.6,1,64,EXACT_REPLAY,mse,0.002471266130105325,3000,1000
REGRESSION,0.6,1,64,ELIGIBILITY_TRACE,mse,0.009914920711088019,3000,1000
REGRESSION,0.6,1,64,NO_TRACE,mse,0.013250949643263654,3000,1000
REGRESSION,0.6,2,1,EXACT_REPLAY,mse,0.0024536900650035448,3000,1000
REGRESSION,0.6,2,1,ELIGIBILITY_TRACE,mse,0.006841928014512988,3000,1000
REGRESSION,0.6,2,1,NO_TRACE,mse,0.0045054153628880395,3000,1000
REGRESSION,0.6,2,4,EXACT_REPLAY,mse,0.00244660522895685,3000,1000
REGRESSION,0.6,2,4,ELIGIBILITY_TRACE,mse,0.006265537291463019,3000,1000
REGRESSION,0.6,2,4,NO_TRACE,mse,0.011046934058720741,3000,1000
REGRESSION,0.6,2,16,EXACT_REPLAY,mse,0.0024348581720729213,3000,1000
REGRESSION,0.6,2,16,ELIGIBILITY_TRACE,mse,0.007025613992860445,3000,1000
REGRESSION,0.6,2,16,NO_TRACE,mse,0.013616582689371623,3000,1000
REGRESSION,0.6,2,64,EXACT_REPLAY,mse,0.002393158298089557,3000,1000
REGRESSION,0.6,2,64,ELIGIBILITY_TRACE,mse,0.010058971412141265,3000,1000
REGRESSION,0.6,2,64,NO_TRACE,mse,0.013448210070158333,3000,1000
REGRESSION,0.6,3,1,EXACT_REPLAY,mse,0.0021074498029571014,3000,1000
REGRESSION,0.6,3,1,ELIGIBILITY_TRACE,mse,0.006882262281915977,3000,1000
REGRESSION,0.6,3,1,NO_TRACE,mse,0.003947965052094939,3000,1000
REGRESSION,0.6,3,4,EXACT_REPLAY,mse,0.0021014280798223248,3000,1000
REGRESSION,0.6,3,4,ELIGIBILITY_TRACE,mse,0.00611963129768599,3000,1000
REGRESSION,0.6,3,4,NO_TRACE,mse,0.00956506269801979,3000,1000
REGRESSION,0.6,3,16,EXACT_REPLAY,mse,0.002091611518968384,3000,1000
REGRESSION,0.6,3,16,ELIGIBILITY_TRACE,mse,0.007051073905133148,3000,1000
REGRESSION,0.6,3,16,NO_TRACE,mse,0.013631424431251014,3000,1000
REGRESSION,0.6,3,64,EXACT_REPLAY,mse,0.0020536398527676108,3000,1000
REGRESSION,0.6,3,64,ELIGIBILITY_TRACE,mse,0.01094138343583791,3000,1000
REGRESSION,0.6,3,64,NO_TRACE,mse,0.014157797370170004,3000,1000
REGRESSION,0.6,4,1,EXACT_REPLAY,mse,0.002677414633065772,3000,1000
REGRESSION,0.6,4,1,ELIGIBILITY_TRACE,mse,0.009512105921402947,3000,1000
REGRESSION,0.6,4,1,NO_TRACE,mse,0.00523666833378775,3000,1000
REGRESSION,0.6,4,4,EXACT_REPLAY,mse,0.0026693152965803686,3000,1000
REGRESSION,0.6,4,4,ELIGIBILITY_TRACE,mse,0.008610230912060281,3000,1000
REGRESSION,0.6,4,4,NO_TRACE,mse,0.013828026259580396,3000,1000
REGRESSION,0.6,4,16,EXACT_REPLAY,mse,0.0026550086041381184,3000,1000
REGRESSION,0.6,4,16,ELIGIBILITY_TRACE,mse,0.00994897095041533,3000,1000
REGRESSION,0.6,4,16,NO_TRACE,mse,0.01863622371817299,3000,1000
REGRESSION,0.6,4,64,EXACT_REPLAY,mse,0.0025996994018263387,3000,1000
REGRESSION,0.6,4,64,ELIGIBILITY_TRACE,mse,0.013039481062572267,3000,1000
REGRESSION,0.6,4,64,NO_TRACE,mse,0.018276952082790825,3000,1000
REGRESSION,0.6,5,1,EXACT_REPLAY,mse,0.0028850245129128974,3000,1000
REGRESSION,0.6,5,1,ELIGIBILITY_TRACE,mse,0.0077164044844674155,3000,1000
REGRESSION,0.6,5,1,NO_TRACE,mse,0.004997513775487594,3000,1000
REGRESSION,0.6,5,4,EXACT_REPLAY,mse,0.0028778119144390758,3000,1000
REGRESSION,0.6,5,4,ELIGIBILITY_TRACE,mse,0.006998497547744452,3000,1000
REGRESSION,0.6,5,4,NO_TRACE,mse,0.01099887994132062,3000,1000
REGRESSION,0.6,5,16,EXACT_REPLAY,mse,0.0028671024873621526,3000,1000
REGRESSION,0.6,5,16,ELIGIBILITY_TRACE,mse,0.008108594764463763,3000,1000
REGRESSION,0.6,5,16,NO_TRACE,mse,0.01526044835324652,3000,1000
REGRESSION,0.6,5,64,EXACT_REPLAY,mse,0.0028256464382926936,3000,1000
REGRESSION,0.6,5,64,ELIGIBILITY_TRACE,mse,0.011550674509890179,3000,1000
REGRESSION,0.6,5,64,NO_TRACE,mse,0.01504542709290025,3000,1000
REGRESSION,0.6,6,1,EXACT_REPLAY,mse,0.0026558917639019994,3000,1000
REGRESSION,0.6,6,1,ELIGIBILITY_TRACE,mse,0.008563048206790966,3000,1000
REGRESSION,0.6,6,1,NO_TRACE,mse,0.004979680387314408,3000,1000
REGRESSION,0.6,6,4,EXACT_REPLAY,mse,0.0026472955971216256,3000,1000
REGRESSION,0.6,6,4,ELIGIBILITY_TRACE,mse,0.007689957936726645,3000,1000
REGRESSION,0.6,6,4,NO_TRACE,mse,0.012604689241336096,3000,1000
REGRESSION,0.6,6,16,EXACT_REPLAY,mse,0.002634067145678816,3000,1000
REGRESSION,0.6,6,16,ELIGIBILITY_TRACE,mse,0.008629536150904763,3000,1000
REGRESSION,0.6,6,16,NO_TRACE,mse,0.016273696980834616,3000,1000
REGRESSION,0.6,6,64,EXACT_REPLAY,mse,0.002583099351758971,3000,1000
REGRESSION,0.6,6,64,ELIGIBILITY_TRACE,mse,0.012594724882079833,3000,1000
REGRESSION,0.6,6,64,NO_TRACE,mse,0.017329774730516938,3000,1000
REGRESSION,0.6,7,1,EXACT_REPLAY,mse,0.002297006729019546,3000,1000
REGRESSION,0.6,7,1,ELIGIBILITY_TRACE,mse,0.006945528962683352,3000,1000
REGRESSION,0.6,7,1,NO_TRACE,mse,0.004064817355132643,3000,1000
REGRESSION,0.6,7,4,EXACT_REPLAY,mse,0.002291203116242396,3000,1000
REGRESSION,0.6,7,4,ELIGIBILITY_TRACE,mse,0.006317224611063521,3000,1000
REGRESSION,0.6,7,4,NO_TRACE,mse,0.010686739529015223,3000,1000
REGRESSION,0.6,7,16,EXACT_REPLAY,mse,0.002281427059522364,3000,1000
REGRESSION,0.6,7,16,ELIGIBILITY_TRACE,mse,0.007048208664080958,3000,1000
REGRESSION,0.6,7,16,NO_TRACE,mse,0.013736675744985952,3000,1000
REGRESSION,0.6,7,64,EXACT_REPLAY,mse,0.002245296614930639,3000,1000
REGRESSION,0.6,7,64,ELIGIBILITY_TRACE,mse,0.010483692084513031,3000,1000
REGRESSION,0.6,7,64,NO_TRACE,mse,0.014582585544170978,3000,1000
REGRESSION,0.6,8,1,EXACT_REPLAY,mse,0.002426167979549402,3000,1000
REGRESSION,0.6,8,1,ELIGIBILITY_TRACE,mse,0.0076756665494753075,3000,1000
REGRESSION,0.6,8,1,NO_TRACE,mse,0.004674846491673438,3000,1000
REGRESSION,0.6,8,4,EXACT_REPLAY,mse,0.0024191650896412545,3000,1000
REGRESSION,0.6,8,4,ELIGIBILITY_TRACE,mse,0.006835979285991332,3000,1000
REGRESSION,0.6,8,4,NO_TRACE,mse,0.011140875159535053,3000,1000
REGRESSION,0.6,8,16,EXACT_REPLAY,mse,0.002407704373823034,3000,1000
REGRESSION,0.6,8,16,ELIGIBILITY_TRACE,mse,0.007940963076896127,3000,1000
REGRESSION,0.6,8,16,NO_TRACE,mse,0.015621541879904081,3000,1000
REGRESSION,0.6,8,64,EXACT_REPLAY,mse,0.0023623580530013058,3000,1000
REGRESSION,0.6,8,64,ELIGIBILITY_TRACE,mse,0.011806184875474768,3000,1000
REGRESSION,0.6,8,64,NO_TRACE,mse,0.017424165518302722,3000,1000
REGRESSION,0.6,9,1,EXACT_REPLAY,mse,0.0018590558959687387,3000,1000
REGRESSION,0.6,9,1,ELIGIBILITY_TRACE,mse,0.005661299031637342,3000,1000
REGRESSION,0.6,9,1,NO_TRACE,mse,0.003390211148755679,3000,1000
REGRESSION,0.6,9,4,EXACT_REPLAY,mse,0.0018537556508812798,3000,1000
REGRESSION,0.6,9,4,ELIGIBILITY_TRACE,mse,0.005137494965986539,3000,1000
REGRESSION,0.6,9,4,NO_TRACE,mse,0.008798639515961547,3000,1000
REGRESSION,0.6,9,16,EXACT_REPLAY,mse,0.0018453406861846378,3000,1000
REGRESSION,0.6,9,16,ELIGIBILITY_TRACE,mse,0.005776372141050396,3000,1000
REGRESSION,0.6,9,16,NO_TRACE,mse,0.011136543550328707,3000,1000
REGRESSION,0.6,9,64,EXACT_REPLAY,mse,0.0018122690248657469,3000,1000
REGRESSION,0.6,9,64,ELIGIBILITY_TRACE,mse,0.008878288003336867,3000,1000
REGRESSION,0.6,9,64,NO_TRACE,mse,0.011313301614704034,3000,1000
REGRESSION,0.6,10,1,EXACT_REPLAY,mse,0.0019691985861037668,3000,1000
REGRESSION,0.6,10,1,ELIGIBILITY_TRACE,mse,0.007760899222150208,3000,1000
REGRESSION,0.6,10,1,NO_TRACE,mse,0.004147302567467614,3000,1000
REGRESSION,0.6,10,4,EXACT_REPLAY,mse,0.0019622356243342983,3000,1000
REGRESSION,0.6,10,4,ELIGIBILITY_TRACE,mse,0.00688114507585408,3000,1000
REGRESSION,0.6,10,4,NO_TRACE,mse,0.011930759710946193,3000,1000
REGRESSION,0.6,10,16,EXACT_REPLAY,mse,0.0019497950392752786,3000,1000
REGRESSION,0.6,10,16,ELIGIBILITY_TRACE,mse,0.007969325524610622,3000,1000
REGRESSION,0.6,10,16,NO_TRACE,mse,0.016076270463321846,3000,1000
REGRESSION,0.6,10,64,EXACT_REPLAY,mse,0.001899190789608788,3000,1000
REGRESSION,0.6,10,64,ELIGIBILITY_TRACE,mse,0.012432658570173305,3000,1000
REGRESSION,0.6,10,64,NO_TRACE,mse,0.016130538350026334,3000,1000
REGRESSION,0.6,11,1,EXACT_REPLAY,mse,0.0021866727734812475,3000,1000
REGRESSION,0.6,11,1,ELIGIBILITY_TRACE,mse,0.007346447885282385,3000,1000
REGRESSION,0.6,11,1,NO_TRACE,mse,0.00414975503312545,3000,1000
REGRESSION,0.6,11,4,EXACT_REPLAY,mse,0.002179301943044037,3000,1000
REGRESSION,0.6,11,4,ELIGIBILITY_TRACE,mse,0.006556440388595931,3000,1000
REGRESSION,0.6,11,4,NO_TRACE,mse,0.01132629311345886,3000,1000
REGRESSION,0.6,11,16,EXACT_REPLAY,mse,0.002168866182210905,3000,1000
REGRESSION,0.6,11,16,ELIGIBILITY_TRACE,mse,0.007824581915951414,3000,1000
REGRESSION,0.6,11,16,NO_TRACE,mse,0.015008667777561279,3000,1000
REGRESSION,0.6,11,64,EXACT_REPLAY,mse,0.002127073491881272,3000,1000
REGRESSION,0.6,11,64,ELIGIBILITY_TRACE,mse,0.010757039800751855,3000,1000
REGRESSION,0.6,11,64,NO_TRACE,mse,0.015583825202618544,3000,1000
REGRESSION,0.6,12,1,EXACT_REPLAY,mse,0.0031808883503030368,3000,1000
REGRESSION,0.6,12,1,ELIGIBILITY_TRACE,mse,0.009864565144248352,3000,1000
REGRESSION,0.6,12,1,NO_TRACE,mse,0.005794402880221573,3000,1000
REGRESSION,0.6,12,4,EXACT_REPLAY,mse,0.003170826712516129,3000,1000
REGRESSION,0.6,12,4,ELIGIBILITY_TRACE,mse,0.008785009335988001,3000,1000
REGRESSION,0.6,12,4,NO_TRACE,mse,0.014176890563663162,3000,1000
REGRESSION,0.6,12,16,EXACT_REPLAY,mse,0.0031560581552103955,3000,1000
REGRESSION,0.6,12,16,ELIGIBILITY_TRACE,mse,0.009747774615255967,3000,1000
REGRESSION,0.6,12,16,NO_TRACE,mse,0.01848321996689522,3000,1000
REGRESSION,0.6,12,64,EXACT_REPLAY,mse,0.003098941798790791,3000,1000
REGRESSION,0.6,12,64,ELIGIBILITY_TRACE,mse,0.0164210442184348,3000,1000
REGRESSION,0.6,12,64,NO_TRACE,mse,0.02054770264531365,3000,1000
REGRESSION,0.6,13,1,EXACT_REPLAY,mse,0.0025186978259678886,3000,1000
REGRESSION,0.6,13,1,ELIGIBILITY_TRACE,mse,0.007438714799448186,3000,1000
REGRESSION,0.6,13,1,NO_TRACE,mse,0.0045030220799033155,3000,1000
REGRESSION,0.6,13,4,EXACT_REPLAY,mse,0.0025113976978401466,3000,1000
REGRESSION,0.6,13,4,ELIGIBILITY_TRACE,mse,0.006730461010487751,3000,1000
REGRESSION,0.6,13,4,NO_TRACE,mse,0.010623642561624248,3000,1000
REGRESSION,0.6,13,16,EXACT_REPLAY,mse,0.0025002424883198275,3000,1000
REGRESSION,0.6,13,16,ELIGIBILITY_TRACE,mse,0.007589415341837923,3000,1000
REGRESSION,0.6,13,16,NO_TRACE,mse,0.014202097683842748,3000,1000
REGRESSION,0.6,13,64,EXACT_REPLAY,mse,0.0024553890187094655,3000,1000
REGRESSION,0.6,13,64,ELIGIBILITY_TRACE,mse,0.010512358664385456,3000,1000
REGRESSION,0.6,13,64,NO_TRACE,mse,0.014252706173974804,3000,1000
REGRESSION,0.6,14,1,EXACT_REPLAY,mse,0.0028644469609527858,3000,1000
REGRESSION,0.6,14,1,ELIGIBILITY_TRACE,mse,0.009151866116853534,3000,1000
REGRESSION,0.6,14,1,NO_TRACE,mse,0.005466081568511524,3000,1000
REGRESSION,0.6,14,4,EXACT_REPLAY,mse,0.002855843883315517,3000,1000
REGRESSION,0.6,14,4,ELIGIBILITY_TRACE,mse,0.008356346508766507,3000,1000
REGRESSION,0.6,14,4,NO_TRACE,mse,0.014228710831920795,3000,1000
REGRESSION,0.6,14,16,EXACT_REPLAY,mse,0.0028411528904981813,3000,1000
REGRESSION,0.6,14,16,ELIGIBILITY_TRACE,mse,0.009545276972888246,3000,1000
REGRESSION,0.6,14,16,NO_TRACE,mse,0.018195241143674074,3000,1000
REGRESSION,0.6,14,64,EXACT_REPLAY,mse,0.0027852659238799178,3000,1000
REGRESSION,0.6,14,64,ELIGIBILITY_TRACE,mse,0.014031477961850457,3000,1000
REGRESSION,0.6,14,64,NO_TRACE,mse,0.017311086209754117,3000,1000
REGRESSION,0.6,15,1,EXACT_REPLAY,mse,0.0022440001585372826,3000,1000
REGRESSION,0.6,15,1,ELIGIBILITY_TRACE,mse,0.006778723378376505,3000,1000
REGRESSION,0.6,15,1,NO_TRACE,mse,0.004027746514049523,3000,1000
REGRESSION,0.6,15,4,EXACT_REPLAY,mse,0.0022382053931428816,3000,1000
REGRESSION,0.6,15,4,ELIGIBILITY_TRACE,mse,0.006144310167282428,3000,1000
REGRESSION,0.6,15,4,NO_TRACE,mse,0.0108307344749103,3000,1000
REGRESSION,0.6,15,16,EXACT_REPLAY,mse,0.002228098394599381,3000,1000
REGRESSION,0.6,15,16,ELIGIBILITY_TRACE,mse,0.007253988009043184,3000,1000
REGRESSION,0.6,15,16,NO_TRACE,mse,0.014580692609166866,3000,1000
REGRESSION,0.6,15,64,EXACT_REPLAY,mse,0.002190385429203813,3000,1000
REGRESSION,0.6,15,64,ELIGIBILITY_TRACE,mse,0.010182775209128088,3000,1000
REGRESSION,0.6,15,64,NO_TRACE,mse,0.014291809050594935,3000,1000
REGRESSION,0.6,16,1,EXACT_REPLAY,mse,0.0025200529220934555,3000,1000
REGRESSION,0.6,16,1,ELIGIBILITY_TRACE,mse,0.007558349271394245,3000,1000
REGRESSION,0.6,16,1,NO_TRACE,mse,0.00462020026391093,3000,1000
REGRESSION,0.6,16,4,EXACT_REPLAY,mse,0.002512501718197381,3000,1000
REGRESSION,0.6,16,4,ELIGIBILITY_TRACE,mse,0.0068319735922299125,3000,1000
REGRESSION,0.6,16,4,NO_TRACE,mse,0.011365066509512509,3000,1000
REGRESSION,0.6,16,16,EXACT_REPLAY,mse,0.0025006268648910977,3000,1000
REGRESSION,0.6,16,16,ELIGIBILITY_TRACE,mse,0.007791032748778685,3000,1000
REGRESSION,0.6,16,16,NO_TRACE,mse,0.01553550947681099,3000,1000
REGRESSION,0.6,16,64,EXACT_REPLAY,mse,0.002454700245262463,3000,1000
REGRESSION,0.6,16,64,ELIGIBILITY_TRACE,mse,0.011308178277280301,3000,1000
REGRESSION,0.6,16,64,NO_TRACE,mse,0.015105147991930114,3000,1000
REGRESSION,0.6,17,1,EXACT_REPLAY,mse,0.002442177609978403,3000,1000
REGRESSION,0.6,17,1,ELIGIBILITY_TRACE,mse,0.00749869283094652,3000,1000
REGRESSION,0.6,17,1,NO_TRACE,mse,0.004510325764876364,3000,1000
REGRESSION,0.6,17,4,EXACT_REPLAY,mse,0.0024346672686815446,3000,1000
REGRESSION,0.6,17,4,ELIGIBILITY_TRACE,mse,0.006735083673552515,3000,1000
REGRESSION,0.6,17,4,NO_TRACE,mse,0.011103784706767112,3000,1000
REGRESSION,0.6,17,16,EXACT_REPLAY,mse,0.0024232960790458967,3000,1000
REGRESSION,0.6,17,16,ELIGIBILITY_TRACE,mse,0.007199146978261588,3000,1000
REGRESSION,0.6,17,16,NO_TRACE,mse,0.014261940011675822,3000,1000
REGRESSION,0.6,17,64,EXACT_REPLAY,mse,0.0023802864186294606,3000,1000
REGRESSION,0.6,17,64,ELIGIBILITY_TRACE,mse,0.01303893376412461,3000,1000
REGRESSION,0.6,17,64,NO_TRACE,mse,0.015593609203564803,3000,1000
REGRESSION,0.6,18,1,EXACT_REPLAY,mse,0.002669568722043855,3000,1000
REGRESSION,0.6,18,1,ELIGIBILITY_TRACE,mse,0.008089276984457485,3000,1000
REGRESSION,0.6,18,1,NO_TRACE,mse,0.004829528393382205,3000,1000
REGRESSION,0.6,18,4,EXACT_REPLAY,mse,0.002661995241492532,3000,1000
REGRESSION,0.6,18,4,ELIGIBILITY_TRACE,mse,0.007270757250305212,3000,1000
REGRESSION,0.6,18,4,NO_TRACE,mse,0.01191518047851342,3000,1000
REGRESSION,0.6,18,16,EXACT_REPLAY,mse,0.0026507575262489365,3000,1000
REGRESSION,0.6,18,16,ELIGIBILITY_TRACE,mse,0.008233535575526618,3000,1000
REGRESSION,0.6,18,16,NO_TRACE,mse,0.015377056102621077,3000,1000
REGRESSION,0.6,18,64,EXACT_REPLAY,mse,0.002605885553194148,3000,1000
REGRESSION,0.6,18,64,ELIGIBILITY_TRACE,mse,0.01217710790238259,3000,1000
REGRESSION,0.6,18,64,NO_TRACE,mse,0.015940065984255406,3000,1000
REGRESSION,0.6,19,1,EXACT_REPLAY,mse,0.0023803759462106607,3000,1000
REGRESSION,0.6,19,1,ELIGIBILITY_TRACE,mse,0.007167511922366277,3000,1000
REGRESSION,0.6,19,1,NO_TRACE,mse,0.004309092962883376,3000,1000
REGRESSION,0.6,19,4,EXACT_REPLAY,mse,0.002374257843545439,3000,1000
REGRESSION,0.6,19,4,ELIGIBILITY_TRACE,mse,0.006494116146394814,3000,1000
REGRESSION,0.6,19,4,NO_TRACE,mse,0.010875085299098695,3000,1000
REGRESSION,0.6,19,16,EXACT_REPLAY,mse,0.0023653353692761107,3000,1000
REGRESSION,0.6,19,16,ELIGIBILITY_TRACE,mse,0.00741056201735384,3000,1000
REGRESSION,0.6,19,16,NO_TRACE,mse,0.014697194611693307,3000,1000
REGRESSION,0.6,19,64,EXACT_REPLAY,mse,0.0023262334040998612,3000,1000
REGRESSION,0.6,19,64,ELIGIBILITY_TRACE,mse,0.011007515675540645,3000,1000
REGRESSION,0.6,19,64,NO_TRACE,mse,0.01462215266031178,3000,1000
REGRESSION,0.6,20,1,EXACT_REPLAY,mse,0.002857636516157848,3000,1000
REGRESSION,0.6,20,1,ELIGIBILITY_TRACE,mse,0.009025283029459588,3000,1000
REGRESSION,0.6,20,1,NO_TRACE,mse,0.0053850418906704325,3000,1000
REGRESSION,0.6,20,4,EXACT_REPLAY,mse,0.002848989187919668,3000,1000
REGRESSION,0.6,20,4,ELIGIBILITY_TRACE,mse,0.008165703457528551,3000,1000
REGRESSION,0.6,20,4,NO_TRACE,mse,0.014458361406273467,3000,1000
REGRESSION,0.6,20,16,EXACT_REPLAY,mse,0.0028345541944517407,3000,1000
REGRESSION,0.6,20,16,ELIGIBILITY_TRACE,mse,0.009189034085507258,3000,1000
REGRESSION,0.6,20,16,NO_TRACE,mse,0.019212804468628483,3000,1000
REGRESSION,0.6,20,64,EXACT_REPLAY,mse,0.002778454001464385,3000,1000
REGRESSION,0.6,20,64,ELIGIBILITY_TRACE,mse,0.014111534975871486,3000,1000
REGRESSION,0.6,20,64,NO_TRACE,mse,0.01788421914017413,3000,1000
REGRESSION,0.6,21,1,EXACT_REPLAY,mse,0.002234680867873819,3000,1000
REGRESSION,0.6,21,1,ELIGIBILITY_TRACE,mse,0.006341536482211892,3000,1000
REGRESSION,0.6,21,1,NO_TRACE,mse,0.003791176237789642,3000,1000
REGRESSION,0.6,21,4,EXACT_REPLAY,mse,0.002229505227381846,3000,1000
REGRESSION,0.6,21,4,ELIGIBILITY_TRACE,mse,0.005754071004059171,3000,1000
REGRESSION,0.6,21,4,NO_TRACE,mse,0.00848562583084351,3000,1000
REGRESSION,0.6,21,16,EXACT_REPLAY,mse,0.0022213562563504975,3000,1000
REGRESSION,0.6,21,16,ELIGIBILITY_TRACE,mse,0.006485043344053044,3000,1000
REGRESSION,0.6,21,16,NO_TRACE,mse,0.01193764958705087,3000,1000
REGRESSION,0.6,21,64,EXACT_REPLAY,mse,0.0021905968891262743,3000,1000
REGRESSION,0.6,21,64,ELIGIBILITY_TRACE,mse,0.009077563373085653,3000,1000
REGRESSION,0.6,21,64,NO_TRACE,mse,0.01102526244414904,3000,1000
REGRESSION,0.6,22,1,EXACT_REPLAY,mse,0.0027664376202211263,3000,1000
REGRESSION,0.6,22,1,ELIGIBILITY_TRACE,mse,0.008018829982641956,3000,1000
REGRESSION,0.6,22,1,NO_TRACE,mse,0.0049450743435383296,3000,1000
REGRESSION,0.6,22,4,EXACT_REPLAY,mse,0.002759144912690096,3000,1000
REGRESSION,0.6,22,4,ELIGIBILITY_TRACE,mse,0.007375626775195459,3000,1000
REGRESSION,0.6,22,4,NO_TRACE,mse,0.01244606640030726,3000,1000
REGRESSION,0.6,22,16,EXACT_REPLAY,mse,0.0027469152707482562,3000,1000
REGRESSION,0.6,22,16,ELIGIBILITY_TRACE,mse,0.008272925237360455,3000,1000
REGRESSION,0.6,22,16,NO_TRACE,mse,0.016462379055918373,3000,1000
REGRESSION,0.6,22,64,EXACT_REPLAY,mse,0.0027005328762138986,3000,1000
REGRESSION,0.6,22,64,ELIGIBILITY_TRACE,mse,0.012058479446320488,3000,1000
REGRESSION,0.6,22,64,NO_TRACE,mse,0.01620404585612432,3000,1000
REGRESSION,0.6,23,1,EXACT_REPLAY,mse,0.002425587548368842,3000,1000
REGRESSION,0.6,23,1,ELIGIBILITY_TRACE,mse,0.00740799798713706,3000,1000
REGRESSION,0.6,23,1,NO_TRACE,mse,0.004332343516062407,3000,1000
REGRESSION,0.6,23,4,EXACT_REPLAY,mse,0.002418631809368405,3000,1000
REGRESSION,0.6,23,4,ELIGIBILITY_TRACE,mse,0.006674761116477327,3000,1000
REGRESSION,0.6,23,4,NO_TRACE,mse,0.01036224089621351,3000,1000
REGRESSION,0.6,23,16,EXACT_REPLAY,mse,0.0024082399570921433,3000,1000
REGRESSION,0.6,23,16,ELIGIBILITY_TRACE,mse,0.007525821473787008,3000,1000
REGRESSION,0.6,23,16,NO_TRACE,mse,0.014938138668185063,3000,1000
REGRESSION,0.6,23,64,EXACT_REPLAY,mse,0.002369214546605169,3000,1000
REGRESSION,0.6,23,64,ELIGIBILITY_TRACE,mse,0.011327257985967645,3000,1000
REGRESSION,0.6,23,64,NO_TRACE,mse,0.014964423386398014,3000,1000
REGRESSION,0.6,24,1,EXACT_REPLAY,mse,0.002355243015321546,3000,1000
REGRESSION,0.6,24,1,ELIGIBILITY_TRACE,mse,0.007710220375228796,3000,1000
REGRESSION,0.6,24,1,NO_TRACE,mse,0.004465290876871865,3000,1000
REGRESSION,0.6,24,4,EXACT_REPLAY,mse,0.00234835856165351,3000,1000
REGRESSION,0.6,24,4,ELIGIBILITY_TRACE,mse,0.0070117786336074284,3000,1000
REGRESSION,0.6,24,4,NO_TRACE,mse,0.012020139109878784,3000,1000
REGRESSION,0.6,24,16,EXACT_REPLAY,mse,0.002336663482419773,3000,1000
REGRESSION,0.6,24,16,ELIGIBILITY_TRACE,mse,0.007873903648669474,3000,1000
REGRESSION,0.6,24,16,NO_TRACE,mse,0.015636876540423162,3000,1000
REGRESSION,0.6,24,64,EXACT_REPLAY,mse,0.0022914044842291944,3000,1000
REGRESSION,0.6,24,64,ELIGIBILITY_TRACE,mse,0.01195689102270451,3000,1000
REGRESSION,0.6,24,64,NO_TRACE,mse,0.016270765474554298,3000,1000
REGRESSION,0.6,25,1,EXACT_REPLAY,mse,0.0026093343472446888,3000,1000
REGRESSION,0.6,25,1,ELIGIBILITY_TRACE,mse,0.009057968924207249,3000,1000
REGRESSION,0.6,25,1,NO_TRACE,mse,0.005018808858006874,3000,1000
REGRESSION,0.6,25,4,EXACT_REPLAY,mse,0.002600803114161256,3000,1000
REGRESSION,0.6,25,4,ELIGIBILITY_TRACE,mse,0.007990646543597484,3000,1000
REGRESSION,0.6,25,4,NO_TRACE,mse,0.01433916376786858,3000,1000
REGRESSION,0.6,25,16,EXACT_REPLAY,mse,0.0025872110708519305,3000,1000
REGRESSION,0.6,25,16,ELIGIBILITY_TRACE,mse,0.00937860273263544,3000,1000
REGRESSION,0.6,25,16,NO_TRACE,mse,0.020081088373142483,3000,1000
REGRESSION,0.6,25,64,EXACT_REPLAY,mse,0.002533165984319362,3000,1000
REGRESSION,0.6,25,64,ELIGIBILITY_TRACE,mse,0.015575283829896367,3000,1000
REGRESSION,0.6,25,64,NO_TRACE,mse,0.020840381393084466,3000,1000
REGRESSION,0.6,26,1,EXACT_REPLAY,mse,0.0024147868968664808,3000,1000
REGRESSION,0.6,26,1,ELIGIBILITY_TRACE,mse,0.007630524163236361,3000,1000
REGRESSION,0.6,26,1,NO_TRACE,mse,0.004565390235763903,3000,1000
REGRESSION,0.6,26,4,EXACT_REPLAY,mse,0.002407699850439946,3000,1000
REGRESSION,0.6,26,4,ELIGIBILITY_TRACE,mse,0.006723151777745151,3000,1000
REGRESSION,0.6,26,4,NO_TRACE,mse,0.010569493136080698,3000,1000
REGRESSION,0.6,26,16,EXACT_REPLAY,mse,0.0023970054635229186,3000,1000
REGRESSION,0.6,26,16,ELIGIBILITY_TRACE,mse,0.007802115539727165,3000,1000
REGRESSION,0.6,26,16,NO_TRACE,mse,0.016647889960577957,3000,1000
REGRESSION,0.6,26,64,EXACT_REPLAY,mse,0.00235447302319032,3000,1000
REGRESSION,0.6,26,64,ELIGIBILITY_TRACE,mse,0.012388837088301932,3000,1000
REGRESSION,0.6,26,64,NO_TRACE,mse,0.01528732376356145,3000,1000
REGRESSION,0.6,27,1,EXACT_REPLAY,mse,0.003131816937838664,3000,1000
REGRESSION,0.6,27,1,ELIGIBILITY_TRACE,mse,0.009103899324398774,3000,1000
REGRESSION,0.6,27,1,NO_TRACE,mse,0.005474153384673709,3000,1000
REGRESSION,0.6,27,4,EXACT_REPLAY,mse,0.003124010896350316,3000,1000
REGRESSION,0.6,27,4,ELIGIBILITY_TRACE,mse,0.008285459441123888,3000,1000
REGRESSION,0.6,27,4,NO_TRACE,mse,0.01332546517248458,3000,1000
REGRESSION,0.6,27,16,EXACT_REPLAY,mse,0.0031113731053392284,3000,1000
REGRESSION,0.6,27,16,ELIGIBILITY_TRACE,mse,0.009237185096222685,3000,1000
REGRESSION,0.6,27,16,NO_TRACE,mse,0.017810062659435598,3000,1000
REGRESSION,0.6,27,64,EXACT_REPLAY,mse,0.003061506361256881,3000,1000
REGRESSION,0.6,27,64,ELIGIBILITY_TRACE,mse,0.013288849710747008,3000,1000
REGRESSION,0.6,27,64,NO_TRACE,mse,0.017151664922250936,3000,1000
REGRESSION,0.6,28,1,EXACT_REPLAY,mse,0.0030499496370169463,3000,1000
REGRESSION,0.6,28,1,ELIGIBILITY_TRACE,mse,0.010076548070593577,3000,1000
REGRESSION,0.6,28,1,NO_TRACE,mse,0.005681391379957859,3000,1000
REGRESSION,0.6,28,4,EXACT_REPLAY,mse,0.0030410241081593155,3000,1000
REGRESSION,0.6,28,4,ELIGIBILITY_TRACE,mse,0.00895598987283249,3000,1000
REGRESSION,0.6,28,4,NO_TRACE,mse,0.013961767720345058,3000,1000
REGRESSION,0.6,28,16,EXACT_REPLAY,mse,0.003027272270017507,3000,1000
REGRESSION,0.6,28,16,ELIGIBILITY_TRACE,mse,0.010108384915419088,3000,1000
REGRESSION,0.6,28,16,NO_TRACE,mse,0.019118055252208267,3000,1000
REGRESSION,0.6,28,64,EXACT_REPLAY,mse,0.0029704302531015506,3000,1000
REGRESSION,0.6,28,64,ELIGIBILITY_TRACE,mse,0.01581961359310432,3000,1000
REGRESSION,0.6,28,64,NO_TRACE,mse,0.020876906311390754,3000,1000
REGRESSION,0.6,29,1,EXACT_REPLAY,mse,0.002823111680727271,3000,1000
REGRESSION,0.6,29,1,ELIGIBILITY_TRACE,mse,0.008162740535603646,3000,1000
REGRESSION,0.6,29,1,NO_TRACE,mse,0.005453513214203368,3000,1000
REGRESSION,0.6,29,4,EXACT_REPLAY,mse,0.0028156164540574266,3000,1000
REGRESSION,0.6,29,4,ELIGIBILITY_TRACE,mse,0.007501945818663072,3000,1000
REGRESSION,0.6,29,4,NO_TRACE,mse,0.012103781245614214,3000,1000
REGRESSION,0.6,29,16,EXACT_REPLAY,mse,0.0028030944500707067,3000,1000
REGRESSION,0.6,29,16,ELIGIBILITY_TRACE,mse,0.008394596005362968,3000,1000
REGRESSION,0.6,29,16,NO_TRACE,mse,0.014133801814494053,3000,1000
REGRESSION,0.6,29,64,EXACT_REPLAY,mse,0.002753643968421651,3000,1000
REGRESSION,0.6,29,64,ELIGIBILITY_TRACE,mse,0.011129522256520329,3000,1000
REGRESSION,0.6,29,64,NO_TRACE,mse,0.01511070881900275,3000,1000
REGRESSION,0.8,0,1,EXACT_REPLAY,mse,0.0022834276012303274,3000,1000
REGRESSION,0.8,0,1,ELIGIBILITY_TRACE,mse,0.006167496195720405,3000,1000
REGRESSION,0.8,0,1,NO_TRACE,mse,0.0030667976139425084,3000,1000
REGRESSION,0.8,0,4,EXACT_REPLAY,mse,0.0022645898379802837,3000,1000
REGRESSION,0.8,0,4,ELIGIBILITY_TRACE,mse,0.00531110179015885,3000,1000
REGRESSION,0.8,0,4,NO_TRACE,mse,0.005889988053956076,3000,1000
REGRESSION,0.8,0,16,EXACT_REPLAY,mse,0.002248469628237211,3000,1000
REGRESSION,0.8,0,16,ELIGIBILITY_TRACE,mse,0.005484525143822642,3000,1000
REGRESSION,0.8,0,16,NO_TRACE,mse,0.013354238603693926,3000,1000
REGRESSION,0.8,0,64,EXACT_REPLAY,mse,0.002210882485450813,3000,1000
REGRESSION,0.8,0,64,ELIGIBILITY_TRACE,mse,0.010554309196821831,3000,1000
REGRESSION,0.8,0,64,NO_TRACE,mse,0.01419936867140367,3000,1000
REGRESSION,0.8,1,1,EXACT_REPLAY,mse,0.002634702904614292,3000,1000
REGRESSION,0.8,1,1,ELIGIBILITY_TRACE,mse,0.006701468011837441,3000,1000
REGRESSION,0.8,1,1,NO_TRACE,mse,0.0035450004720359142,3000,1000
REGRESSION,0.8,1,4,EXACT_REPLAY,mse,0.0026126413495527567,3000,1000
REGRESSION,0.8,1,4,ELIGIBILITY_TRACE,mse,0.005823304100291794,3000,1000
REGRESSION,0.8,1,4,NO_TRACE,mse,0.006563577805814001,3000,1000
REGRESSION,0.8,1,16,EXACT_REPLAY,mse,0.0025967072001741687,3000,1000
REGRESSION,0.8,1,16,ELIGIBILITY_TRACE,mse,0.006017261796722469,3000,1000
REGRESSION,0.8,1,16,NO_TRACE,mse,0.013203579145298263,3000,1000
REGRESSION,0.8,1,64,EXACT_REPLAY,mse,0.0025587922865829586,3000,1000
REGRESSION,0.8,1,64,ELIGIBILITY_TRACE,mse,0.009578253242370924,3000,1000
REGRESSION,0.8,1,64,NO_TRACE,mse,0.014682979553266598,3000,1000
REGRESSION,0.8,2,1,EXACT_REPLAY,mse,0.002422778113231891,3000,1000
REGRESSION,0.8,2,1,ELIGIBILITY_TRACE,mse,0.006162592818974699,3000,1000
REGRESSION,0.8,2,1,NO_TRACE,mse,0.0032111080236364993,3000,1000
REGRESSION,0.8,2,4,EXACT_REPLAY,mse,0.0024027619579587594,3000,1000
REGRESSION,0.8,2,4,ELIGIBILITY_TRACE,mse,0.005240038900224817,3000,1000
REGRESSION,0.8,2,4,NO_TRACE,mse,0.005841615940118938,3000,1000
REGRESSION,0.8,2,16,EXACT_REPLAY,mse,0.0023889649208330525,3000,1000
REGRESSION,0.8,2,16,ELIGIBILITY_TRACE,mse,0.005318359939282397,3000,1000
REGRESSION,0.8,2,16,NO_TRACE,mse,0.013635055155992231,3000,1000
REGRESSION,0.8,2,64,EXACT_REPLAY,mse,0.002350776934508901,3000,1000
REGRESSION,0.8,2,64,ELIGIBILITY_TRACE,mse,0.009390866712292011,3000,1000
REGRESSION,0.8,2,64,NO_TRACE,mse,0.015057551183774075,3000,1000
REGRESSION,0.8,3,1,EXACT_REPLAY,mse,0.002277465335105448,3000,1000
REGRESSION,0.8,3,1,ELIGIBILITY_TRACE,mse,0.006405115392920368,3000,1000
REGRESSION,0.8,3,1,NO_TRACE,mse,0.0030447665039385445,3000,1000
REGRESSION,0.8,3,4,EXACT_REPLAY,mse,0.002257319194802168,3000,1000
REGRESSION,0.8,3,4,ELIGIBILITY_TRACE,mse,0.00546162143426692,3000,1000
REGRESSION,0.8,3,4,NO_TRACE,mse,0.005904507124633956,3000,1000
REGRESSION,0.8,3,16,EXACT_REPLAY,mse,0.0022400709929434218,3000,1000
REGRESSION,0.8,3,16,ELIGIBILITY_TRACE,mse,0.00556267608290195,3000,1000
REGRESSION,0.8,3,16,NO_TRACE,mse,0.013146080363274365,3000,1000
REGRESSION,0.8,3,64,EXACT_REPLAY,mse,0.0022016884635784255,3000,1000
REGRESSION,0.8,3,64,ELIGIBILITY_TRACE,mse,0.009840654185204849,3000,1000
REGRESSION,0.8,3,64,NO_TRACE,mse,0.015825402984042978,3000,1000
REGRESSION,0.8,4,1,EXACT_REPLAY,mse,0.0029173941205487305,3000,1000
REGRESSION,0.8,4,1,ELIGIBILITY_TRACE,mse,0.009056624988613185,3000,1000
REGRESSION,0.8,4,1,NO_TRACE,mse,0.0041017602049576675,3000,1000
REGRESSION,0.8,4,4,EXACT_REPLAY,mse,0.002890908089950785,3000,1000
REGRESSION,0.8,4,4,ELIGIBILITY_TRACE,mse,0.007678133293452854,3000,1000
REGRESSION,0.8,4,4,NO_TRACE,mse,0.008347281508643608,3000,1000
REGRESSION,0.8,4,16,EXACT_REPLAY,mse,0.002869691106542371,3000,1000
REGRESSION,0.8,4,16,ELIGIBILITY_TRACE,mse,0.007963882005894016,3000,1000
REGRESSION,0.8,4,16,NO_TRACE,mse,0.017143465795999225,3000,1000
REGRESSION,0.8,4,64,EXACT_REPLAY,mse,0.0028134019139896254,3000,1000
REGRESSION,0.8,4,64,ELIGIBILITY_TRACE,mse,0.014574267764974544,3000,1000
REGRESSION,0.8,4,64,NO_TRACE,mse,0.020599020342000212,3000,1000
REGRESSION,0.8,5,1,EXACT_REPLAY,mse,0.002835921991397779,3000,1000
REGRESSION,0.8,5,1,ELIGIBILITY_TRACE,mse,0.007338556009278406,3000,1000
REGRESSION,0.8,5,1,NO_TRACE,mse,0.0036539731373636045,3000,1000
REGRESSION,0.8,5,4,EXACT_REPLAY,mse,0.002811027487134429,3000,1000
REGRESSION,0.8,5,4,ELIGIBILITY_TRACE,mse,0.006207715233743591,3000,1000
REGRESSION,0.8,5,4,NO_TRACE,mse,0.006653250086417078,3000,1000
REGRESSION,0.8,5,16,EXACT_REPLAY,mse,0.0027938374367953434,3000,1000
REGRESSION,0.8,5,16,ELIGIBILITY_TRACE,mse,0.006444075791958204,3000,1000
REGRESSION,0.8,5,16,NO_TRACE,mse,0.01617429315193252,3000,1000
REGRESSION,0.8,5,64,EXACT_REPLAY,mse,0.002748553438180572,3000,1000
REGRESSION,0.8,5,64,ELIGIBILITY_TRACE,mse,0.010601236439967746,3000,1000
REGRESSION,0.8,5,64,NO_TRACE,mse,0.015813250177600525,3000,1000
REGRESSION,0.8,6,1,EXACT_REPLAY,mse,0.0025327004776993013,3000,1000
REGRESSION,0.8,6,1,ELIGIBILITY_TRACE,mse,0.006720691856383898,3000,1000
REGRESSION,0.8,6,1,NO_TRACE,mse,0.0033556813893422816,3000,1000
REGRESSION,0.8,6,4,EXACT_REPLAY,mse,0.0025111889871921667,3000,1000
REGRESSION,0.8,6,4,ELIGIBILITY_TRACE,mse,0.005691309276232552,3000,1000
REGRESSION,0.8,6,4,NO_TRACE,mse,0.0063360649004117935,3000,1000
REGRESSION,0.8,6,16,EXACT_REPLAY,mse,0.0024944958395132634,3000,1000
REGRESSION,0.8,6,16,ELIGIBILITY_TRACE,mse,0.005635637772376601,3000,1000
REGRESSION,0.8,6,16,NO_TRACE,mse,0.01553545687470363,3000,1000
REGRESSION,0.8,6,64,EXACT_REPLAY,mse,0.002453423167520584,3000,1000
REGRESSION,0.8,6,64,ELIGIBILITY_TRACE,mse,0.010587828330596903,3000,1000
REGRESSION,0.8,6,64,NO_TRACE,mse,0.017598552953383688,3000,1000
REGRESSION,0.8,7,1,EXACT_REPLAY,mse,0.0023297299502854133,3000,1000
REGRESSION,0.8,7,1,ELIGIBILITY_TRACE,mse,0.006440339816545428,3000,1000
REGRESSION,0.8,7,1,NO_TRACE,mse,0.0030619763032063768,3000,1000
REGRESSION,0.8,7,4,EXACT_REPLAY,mse,0.0023114761056893178,3000,1000
REGRESSION,0.8,7,4,ELIGIBILITY_TRACE,mse,0.0054799765567964,3000,1000
REGRESSION,0.8,7,4,NO_TRACE,mse,0.0059110162484984395,3000,1000
REGRESSION,0.8,7,16,EXACT_REPLAY,mse,0.002298403095547617,3000,1000
REGRESSION,0.8,7,16,ELIGIBILITY_TRACE,mse,0.005648404727259987,3000,1000
REGRESSION,0.8,7,16,NO_TRACE,mse,0.013951314144453449,3000,1000
REGRESSION,0.8,7,64,EXACT_REPLAY,mse,0.0022617731459794238,3000,1000
REGRESSION,0.8,7,64,ELIGIBILITY_TRACE,mse,0.010616870167284609,3000,1000
REGRESSION,0.8,7,64,NO_TRACE,mse,0.014600759582964295,3000,1000
REGRESSION,0.8,8,1,EXACT_REPLAY,mse,0.0026352079648225097,3000,1000
REGRESSION,0.8,8,1,ELIGIBILITY_TRACE,mse,0.007704826387191845,3000,1000
REGRESSION,0.8,8,1,NO_TRACE,mse,0.003588564730072481,3000,1000
REGRESSION,0.8,8,4,EXACT_REPLAY,mse,0.002610615036442506,3000,1000
REGRESSION,0.8,8,4,ELIGIBILITY_TRACE,mse,0.006433070946648734,3000,1000
REGRESSION,0.8,8,4,NO_TRACE,mse,0.007009853335762486,3000,1000
REGRESSION,0.8,8,16,EXACT_REPLAY,mse,0.0025915913411455895,3000,1000
REGRESSION,0.8,8,16,ELIGIBILITY_TRACE,mse,0.006613099911283871,3000,1000
REGRESSION,0.8,8,16,NO_TRACE,mse,0.017191865210548673,3000,1000
REGRESSION,0.8,8,64,EXACT_REPLAY,mse,0.0025394373410468248,3000,1000
REGRESSION,0.8,8,64,ELIGIBILITY_TRACE,mse,0.012649833819771075,3000,1000
REGRESSION,0.8,8,64,NO_TRACE,mse,0.018201346108135764,3000,1000
REGRESSION,0.8,9,1,EXACT_REPLAY,mse,0.0021259631576473676,3000,1000
REGRESSION,0.8,9,1,ELIGIBILITY_TRACE,mse,0.005935476079938088,3000,1000
REGRESSION,0.8,9,1,NO_TRACE,mse,0.0028022358501321996,3000,1000
REGRESSION,0.8,9,4,EXACT_REPLAY,mse,0.002108281740414485,3000,1000
REGRESSION,0.8,9,4,ELIGIBILITY_TRACE,mse,0.004959021482817527,3000,1000
REGRESSION,0.8,9,4,NO_TRACE,mse,0.005112352274735711,3000,1000
REGRESSION,0.8,9,16,EXACT_REPLAY,mse,0.0020926722807354504,3000,1000
REGRESSION,0.8,9,16,ELIGIBILITY_TRACE,mse,0.0050378445839792865,3000,1000
REGRESSION,0.8,9,16,NO_TRACE,mse,0.011858855797670355,3000,1000
REGRESSION,0.8,9,64,EXACT_REPLAY,mse,0.002059440778920443,3000,1000
REGRESSION,0.8,9,64,ELIGIBILITY_TRACE,mse,0.008731357389580136,3000,1000
REGRESSION,0.8,9,64,NO_TRACE,mse,0.012154261742963544,3000,1000
REGRESSION,0.8,10,1,EXACT_REPLAY,mse,0.00198717365722499,3000,1000
REGRESSION,0.8,10,1,ELIGIBILITY_TRACE,mse,0.006904020602228494,3000,1000
REGRESSION,0.8,10,1,NO_TRACE,mse,0.0028178779564779735,3000,1000
REGRESSION,0.8,10,4,EXACT_REPLAY,mse,0.001965812827067996,3000,1000
REGRESSION,0.8,10,4,ELIGIBILITY_TRACE,mse,0.005639273959107604,3000,1000
REGRESSION,0.8,10,4,NO_TRACE,mse,0.005765961251662216,3000,1000
REGRESSION,0.8,10,16,EXACT_REPLAY,mse,0.0019472226857058783,3000,1000
REGRESSION,0.8,10,16,ELIGIBILITY_TRACE,mse,0.0054725222101320095,3000,1000
REGRESSION,0.8,10,16,NO_TRACE,mse,0.014656535798782816,3000,1000
REGRESSION,0.8,10,64,EXACT_REPLAY,mse,0.0018992555139564428,3000,1000
REGRESSION,0.8,10,64,ELIGIBILITY_TRACE,mse,0.010770709319113522,3000,1000
REGRESSION,0.8,10,64,NO_TRACE,mse,0.01584816642347711,3000,1000
REGRESSION,0.8,11,1,EXACT_REPLAY,mse,0.002216932491448286,3000,1000
REGRESSION,0.8,11,1,ELIGIBILITY_TRACE,mse,0.006952523261049352,3000,1000
REGRESSION,0.8,11,1,NO_TRACE,mse,0.0030204842663516585,3000,1000
REGRESSION,0.8,11,4,EXACT_REPLAY,mse,0.0021951683402148727,3000,1000
REGRESSION,0.8,11,4,ELIGIBILITY_TRACE,mse,0.005756482422201233,3000,1000
REGRESSION,0.8,11,4,NO_TRACE,mse,0.00606303181761994,3000,1000
REGRESSION,0.8,11,16,EXACT_REPLAY,mse,0.002176897395254015,3000,1000
REGRESSION,0.8,11,16,ELIGIBILITY_TRACE,mse,0.005677512771608596,3000,1000
REGRESSION,0.8,11,16,NO_TRACE,mse,0.016141305037214893,3000,1000
REGRESSION,0.8,11,64,EXACT_REPLAY,mse,0.0021313112145689224,3000,1000
REGRESSION,0.8,11,64,ELIGIBILITY_TRACE,mse,0.011949456008208428,3000,1000
REGRESSION,0.8,11,64,NO_TRACE,mse,0.017851943261326948,3000,1000
REGRESSION,0.8,12,1,EXACT_REPLAY,mse,0.0032218112420309437,3000,1000
REGRESSION,0.8,12,1,ELIGIBILITY_TRACE,mse,0.010061395169927241,3000,1000
REGRESSION,0.8,12,1,NO_TRACE,mse,0.004381515258083434,3000,1000
REGRESSION,0.8,12,4,EXACT_REPLAY,mse,0.003192071075506577,3000,1000
REGRESSION,0.8,12,4,ELIGIBILITY_TRACE,mse,0.008504800548592872,3000,1000
REGRESSION,0.8,12,4,NO_TRACE,mse,0.008339747840590092,3000,1000
REGRESSION,0.8,12,16,EXACT_REPLAY,mse,0.003168943539315336,3000,1000
REGRESSION,0.8,12,16,ELIGIBILITY_TRACE,mse,0.00877840527189414,3000,1000
REGRESSION,0.8,12,16,NO_TRACE,mse,0.01876529000509788,3000,1000
REGRESSION,0.8,12,64,EXACT_REPLAY,mse,0.0031079303003043028,3000,1000
REGRESSION,0.8,12,64,ELIGIBILITY_TRACE,mse,0.013991867102223084,3000,1000
REGRESSION,0.8,12,64,NO_TRACE,mse,0.019960527867791008,3000,1000
REGRESSION,0.8,13,1,EXACT_REPLAY,mse,0.0028479884593851324,3000,1000
REGRESSION,0.8,13,1,ELIGIBILITY_TRACE,mse,0.007942050697834487,3000,1000
REGRESSION,0.8,13,1,NO_TRACE,mse,0.0038406816014439258,3000,1000
REGRESSION,0.8,13,4,EXACT_REPLAY,mse,0.002821699101132175,3000,1000
REGRESSION,0.8,13,4,ELIGIBILITY_TRACE,mse,0.006753598634000348,3000,1000
REGRESSION,0.8,13,4,NO_TRACE,mse,0.00741771331776423,3000,1000
REGRESSION,0.8,13,16,EXACT_REPLAY,mse,0.002800216103091172,3000,1000
REGRESSION,0.8,13,16,ELIGIBILITY_TRACE,mse,0.006837495995776085,3000,1000
REGRESSION,0.8,13,16,NO_TRACE,mse,0.015407406602966927,3000,1000
REGRESSION,0.8,13,64,EXACT_REPLAY,mse,0.002752754328226379,3000,1000
REGRESSION,0.8,13,64,ELIGIBILITY_TRACE,mse,0.012486733625965776,3000,1000
REGRESSION,0.8,13,64,NO_TRACE,mse,0.017442351728075876,3000,1000
REGRESSION,0.8,14,1,EXACT_REPLAY,mse,0.0028845132375407046,3000,1000
REGRESSION,0.8,14,1,ELIGIBILITY_TRACE,mse,0.008004756760004686,3000,1000
REGRESSION,0.8,14,1,NO_TRACE,mse,0.003909525287798836,3000,1000
REGRESSION,0.8,14,4,EXACT_REPLAY,mse,0.0028584321618017844,3000,1000
REGRESSION,0.8,14,4,ELIGIBILITY_TRACE,mse,0.006811455131899107,3000,1000
REGRESSION,0.8,14,4,NO_TRACE,mse,0.00734950500468239,3000,1000
REGRESSION,0.8,14,16,EXACT_REPLAY,mse,0.0028391718667186137,3000,1000
REGRESSION,0.8,14,16,ELIGIBILITY_TRACE,mse,0.006709225272076836,3000,1000
REGRESSION,0.8,14,16,NO_TRACE,mse,0.014798330328040081,3000,1000
REGRESSION,0.8,14,64,EXACT_REPLAY,mse,0.002788733608543357,3000,1000
REGRESSION,0.8,14,64,ELIGIBILITY_TRACE,mse,0.013474643161790152,3000,1000
REGRESSION,0.8,14,64,NO_TRACE,mse,0.017226415855823653,3000,1000
REGRESSION,0.8,15,1,EXACT_REPLAY,mse,0.002245418999107715,3000,1000
REGRESSION,0.8,15,1,ELIGIBILITY_TRACE,mse,0.005874523768008386,3000,1000
REGRESSION,0.8,15,1,NO_TRACE,mse,0.0030185217786137964,3000,1000
REGRESSION,0.8,15,4,EXACT_REPLAY,mse,0.0022282754969472603,3000,1000
REGRESSION,0.8,15,4,ELIGIBILITY_TRACE,mse,0.00506316487760109,3000,1000
REGRESSION,0.8,15,4,NO_TRACE,mse,0.005701619625093,3000,1000
REGRESSION,0.8,15,16,EXACT_REPLAY,mse,0.002214648936653331,3000,1000
REGRESSION,0.8,15,16,ELIGIBILITY_TRACE,mse,0.0052422610184437776,3000,1000
REGRESSION,0.8,15,16,NO_TRACE,mse,0.012023327832052299,3000,1000
REGRESSION,0.8,15,64,EXACT_REPLAY,mse,0.002177889517449,3000,1000
REGRESSION,0.8,15,64,ELIGIBILITY_TRACE,mse,0.009413895660781699,3000,1000
REGRESSION,0.8,15,64,NO_TRACE,mse,0.013472721391457014,3000,1000
REGRESSION,0.8,16,1,EXACT_REPLAY,mse,0.0025350641679205265,3000,1000
REGRESSION,0.8,16,1,ELIGIBILITY_TRACE,mse,0.00672595612277583,3000,1000
REGRESSION,0.8,16,1,NO_TRACE,mse,0.0034653547708748053,3000,1000
REGRESSION,0.8,16,4,EXACT_REPLAY,mse,0.0025102385875391724,3000,1000
REGRESSION,0.8,16,4,ELIGIBILITY_TRACE,mse,0.0057790584296061225,3000,1000
REGRESSION,0.8,16,4,NO_TRACE,mse,0.006773810929433623,3000,1000
REGRESSION,0.8,16,16,EXACT_REPLAY,mse,0.002490042277783764,3000,1000
REGRESSION,0.8,16,16,ELIGIBILITY_TRACE,mse,0.005824989265375336,3000,1000
REGRESSION,0.8,16,16,NO_TRACE,mse,0.013301851106771055,3000,1000
REGRESSION,0.8,16,64,EXACT_REPLAY,mse,0.002439645739568528,3000,1000
REGRESSION,0.8,16,64,ELIGIBILITY_TRACE,mse,0.009919245176354516,3000,1000
REGRESSION,0.8,16,64,NO_TRACE,mse,0.015586515849508962,3000,1000
REGRESSION,0.8,17,1,EXACT_REPLAY,mse,0.0024294414808120357,3000,1000
REGRESSION,0.8,17,1,ELIGIBILITY_TRACE,mse,0.007556425334612848,3000,1000
REGRESSION,0.8,17,1,NO_TRACE,mse,0.0032511777666524634,3000,1000
REGRESSION,0.8,17,4,EXACT_REPLAY,mse,0.0024063464656146386,3000,1000
REGRESSION,0.8,17,4,ELIGIBILITY_TRACE,mse,0.006393125222614892,3000,1000
REGRESSION,0.8,17,4,NO_TRACE,mse,0.006528749591655098,3000,1000
REGRESSION,0.8,17,16,EXACT_REPLAY,mse,0.0023889669266106478,3000,1000
REGRESSION,0.8,17,16,ELIGIBILITY_TRACE,mse,0.006348629178674611,3000,1000
REGRESSION,0.8,17,16,NO_TRACE,mse,0.015088561325042767,3000,1000
REGRESSION,0.8,17,64,EXACT_REPLAY,mse,0.002347164729363155,3000,1000
REGRESSION,0.8,17,64,ELIGIBILITY_TRACE,mse,0.011182094964075502,3000,1000
REGRESSION,0.8,17,64,NO_TRACE,mse,0.016529496105803693,3000,1000
REGRESSION,0.8,18,1,EXACT_REPLAY,mse,0.0026611250698824617,3000,1000
REGRESSION,0.8,18,1,ELIGIBILITY_TRACE,mse,0.007638213251274599,3000,1000
REGRESSION,0.8,18,1,NO_TRACE,mse,0.0035428665033499147,3000,1000
REGRESSION,0.8,18,4,EXACT_REPLAY,mse,0.002638321698272777,3000,1000
REGRESSION,0.8,18,4,ELIGIBILITY_TRACE,mse,0.0064005363999316885,3000,1000
REGRESSION,0.8,18,4,NO_TRACE,mse,0.006621072968404469,3000,1000
REGRESSION,0.8,18,16,EXACT_REPLAY,mse,0.0026212323294368435,3000,1000
REGRESSION,0.8,18,16,ELIGIBILITY_TRACE,mse,0.006391140245273164,3000,1000
REGRESSION,0.8,18,16,NO_TRACE,mse,0.014842736294548069,3000,1000
REGRESSION,0.8,18,64,EXACT_REPLAY,mse,0.002577386224871473,3000,1000
REGRESSION,0.8,18,64,ELIGIBILITY_TRACE,mse,0.011057393659812781,3000,1000
REGRESSION,0.8,18,64,NO_TRACE,mse,0.016054354949809238,3000,1000
REGRESSION,0.8,19,1,EXACT_REPLAY,mse,0.002397036204106322,3000,1000
REGRESSION,0.8,19,1,ELIGIBILITY_TRACE,mse,0.007366197853372862,3000,1000
REGRESSION,0.8,19,1,NO_TRACE,mse,0.0032691592772019556,3000,1000
REGRESSION,0.8,19,4,EXACT_REPLAY,mse,0.002373758471091849,3000,1000
REGRESSION,0.8,19,4,ELIGIBILITY_TRACE,mse,0.006147539980937285,3000,1000
REGRESSION,0.8,19,4,NO_TRACE,mse,0.006190926263370535,3000,1000
REGRESSION,0.8,19,16,EXACT_REPLAY,mse,0.002355950828725658,3000,1000
REGRESSION,0.8,19,16,ELIGIBILITY_TRACE,mse,0.005991211974749775,3000,1000
REGRESSION,0.8,19,16,NO_TRACE,mse,0.012817530158023754,3000,1000
REGRESSION,0.8,19,64,EXACT_REPLAY,mse,0.0023130304840214685,3000,1000
REGRESSION,0.8,19,64,ELIGIBILITY_TRACE,mse,0.01143139335524031,3000,1000
REGRESSION,0.8,19,64,NO_TRACE,mse,0.016552651049304753,3000,1000
REGRESSION,0.8,20,1,EXACT_REPLAY,mse,0.002775976285806935,3000,1000
REGRESSION,0.8,20,1,ELIGIBILITY_TRACE,mse,0.008319887991098722,3000,1000
REGRESSION,0.8,20,1,NO_TRACE,mse,0.0037757028319323114,3000,1000
REGRESSION,0.8,20,4,EXACT_REPLAY,mse,0.0027503323342535175,3000,1000
REGRESSION,0.8,20,4,ELIGIBILITY_TRACE,mse,0.007005724381872218,3000,1000
REGRESSION,0.8,20,4,NO_TRACE,mse,0.007298409714516056,3000,1000
REGRESSION,0.8,20,16,EXACT_REPLAY,mse,0.002729421162924387,3000,1000
REGRESSION,0.8,20,16,ELIGIBILITY_TRACE,mse,0.006965741621092812,3000,1000
REGRESSION,0.8,20,16,NO_TRACE,mse,0.01729050580447927,3000,1000
REGRESSION,0.8,20,64,EXACT_REPLAY,mse,0.0026835514547525713,3000,1000
REGRESSION,0.8,20,64,ELIGIBILITY_TRACE,mse,0.01298600772687789,3000,1000
REGRESSION,0.8,20,64,NO_TRACE,mse,0.018416158282883066,3000,1000
REGRESSION,0.8,21,1,EXACT_REPLAY,mse,0.0021939403947239104,3000,1000
REGRESSION,0.8,21,1,ELIGIBILITY_TRACE,mse,0.0054481708457768665,3000,1000
REGRESSION,0.8,21,1,NO_TRACE,mse,0.0028503179967971468,3000,1000
REGRESSION,0.8,21,4,EXACT_REPLAY,mse,0.0021776021517635573,3000,1000
REGRESSION,0.8,21,4,ELIGIBILITY_TRACE,mse,0.004655687090972254,3000,1000
REGRESSION,0.8,21,4,NO_TRACE,mse,0.005068566015352361,3000,1000
REGRESSION,0.8,21,16,EXACT_REPLAY,mse,0.002165431585781494,3000,1000
REGRESSION,0.8,21,16,ELIGIBILITY_TRACE,mse,0.004702125867915637,3000,1000
REGRESSION,0.8,21,16,NO_TRACE,mse,0.011465586899238527,3000,1000
REGRESSION,0.8,21,64,EXACT_REPLAY,mse,0.0021350616340170122,3000,1000
REGRESSION,0.8,21,64,ELIGIBILITY_TRACE,mse,0.008336298340432329,3000,1000
REGRESSION,0.8,21,64,NO_TRACE,mse,0.010881047614996983,3000,1000
REGRESSION,0.8,22,1,EXACT_REPLAY,mse,0.002678564894714869,3000,1000
REGRESSION,0.8,22,1,ELIGIBILITY_TRACE,mse,0.00796018342554131,3000,1000
REGRESSION,0.8,22,1,NO_TRACE,mse,0.0036248694851448585,3000,1000
REGRESSION,0.8,22,4,EXACT_REPLAY,mse,0.0026554884836798103,3000,1000
REGRESSION,0.8,22,4,ELIGIBILITY_TRACE,mse,0.0067842944057335194,3000,1000
REGRESSION,0.8,22,4,NO_TRACE,mse,0.007372508173539916,3000,1000
REGRESSION,0.8,22,16,EXACT_REPLAY,mse,0.0026387336708050377,3000,1000
REGRESSION,0.8,22,16,ELIGIBILITY_TRACE,mse,0.007347473786512624,3000,1000
REGRESSION,0.8,22,16,NO_TRACE,mse,0.0171194443678878,3000,1000
REGRESSION,0.8,22,64,EXACT_REPLAY,mse,0.002596254429088319,3000,1000
REGRESSION,0.8,22,64,ELIGIBILITY_TRACE,mse,0.01195272199586102,3000,1000
REGRESSION,0.8,22,64,NO_TRACE,mse,0.016525510026696152,3000,1000
REGRESSION,0.8,23,1,EXACT_REPLAY,mse,0.00261896249384779,3000,1000
REGRESSION,0.8,23,1,ELIGIBILITY_TRACE,mse,0.006998688920675069,3000,1000
REGRESSION,0.8,23,1,NO_TRACE,mse,0.0035805459430450215,3000,1000
REGRESSION,0.8,23,4,EXACT_REPLAY,mse,0.0025949623219435063,3000,1000
REGRESSION,0.8,23,4,ELIGIBILITY_TRACE,mse,0.006003995499003461,3000,1000
REGRESSION,0.8,23,4,NO_TRACE,mse,0.0065766047261728465,3000,1000
REGRESSION,0.8,23,16,EXACT_REPLAY,mse,0.002575456239976585,3000,1000
REGRESSION,0.8,23,16,ELIGIBILITY_TRACE,mse,0.005996628819985173,3000,1000
REGRESSION,0.8,23,16,NO_TRACE,mse,0.013287624743173698,3000,1000
REGRESSION,0.8,23,64,EXACT_REPLAY,mse,0.002533754650849926,3000,1000
REGRESSION,0.8,23,64,ELIGIBILITY_TRACE,mse,0.00994000368570953,3000,1000
REGRESSION,0.8,23,64,NO_TRACE,mse,0.01353606784917979,3000,1000
REGRESSION,0.8,24,1,EXACT_REPLAY,mse,0.002421593064517664,3000,1000
REGRESSION,0.8,24,1,ELIGIBILITY_TRACE,mse,0.007877188151465452,3000,1000
REGRESSION,0.8,24,1,NO_TRACE,mse,0.003402199201581982,3000,1000
REGRESSION,0.8,24,4,EXACT_REPLAY,mse,0.002397086560879486,3000,1000
REGRESSION,0.8,24,4,ELIGIBILITY_TRACE,mse,0.0065027007845579006,3000,1000
REGRESSION,0.8,24,4,NO_TRACE,mse,0.00685619554461536,3000,1000
REGRESSION,0.8,24,16,EXACT_REPLAY,mse,0.0023764204120636087,3000,1000
REGRESSION,0.8,24,16,ELIGIBILITY_TRACE,mse,0.006505728235819118,3000,1000
REGRESSION,0.8,24,16,NO_TRACE,mse,0.01665869542658659,3000,1000
REGRESSION,0.8,24,64,EXACT_REPLAY,mse,0.0023232740025284178,3000,1000
REGRESSION,0.8,24,64,ELIGIBILITY_TRACE,mse,0.011353790617845801,3000,1000
REGRESSION,0.8,24,64,NO_TRACE,mse,0.017318006175867293,3000,1000
REGRESSION,0.8,25,1,EXACT_REPLAY,mse,0.002665081773490836,3000,1000
REGRESSION,0.8,25,1,ELIGIBILITY_TRACE,mse,0.007952770624084301,3000,1000
REGRESSION,0.8,25,1,NO_TRACE,mse,0.0035543754522689057,3000,1000
REGRESSION,0.8,25,4,EXACT_REPLAY,mse,0.0026397899576102316,3000,1000
REGRESSION,0.8,25,4,ELIGIBILITY_TRACE,mse,0.006625959751654158,3000,1000
REGRESSION,0.8,25,4,NO_TRACE,mse,0.006832107667379019,3000,1000
REGRESSION,0.8,25,16,EXACT_REPLAY,mse,0.002618046369709836,3000,1000
REGRESSION,0.8,25,16,ELIGIBILITY_TRACE,mse,0.006780253536300563,3000,1000
REGRESSION,0.8,25,16,NO_TRACE,mse,0.019884676144696117,3000,1000
REGRESSION,0.8,25,64,EXACT_REPLAY,mse,0.0025698398177840193,3000,1000
REGRESSION,0.8,25,64,ELIGIBILITY_TRACE,mse,0.013264275024325594,3000,1000
REGRESSION,0.8,25,64,NO_TRACE,mse,0.02042199114168924,3000,1000
REGRESSION,0.8,26,1,EXACT_REPLAY,mse,0.002148893780349236,3000,1000
REGRESSION,0.8,26,1,ELIGIBILITY_TRACE,mse,0.006646814755960485,3000,1000
REGRESSION,0.8,26,1,NO_TRACE,mse,0.00287664267590156,3000,1000
REGRESSION,0.8,26,4,EXACT_REPLAY,mse,0.002129044076956524,3000,1000
REGRESSION,0.8,26,4,ELIGIBILITY_TRACE,mse,0.00554277955598698,3000,1000
REGRESSION,0.8,26,4,NO_TRACE,mse,0.0059533574155238205,3000,1000
REGRESSION,0.8,26,16,EXACT_REPLAY,mse,0.0021127362020245456,3000,1000
REGRESSION,0.8,26,16,ELIGIBILITY_TRACE,mse,0.005614637941635603,3000,1000
REGRESSION,0.8,26,16,NO_TRACE,mse,0.014273251987642281,3000,1000
REGRESSION,0.8,26,64,EXACT_REPLAY,mse,0.0020704980324939433,3000,1000
REGRESSION,0.8,26,64,ELIGIBILITY_TRACE,mse,0.010848995065117587,3000,1000
REGRESSION,0.8,26,64,NO_TRACE,mse,0.015541207225122929,3000,1000
REGRESSION,0.8,27,1,EXACT_REPLAY,mse,0.003443189386387209,3000,1000
REGRESSION,0.8,27,1,ELIGIBILITY_TRACE,mse,0.008111860804054563,3000,1000
REGRESSION,0.8,27,1,NO_TRACE,mse,0.004491930871282536,3000,1000
REGRESSION,0.8,27,4,EXACT_REPLAY,mse,0.0034174510367859278,3000,1000
REGRESSION,0.8,27,4,ELIGIBILITY_TRACE,mse,0.007016674817466898,3000,1000
REGRESSION,0.8,27,4,NO_TRACE,mse,0.007725633927228183,3000,1000
REGRESSION,0.8,27,16,EXACT_REPLAY,mse,0.003398237666241944,3000,1000
REGRESSION,0.8,27,16,ELIGIBILITY_TRACE,mse,0.006941284830060162,3000,1000
REGRESSION,0.8,27,16,NO_TRACE,mse,0.01627663002766019,3000,1000
REGRESSION,0.8,27,64,EXACT_REPLAY,mse,0.003355498393920069,3000,1000
REGRESSION,0.8,27,64,ELIGIBILITY_TRACE,mse,0.013155256450989054,3000,1000
REGRESSION,0.8,27,64,NO_TRACE,mse,0.021040821902795458,3000,1000
REGRESSION,0.8,28,1,EXACT_REPLAY,mse,0.0029087215125500818,3000,1000
REGRESSION,0.8,28,1,ELIGIBILITY_TRACE,mse,0.008533224427716639,3000,1000
REGRESSION,0.8,28,1,NO_TRACE,mse,0.003921366568069006,3000,1000
REGRESSION,0.8,28,4,EXACT_REPLAY,mse,0.002882233692784926,3000,1000
REGRESSION,0.8,28,4,ELIGIBILITY_TRACE,mse,0.007154829776621958,3000,1000
REGRESSION,0.8,28,4,NO_TRACE,mse,0.007469956328012577,3000,1000
REGRESSION,0.8,28,16,EXACT_REPLAY,mse,0.0028610448442845733,3000,1000
REGRESSION,0.8,28,16,ELIGIBILITY_TRACE,mse,0.00726541433494863,3000,1000
REGRESSION,0.8,28,16,NO_TRACE,mse,0.017402298868156738,3000,1000
REGRESSION,0.8,28,64,EXACT_REPLAY,mse,0.002810175221420488,3000,1000
REGRESSION,0.8,28,64,ELIGIBILITY_TRACE,mse,0.01258856213611184,3000,1000
REGRESSION,0.8,28,64,NO_TRACE,mse,0.017510009179512488,3000,1000
REGRESSION,0.8,29,1,EXACT_REPLAY,mse,0.0029146208177476397,3000,1000
REGRESSION,0.8,29,1,ELIGIBILITY_TRACE,mse,0.008206516261657072,3000,1000
REGRESSION,0.8,29,1,NO_TRACE,mse,0.003997721217425628,3000,1000
REGRESSION,0.8,29,4,EXACT_REPLAY,mse,0.0028847694034367525,3000,1000
REGRESSION,0.8,29,4,ELIGIBILITY_TRACE,mse,0.007025904405284983,3000,1000
REGRESSION,0.8,29,4,NO_TRACE,mse,0.0074857004164764415,3000,1000
REGRESSION,0.8,29,16,EXACT_REPLAY,mse,0.00286235402191108,3000,1000
REGRESSION,0.8,29,16,ELIGIBILITY_TRACE,mse,0.007191411963197604,3000,1000
REGRESSION,0.8,29,16,NO_TRACE,mse,0.016838791905637463,3000,1000
REGRESSION,0.8,29,64,EXACT_REPLAY,mse,0.002808191836773589,3000,1000
REGRESSION,0.8,29,64,ELIGIBILITY_TRACE,mse,0.011728665591010564,3000,1000
REGRESSION,0.8,29,64,NO_TRACE,mse,0.01494599558791186,3000,1000
REGRESSION,0.9,0,1,EXACT_REPLAY,mse,0.0022472015892102235,3000,1000
REGRESSION,0.9,0,1,ELIGIBILITY_TRACE,mse,0.005036384661614637,3000,1000
REGRESSION,0.9,0,1,NO_TRACE,mse,0.0025931386542029406,3000,1000
REGRESSION,0.9,0,4,EXACT_REPLAY,mse,0.0022149589932460873,3000,1000
REGRESSION,0.9,0,4,ELIGIBILITY_TRACE,mse,0.004407567451811831,3000,1000
REGRESSION,0.9,0,4,NO_TRACE,mse,0.0035932210936914294,3000,1000
REGRESSION,0.9,0,16,EXACT_REPLAY,mse,0.0021785713999499137,3000,1000
REGRESSION,0.9,0,16,ELIGIBILITY_TRACE,mse,0.003896298510410863,3000,1000
REGRESSION,0.9,0,16,NO_TRACE,mse,0.0077964797072787775,3000,1000
REGRESSION,0.9,0,64,EXACT_REPLAY,mse,0.002149599674964259,3000,1000
REGRESSION,0.9,0,64,ELIGIBILITY_TRACE,mse,0.006950856073811344,3000,1000
REGRESSION,0.9,0,64,NO_TRACE,mse,0.013137757374008085,3000,1000
REGRESSION,0.9,1,1,EXACT_REPLAY,mse,0.0030134549045237585,3000,1000
REGRESSION,0.9,1,1,ELIGIBILITY_TRACE,mse,0.007445065425726139,3000,1000
REGRESSION,0.9,1,1,NO_TRACE,mse,0.0035141783279416913,3000,1000
REGRESSION,0.9,1,4,EXACT_REPLAY,mse,0.0029659414899394945,3000,1000
REGRESSION,0.9,1,4,ELIGIBILITY_TRACE,mse,0.006484255218084933,3000,1000
REGRESSION,0.9,1,4,NO_TRACE,mse,0.005069446138611989,3000,1000
REGRESSION,0.9,1,16,EXACT_REPLAY,mse,0.0029157905583339643,3000,1000
REGRESSION,0.9,1,16,ELIGIBILITY_TRACE,mse,0.005810131100522694,3000,1000
REGRESSION,0.9,1,16,NO_TRACE,mse,0.011523184119595227,3000,1000
REGRESSION,0.9,1,64,EXACT_REPLAY,mse,0.002869088494923801,3000,1000
REGRESSION,0.9,1,64,ELIGIBILITY_TRACE,mse,0.010061009649371599,3000,1000
REGRESSION,0.9,1,64,NO_TRACE,mse,0.016724736666341188,3000,1000
REGRESSION,0.9,2,1,EXACT_REPLAY,mse,0.0022659592745858112,3000,1000
REGRESSION,0.9,2,1,ELIGIBILITY_TRACE,mse,0.00571420472154604,3000,1000
REGRESSION,0.9,2,1,NO_TRACE,mse,0.0026224426966872864,3000,1000
REGRESSION,0.9,2,4,EXACT_REPLAY,mse,0.002229465586246315,3000,1000
REGRESSION,0.9,2,4,ELIGIBILITY_TRACE,mse,0.004938783843414497,3000,1000
REGRESSION,0.9,2,4,NO_TRACE,mse,0.003732615156143087,3000,1000
REGRESSION,0.9,2,16,EXACT_REPLAY,mse,0.0021865142540028835,3000,1000
REGRESSION,0.9,2,16,ELIGIBILITY_TRACE,mse,0.0043538619314096695,3000,1000
REGRESSION,0.9,2,16,NO_TRACE,mse,0.00886389362373884,3000,1000
REGRESSION,0.9,2,64,EXACT_REPLAY,mse,0.002154957557817017,3000,1000
REGRESSION,0.9,2,64,ELIGIBILITY_TRACE,mse,0.007814275684202244,3000,1000
REGRESSION,0.9,2,64,NO_TRACE,mse,0.01451247170371962,3000,1000
REGRESSION,0.9,3,1,EXACT_REPLAY,mse,0.00242543854345429,3000,1000
REGRESSION,0.9,3,1,ELIGIBILITY_TRACE,mse,0.006675279991879394,3000,1000
REGRESSION,0.9,3,1,NO_TRACE,mse,0.0028509437893144544,3000,1000
REGRESSION,0.9,3,4,EXACT_REPLAY,mse,0.0023875191750075773,3000,1000
REGRESSION,0.9,3,4,ELIGIBILITY_TRACE,mse,0.005642073583071881,3000,1000
REGRESSION,0.9,3,4,NO_TRACE,mse,0.0041976591770140894,3000,1000
REGRESSION,0.9,3,16,EXACT_REPLAY,mse,0.002346578670768945,3000,1000
REGRESSION,0.9,3,16,ELIGIBILITY_TRACE,mse,0.004883049026517417,3000,1000
REGRESSION,0.9,3,16,NO_TRACE,mse,0.010236706262202532,3000,1000
REGRESSION,0.9,3,64,EXACT_REPLAY,mse,0.002300980558291937,3000,1000
REGRESSION,0.9,3,64,ELIGIBILITY_TRACE,mse,0.01058308049815641,3000,1000
REGRESSION,0.9,3,64,NO_TRACE,mse,0.015342225860050497,3000,1000
REGRESSION,0.9,4,1,EXACT_REPLAY,mse,0.002773528326889085,3000,1000
REGRESSION,0.9,4,1,ELIGIBILITY_TRACE,mse,0.007106580988605682,3000,1000
REGRESSION,0.9,4,1,NO_TRACE,mse,0.003252847367603835,3000,1000
REGRESSION,0.9,4,4,EXACT_REPLAY,mse,0.002727421612939979,3000,1000
REGRESSION,0.9,4,4,ELIGIBILITY_TRACE,mse,0.006083118422180946,3000,1000
REGRESSION,0.9,4,4,NO_TRACE,mse,0.0047690455244293675,3000,1000
REGRESSION,0.9,4,16,EXACT_REPLAY,mse,0.0026800032554857582,3000,1000
REGRESSION,0.9,4,16,ELIGIBILITY_TRACE,mse,0.005506873178677389,3000,1000
REGRESSION,0.9,4,16,NO_TRACE,mse,0.013413531116158372,3000,1000
REGRESSION,0.9,4,64,EXACT_REPLAY,mse,0.002635285436922538,3000,1000
REGRESSION,0.9,4,64,ELIGIBILITY_TRACE,mse,0.010369417766224392,3000,1000
REGRESSION,0.9,4,64,NO_TRACE,mse,0.01876686683502294,3000,1000
REGRESSION,0.9,5,1,EXACT_REPLAY,mse,0.002814588481580691,3000,1000
REGRESSION,0.9,5,1,ELIGIBILITY_TRACE,mse,0.006679152280712117,3000,1000
REGRESSION,0.9,5,1,NO_TRACE,mse,0.003216995052239371,3000,1000
REGRESSION,0.9,5,4,EXACT_REPLAY,mse,0.00277551094241365,3000,1000
REGRESSION,0.9,5,4,ELIGIBILITY_TRACE,mse,0.005705205203164295,3000,1000
REGRESSION,0.9,5,4,NO_TRACE,mse,0.004377635201400357,3000,1000
REGRESSION,0.9,5,16,EXACT_REPLAY,mse,0.0027316800177935143,3000,1000
REGRESSION,0.9,5,16,ELIGIBILITY_TRACE,mse,0.0050224962167646344,3000,1000
REGRESSION,0.9,5,16,NO_TRACE,mse,0.01017598885758192,3000,1000
REGRESSION,0.9,5,64,EXACT_REPLAY,mse,0.002689708344226144,3000,1000
REGRESSION,0.9,5,64,ELIGIBILITY_TRACE,mse,0.010515803149899756,3000,1000
REGRESSION,0.9,5,64,NO_TRACE,mse,0.01751379322919101,3000,1000
REGRESSION,0.9,6,1,EXACT_REPLAY,mse,0.0028217945656043037,3000,1000
REGRESSION,0.9,6,1,ELIGIBILITY_TRACE,mse,0.007427796405147426,3000,1000
REGRESSION,0.9,6,1,NO_TRACE,mse,0.0033306735158698756,3000,1000
REGRESSION,0.9,6,4,EXACT_REPLAY,mse,0.002780777332329138,3000,1000
REGRESSION,0.9,6,4,ELIGIBILITY_TRACE,mse,0.006450649150598378,3000,1000
REGRESSION,0.9,6,4,NO_TRACE,mse,0.004934747173244858,3000,1000
REGRESSION,0.9,6,16,EXACT_REPLAY,mse,0.002736390666431255,3000,1000
REGRESSION,0.9,6,16,ELIGIBILITY_TRACE,mse,0.005758979427856513,3000,1000
REGRESSION,0.9,6,16,NO_TRACE,mse,0.010944167458014409,3000,1000
REGRESSION,0.9,6,64,EXACT_REPLAY,mse,0.0026982509804059428,3000,1000
REGRESSION,0.9,6,64,ELIGIBILITY_TRACE,mse,0.010424401432178036,3000,1000
REGRESSION,0.9,6,64,NO_TRACE,mse,0.016273030587042495,3000,1000
REGRESSION,0.9,7,1,EXACT_REPLAY,mse,0.0024699536452842835,3000,1000
REGRESSION,0.9,7,1,ELIGIBILITY_TRACE,mse,0.0059319385208989215,3000,1000
REGRESSION,0.9,7,1,NO_TRACE,mse,0.0028385787507822836,3000,1000
REGRESSION,0.9,7,4,EXACT_REPLAY,mse,0.0024333541722917395,3000,1000
REGRESSION,0.9,7,4,ELIGIBILITY_TRACE,mse,0.005030370754776205,3000,1000
REGRESSION,0.9,7,4,NO_TRACE,mse,0.004058393352650997,3000,1000
REGRESSION,0.9,7,16,EXACT_REPLAY,mse,0.0023918602757041054,3000,1000
REGRESSION,0.9,7,16,ELIGIBILITY_TRACE,mse,0.004331379620181254,3000,1000
REGRESSION,0.9,7,16,NO_TRACE,mse,0.009993712015695573,3000,1000
REGRESSION,0.9,7,64,EXACT_REPLAY,mse,0.002348958008620466,3000,1000
REGRESSION,0.9,7,64,ELIGIBILITY_TRACE,mse,0.00859357859159394,3000,1000
REGRESSION,0.9,7,64,NO_TRACE,mse,0.015358463319815599,3000,1000
REGRESSION,0.9,8,1,EXACT_REPLAY,mse,0.002611889760617331,3000,1000
REGRESSION,0.9,8,1,ELIGIBILITY_TRACE,mse,0.006060686263118068,3000,1000
REGRESSION,0.9,8,1,NO_TRACE,mse,0.0030410106659269297,3000,1000
REGRESSION,0.9,8,4,EXACT_REPLAY,mse,0.002572174303294316,3000,1000
REGRESSION,0.9,8,4,ELIGIBILITY_TRACE,mse,0.005179929312724646,3000,1000
REGRESSION,0.9,8,4,NO_TRACE,mse,0.0043730608914004645,3000,1000
REGRESSION,0.9,8,16,EXACT_REPLAY,mse,0.002530451977943593,3000,1000
REGRESSION,0.9,8,16,ELIGIBILITY_TRACE,mse,0.004625608255247713,3000,1000
REGRESSION,0.9,8,16,NO_TRACE,mse,0.011095482169781115,3000,1000
REGRESSION,0.9,8,64,EXACT_REPLAY,mse,0.002496275635412413,3000,1000
REGRESSION,0.9,8,64,ELIGIBILITY_TRACE,mse,0.011556921269365234,3000,1000
REGRESSION,0.9,8,64,NO_TRACE,mse,0.0183384557088441,3000,1000
REGRESSION,0.9,9,1,EXACT_REPLAY,mse,0.0019386142588068492,3000,1000
REGRESSION,0.9,9,1,ELIGIBILITY_TRACE,mse,0.004977315572182718,3000,1000
REGRESSION,0.9,9,1,NO_TRACE,mse,0.002214140056826242,3000,1000
REGRESSION,0.9,9,4,EXACT_REPLAY,mse,0.0019090957988439875,3000,1000
REGRESSION,0.9,9,4,ELIGIBILITY_TRACE,mse,0.004207711289205642,3000,1000
REGRESSION,0.9,9,4,NO_TRACE,mse,0.003181178625365702,3000,1000
REGRESSION,0.9,9,16,EXACT_REPLAY,mse,0.0018763284753098,3000,1000
REGRESSION,0.9,9,16,ELIGIBILITY_TRACE,mse,0.0037473783072970086,3000,1000
REGRESSION,0.9,9,16,NO_TRACE,mse,0.008855148722946377,3000,1000
REGRESSION,0.9,9,64,EXACT_REPLAY,mse,0.0018454629664211499,3000,1000
REGRESSION,0.9,9,64,ELIGIBILITY_TRACE,mse,0.00799804298831362,3000,1000
REGRESSION,0.9,9,64,NO_TRACE,mse,0.012365754494036435,3000,1000
REGRESSION,0.9,10,1,EXACT_REPLAY,mse,0.0022913557155926794,3000,1000
REGRESSION,0.9,10,1,ELIGIBILITY_TRACE,mse,0.006388830456959647,3000,1000
REGRESSION,0.9,10,1,NO_TRACE,mse,0.0027495250824458497,3000,1000
REGRESSION,0.9,10,4,EXACT_REPLAY,mse,0.002250455243011788,3000,1000
REGRESSION,0.9,10,4,ELIGIBILITY_TRACE,mse,0.005393454959905386,3000,1000
REGRESSION,0.9,10,4,NO_TRACE,mse,0.004269793373033451,3000,1000
REGRESSION,0.9,10,16,EXACT_REPLAY,mse,0.0022042540144357244,3000,1000
REGRESSION,0.9,10,16,ELIGIBILITY_TRACE,mse,0.004694027352819968,3000,1000
REGRESSION,0.9,10,16,NO_TRACE,mse,0.011117973828481198,3000,1000
REGRESSION,0.9,10,64,EXACT_REPLAY,mse,0.0021575536502500318,3000,1000
REGRESSION,0.9,10,64,ELIGIBILITY_TRACE,mse,0.010316291657570656,3000,1000
REGRESSION,0.9,10,64,NO_TRACE,mse,0.015321803640401565,3000,1000
REGRESSION,0.9,11,1,EXACT_REPLAY,mse,0.002499174661755574,3000,1000
REGRESSION,0.9,11,1,ELIGIBILITY_TRACE,mse,0.005751793920544756,3000,1000
REGRESSION,0.9,11,1,NO_TRACE,mse,0.0029004691104188426,3000,1000
REGRESSION,0.9,11,4,EXACT_REPLAY,mse,0.0024640725419748607,3000,1000
REGRESSION,0.9,11,4,ELIGIBILITY_TRACE,mse,0.0049567697472403475,3000,1000
REGRESSION,0.9,11,4,NO_TRACE,mse,0.0043328964996921645,3000,1000
REGRESSION,0.9,11,16,EXACT_REPLAY,mse,0.002430593547681809,3000,1000
REGRESSION,0.9,11,16,ELIGIBILITY_TRACE,mse,0.004536930574848767,3000,1000
REGRESSION,0.9,11,16,NO_TRACE,mse,0.01031642065751438,3000,1000
REGRESSION,0.9,11,64,EXACT_REPLAY,mse,0.0023938040871749793,3000,1000
REGRESSION,0.9,11,64,ELIGIBILITY_TRACE,mse,0.007385522170454356,3000,1000
REGRESSION,0.9,11,64,NO_TRACE,mse,0.01344920922356788,3000,1000
REGRESSION,0.9,12,1,EXACT_REPLAY,mse,0.003373570951449378,3000,1000
REGRESSION,0.9,12,1,ELIGIBILITY_TRACE,mse,0.008664854428607824,3000,1000
REGRESSION,0.9,12,1,NO_TRACE,mse,0.003970900987010429,3000,1000
REGRESSION,0.9,12,4,EXACT_REPLAY,mse,0.0033155107456374396,3000,1000
REGRESSION,0.9,12,4,ELIGIBILITY_TRACE,mse,0.00742767156767557,3000,1000
REGRESSION,0.9,12,4,NO_TRACE,mse,0.005874077933942589,3000,1000
REGRESSION,0.9,12,16,EXACT_REPLAY,mse,0.00325368903743797,3000,1000
REGRESSION,0.9,12,16,ELIGIBILITY_TRACE,mse,0.006731187674641216,3000,1000
REGRESSION,0.9,12,16,NO_TRACE,mse,0.01530462774328007,3000,1000
REGRESSION,0.9,12,64,EXACT_REPLAY,mse,0.0031964517680770667,3000,1000
REGRESSION,0.9,12,64,ELIGIBILITY_TRACE,mse,0.014835989146197633,3000,1000
REGRESSION,0.9,12,64,NO_TRACE,mse,0.023276458283273706,3000,1000
REGRESSION,0.9,13,1,EXACT_REPLAY,mse,0.0027720042809179003,3000,1000
REGRESSION,0.9,13,1,ELIGIBILITY_TRACE,mse,0.006797091202782225,3000,1000
REGRESSION,0.9,13,1,NO_TRACE,mse,0.003241991750084147,3000,1000
REGRESSION,0.9,13,4,EXACT_REPLAY,mse,0.0027313170024966904,3000,1000
REGRESSION,0.9,13,4,ELIGIBILITY_TRACE,mse,0.00589441040941,3000,1000
REGRESSION,0.9,13,4,NO_TRACE,mse,0.004844943997064359,3000,1000
REGRESSION,0.9,13,16,EXACT_REPLAY,mse,0.0026899604379176673,3000,1000
REGRESSION,0.9,13,16,ELIGIBILITY_TRACE,mse,0.005395255237256503,3000,1000
REGRESSION,0.9,13,16,NO_TRACE,mse,0.010941118397127515,3000,1000
REGRESSION,0.9,13,64,EXACT_REPLAY,mse,0.0026478409004351794,3000,1000
REGRESSION,0.9,13,64,ELIGIBILITY_TRACE,mse,0.010330327471090535,3000,1000
REGRESSION,0.9,13,64,NO_TRACE,mse,0.015343663815512585,3000,1000
REGRESSION,0.9,14,1,EXACT_REPLAY,mse,0.003029097629416862,3000,1000
REGRESSION,0.9,14,1,ELIGIBILITY_TRACE,mse,0.006954012678910668,3000,1000
REGRESSION,0.9,14,1,NO_TRACE,mse,0.0034953285237939486,3000,1000
REGRESSION,0.9,14,4,EXACT_REPLAY,mse,0.002980331382849121,3000,1000
REGRESSION,0.9,14,4,ELIGIBILITY_TRACE,mse,0.0059976231696304855,3000,1000
REGRESSION,0.9,14,4,NO_TRACE,mse,0.00505676918118666,3000,1000
REGRESSION,0.9,14,16,EXACT_REPLAY,mse,0.0029245325917970477,3000,1000
REGRESSION,0.9,14,16,ELIGIBILITY_TRACE,mse,0.005351319698951537,3000,1000
REGRESSION,0.9,14,16,NO_TRACE,mse,0.011769043844866647,3000,1000
REGRESSION,0.9,14,64,EXACT_REPLAY,mse,0.0028857566569376342,3000,1000
REGRESSION,0.9,14,64,ELIGIBILITY_TRACE,mse,0.009869641609147892,3000,1000
REGRESSION,0.9,14,64,NO_TRACE,mse,0.017562549254819104,3000,1000
REGRESSION,0.9,15,1,EXACT_REPLAY,mse,0.0021234819233708537,3000,1000
REGRESSION,0.9,15,1,ELIGIBILITY_TRACE,mse,0.005288379743014135,3000,1000
REGRESSION,0.9,15,1,NO_TRACE,mse,0.0024369865169182586,3000,1000
REGRESSION,0.9,15,4,EXACT_REPLAY,mse,0.00209264881581648,3000,1000
REGRESSION,0.9,15,4,ELIGIBILITY_TRACE,mse,0.004525865424284178,3000,1000
REGRESSION,0.9,15,4,NO_TRACE,mse,0.0034813920135755598,3000,1000
REGRESSION,0.9,15,16,EXACT_REPLAY,mse,0.0020625893276312586,3000,1000
REGRESSION,0.9,15,16,ELIGIBILITY_TRACE,mse,0.004058465617659899,3000,1000
REGRESSION,0.9,15,16,NO_TRACE,mse,0.009423558680830902,3000,1000
REGRESSION,0.9,15,64,EXACT_REPLAY,mse,0.0020270815653711687,3000,1000
REGRESSION,0.9,15,64,ELIGIBILITY_TRACE,mse,0.006669700921180519,3000,1000
REGRESSION,0.9,15,64,NO_TRACE,mse,0.012492867799432603,3000,1000
REGRESSION,0.9,16,1,EXACT_REPLAY,mse,0.0026948248263494855,3000,1000
REGRESSION,0.9,16,1,ELIGIBILITY_TRACE,mse,0.006916668449644399,3000,1000
REGRESSION,0.9,16,1,NO_TRACE,mse,0.003202645095103101,3000,1000
REGRESSION,0.9,16,4,EXACT_REPLAY,mse,0.002655352024514809,3000,1000
REGRESSION,0.9,16,4,ELIGIBILITY_TRACE,mse,0.006014383132289561,3000,1000
REGRESSION,0.9,16,4,NO_TRACE,mse,0.004884714512334846,3000,1000
REGRESSION,0.9,16,16,EXACT_REPLAY,mse,0.0026147372829379172,3000,1000
REGRESSION,0.9,16,16,ELIGIBILITY_TRACE,mse,0.005522877092877615,3000,1000
REGRESSION,0.9,16,16,NO_TRACE,mse,0.010638810786558522,3000,1000
REGRESSION,0.9,16,64,EXACT_REPLAY,mse,0.0025740083946493987,3000,1000
REGRESSION,0.9,16,64,ELIGIBILITY_TRACE,mse,0.010262696776891221,3000,1000
REGRESSION,0.9,16,64,NO_TRACE,mse,0.016438538253007624,3000,1000
REGRESSION,0.9,17,1,EXACT_REPLAY,mse,0.0028175298927528942,3000,1000
REGRESSION,0.9,17,1,ELIGIBILITY_TRACE,mse,0.0068259974749819655,3000,1000
REGRESSION,0.9,17,1,NO_TRACE,mse,0.0032530700401000464,3000,1000
REGRESSION,0.9,17,4,EXACT_REPLAY,mse,0.0027729122712864145,3000,1000
REGRESSION,0.9,17,4,ELIGIBILITY_TRACE,mse,0.005898973625528774,3000,1000
REGRESSION,0.9,17,4,NO_TRACE,mse,0.004582506122554994,3000,1000
REGRESSION,0.9,17,16,EXACT_REPLAY,mse,0.00272262915411769,3000,1000
REGRESSION,0.9,17,16,ELIGIBILITY_TRACE,mse,0.005232979470015503,3000,1000
REGRESSION,0.9,17,16,NO_TRACE,mse,0.010618853582452757,3000,1000
REGRESSION,0.9,17,64,EXACT_REPLAY,mse,0.0026740607639182848,3000,1000
REGRESSION,0.9,17,64,ELIGIBILITY_TRACE,mse,0.009274398099821295,3000,1000
REGRESSION,0.9,17,64,NO_TRACE,mse,0.017265719046204383,3000,1000
REGRESSION,0.9,18,1,EXACT_REPLAY,mse,0.0025841105540437754,3000,1000
REGRESSION,0.9,18,1,ELIGIBILITY_TRACE,mse,0.0058292767116887865,3000,1000
REGRESSION,0.9,18,1,NO_TRACE,mse,0.002950727002860272,3000,1000
REGRESSION,0.9,18,4,EXACT_REPLAY,mse,0.0025430899402650105,3000,1000
REGRESSION,0.9,18,4,ELIGIBILITY_TRACE,mse,0.005052885359774018,3000,1000
REGRESSION,0.9,18,4,NO_TRACE,mse,0.00410506488519022,3000,1000
REGRESSION,0.9,18,16,EXACT_REPLAY,mse,0.0024944825389971205,3000,1000
REGRESSION,0.9,18,16,ELIGIBILITY_TRACE,mse,0.004410441703892439,3000,1000
REGRESSION,0.9,18,16,NO_TRACE,mse,0.009988290136613365,3000,1000
REGRESSION,0.9,18,64,EXACT_REPLAY,mse,0.002447362754735975,3000,1000
REGRESSION,0.9,18,64,ELIGIBILITY_TRACE,mse,0.007784070048906749,3000,1000
REGRESSION,0.9,18,64,NO_TRACE,mse,0.016335828861594664,3000,1000
REGRESSION,0.9,19,1,EXACT_REPLAY,mse,0.0022993807813260886,3000,1000
REGRESSION,0.9,19,1,ELIGIBILITY_TRACE,mse,0.005896412786969984,3000,1000
REGRESSION,0.9,19,1,NO_TRACE,mse,0.0026719333002121408,3000,1000
REGRESSION,0.9,19,4,EXACT_REPLAY,mse,0.002257448851873107,3000,1000
REGRESSION,0.9,19,4,ELIGIBILITY_TRACE,mse,0.004961364953021686,3000,1000
REGRESSION,0.9,19,4,NO_TRACE,mse,0.003916062485178359,3000,1000
REGRESSION,0.9,19,16,EXACT_REPLAY,mse,0.0022086954147244276,3000,1000
REGRESSION,0.9,19,16,ELIGIBILITY_TRACE,mse,0.004256541155543826,3000,1000
REGRESSION,0.9,19,16,NO_TRACE,mse,0.010062990475779713,3000,1000
REGRESSION,0.9,19,64,EXACT_REPLAY,mse,0.0021598395894656254,3000,1000
REGRESSION,0.9,19,64,ELIGIBILITY_TRACE,mse,0.009160832728135195,3000,1000
REGRESSION,0.9,19,64,NO_TRACE,mse,0.01765607825982563,3000,1000
REGRESSION,0.9,20,1,EXACT_REPLAY,mse,0.00355319555167171,3000,1000
REGRESSION,0.9,20,1,ELIGIBILITY_TRACE,mse,0.007862663394082255,3000,1000
REGRESSION,0.9,20,1,NO_TRACE,mse,0.004110623165639249,3000,1000
REGRESSION,0.9,20,4,EXACT_REPLAY,mse,0.00350093527392228,3000,1000
REGRESSION,0.9,20,4,ELIGIBILITY_TRACE,mse,0.006785311560347203,3000,1000
REGRESSION,0.9,20,4,NO_TRACE,mse,0.005831476304351021,3000,1000
REGRESSION,0.9,20,16,EXACT_REPLAY,mse,0.003442112612160874,3000,1000
REGRESSION,0.9,20,16,ELIGIBILITY_TRACE,mse,0.0060094221124797455,3000,1000
REGRESSION,0.9,20,16,NO_TRACE,mse,0.012957504071112548,3000,1000
REGRESSION,0.9,20,64,EXACT_REPLAY,mse,0.003395129796657657,3000,1000
REGRESSION,0.9,20,64,ELIGIBILITY_TRACE,mse,0.012310505102839308,3000,1000
REGRESSION,0.9,20,64,NO_TRACE,mse,0.019638732914715396,3000,1000
REGRESSION,0.9,21,1,EXACT_REPLAY,mse,0.0025328915348740164,3000,1000
REGRESSION,0.9,21,1,ELIGIBILITY_TRACE,mse,0.004820649308066848,3000,1000
REGRESSION,0.9,21,1,NO_TRACE,mse,0.002879748333681189,3000,1000
REGRESSION,0.9,21,4,EXACT_REPLAY,mse,0.002498339046420392,3000,1000
REGRESSION,0.9,21,4,ELIGIBILITY_TRACE,mse,0.004284855985712298,3000,1000
REGRESSION,0.9,21,4,NO_TRACE,mse,0.0039460710937619615,3000,1000
REGRESSION,0.9,21,16,EXACT_REPLAY,mse,0.0024654034623201194,3000,1000
REGRESSION,0.9,21,16,ELIGIBILITY_TRACE,mse,0.004011083734184441,3000,1000
REGRESSION,0.9,21,16,NO_TRACE,mse,0.009003578698148133,3000,1000
REGRESSION,0.9,21,64,EXACT_REPLAY,mse,0.002437118049810645,3000,1000
REGRESSION,0.9,21,64,ELIGIBILITY_TRACE,mse,0.007264798866198899,3000,1000
REGRESSION,0.9,21,64,NO_TRACE,mse,0.012195523027300379,3000,1000
REGRESSION,0.9,22,1,EXACT_REPLAY,mse,0.0028160015906415247,3000,1000
REGRESSION,0.9,22,1,ELIGIBILITY_TRACE,mse,0.00656182174070176,3000,1000
REGRESSION,0.9,22,1,NO_TRACE,mse,0.0031863235359095377,3000,1000
REGRESSION,0.9,22,4,EXACT_REPLAY,mse,0.002775492859334997,3000,1000
REGRESSION,0.9,22,4,ELIGIBILITY_TRACE,mse,0.005639709104363096,3000,1000
REGRESSION,0.9,22,4,NO_TRACE,mse,0.0043368056596288194,3000,1000
REGRESSION,0.9,22,16,EXACT_REPLAY,mse,0.002726279105429842,3000,1000
REGRESSION,0.9,22,16,ELIGIBILITY_TRACE,mse,0.004815720141855495,3000,1000
REGRESSION,0.9,22,16,NO_TRACE,mse,0.009847550244848065,3000,1000
REGRESSION,0.9,22,64,EXACT_REPLAY,mse,0.0026856441190961176,3000,1000
REGRESSION,0.9,22,64,ELIGIBILITY_TRACE,mse,0.008806447973117283,3000,1000
REGRESSION,0.9,22,64,NO_TRACE,mse,0.014033189372274412,3000,1000
REGRESSION,0.9,23,1,EXACT_REPLAY,mse,0.002201390328669437,3000,1000
REGRESSION,0.9,23,1,ELIGIBILITY_TRACE,mse,0.005691543914641358,3000,1000
REGRESSION,0.9,23,1,NO_TRACE,mse,0.0025555759495592928,3000,1000
REGRESSION,0.9,23,4,EXACT_REPLAY,mse,0.002165490050872566,3000,1000
REGRESSION,0.9,23,4,ELIGIBILITY_TRACE,mse,0.0048362445184504076,3000,1000
REGRESSION,0.9,23,4,NO_TRACE,mse,0.0036502092764569027,3000,1000
REGRESSION,0.9,23,16,EXACT_REPLAY,mse,0.002124359165638788,3000,1000
REGRESSION,0.9,23,16,ELIGIBILITY_TRACE,mse,0.004264976348759817,3000,1000
REGRESSION,0.9,23,16,NO_TRACE,mse,0.008761388213609717,3000,1000
REGRESSION,0.9,23,64,EXACT_REPLAY,mse,0.002085930388807973,3000,1000
REGRESSION,0.9,23,64,ELIGIBILITY_TRACE,mse,0.009069146271033116,3000,1000
REGRESSION,0.9,23,64,NO_TRACE,mse,0.01751423514085515,3000,1000
REGRESSION,0.9,24,1,EXACT_REPLAY,mse,0.00266889566770131,3000,1000
REGRESSION,0.9,24,1,ELIGIBILITY_TRACE,mse,0.006247487419924657,3000,1000
REGRESSION,0.9,24,1,NO_TRACE,mse,0.003169127670233377,3000,1000
REGRESSION,0.9,24,4,EXACT_REPLAY,mse,0.002619975297691999,3000,1000
REGRESSION,0.9,24,4,ELIGIBILITY_TRACE,mse,0.005363091318188131,3000,1000
REGRESSION,0.9,24,4,NO_TRACE,mse,0.004890971762941324,3000,1000
REGRESSION,0.9,24,16,EXACT_REPLAY,mse,0.002564948820006955,3000,1000
REGRESSION,0.9,24,16,ELIGIBILITY_TRACE,mse,0.004740429415663549,3000,1000
REGRESSION,0.9,24,16,NO_TRACE,mse,0.012057136695241905,3000,1000
REGRESSION,0.9,24,64,EXACT_REPLAY,mse,0.0025100978278785064,3000,1000
REGRESSION,0.9,24,64,ELIGIBILITY_TRACE,mse,0.009819297280718007,3000,1000
REGRESSION,0.9,24,64,NO_TRACE,mse,0.021084080806905277,3000,1000
REGRESSION,0.9,25,1,EXACT_REPLAY,mse,0.0027880364645764388,3000,1000
REGRESSION,0.9,25,1,ELIGIBILITY_TRACE,mse,0.008334039092340649,3000,1000
REGRESSION,0.9,25,1,NO_TRACE,mse,0.0032665118930029504,3000,1000
REGRESSION,0.9,25,4,EXACT_REPLAY,mse,0.002738356592793133,3000,1000
REGRESSION,0.9,25,4,ELIGIBILITY_TRACE,mse,0.0068375925030309875,3000,1000
REGRESSION,0.9,25,4,NO_TRACE,mse,0.0049133250010306665,3000,1000
REGRESSION,0.9,25,16,EXACT_REPLAY,mse,0.002684711773243055,3000,1000
REGRESSION,0.9,25,16,ELIGIBILITY_TRACE,mse,0.005894474560204186,3000,1000
REGRESSION,0.9,25,16,NO_TRACE,mse,0.013829359770462448,3000,1000
REGRESSION,0.9,25,64,EXACT_REPLAY,mse,0.0026357922148630367,3000,1000
REGRESSION,0.9,25,64,ELIGIBILITY_TRACE,mse,0.01473963614523639,3000,1000
REGRESSION,0.9,25,64,NO_TRACE,mse,0.027231858265007063,3000,1000
REGRESSION,0.9,26,1,EXACT_REPLAY,mse,0.002550130915145174,3000,1000
REGRESSION,0.9,26,1,ELIGIBILITY_TRACE,mse,0.0071154363086388265,3000,1000
REGRESSION,0.9,26,1,NO_TRACE,mse,0.003044425125797163,3000,1000
REGRESSION,0.9,26,4,EXACT_REPLAY,mse,0.002506884078670343,3000,1000
REGRESSION,0.9,26,4,ELIGIBILITY_TRACE,mse,0.0060009166150921806,3000,1000
REGRESSION,0.9,26,4,NO_TRACE,mse,0.004903925305455807,3000,1000
REGRESSION,0.9,26,16,EXACT_REPLAY,mse,0.0024591537567679256,3000,1000
REGRESSION,0.9,26,16,ELIGIBILITY_TRACE,mse,0.005310251711232723,3000,1000
REGRESSION,0.9,26,16,NO_TRACE,mse,0.012149191769539353,3000,1000
REGRESSION,0.9,26,64,EXACT_REPLAY,mse,0.00241133415468493,3000,1000
REGRESSION,0.9,26,64,ELIGIBILITY_TRACE,mse,0.010055227008277153,3000,1000
REGRESSION,0.9,26,64,NO_TRACE,mse,0.01904996804095761,3000,1000
REGRESSION,0.9,27,1,EXACT_REPLAY,mse,0.003665878990732004,3000,1000
REGRESSION,0.9,27,1,ELIGIBILITY_TRACE,mse,0.008367733958298536,3000,1000
REGRESSION,0.9,27,1,NO_TRACE,mse,0.004156121233843816,3000,1000
REGRESSION,0.9,27,4,EXACT_REPLAY,mse,0.0036133983211511776,3000,1000
REGRESSION,0.9,27,4,ELIGIBILITY_TRACE,mse,0.007271622055685761,3000,1000
REGRESSION,0.9,27,4,NO_TRACE,mse,0.005487430053875594,3000,1000
REGRESSION,0.9,27,16,EXACT_REPLAY,mse,0.003548757814601283,3000,1000
REGRESSION,0.9,27,16,ELIGIBILITY_TRACE,mse,0.006259631607595545,3000,1000
REGRESSION,0.9,27,16,NO_TRACE,mse,0.012471046681279137,3000,1000
REGRESSION,0.9,27,64,EXACT_REPLAY,mse,0.003498318271896034,3000,1000
REGRESSION,0.9,27,64,ELIGIBILITY_TRACE,mse,0.012144978813792087,3000,1000
REGRESSION,0.9,27,64,NO_TRACE,mse,0.02352310995042199,3000,1000
REGRESSION,0.9,28,1,EXACT_REPLAY,mse,0.003041381293390548,3000,1000
REGRESSION,0.9,28,1,ELIGIBILITY_TRACE,mse,0.008611491506555323,3000,1000
REGRESSION,0.9,28,1,NO_TRACE,mse,0.00355688918302558,3000,1000
REGRESSION,0.9,28,4,EXACT_REPLAY,mse,0.002990179034451143,3000,1000
REGRESSION,0.9,28,4,ELIGIBILITY_TRACE,mse,0.007243340867947426,3000,1000
REGRESSION,0.9,28,4,NO_TRACE,mse,0.005346673188737445,3000,1000
REGRESSION,0.9,28,16,EXACT_REPLAY,mse,0.002932209268072021,3000,1000
REGRESSION,0.9,28,16,ELIGIBILITY_TRACE,mse,0.006285856907311181,3000,1000
REGRESSION,0.9,28,16,NO_TRACE,mse,0.013583234237781959,3000,1000
REGRESSION,0.9,28,64,EXACT_REPLAY,mse,0.0028763199015732176,3000,1000
REGRESSION,0.9,28,64,ELIGIBILITY_TRACE,mse,0.01343206592862712,3000,1000
REGRESSION,0.9,28,64,NO_TRACE,mse,0.022451476211743995,3000,1000
REGRESSION,0.9,29,1,EXACT_REPLAY,mse,0.0028257608077390645,3000,1000
REGRESSION,0.9,29,1,ELIGIBILITY_TRACE,mse,0.006924679469226415,3000,1000
REGRESSION,0.9,29,1,NO_TRACE,mse,0.003293796019657165,3000,1000
REGRESSION,0.9,29,4,EXACT_REPLAY,mse,0.002775832155675994,3000,1000
REGRESSION,0.9,29,4,ELIGIBILITY_TRACE,mse,0.0059703715348185665,3000,1000
REGRESSION,0.9,29,4,NO_TRACE,mse,0.004786509092822612,3000,1000
REGRESSION,0.9,29,16,EXACT_REPLAY,mse,0.002714907639941271,3000,1000
REGRESSION,0.9,29,16,ELIGIBILITY_TRACE,mse,0.005110115085047075,3000,1000
REGRESSION,0.9,29,16,NO_TRACE,mse,0.010754391640638595,3000,1000
REGRESSION,0.9,29,64,EXACT_REPLAY,mse,0.0026610179823932556,3000,1000
REGRESSION,0.9,29,64,ELIGIBILITY_TRACE,mse,0.01048683514222591,3000,1000
REGRESSION,0.9,29,64,NO_TRACE,mse,0.01880919474853479,3000,1000
