seed,arm,epoch,train_action_mse
812000,MOTOR_GATED_RNN,1,0.006660764163825661
812000,MOTOR_GATED_RNN,2,0.004190209205262363
812000,MOTOR_GATED_RNN,3,0.0034637749777175486
812000,MOTOR_GATED_RNN,4,0.003220235725166276
812000,MOTOR_GATED_RNN,5,0.0029444093961501494
812000,MOTOR_GATED_RNN,6,0.0025995111354859546
812000,MOTOR_GATED_RNN,7,0.00218369306094246
812000,MOTOR_GATED_RNN,8,0.0017235540435649455
812000,MOTOR_GATED_RNN,9,0.001272887755476404
812000,MOTOR_GATED_RNN,10,0.0008572050137445331
812000,MOTOR_GATED_RNN,11,0.0005314659247233067
812000,MOTOR_GATED_RNN,12,0.00032721078969188966
812000,MOTOR_GATED_RNN,13,0.00022878126674186205
812000,MOTOR_GATED_RNN,14,0.0001883000122688827
812000,MOTOR_GATED_RNN,15,0.00017488237062934786
812000,MOTOR_GATED_RNN,16,0.00017001496689772466
812000,MOTOR_GATED_RNN,17,0.00016701331151125487
812000,MOTOR_GATED_RNN,18,0.00016453243370051496
812000,MOTOR_GATED_RNN,19,0.00016274737026833463
812000,MOTOR_GATED_RNN,20,0.00016074928316811565
812000,MOTOR_GATED_RNN,21,0.0001587088918313384
812000,MOTOR_GATED_RNN,22,0.0001572762093928759
812000,MOTOR_GATED_RNN,23,0.00015568202525173547
812000,MOTOR_GATED_RNN,24,0.00015392127170343883
812000,MOTOR_GATED_RNN,25,0.00015216748579405248
812000,MOTOR_GATED_RNN,26,0.00015033901854621945
812000,MOTOR_GATED_RNN,27,0.000148113439536246
812000,MOTOR_GATED_RNN,28,0.0001462528789488715
812000,MOTOR_GATED_RNN,29,0.0001446559567739314
812000,MOTOR_GATED_RNN,30,0.00014279928473115433
812000,GENERIC_GRU,1,0.0035591984051279724
812000,GENERIC_GRU,2,0.0031739320256747305
812000,GENERIC_GRU,3,0.00277100877428893
812000,GENERIC_GRU,4,0.002347121073398739
812000,GENERIC_GRU,5,0.0019026428708457388
812000,GENERIC_GRU,6,0.0014617398846894503
812000,GENERIC_GRU,7,0.0010501584074518178
812000,GENERIC_GRU,8,0.0007105804215825628
812000,GENERIC_GRU,9,0.0004627968355634948
812000,GENERIC_GRU,10,0.0002978163274747203
812000,GENERIC_GRU,11,0.00020371318805700867
812000,GENERIC_GRU,12,0.00015573265409329906
812000,GENERIC_GRU,13,0.00013566830375566497
812000,GENERIC_GRU,14,0.00012805135975213489
812000,GENERIC_GRU,15,0.00012512480361692724
812000,GENERIC_GRU,16,0.0001240504220731964
812000,GENERIC_GRU,17,0.0001233571992997895
812000,GENERIC_GRU,18,0.00012287760637264
812000,GENERIC_GRU,19,0.000122365970582905
812000,GENERIC_GRU,20,0.0001220050580741372
812000,GENERIC_GRU,21,0.00012105893483749242
812000,GENERIC_GRU,22,0.00012051993371642311
812000,GENERIC_GRU,23,0.00011994636679446558
812000,GENERIC_GRU,24,0.00011931746212212602
812000,GENERIC_GRU,25,0.00011905675637535751
812000,GENERIC_GRU,26,0.00011843139327538665
812000,GENERIC_GRU,27,0.00011805361600636388
812000,GENERIC_GRU,28,0.0001174809262920462
812000,GENERIC_GRU,29,0.0001166979718618677
812000,GENERIC_GRU,30,0.00011609240482357563
812000,MOTOR_ZERO_ABLATION,1,0.004527554119704291
812000,MOTOR_ZERO_ABLATION,2,0.003965243202401325
812000,MOTOR_ZERO_ABLATION,3,0.00361761667591054
812000,MOTOR_ZERO_ABLATION,4,0.0032586725865257904
812000,MOTOR_ZERO_ABLATION,5,0.0028560139617184177
812000,MOTOR_ZERO_ABLATION,6,0.0024135985877364874
812000,MOTOR_ZERO_ABLATION,7,0.00195540990534937
812000,MOTOR_ZERO_ABLATION,8,0.0014968406976549886
812000,MOTOR_ZERO_ABLATION,9,0.00106351620706846
812000,MOTOR_ZERO_ABLATION,10,0.0006939778359082993
812000,MOTOR_ZERO_ABLATION,11,0.0004273301201465074
812000,MOTOR_ZERO_ABLATION,12,0.0002682296217244584
812000,MOTOR_ZERO_ABLATION,13,0.00019589690236898605
812000,MOTOR_ZERO_ABLATION,14,0.00016874130687938305
812000,MOTOR_ZERO_ABLATION,15,0.00015997947957657743
812000,MOTOR_ZERO_ABLATION,16,0.0001564569192851195
812000,MOTOR_ZERO_ABLATION,17,0.00015375317525467835
812000,MOTOR_ZERO_ABLATION,18,0.00015131933832890354
812000,MOTOR_ZERO_ABLATION,19,0.00014924879451427842
812000,MOTOR_ZERO_ABLATION,20,0.00014698269433210953
812000,MOTOR_ZERO_ABLATION,21,0.0001448830316803651
812000,MOTOR_ZERO_ABLATION,22,0.00014294088805399952
812000,MOTOR_ZERO_ABLATION,23,0.00014168864208841114
812000,MOTOR_ZERO_ABLATION,24,0.00013921278650741442
812000,MOTOR_ZERO_ABLATION,25,0.00013741022348767729
812000,MOTOR_ZERO_ABLATION,26,0.0001356660404780996
812000,MOTOR_ZERO_ABLATION,27,0.00013401632804743713
812000,MOTOR_ZERO_ABLATION,28,0.0001326125220657559
812000,MOTOR_ZERO_ABLATION,29,0.0001316884627158288
812000,MOTOR_ZERO_ABLATION,30,0.0001299945288337767
812000,MOTOR_PERMUTED_ABLATION,1,0.003427512536291033
812000,MOTOR_PERMUTED_ABLATION,2,0.0031449670350411907
812000,MOTOR_PERMUTED_ABLATION,3,0.0028110479470342398
812000,MOTOR_PERMUTED_ABLATION,4,0.0023959393292898312
812000,MOTOR_PERMUTED_ABLATION,5,0.0018893072847276926
812000,MOTOR_PERMUTED_ABLATION,6,0.0013236730810604058
812000,MOTOR_PERMUTED_ABLATION,7,0.000772137052990729
812000,MOTOR_PERMUTED_ABLATION,8,0.0003745520098163979
812000,MOTOR_PERMUTED_ABLATION,9,0.00020596119429683313
812000,MOTOR_PERMUTED_ABLATION,10,0.0001633696128919837
812000,MOTOR_PERMUTED_ABLATION,11,0.00015483885999856284
812000,MOTOR_PERMUTED_ABLATION,12,0.0001511885102445376
812000,MOTOR_PERMUTED_ABLATION,13,0.0001476102638662269
812000,MOTOR_PERMUTED_ABLATION,14,0.00014428179702008492
812000,MOTOR_PERMUTED_ABLATION,15,0.00014177258071867982
812000,MOTOR_PERMUTED_ABLATION,16,0.0001394021455780603
812000,MOTOR_PERMUTED_ABLATION,17,0.00013754738347415696
812000,MOTOR_PERMUTED_ABLATION,18,0.00013480092502504704
812000,MOTOR_PERMUTED_ABLATION,19,0.00013373407682593097
812000,MOTOR_PERMUTED_ABLATION,20,0.00013145868388164672
812000,MOTOR_PERMUTED_ABLATION,21,0.00012950487189300475
812000,MOTOR_PERMUTED_ABLATION,22,0.00012820545498470892
812000,MOTOR_PERMUTED_ABLATION,23,0.00012664835367104388
812000,MOTOR_PERMUTED_ABLATION,24,0.0001256987934539211
812000,MOTOR_PERMUTED_ABLATION,25,0.00012601998105310486
812000,MOTOR_PERMUTED_ABLATION,26,0.00012491453480834025
812000,MOTOR_PERMUTED_ABLATION,27,0.00012202701373098535
812000,MOTOR_PERMUTED_ABLATION,28,0.0001214725011777773
812000,MOTOR_PERMUTED_ABLATION,29,0.0001207993532261753
812000,MOTOR_PERMUTED_ABLATION,30,0.0001198708901029022
812001,MOTOR_GATED_RNN,1,0.008819647366181016
812001,MOTOR_GATED_RNN,2,0.005332786298822612
812001,MOTOR_GATED_RNN,3,0.0037496023142011836
812001,MOTOR_GATED_RNN,4,0.0034413140965625644
812001,MOTOR_GATED_RNN,5,0.003188976217643358
812001,MOTOR_GATED_RNN,6,0.002929208887508139
812001,MOTOR_GATED_RNN,7,0.0026223571912851185
812001,MOTOR_GATED_RNN,8,0.0022626379795838147
812001,MOTOR_GATED_RNN,9,0.0018652436992852017
812001,MOTOR_GATED_RNN,10,0.0014636558771599084
812001,MOTOR_GATED_RNN,11,0.0010836370602191892
812001,MOTOR_GATED_RNN,12,0.0007538566678704228
812001,MOTOR_GATED_RNN,13,0.0005084746335342061
812001,MOTOR_GATED_RNN,14,0.00035411024146014825
812001,MOTOR_GATED_RNN,15,0.0002723745838011382
812001,MOTOR_GATED_RNN,16,0.00023289211276278365
812001,MOTOR_GATED_RNN,17,0.00021438964449771447
812001,MOTOR_GATED_RNN,18,0.0002062276726064738
812001,MOTOR_GATED_RNN,19,0.0002023084398388164
812001,MOTOR_GATED_RNN,20,0.00019965862247772748
812001,MOTOR_GATED_RNN,21,0.00019771920597122516
812001,MOTOR_GATED_RNN,22,0.00019622654872364365
812001,MOTOR_GATED_RNN,23,0.00019455531673884252
812001,MOTOR_GATED_RNN,24,0.00019308218543301336
812001,MOTOR_GATED_RNN,25,0.00019175553734385176
812001,MOTOR_GATED_RNN,26,0.0001903940365082235
812001,MOTOR_GATED_RNN,27,0.00018901941257354338
812001,MOTOR_GATED_RNN,28,0.00018784987969411304
812001,MOTOR_GATED_RNN,29,0.00018650660695129773
812001,MOTOR_GATED_RNN,30,0.00018520347293815576
812001,GENERIC_GRU,1,0.005408072451245971
812001,GENERIC_GRU,2,0.003628311475040391
812001,GENERIC_GRU,3,0.0032086698920466006
812001,GENERIC_GRU,4,0.0028903373167850077
812001,GENERIC_GRU,5,0.002528807322960347
812001,GENERIC_GRU,6,0.002142353303497657
812001,GENERIC_GRU,7,0.0017492020706413314
812001,GENERIC_GRU,8,0.0013615928182844073
812001,GENERIC_GRU,9,0.000999207426502835
812001,GENERIC_GRU,10,0.000689368556777481
812001,GENERIC_GRU,11,0.00045202575347502716
812001,GENERIC_GRU,12,0.0002953742332465481
812001,GENERIC_GRU,13,0.00020702139681816334
812001,GENERIC_GRU,14,0.00016433683231298346
812001,GENERIC_GRU,15,0.00014769963308935985
812001,GENERIC_GRU,16,0.00014186040607455652
812001,GENERIC_GRU,17,0.00013999498241901165
812001,GENERIC_GRU,18,0.00013930176601206767
812001,GENERIC_GRU,19,0.0001389487956657831
812001,GENERIC_GRU,20,0.00013867312236470752
812001,GENERIC_GRU,21,0.00013833247021466377
812001,GENERIC_GRU,22,0.00013804049922327977
812001,GENERIC_GRU,23,0.00013781526149614365
812001,GENERIC_GRU,24,0.00013749424851994263
812001,GENERIC_GRU,25,0.0001371758439745463
812001,GENERIC_GRU,26,0.00013688887383978
812001,GENERIC_GRU,27,0.00013656826013175305
812001,GENERIC_GRU,28,0.0001363290266453987
812001,GENERIC_GRU,29,0.00013602353192254668
812001,GENERIC_GRU,30,0.00013567351561505347
812001,MOTOR_ZERO_ABLATION,1,0.007417243497911841
812001,MOTOR_ZERO_ABLATION,2,0.004676379205193371
812001,MOTOR_ZERO_ABLATION,3,0.0037910975370323285
812001,MOTOR_ZERO_ABLATION,4,0.003520251324516721
812001,MOTOR_ZERO_ABLATION,5,0.0032910824957070872
812001,MOTOR_ZERO_ABLATION,6,0.0030766114796279
812001,MOTOR_ZERO_ABLATION,7,0.0028306162712397054
812001,MOTOR_ZERO_ABLATION,8,0.0025300678244093433
812001,MOTOR_ZERO_ABLATION,9,0.0021702943195123225
812001,MOTOR_ZERO_ABLATION,10,0.0017606730543775484
812001,MOTOR_ZERO_ABLATION,11,0.0013402037948253565
812001,MOTOR_ZERO_ABLATION,12,0.0009648914274293929
812001,MOTOR_ZERO_ABLATION,13,0.0006693719733448233
812001,MOTOR_ZERO_ABLATION,14,0.00045395037523121573
812001,MOTOR_ZERO_ABLATION,15,0.0003201523304596776
812001,MOTOR_ZERO_ABLATION,16,0.0002513171530154068
812001,MOTOR_ZERO_ABLATION,17,0.0002221622844444937
812001,MOTOR_ZERO_ABLATION,18,0.00021075223776279017
812001,MOTOR_ZERO_ABLATION,19,0.00020502786446741084
812001,MOTOR_ZERO_ABLATION,20,0.0002013525327129173
812001,MOTOR_ZERO_ABLATION,21,0.00019826374773401767
812001,MOTOR_ZERO_ABLATION,22,0.00019529425480868667
812001,MOTOR_ZERO_ABLATION,23,0.00019260725366621045
812001,MOTOR_ZERO_ABLATION,24,0.00018958254804601893
812001,MOTOR_ZERO_ABLATION,25,0.00018667612312128767
812001,MOTOR_ZERO_ABLATION,26,0.0001835784414652153
812001,MOTOR_ZERO_ABLATION,27,0.0001806302461773157
812001,MOTOR_ZERO_ABLATION,28,0.0001777092165866634
812001,MOTOR_ZERO_ABLATION,29,0.00017458348611398833
812001,MOTOR_ZERO_ABLATION,30,0.00017169490729429526
812001,MOTOR_PERMUTED_ABLATION,1,0.007331442699069157
812001,MOTOR_PERMUTED_ABLATION,2,0.004680590674979612
812001,MOTOR_PERMUTED_ABLATION,3,0.003917442969395779
812001,MOTOR_PERMUTED_ABLATION,4,0.003693661274155602
812001,MOTOR_PERMUTED_ABLATION,5,0.0035006572725251317
812001,MOTOR_PERMUTED_ABLATION,6,0.0032709949009586126
812001,MOTOR_PERMUTED_ABLATION,7,0.0029741014732280746
812001,MOTOR_PERMUTED_ABLATION,8,0.002591537224361673
812001,MOTOR_PERMUTED_ABLATION,9,0.002145963597286027
812001,MOTOR_PERMUTED_ABLATION,10,0.0016959371059783734
812001,MOTOR_PERMUTED_ABLATION,11,0.0012720588929369114
812001,MOTOR_PERMUTED_ABLATION,12,0.0009045945407706313
812001,MOTOR_PERMUTED_ABLATION,13,0.0006158205469546374
812001,MOTOR_PERMUTED_ABLATION,14,0.00041476045043964405
812001,MOTOR_PERMUTED_ABLATION,15,0.0002914815568146878
812001,MOTOR_PERMUTED_ABLATION,16,0.00022410581823351094
812001,MOTOR_PERMUTED_ABLATION,17,0.00019298020652058767
812001,MOTOR_PERMUTED_ABLATION,18,0.00018008309325523442
812001,MOTOR_PERMUTED_ABLATION,19,0.00017468754504079698
812001,MOTOR_PERMUTED_ABLATION,20,0.00017194835436384892
812001,MOTOR_PERMUTED_ABLATION,21,0.00016971706463664304
812001,MOTOR_PERMUTED_ABLATION,22,0.0001682222418821766
812001,MOTOR_PERMUTED_ABLATION,23,0.000166961725881265
812001,MOTOR_PERMUTED_ABLATION,24,0.00016590110499237198
812001,MOTOR_PERMUTED_ABLATION,25,0.00016474752919748425
812001,MOTOR_PERMUTED_ABLATION,26,0.00016363130998797715
812001,MOTOR_PERMUTED_ABLATION,27,0.0001626132625460741
812001,MOTOR_PERMUTED_ABLATION,28,0.00016157154095708393
812001,MOTOR_PERMUTED_ABLATION,29,0.00016058475648605963
812001,MOTOR_PERMUTED_ABLATION,30,0.00016033569590945262
812002,MOTOR_GATED_RNN,1,0.008078368817223236
812002,MOTOR_GATED_RNN,2,0.0048847050056792796
812002,MOTOR_GATED_RNN,3,0.003596865979488939
812002,MOTOR_GATED_RNN,4,0.003364069518283941
812002,MOTOR_GATED_RNN,5,0.0031981533247744665
812002,MOTOR_GATED_RNN,6,0.0030448184406850487
812002,MOTOR_GATED_RNN,7,0.0028648343577515334
812002,MOTOR_GATED_RNN,8,0.002647993460414
812002,MOTOR_GATED_RNN,9,0.002374363539274782
812002,MOTOR_GATED_RNN,10,0.0020286910148570314
812002,MOTOR_GATED_RNN,11,0.0016106348775792867
812002,MOTOR_GATED_RNN,12,0.001173727821878856
812002,MOTOR_GATED_RNN,13,0.0007910363274277188
812002,MOTOR_GATED_RNN,14,0.0005205920642765705
812002,MOTOR_GATED_RNN,15,0.0003539235531206941
812002,MOTOR_GATED_RNN,16,0.0002613834549265448
812002,MOTOR_GATED_RNN,17,0.0002134194883183227
812002,MOTOR_GATED_RNN,18,0.00018900391114584636
812002,MOTOR_GATED_RNN,19,0.00017679154461802682
812002,MOTOR_GATED_RNN,20,0.0001707126975816209
812002,MOTOR_GATED_RNN,21,0.0001674736276982003
812002,MOTOR_GATED_RNN,22,0.0001651052616580273
812002,MOTOR_GATED_RNN,23,0.0001635744929444627
812002,MOTOR_GATED_RNN,24,0.00016181661703740247
812002,MOTOR_GATED_RNN,25,0.000160363340000913
812002,MOTOR_GATED_RNN,26,0.00015903459370747441
812002,MOTOR_GATED_RNN,27,0.0001577906414240715
812002,MOTOR_GATED_RNN,28,0.0001565510447107954
812002,MOTOR_GATED_RNN,29,0.00015556344624201301
812002,MOTOR_GATED_RNN,30,0.0001545228878967464
812002,GENERIC_GRU,1,0.010808999097207561
812002,GENERIC_GRU,2,0.004982183119864203
812002,GENERIC_GRU,3,0.0032183580769924447
812002,GENERIC_GRU,4,0.002986706545925699
812002,GENERIC_GRU,5,0.0027400742837926373
812002,GENERIC_GRU,6,0.002483863238012418
812002,GENERIC_GRU,7,0.0021868002077098936
812002,GENERIC_GRU,8,0.0018595437868498266
812002,GENERIC_GRU,9,0.0015171454797382466
812002,GENERIC_GRU,10,0.0011874635019921698
812002,GENERIC_GRU,11,0.0008933205281209666
812002,GENERIC_GRU,12,0.0006485924423031975
812002,GENERIC_GRU,13,0.0004587478997564176
812002,GENERIC_GRU,14,0.00032272648240905255
812002,GENERIC_GRU,15,0.0002353604422751232
812002,GENERIC_GRU,16,0.00018420354808768025
812002,GENERIC_GRU,17,0.00015743027688586153
812002,GENERIC_GRU,18,0.0001441246795366169
812002,GENERIC_GRU,19,0.00013808197400067002
812002,GENERIC_GRU,20,0.000135453173697897
812002,GENERIC_GRU,21,0.00013418743446891312
812002,GENERIC_GRU,22,0.00013347404546948383
812002,GENERIC_GRU,23,0.00013297162149683572
812002,GENERIC_GRU,24,0.00013256626152724493
812002,GENERIC_GRU,25,0.00013220490973253618
812002,GENERIC_GRU,26,0.00013182521979615558
812002,GENERIC_GRU,27,0.0001314706551056588
812002,GENERIC_GRU,28,0.00013108205303069553
812002,GENERIC_GRU,29,0.0001307078641730186
812002,GENERIC_GRU,30,0.00013031690559728304
812002,MOTOR_ZERO_ABLATION,1,0.00333614757983014
812002,MOTOR_ZERO_ABLATION,2,0.0030614938732469454
812002,MOTOR_ZERO_ABLATION,3,0.0027897314430447295
812002,MOTOR_ZERO_ABLATION,4,0.0024356901994906366
812002,MOTOR_ZERO_ABLATION,5,0.0019936901080654934
812002,MOTOR_ZERO_ABLATION,6,0.0015020233186078258
812002,MOTOR_ZERO_ABLATION,7,0.0010220997683063615
812002,MOTOR_ZERO_ABLATION,8,0.0006228697384358384
812002,MOTOR_ZERO_ABLATION,9,0.0003645577780844178
812002,MOTOR_ZERO_ABLATION,10,0.00024383833442698233
812002,MOTOR_ZERO_ABLATION,11,0.00020371632763271919
812002,MOTOR_ZERO_ABLATION,12,0.0001925716233017738
812002,MOTOR_ZERO_ABLATION,13,0.00018589886349218432
812002,MOTOR_ZERO_ABLATION,14,0.0001813342105378979
812002,MOTOR_ZERO_ABLATION,15,0.00017779516110749682
812002,MOTOR_ZERO_ABLATION,16,0.0001744427017911221
812002,MOTOR_ZERO_ABLATION,17,0.00017150651365227532
812002,MOTOR_ZERO_ABLATION,18,0.0001689455602900125
812002,MOTOR_ZERO_ABLATION,19,0.00016657196647429373
812002,MOTOR_ZERO_ABLATION,20,0.00016428472872576094
812002,MOTOR_ZERO_ABLATION,21,0.00016205187330342596
812002,MOTOR_ZERO_ABLATION,22,0.0001603240880285739
812002,MOTOR_ZERO_ABLATION,23,0.0001585412883287063
812002,MOTOR_ZERO_ABLATION,24,0.0001556514225740102
812002,MOTOR_ZERO_ABLATION,25,0.0001538016258564312
812002,MOTOR_ZERO_ABLATION,26,0.0001519334969088959
812002,MOTOR_ZERO_ABLATION,27,0.0001503481234976789
812002,MOTOR_ZERO_ABLATION,28,0.00014802623718424002
812002,MOTOR_ZERO_ABLATION,29,0.0001462676418668707
812002,MOTOR_ZERO_ABLATION,30,0.00014435180401051184
812002,MOTOR_PERMUTED_ABLATION,1,0.00636927573941648
812002,MOTOR_PERMUTED_ABLATION,2,0.003705680210259743
812002,MOTOR_PERMUTED_ABLATION,3,0.003350794519064948
812002,MOTOR_PERMUTED_ABLATION,4,0.0030960073636379093
812002,MOTOR_PERMUTED_ABLATION,5,0.0028769315395038575
812002,MOTOR_PERMUTED_ABLATION,6,0.0026178924745181575
812002,MOTOR_PERMUTED_ABLATION,7,0.002301277141668834
812002,MOTOR_PERMUTED_ABLATION,8,0.0019298347833682783
812002,MOTOR_PERMUTED_ABLATION,9,0.001518704775662627
812002,MOTOR_PERMUTED_ABLATION,10,0.0011113467808172572
812002,MOTOR_PERMUTED_ABLATION,11,0.0007530214461439755
812002,MOTOR_PERMUTED_ABLATION,12,0.00048635221719450783
812002,MOTOR_PERMUTED_ABLATION,13,0.00032084987287817057
812002,MOTOR_PERMUTED_ABLATION,14,0.00023260934176505543
812002,MOTOR_PERMUTED_ABLATION,15,0.00019368926496099448
812002,MOTOR_PERMUTED_ABLATION,16,0.00017820905577536905
812002,MOTOR_PERMUTED_ABLATION,17,0.00017199434114445467
812002,MOTOR_PERMUTED_ABLATION,18,0.00016848173436301295
812002,MOTOR_PERMUTED_ABLATION,19,0.00016642120772303315
812002,MOTOR_PERMUTED_ABLATION,20,0.00016447908910777187
812002,MOTOR_PERMUTED_ABLATION,21,0.00016283770401059883
812002,MOTOR_PERMUTED_ABLATION,22,0.0001611894576853956
812002,MOTOR_PERMUTED_ABLATION,23,0.00015956172137521207
812002,MOTOR_PERMUTED_ABLATION,24,0.00015797765445313416
812002,MOTOR_PERMUTED_ABLATION,25,0.00015640139372408157
812002,MOTOR_PERMUTED_ABLATION,26,0.0001548172394905123
812002,MOTOR_PERMUTED_ABLATION,27,0.0001532372825749917
812002,MOTOR_PERMUTED_ABLATION,28,0.00015160317798290635
812002,MOTOR_PERMUTED_ABLATION,29,0.00014983710161686759
812002,MOTOR_PERMUTED_ABLATION,30,0.0001481958938711614
812003,MOTOR_GATED_RNN,1,0.003750566378585063
812003,MOTOR_GATED_RNN,2,0.003315096619189717
812003,MOTOR_GATED_RNN,3,0.002976134972414002
812003,MOTOR_GATED_RNN,4,0.0025768063205759972
812003,MOTOR_GATED_RNN,5,0.002120871184160933
812003,MOTOR_GATED_RNN,6,0.0016312953157466836
812003,MOTOR_GATED_RNN,7,0.001128114035964245
812003,MOTOR_GATED_RNN,8,0.0006824533993494697
812003,MOTOR_GATED_RNN,9,0.00038124260754557326
812003,MOTOR_GATED_RNN,10,0.0002312711321792449
812003,MOTOR_GATED_RNN,11,0.00017592454969417304
812003,MOTOR_GATED_RNN,12,0.00015933266149659175
812003,MOTOR_GATED_RNN,13,0.00015162232739385217
812003,MOTOR_GATED_RNN,14,0.00014660799388366286
812003,MOTOR_GATED_RNN,15,0.0001427102124580415
812003,MOTOR_GATED_RNN,16,0.00013960122487333138
812003,MOTOR_GATED_RNN,17,0.00013707668222195935
812003,MOTOR_GATED_RNN,18,0.00013483609018294374
812003,MOTOR_GATED_RNN,19,0.00013295632334120455
812003,MOTOR_GATED_RNN,20,0.00013152099427315989
812003,MOTOR_GATED_RNN,21,0.00012999219052289845
812003,MOTOR_GATED_RNN,22,0.00012855871636929805
812003,MOTOR_GATED_RNN,23,0.00012744930654662312
812003,MOTOR_GATED_RNN,24,0.00012640714703593403
812003,MOTOR_GATED_RNN,25,0.0001258336560567841
812003,MOTOR_GATED_RNN,26,0.0001246520128006523
812003,MOTOR_GATED_RNN,27,0.0001238033760273538
812003,MOTOR_GATED_RNN,28,0.0001230197781296738
812003,MOTOR_GATED_RNN,29,0.00012247350150573766
812003,MOTOR_GATED_RNN,30,0.00012201911204101634
812003,GENERIC_GRU,1,0.00882354733766988
812003,GENERIC_GRU,2,0.0046719381207367405
812003,GENERIC_GRU,3,0.003560167329851538
812003,GENERIC_GRU,4,0.0031180491496343166
812003,GENERIC_GRU,5,0.0027778306684922427
812003,GENERIC_GRU,6,0.002447649836540222
812003,GENERIC_GRU,7,0.0020897684298688546
812003,GENERIC_GRU,8,0.0017082536724046804
812003,GENERIC_GRU,9,0.0013265227171359584
812003,GENERIC_GRU,10,0.0009613326474209316
812003,GENERIC_GRU,11,0.000647497708996525
812003,GENERIC_GRU,12,0.0004140706532780314
812003,GENERIC_GRU,13,0.0002629483433338464
812003,GENERIC_GRU,14,0.00018574276964500314
812003,GENERIC_GRU,15,0.00015378738589788554
812003,GENERIC_GRU,16,0.0001437062355762464
812003,GENERIC_GRU,17,0.00014100631051405799
812003,GENERIC_GRU,18,0.00013983660528538167
812003,GENERIC_GRU,19,0.00013917902106186375
812003,GENERIC_GRU,20,0.00013870248085368075
812003,GENERIC_GRU,21,0.00013804504851577803
812003,GENERIC_GRU,22,0.0001372410224576015
812003,GENERIC_GRU,23,0.0001365629441352212
812003,GENERIC_GRU,24,0.0001358141389573575
812003,GENERIC_GRU,25,0.00013519962840291555
812003,GENERIC_GRU,26,0.00013418963044387056
812003,GENERIC_GRU,27,0.00013327631404536078
812003,GENERIC_GRU,28,0.00013236381073511438
812003,GENERIC_GRU,29,0.0001313750799454283
812003,GENERIC_GRU,30,0.000130320548578311
812003,MOTOR_ZERO_ABLATION,1,0.0039186494395835325
812003,MOTOR_ZERO_ABLATION,2,0.0035863681696355343
812003,MOTOR_ZERO_ABLATION,3,0.0033737713820300996
812003,MOTOR_ZERO_ABLATION,4,0.003151237207930535
812003,MOTOR_ZERO_ABLATION,5,0.0028934109723195434
812003,MOTOR_ZERO_ABLATION,6,0.0025942141510313377
812003,MOTOR_ZERO_ABLATION,7,0.0022476326703326777
812003,MOTOR_ZERO_ABLATION,8,0.0018665186507860199
812003,MOTOR_ZERO_ABLATION,9,0.00146788662095787
812003,MOTOR_ZERO_ABLATION,10,0.0010731020047387574
812003,MOTOR_ZERO_ABLATION,11,0.0007146062125684693
812003,MOTOR_ZERO_ABLATION,12,0.00043219658437010366
812003,MOTOR_ZERO_ABLATION,13,0.00026060167510877363
812003,MOTOR_ZERO_ABLATION,14,0.00019192235959053505
812003,MOTOR_ZERO_ABLATION,15,0.00017090313849621452
812003,MOTOR_ZERO_ABLATION,16,0.00016285238780255895
812003,MOTOR_ZERO_ABLATION,17,0.00015699142204539385
812003,MOTOR_ZERO_ABLATION,18,0.0001531975813122699
812003,MOTOR_ZERO_ABLATION,19,0.00015019999318610644
812003,MOTOR_ZERO_ABLATION,20,0.0001473526253903401
812003,MOTOR_ZERO_ABLATION,21,0.00014502461181109538
812003,MOTOR_ZERO_ABLATION,22,0.0001429504509360413
812003,MOTOR_ZERO_ABLATION,23,0.00014107919969319482
812003,MOTOR_ZERO_ABLATION,24,0.0001399492439304595
812003,MOTOR_ZERO_ABLATION,25,0.00013847229593011434
812003,MOTOR_ZERO_ABLATION,26,0.00013703648482987774
812003,MOTOR_ZERO_ABLATION,27,0.0001359095299449109
812003,MOTOR_ZERO_ABLATION,28,0.00013525669328373624
812003,MOTOR_ZERO_ABLATION,29,0.00013369176213018363
812003,MOTOR_ZERO_ABLATION,30,0.0001331310995738022
812003,MOTOR_PERMUTED_ABLATION,1,0.0038138468080433086
812003,MOTOR_PERMUTED_ABLATION,2,0.0033089383505284786
812003,MOTOR_PERMUTED_ABLATION,3,0.0029258502763696015
812003,MOTOR_PERMUTED_ABLATION,4,0.0025375303375767544
812003,MOTOR_PERMUTED_ABLATION,5,0.0020997530518798158
812003,MOTOR_PERMUTED_ABLATION,6,0.0015986824946594425
812003,MOTOR_PERMUTED_ABLATION,7,0.0010835584907908924
812003,MOTOR_PERMUTED_ABLATION,8,0.0006465983278758358
812003,MOTOR_PERMUTED_ABLATION,9,0.00037694118327635806
812003,MOTOR_PERMUTED_ABLATION,10,0.0002440842526993947
812003,MOTOR_PERMUTED_ABLATION,11,0.00019158998111379333
812003,MOTOR_PERMUTED_ABLATION,12,0.00017377066888002446
812003,MOTOR_PERMUTED_ABLATION,13,0.00016709117244317895
812003,MOTOR_PERMUTED_ABLATION,14,0.00016409760155511321
812003,MOTOR_PERMUTED_ABLATION,15,0.00016063542852862156
812003,MOTOR_PERMUTED_ABLATION,16,0.00015841337153688073
812003,MOTOR_PERMUTED_ABLATION,17,0.0001559374049975304
812003,MOTOR_PERMUTED_ABLATION,18,0.00015452902789547807
812003,MOTOR_PERMUTED_ABLATION,19,0.00015267132130247774
812003,MOTOR_PERMUTED_ABLATION,20,0.0001511960917923716
812003,MOTOR_PERMUTED_ABLATION,21,0.00014964417550800135
812003,MOTOR_PERMUTED_ABLATION,22,0.00014781480058445595
812003,MOTOR_PERMUTED_ABLATION,23,0.00014631743761128746
812003,MOTOR_PERMUTED_ABLATION,24,0.00014436790570471203
812003,MOTOR_PERMUTED_ABLATION,25,0.00014321894695967785
812003,MOTOR_PERMUTED_ABLATION,26,0.00014226983421394834
812003,MOTOR_PERMUTED_ABLATION,27,0.00014048004186406615
812003,MOTOR_PERMUTED_ABLATION,28,0.00013909715744375717
812003,MOTOR_PERMUTED_ABLATION,29,0.00013833439606969478
812003,MOTOR_PERMUTED_ABLATION,30,0.00013744457965003676
812004,MOTOR_GATED_RNN,1,0.009392396954353899
812004,MOTOR_GATED_RNN,2,0.005266192049020901
812004,MOTOR_GATED_RNN,3,0.0035826450039166957
812004,MOTOR_GATED_RNN,4,0.003301512959296815
812004,MOTOR_GATED_RNN,5,0.0030396764050237834
812004,MOTOR_GATED_RNN,6,0.002795877488097176
812004,MOTOR_GATED_RNN,7,0.002527433665818535
812004,MOTOR_GATED_RNN,8,0.0022349661157932132
812004,MOTOR_GATED_RNN,9,0.0019218006418668665
812004,MOTOR_GATED_RNN,10,0.0015979245872586034
812004,MOTOR_GATED_RNN,11,0.0012808580140699632
812004,MOTOR_GATED_RNN,12,0.000979136886599008
812004,MOTOR_GATED_RNN,13,0.0007127960707293823
812004,MOTOR_GATED_RNN,14,0.0005000624842068646
812004,MOTOR_GATED_RNN,15,0.00035010872670682147
812004,MOTOR_GATED_RNN,16,0.00026131264257855946
812004,MOTOR_GATED_RNN,17,0.00021529566947720014
812004,MOTOR_GATED_RNN,18,0.00019457953931123484
812004,MOTOR_GATED_RNN,19,0.00018470550821803045
812004,MOTOR_GATED_RNN,20,0.00017981518612941727
812004,MOTOR_GATED_RNN,21,0.00017694813868729398
812004,MOTOR_GATED_RNN,22,0.00017483212650404312
812004,MOTOR_GATED_RNN,23,0.00017293295968556777
812004,MOTOR_GATED_RNN,24,0.00017135521466116188
812004,MOTOR_GATED_RNN,25,0.00016949218843365088
812004,MOTOR_GATED_RNN,26,0.00016794134080555523
812004,MOTOR_GATED_RNN,27,0.00016633560608170228
812004,MOTOR_GATED_RNN,28,0.0001647646877245279
812004,MOTOR_GATED_RNN,29,0.00016316985875164391
812004,MOTOR_GATED_RNN,30,0.00016163232976396102
812004,GENERIC_GRU,1,0.010671994823496789
812004,GENERIC_GRU,2,0.004941513252560981
812004,GENERIC_GRU,3,0.003703668757225387
812004,GENERIC_GRU,4,0.003176874393830076
812004,GENERIC_GRU,5,0.002810150253935717
812004,GENERIC_GRU,6,0.002455047273542732
812004,GENERIC_GRU,7,0.0020974117287551053
812004,GENERIC_GRU,8,0.0017462422256357968
812004,GENERIC_GRU,9,0.0014125205198070034
812004,GENERIC_GRU,10,0.0011069662650697865
812004,GENERIC_GRU,11,0.0008435833115072455
812004,GENERIC_GRU,12,0.0006243704701773822
812004,GENERIC_GRU,13,0.0004539413366728695
812004,GENERIC_GRU,14,0.0003310450501885498
812004,GENERIC_GRU,15,0.0002492393459760933
812004,GENERIC_GRU,16,0.00019900844563380815
812004,GENERIC_GRU,17,0.00017033906533470144
812004,GENERIC_GRU,18,0.00015543248264293652
812004,GENERIC_GRU,19,0.00014773917746424559
812004,GENERIC_GRU,20,0.00014400009422388393
812004,GENERIC_GRU,21,0.0001421887609467376
812004,GENERIC_GRU,22,0.00014129985311228666
812004,GENERIC_GRU,23,0.00014072808608034393
812004,GENERIC_GRU,24,0.00014033885281605762
812004,GENERIC_GRU,25,0.00013992621052238974
812004,GENERIC_GRU,26,0.00013961877039037063
812004,GENERIC_GRU,27,0.00013930854493082734
812004,GENERIC_GRU,28,0.0001389539779665938
812004,GENERIC_GRU,29,0.00013863479853171157
812004,GENERIC_GRU,30,0.0001383155627081578
812004,MOTOR_ZERO_ABLATION,1,0.009078356699319556
812004,MOTOR_ZERO_ABLATION,2,0.004926199879264459
812004,MOTOR_ZERO_ABLATION,3,0.0036826631258009
812004,MOTOR_ZERO_ABLATION,4,0.003430980708799325
812004,MOTOR_ZERO_ABLATION,5,0.0032331341499229893
812004,MOTOR_ZERO_ABLATION,6,0.0030059338023420423
812004,MOTOR_ZERO_ABLATION,7,0.002720452393987216
812004,MOTOR_ZERO_ABLATION,8,0.002368513058172539
812004,MOTOR_ZERO_ABLATION,9,0.0019439409079495817
812004,MOTOR_ZERO_ABLATION,10,0.0014694117271574214
812004,MOTOR_ZERO_ABLATION,11,0.0010270509446854703
812004,MOTOR_ZERO_ABLATION,12,0.0006862311638542451
812004,MOTOR_ZERO_ABLATION,13,0.00045170763769419864
812004,MOTOR_ZERO_ABLATION,14,0.0003061877541767899
812004,MOTOR_ZERO_ABLATION,15,0.00022519193134939997
812004,MOTOR_ZERO_ABLATION,16,0.0001860402835518471
812004,MOTOR_ZERO_ABLATION,17,0.00016895482804102357
812004,MOTOR_ZERO_ABLATION,18,0.00016204345138248755
812004,MOTOR_ZERO_ABLATION,19,0.0001584032988830586
812004,MOTOR_ZERO_ABLATION,20,0.00015606315582772368
812004,MOTOR_ZERO_ABLATION,21,0.00015389393956866115
812004,MOTOR_ZERO_ABLATION,22,0.00015204743158392375
812004,MOTOR_ZERO_ABLATION,23,0.0001503918792877812
812004,MOTOR_ZERO_ABLATION,24,0.0001485253883402038
812004,MOTOR_ZERO_ABLATION,25,0.00014665913113276474
812004,MOTOR_ZERO_ABLATION,26,0.00014501693340207567
812004,MOTOR_ZERO_ABLATION,27,0.0001439055859009386
812004,MOTOR_ZERO_ABLATION,28,0.00014201989142748062
812004,MOTOR_ZERO_ABLATION,29,0.00014093392110225977
812004,MOTOR_ZERO_ABLATION,30,0.00013972704255138524
812004,MOTOR_PERMUTED_ABLATION,1,0.007608517335029319
812004,MOTOR_PERMUTED_ABLATION,2,0.004461464457563125
812004,MOTOR_PERMUTED_ABLATION,3,0.0034601798106450588
812004,MOTOR_PERMUTED_ABLATION,4,0.003252282476751134
812004,MOTOR_PERMUTED_ABLATION,5,0.0030902766447979957
812004,MOTOR_PERMUTED_ABLATION,6,0.002913727701525204
812004,MOTOR_PERMUTED_ABLATION,7,0.002697209914913401
812004,MOTOR_PERMUTED_ABLATION,8,0.0024275731848319992
812004,MOTOR_PERMUTED_ABLATION,9,0.0021035370664321817
812004,MOTOR_PERMUTED_ABLATION,10,0.0017299661703873426
812004,MOTOR_PERMUTED_ABLATION,11,0.0013453170977300033
812004,MOTOR_PERMUTED_ABLATION,12,0.0009867000626400113
812004,MOTOR_PERMUTED_ABLATION,13,0.0006868083983135875
812004,MOTOR_PERMUTED_ABLATION,14,0.0004685805197368609
812004,MOTOR_PERMUTED_ABLATION,15,0.0003282125308032846
812004,MOTOR_PERMUTED_ABLATION,16,0.0002449614739816752
812004,MOTOR_PERMUTED_ABLATION,17,0.00020106442389078438
812004,MOTOR_PERMUTED_ABLATION,18,0.0001808322604119894
812004,MOTOR_PERMUTED_ABLATION,19,0.00017113401190727018
812004,MOTOR_PERMUTED_ABLATION,20,0.00016606458211754216
812004,MOTOR_PERMUTED_ABLATION,21,0.00016214532115554903
812004,MOTOR_PERMUTED_ABLATION,22,0.00015972362052707467
812004,MOTOR_PERMUTED_ABLATION,23,0.00015701200027251616
812004,MOTOR_PERMUTED_ABLATION,24,0.00015513624657614855
812004,MOTOR_PERMUTED_ABLATION,25,0.0001533242420919123
812004,MOTOR_PERMUTED_ABLATION,26,0.000151874215589487
812004,MOTOR_PERMUTED_ABLATION,27,0.00015041556162032066
812004,MOTOR_PERMUTED_ABLATION,28,0.0001491724988227361
812004,MOTOR_PERMUTED_ABLATION,29,0.0001477279238315532
812004,MOTOR_PERMUTED_ABLATION,30,0.00014684348934679292
812005,MOTOR_GATED_RNN,1,0.0035256911360193044
812005,MOTOR_GATED_RNN,2,0.003194512435584329
812005,MOTOR_GATED_RNN,3,0.0029512905894080177
812005,MOTOR_GATED_RNN,4,0.00265597716497723
812005,MOTOR_GATED_RNN,5,0.002297744416864589
812005,MOTOR_GATED_RNN,6,0.0018753750264295377
812005,MOTOR_GATED_RNN,7,0.0013963944802526385
812005,MOTOR_GATED_RNN,8,0.0008944505425461102
812005,MOTOR_GATED_RNN,9,0.00046597801156167407
812005,MOTOR_GATED_RNN,10,0.00024256358301499858
812005,MOTOR_GATED_RNN,11,0.00018512374572310364
812005,MOTOR_GATED_RNN,12,0.0001762437059369404
812005,MOTOR_GATED_RNN,13,0.00017329158708889736
812005,MOTOR_GATED_RNN,14,0.00017042654872057028
812005,MOTOR_GATED_RNN,15,0.00016808180680527585
812005,MOTOR_GATED_RNN,16,0.0001660281286604004
812005,MOTOR_GATED_RNN,17,0.0001643632658669958
812005,MOTOR_GATED_RNN,18,0.0001622931458769017
812005,MOTOR_GATED_RNN,19,0.00016081006742751924
812005,MOTOR_GATED_RNN,20,0.00015875944245635765
812005,MOTOR_GATED_RNN,21,0.0001567930203236756
812005,MOTOR_GATED_RNN,22,0.00015507408079429297
812005,MOTOR_GATED_RNN,23,0.0001533680961074424
812005,MOTOR_GATED_RNN,24,0.0001516839565738337
812005,MOTOR_GATED_RNN,25,0.0001500614644101006
812005,MOTOR_GATED_RNN,26,0.0001483896776335314
812005,MOTOR_GATED_RNN,27,0.00014685931364510907
812005,MOTOR_GATED_RNN,28,0.00014560186264134245
812005,MOTOR_GATED_RNN,29,0.0001438612357560487
812005,MOTOR_GATED_RNN,30,0.00014238915719033685
812005,GENERIC_GRU,1,0.006166776875033975
812005,GENERIC_GRU,2,0.0038733154360670596
812005,GENERIC_GRU,3,0.0035927004500990734
812005,GENERIC_GRU,4,0.0033385084534529597
812005,GENERIC_GRU,5,0.0031072067795321345
812005,GENERIC_GRU,6,0.00286227953620255
812005,GENERIC_GRU,7,0.0025904142094077542
812005,GENERIC_GRU,8,0.0022925666999071836
812005,GENERIC_GRU,9,0.0019775556138483807
812005,GENERIC_GRU,10,0.0016556068367208354
812005,GENERIC_GRU,11,0.001345994693110697
812005,GENERIC_GRU,12,0.0010601063004287425
812005,GENERIC_GRU,13,0.0008081632404355332
812005,GENERIC_GRU,14,0.0005985179814160801
812005,GENERIC_GRU,15,0.0004345830220700009
812005,GENERIC_GRU,16,0.00031756427051732317
812005,GENERIC_GRU,17,0.00023982380116649438
812005,GENERIC_GRU,18,0.00019263768535893178
812005,GENERIC_GRU,19,0.00016597566991549684
812005,GENERIC_GRU,20,0.00015201546284515643
812005,GENERIC_GRU,21,0.00014508004187518964
812005,GENERIC_GRU,22,0.00014181623555487022
812005,GENERIC_GRU,23,0.00014011990697326837
812005,GENERIC_GRU,24,0.00013916915668232832
812005,GENERIC_GRU,25,0.00013863006097381003
812005,GENERIC_GRU,26,0.00013819096329825697
812005,GENERIC_GRU,27,0.00013783745271211956
812005,GENERIC_GRU,28,0.00013746840249950765
812005,GENERIC_GRU,29,0.00013717697584070265
812005,GENERIC_GRU,30,0.00013694493918592343
812005,MOTOR_ZERO_ABLATION,1,0.0036408893793122843
812005,MOTOR_ZERO_ABLATION,2,0.0032027785782702267
812005,MOTOR_ZERO_ABLATION,3,0.0028559411148307845
812005,MOTOR_ZERO_ABLATION,4,0.0025008100346894935
812005,MOTOR_ZERO_ABLATION,5,0.002074208117846865
812005,MOTOR_ZERO_ABLATION,6,0.001550309723825194
812005,MOTOR_ZERO_ABLATION,7,0.0009925196354743093
812005,MOTOR_ZERO_ABLATION,8,0.0005639322407660075
812005,MOTOR_ZERO_ABLATION,9,0.0003326934984215768
812005,MOTOR_ZERO_ABLATION,10,0.00022781201641919324
812005,MOTOR_ZERO_ABLATION,11,0.0001896534304250963
812005,MOTOR_ZERO_ABLATION,12,0.00017715063950163312
812005,MOTOR_ZERO_ABLATION,13,0.00017201191712956643
812005,MOTOR_ZERO_ABLATION,14,0.00016869874798430828
812005,MOTOR_ZERO_ABLATION,15,0.0001660381285546464
812005,MOTOR_ZERO_ABLATION,16,0.00016335864802385913
812005,MOTOR_ZERO_ABLATION,17,0.000161594047312974
812005,MOTOR_ZERO_ABLATION,18,0.0001607227850399795
812005,MOTOR_ZERO_ABLATION,19,0.000158240881319216
812005,MOTOR_ZERO_ABLATION,20,0.00015593005855407682
812005,MOTOR_ZERO_ABLATION,21,0.00015380405056930613
812005,MOTOR_ZERO_ABLATION,22,0.0001520066421107913
812005,MOTOR_ZERO_ABLATION,23,0.00015079107424753602
812005,MOTOR_ZERO_ABLATION,24,0.00014922193167876685
812005,MOTOR_ZERO_ABLATION,25,0.0001474958007747773
812005,MOTOR_ZERO_ABLATION,26,0.00014602362716686912
812005,MOTOR_ZERO_ABLATION,27,0.0001449138171665254
812005,MOTOR_ZERO_ABLATION,28,0.00014392532830243
812005,MOTOR_ZERO_ABLATION,29,0.0001422660716343671
812005,MOTOR_ZERO_ABLATION,30,0.00014107836432231124
812005,MOTOR_PERMUTED_ABLATION,1,0.006503398064523935
812005,MOTOR_PERMUTED_ABLATION,2,0.003699141278048046
812005,MOTOR_PERMUTED_ABLATION,3,0.0032091988541651517
812005,MOTOR_PERMUTED_ABLATION,4,0.0028983137308387086
812005,MOTOR_PERMUTED_ABLATION,5,0.0026165013696299866
812005,MOTOR_PERMUTED_ABLATION,6,0.0022991642326815054
812005,MOTOR_PERMUTED_ABLATION,7,0.0019527072508935817
812005,MOTOR_PERMUTED_ABLATION,8,0.0015860745988902636
812005,MOTOR_PERMUTED_ABLATION,9,0.0012283937030588277
812005,MOTOR_PERMUTED_ABLATION,10,0.0009114752865571063
812005,MOTOR_PERMUTED_ABLATION,11,0.0006564224968315102
812005,MOTOR_PERMUTED_ABLATION,12,0.00046069702511886135
812005,MOTOR_PERMUTED_ABLATION,13,0.0003249032852181699
812005,MOTOR_PERMUTED_ABLATION,14,0.00024188662064261734
812005,MOTOR_PERMUTED_ABLATION,15,0.000196801639503974
812005,MOTOR_PERMUTED_ABLATION,16,0.00017728996590449242
812005,MOTOR_PERMUTED_ABLATION,17,0.0001694941929599736
812005,MOTOR_PERMUTED_ABLATION,18,0.00016617280562059022
812005,MOTOR_PERMUTED_ABLATION,19,0.00016466989836771972
812005,MOTOR_PERMUTED_ABLATION,20,0.00016338288560291403
812005,MOTOR_PERMUTED_ABLATION,21,0.0001624897777219303
812005,MOTOR_PERMUTED_ABLATION,22,0.00016154461718542734
812005,MOTOR_PERMUTED_ABLATION,23,0.0001606918003744795
812005,MOTOR_PERMUTED_ABLATION,24,0.0001598221288077184
812005,MOTOR_PERMUTED_ABLATION,25,0.0001592575363247306
812005,MOTOR_PERMUTED_ABLATION,26,0.0001583656503498787
812005,MOTOR_PERMUTED_ABLATION,27,0.0001576648583068163
812005,MOTOR_PERMUTED_ABLATION,28,0.00015707690272392938
812005,MOTOR_PERMUTED_ABLATION,29,0.00015643994720448973
812005,MOTOR_PERMUTED_ABLATION,30,0.00015619142050127266
812006,MOTOR_GATED_RNN,1,0.0039003722777124494
812006,MOTOR_GATED_RNN,2,0.003247508400818333
812006,MOTOR_GATED_RNN,3,0.002960199912195094
812006,MOTOR_GATED_RNN,4,0.002686570063815452
812006,MOTOR_GATED_RNN,5,0.002359505626372993
812006,MOTOR_GATED_RNN,6,0.001985376584343612
812006,MOTOR_GATED_RNN,7,0.001578501811309252
812006,MOTOR_GATED_RNN,8,0.001165981862868648
812006,MOTOR_GATED_RNN,9,0.0007834354400984012
812006,MOTOR_GATED_RNN,10,0.00047959424045984633
812006,MOTOR_GATED_RNN,11,0.0002900275339925429
812006,MOTOR_GATED_RNN,12,0.00020086638596694684
812006,MOTOR_GATED_RNN,13,0.0001712508792479639
812006,MOTOR_GATED_RNN,14,0.00016165614033525344
812006,MOTOR_GATED_RNN,15,0.00015768086450407282
812006,MOTOR_GATED_RNN,16,0.00015535478632955346
812006,MOTOR_GATED_RNN,17,0.00015201105361484224
812006,MOTOR_GATED_RNN,18,0.00014893496336298995
812006,MOTOR_GATED_RNN,19,0.00014617470242228592
812006,MOTOR_GATED_RNN,20,0.0001433865409126156
812006,MOTOR_GATED_RNN,21,0.0001404205627295596
812006,MOTOR_GATED_RNN,22,0.00013749491836279049
812006,MOTOR_GATED_RNN,23,0.00013454470354190562
812006,MOTOR_GATED_RNN,24,0.00013162979530534358
812006,MOTOR_GATED_RNN,25,0.00012912006559417932
812006,MOTOR_GATED_RNN,26,0.00012687404523603618
812006,MOTOR_GATED_RNN,27,0.00012488725678849733
812006,MOTOR_GATED_RNN,28,0.00012330487197687034
812006,MOTOR_GATED_RNN,29,0.00012163032715761801
812006,MOTOR_GATED_RNN,30,0.00012039228568028193
812006,GENERIC_GRU,1,0.004183390279649757
812006,GENERIC_GRU,2,0.0036730530991917476
812006,GENERIC_GRU,3,0.0032801743800519034
812006,GENERIC_GRU,4,0.0028919655014760792
812006,GENERIC_GRU,5,0.002469524144544266
812006,GENERIC_GRU,6,0.0019768944330280647
812006,GENERIC_GRU,7,0.0014739426696905866
812006,GENERIC_GRU,8,0.0010296841610397678
812006,GENERIC_GRU,9,0.000671380363201024
812006,GENERIC_GRU,10,0.00041379725553269964
812006,GENERIC_GRU,11,0.00025779096813494107
812006,GENERIC_GRU,12,0.00017797999498725403
812006,GENERIC_GRU,13,0.00014614902011089725
812006,GENERIC_GRU,14,0.00013523978304874618
812006,GENERIC_GRU,15,0.00013158250840206165
812006,GENERIC_GRU,16,0.00013013471334488713
812006,GENERIC_GRU,17,0.00012872255501861218
812006,GENERIC_GRU,18,0.00012712405350612244
812006,GENERIC_GRU,19,0.00012601521848409902
812006,GENERIC_GRU,20,0.0001250506356882397
812006,GENERIC_GRU,21,0.0001239835341948492
812006,GENERIC_GRU,22,0.00012317796290517435
812006,GENERIC_GRU,23,0.0001223018207383575
812006,GENERIC_GRU,24,0.00012172802826171392
812006,GENERIC_GRU,25,0.00012072051413269946
812006,GENERIC_GRU,26,0.00012012469551336835
812006,GENERIC_GRU,27,0.00011941177399421576
812006,GENERIC_GRU,28,0.00011879908834089292
812006,GENERIC_GRU,29,0.00011809491206804523
812006,GENERIC_GRU,30,0.00011760160350604565
812006,MOTOR_ZERO_ABLATION,1,0.007936328765936196
812006,MOTOR_ZERO_ABLATION,2,0.004187762227957137
812006,MOTOR_ZERO_ABLATION,3,0.003055504130315967
812006,MOTOR_ZERO_ABLATION,4,0.0028292120550759137
812006,MOTOR_ZERO_ABLATION,5,0.0025448742817388847
812006,MOTOR_ZERO_ABLATION,6,0.002249983575893566
812006,MOTOR_ZERO_ABLATION,7,0.0019216763685108162
812006,MOTOR_ZERO_ABLATION,8,0.0015767329023219645
812006,MOTOR_ZERO_ABLATION,9,0.0012321849644649774
812006,MOTOR_ZERO_ABLATION,10,0.0009079087321879342
812006,MOTOR_ZERO_ABLATION,11,0.0006284603332460392
812006,MOTOR_ZERO_ABLATION,12,0.00041328468068968505
812006,MOTOR_ZERO_ABLATION,13,0.0002756948397291126
812006,MOTOR_ZERO_ABLATION,14,0.00020749303803313524
812006,MOTOR_ZERO_ABLATION,15,0.00018151883250538958
812006,MOTOR_ZERO_ABLATION,16,0.00017319456947006984
812006,MOTOR_ZERO_ABLATION,17,0.00016846727066877065
812006,MOTOR_ZERO_ABLATION,18,0.00016561544543947093
812006,MOTOR_ZERO_ABLATION,19,0.000163585019436141
812006,MOTOR_ZERO_ABLATION,20,0.00016166108707693638
812006,MOTOR_ZERO_ABLATION,21,0.00015999436163838254
812006,MOTOR_ZERO_ABLATION,22,0.0001584166329848813
812006,MOTOR_ZERO_ABLATION,23,0.00015707868897152366
812006,MOTOR_ZERO_ABLATION,24,0.00015560337396891555
812006,MOTOR_ZERO_ABLATION,25,0.000154342885252845
812006,MOTOR_ZERO_ABLATION,26,0.0001531229354441166
812006,MOTOR_ZERO_ABLATION,27,0.00015190631484074402
812006,MOTOR_ZERO_ABLATION,28,0.00015064758918015286
812006,MOTOR_ZERO_ABLATION,29,0.0001494397201895481
812006,MOTOR_ZERO_ABLATION,30,0.00014823620585957542
812006,MOTOR_PERMUTED_ABLATION,1,0.004713852336863056
812006,MOTOR_PERMUTED_ABLATION,2,0.0034405298647470772
812006,MOTOR_PERMUTED_ABLATION,3,0.0030635332223027945
812006,MOTOR_PERMUTED_ABLATION,4,0.0028064897778676823
812006,MOTOR_PERMUTED_ABLATION,5,0.0025512157735647634
812006,MOTOR_PERMUTED_ABLATION,6,0.0022507899266202003
812006,MOTOR_PERMUTED_ABLATION,7,0.0019122406156384386
812006,MOTOR_PERMUTED_ABLATION,8,0.0015452802836080082
812006,MOTOR_PERMUTED_ABLATION,9,0.001178863167297095
812006,MOTOR_PERMUTED_ABLATION,10,0.000839887848997023
812006,MOTOR_PERMUTED_ABLATION,11,0.0005623913184535922
812006,MOTOR_PERMUTED_ABLATION,12,0.00036291484502726234
812006,MOTOR_PERMUTED_ABLATION,13,0.0002545300139900064
812006,MOTOR_PERMUTED_ABLATION,14,0.00020709899945359211
812006,MOTOR_PERMUTED_ABLATION,15,0.00018607233050715877
812006,MOTOR_PERMUTED_ABLATION,16,0.000177553324647306
812006,MOTOR_PERMUTED_ABLATION,17,0.00017181493512907764
812006,MOTOR_PERMUTED_ABLATION,18,0.00016752722967794398
812006,MOTOR_PERMUTED_ABLATION,19,0.00016398546904383693
812006,MOTOR_PERMUTED_ABLATION,20,0.00016050323483796092
812006,MOTOR_PERMUTED_ABLATION,21,0.00015709583567513619
812006,MOTOR_PERMUTED_ABLATION,22,0.00015366741354227997
812006,MOTOR_PERMUTED_ABLATION,23,0.00015059027646202594
812006,MOTOR_PERMUTED_ABLATION,24,0.00014755849770153873
812006,MOTOR_PERMUTED_ABLATION,25,0.0001448341936338693
812006,MOTOR_PERMUTED_ABLATION,26,0.00014176635204421473
812006,MOTOR_PERMUTED_ABLATION,27,0.00013914176133766887
812006,MOTOR_PERMUTED_ABLATION,28,0.0001364865693176398
812006,MOTOR_PERMUTED_ABLATION,29,0.0001335865763394395
812006,MOTOR_PERMUTED_ABLATION,30,0.0001311525716118922
812007,MOTOR_GATED_RNN,1,0.0063393306627403945
812007,MOTOR_GATED_RNN,2,0.0043168905831407756
812007,MOTOR_GATED_RNN,3,0.0036575014382833615
812007,MOTOR_GATED_RNN,4,0.0034437010617693886
812007,MOTOR_GATED_RNN,5,0.003191551106283441
812007,MOTOR_GATED_RNN,6,0.0028812462114728987
812007,MOTOR_GATED_RNN,7,0.0024963978939922526
812007,MOTOR_GATED_RNN,8,0.0020438512146938592
812007,MOTOR_GATED_RNN,9,0.0015775059218867682
812007,MOTOR_GATED_RNN,10,0.0011336294337525032
812007,MOTOR_GATED_RNN,11,0.000757425954361679
812007,MOTOR_GATED_RNN,12,0.0004824611223739339
812007,MOTOR_GATED_RNN,13,0.0003107468000962399
812007,MOTOR_GATED_RNN,14,0.00022051730866223807
812007,MOTOR_GATED_RNN,15,0.00018313120472157607
812007,MOTOR_GATED_RNN,16,0.00016893368047021795
812007,MOTOR_GATED_RNN,17,0.0001630361675779568
812007,MOTOR_GATED_RNN,18,0.00015887153949734056
812007,MOTOR_GATED_RNN,19,0.0001557099985802779
812007,MOTOR_GATED_RNN,20,0.00015277495094778715
812007,MOTOR_GATED_RNN,21,0.00015044901556393597
812007,MOTOR_GATED_RNN,22,0.0001484559043092304
812007,MOTOR_GATED_RNN,23,0.00014620815545640653
812007,MOTOR_GATED_RNN,24,0.0001441315553165623
812007,MOTOR_GATED_RNN,25,0.00014240529026210424
812007,MOTOR_GATED_RNN,26,0.000140930645102344
812007,MOTOR_GATED_RNN,27,0.00013961882086732658
812007,MOTOR_GATED_RNN,28,0.00013808107269142056
812007,MOTOR_GATED_RNN,29,0.00013677454262506217
812007,MOTOR_GATED_RNN,30,0.00013572604893852258
812007,GENERIC_GRU,1,0.004645631794119254
812007,GENERIC_GRU,2,0.0035989486059406772
812007,GENERIC_GRU,3,0.0031213945476338267
812007,GENERIC_GRU,4,0.0026697978464653715
812007,GENERIC_GRU,5,0.0021789448146591894
812007,GENERIC_GRU,6,0.0016943941009230912
812007,GENERIC_GRU,7,0.0012599929323187098
812007,GENERIC_GRU,8,0.0008813744061626494
812007,GENERIC_GRU,9,0.000585047404456418
812007,GENERIC_GRU,10,0.00037597054324578494
812007,GENERIC_GRU,11,0.00024882784146029735
812007,GENERIC_GRU,12,0.00018185484168498078
812007,GENERIC_GRU,13,0.00015293045726139098
812007,GENERIC_GRU,14,0.00014115794965618988
812007,GENERIC_GRU,15,0.00013737056951867999
812007,GENERIC_GRU,16,0.00013577175150203402
812007,GENERIC_GRU,17,0.00013477091215463588
812007,GENERIC_GRU,18,0.00013398769988270942
812007,GENERIC_GRU,19,0.0001332561355411599
812007,GENERIC_GRU,20,0.0001324081904385821
812007,GENERIC_GRU,21,0.0001316197572123201
812007,GENERIC_GRU,22,0.0001310126563112135
812007,GENERIC_GRU,23,0.000130329607600288
812007,GENERIC_GRU,24,0.00012987757554583368
812007,GENERIC_GRU,25,0.0001287211466660665
812007,GENERIC_GRU,26,0.00012812906743420172
812007,GENERIC_GRU,27,0.000127776689168968
812007,GENERIC_GRU,28,0.0001268409346266708
812007,GENERIC_GRU,29,0.0001260905683011515
812007,GENERIC_GRU,30,0.0001255037755072408
812007,MOTOR_ZERO_ABLATION,1,0.003956545740948059
812007,MOTOR_ZERO_ABLATION,2,0.003624375196523033
812007,MOTOR_ZERO_ABLATION,3,0.0033329059078823775
812007,MOTOR_ZERO_ABLATION,4,0.002981499827001244
812007,MOTOR_ZERO_ABLATION,5,0.002547007563407533
812007,MOTOR_ZERO_ABLATION,6,0.002047471280093305
812007,MOTOR_ZERO_ABLATION,7,0.0015574668286717497
812007,MOTOR_ZERO_ABLATION,8,0.0010665367954061367
812007,MOTOR_ZERO_ABLATION,9,0.0006373661872203229
812007,MOTOR_ZERO_ABLATION,10,0.0003412690057302825
812007,MOTOR_ZERO_ABLATION,11,0.0002095364625347429
812007,MOTOR_ZERO_ABLATION,12,0.00017340403246635105
812007,MOTOR_ZERO_ABLATION,13,0.00016714810226403642
812007,MOTOR_ZERO_ABLATION,14,0.00016313344349327963
812007,MOTOR_ZERO_ABLATION,15,0.00015919938232400455
812007,MOTOR_ZERO_ABLATION,16,0.0001560393438921892
812007,MOTOR_ZERO_ABLATION,17,0.00015334415729739703
812007,MOTOR_ZERO_ABLATION,18,0.00015034583339001983
812007,MOTOR_ZERO_ABLATION,19,0.0001478517560826731
812007,MOTOR_ZERO_ABLATION,20,0.0001456467189200339
812007,MOTOR_ZERO_ABLATION,21,0.00014381865730683785
812007,MOTOR_ZERO_ABLATION,22,0.00014237448704079725
812007,MOTOR_ZERO_ABLATION,23,0.00014110797746980097
812007,MOTOR_ZERO_ABLATION,24,0.00014034839387022657
812007,MOTOR_ZERO_ABLATION,25,0.00013951256551081315
812007,MOTOR_ZERO_ABLATION,26,0.00013795860422760597
812007,MOTOR_ZERO_ABLATION,27,0.00013705884521186817
812007,MOTOR_ZERO_ABLATION,28,0.0001361056451969489
812007,MOTOR_ZERO_ABLATION,29,0.0001349982017018192
812007,MOTOR_ZERO_ABLATION,30,0.00013472033197103883
812007,MOTOR_PERMUTED_ABLATION,1,0.0043597734766080976
812007,MOTOR_PERMUTED_ABLATION,2,0.003561094476026483
812007,MOTOR_PERMUTED_ABLATION,3,0.0033601612522033975
812007,MOTOR_PERMUTED_ABLATION,4,0.0031375134858535603
812007,MOTOR_PERMUTED_ABLATION,5,0.0028747625910909846
812007,MOTOR_PERMUTED_ABLATION,6,0.00255735800601542
812007,MOTOR_PERMUTED_ABLATION,7,0.0021918310594628565
812007,MOTOR_PERMUTED_ABLATION,8,0.001768238638760522
812007,MOTOR_PERMUTED_ABLATION,9,0.0012986736037419178
812007,MOTOR_PERMUTED_ABLATION,10,0.0008418489014729857
812007,MOTOR_PERMUTED_ABLATION,11,0.0004987543634342728
812007,MOTOR_PERMUTED_ABLATION,12,0.0002978788179461844
812007,MOTOR_PERMUTED_ABLATION,13,0.0002125233440892771
812007,MOTOR_PERMUTED_ABLATION,14,0.00018214215560874436
812007,MOTOR_PERMUTED_ABLATION,15,0.00017294186363869812
812007,MOTOR_PERMUTED_ABLATION,16,0.00016822682664496824
812007,MOTOR_PERMUTED_ABLATION,17,0.00016510711884620832
812007,MOTOR_PERMUTED_ABLATION,18,0.00016221569876506692
812007,MOTOR_PERMUTED_ABLATION,19,0.0001593124243299826
812007,MOTOR_PERMUTED_ABLATION,20,0.00015720055307610892
812007,MOTOR_PERMUTED_ABLATION,21,0.00015461431576113682
812007,MOTOR_PERMUTED_ABLATION,22,0.00015263489058270352
812007,MOTOR_PERMUTED_ABLATION,23,0.000150516288158542
812007,MOTOR_PERMUTED_ABLATION,24,0.000149315019370988
812007,MOTOR_PERMUTED_ABLATION,25,0.0001475833946642524
812007,MOTOR_PERMUTED_ABLATION,26,0.00014575925797544187
812007,MOTOR_PERMUTED_ABLATION,27,0.00014474966974376002
812007,MOTOR_PERMUTED_ABLATION,28,0.00014304721389635233
812007,MOTOR_PERMUTED_ABLATION,29,0.00014146261128189508
812007,MOTOR_PERMUTED_ABLATION,30,0.00014024241681909189
812008,MOTOR_GATED_RNN,1,0.00456002788268961
812008,MOTOR_GATED_RNN,2,0.003696724001201801
812008,MOTOR_GATED_RNN,3,0.0035193885705666617
812008,MOTOR_GATED_RNN,4,0.0033365809795213863
812008,MOTOR_GATED_RNN,5,0.0030940743745304644
812008,MOTOR_GATED_RNN,6,0.0027805915742646903
812008,MOTOR_GATED_RNN,7,0.0024016521347220987
812008,MOTOR_GATED_RNN,8,0.0019860847605741583
812008,MOTOR_GATED_RNN,9,0.0015495568586629815
812008,MOTOR_GATED_RNN,10,0.0011223047804378439
812008,MOTOR_GATED_RNN,11,0.0007527978996222373
812008,MOTOR_GATED_RNN,12,0.00047668650950072333
812008,MOTOR_GATED_RNN,13,0.0003119692100881366
812008,MOTOR_GATED_RNN,14,0.00023156958104664227
812008,MOTOR_GATED_RNN,15,0.00019719727970368695
812008,MOTOR_GATED_RNN,16,0.00018281252141605364
812008,MOTOR_GATED_RNN,17,0.0001749102993926499
812008,MOTOR_GATED_RNN,18,0.00016924459214351373
812008,MOTOR_GATED_RNN,19,0.00016463015799672576
812008,MOTOR_GATED_RNN,20,0.00016090354256448336
812008,MOTOR_GATED_RNN,21,0.00015795918989169877
812008,MOTOR_GATED_RNN,22,0.00015512192385358503
812008,MOTOR_GATED_RNN,23,0.00015293386559278588
812008,MOTOR_GATED_RNN,24,0.000150805918565311
812008,MOTOR_GATED_RNN,25,0.00014884097163303522
812008,MOTOR_GATED_RNN,26,0.00014711263429489918
812008,MOTOR_GATED_RNN,27,0.00014548140097758733
812008,MOTOR_GATED_RNN,28,0.00014382417657543556
812008,MOTOR_GATED_RNN,29,0.0001424101164957392
812008,MOTOR_GATED_RNN,30,0.0001410510299137968
812008,GENERIC_GRU,1,0.006313545542070642
812008,GENERIC_GRU,2,0.003457180500845425
812008,GENERIC_GRU,3,0.003191750744008459
812008,GENERIC_GRU,4,0.002874930258258246
812008,GENERIC_GRU,5,0.002576199680333957
812008,GENERIC_GRU,6,0.0022514286974910647
812008,GENERIC_GRU,7,0.0019032246491406113
812008,GENERIC_GRU,8,0.0015481775626540184
812008,GENERIC_GRU,9,0.001209227557410486
812008,GENERIC_GRU,10,0.0009063838406291325
812008,GENERIC_GRU,11,0.0006533503255923279
812008,GENERIC_GRU,12,0.00045605107516166754
812008,GENERIC_GRU,13,0.00032106891558214556
812008,GENERIC_GRU,14,0.0002364992760703899
812008,GENERIC_GRU,15,0.00018824181825038977
812008,GENERIC_GRU,16,0.0001634077261769562
812008,GENERIC_GRU,17,0.00015129424809856573
812008,GENERIC_GRU,18,0.00014557727899955353
812008,GENERIC_GRU,19,0.00014271322106651496
812008,GENERIC_GRU,20,0.000140894436299277
812008,GENERIC_GRU,21,0.0001396570746692305
812008,GENERIC_GRU,22,0.00013873360057914397
812008,GENERIC_GRU,23,0.0001380356980007491
812008,GENERIC_GRU,24,0.00013743330964643974
812008,GENERIC_GRU,25,0.00013689243724002154
812008,GENERIC_GRU,26,0.00013635796813105117
812008,GENERIC_GRU,27,0.00013589440777650452
812008,GENERIC_GRU,28,0.00013550515541282948
812008,GENERIC_GRU,29,0.00013509620157492463
812008,GENERIC_GRU,30,0.00013470868179865647
812008,MOTOR_ZERO_ABLATION,1,0.00339399921358563
812008,MOTOR_ZERO_ABLATION,2,0.002987074345583096
812008,MOTOR_ZERO_ABLATION,3,0.002634497854160145
812008,MOTOR_ZERO_ABLATION,4,0.0022348424972733483
812008,MOTOR_ZERO_ABLATION,5,0.0017742463896865956
812008,MOTOR_ZERO_ABLATION,6,0.0012679826031671837
812008,MOTOR_ZERO_ABLATION,7,0.0007774349141982384
812008,MOTOR_ZERO_ABLATION,8,0.0004232261944707716
812008,MOTOR_ZERO_ABLATION,9,0.0002525112804505625
812008,MOTOR_ZERO_ABLATION,10,0.00019646195141831413
812008,MOTOR_ZERO_ABLATION,11,0.00018083371651300695
812008,MOTOR_ZERO_ABLATION,12,0.0001729037367113051
812008,MOTOR_ZERO_ABLATION,13,0.00016712194792489754
812008,MOTOR_ZERO_ABLATION,14,0.00016310508817696245
812008,MOTOR_ZERO_ABLATION,15,0.00015923751016089227
812008,MOTOR_ZERO_ABLATION,16,0.00015584659649903188
812008,MOTOR_ZERO_ABLATION,17,0.0001528829052404035
812008,MOTOR_ZERO_ABLATION,18,0.00014971563359722495
812008,MOTOR_ZERO_ABLATION,19,0.0001471104324082262
812008,MOTOR_ZERO_ABLATION,20,0.0001448460443498334
812008,MOTOR_ZERO_ABLATION,21,0.0001427286770194769
812008,MOTOR_ZERO_ABLATION,22,0.00014068550171941752
812008,MOTOR_ZERO_ABLATION,23,0.00013922566949986503
812008,MOTOR_ZERO_ABLATION,24,0.00013816741602568072
812008,MOTOR_ZERO_ABLATION,25,0.00013543837349061505
812008,MOTOR_ZERO_ABLATION,26,0.00013431699289867538
812008,MOTOR_ZERO_ABLATION,27,0.00013211732721174485
812008,MOTOR_ZERO_ABLATION,28,0.00013079534755888744
812008,MOTOR_ZERO_ABLATION,29,0.00012930769526064978
812008,MOTOR_ZERO_ABLATION,30,0.0001278174136132293
812008,MOTOR_PERMUTED_ABLATION,1,0.004052818665513769
812008,MOTOR_PERMUTED_ABLATION,2,0.00378166809969116
812008,MOTOR_PERMUTED_ABLATION,3,0.0036089761706534773
812008,MOTOR_PERMUTED_ABLATION,4,0.003418136591790244
812008,MOTOR_PERMUTED_ABLATION,5,0.003126886804238893
812008,MOTOR_PERMUTED_ABLATION,6,0.0026831438444787636
812008,MOTOR_PERMUTED_ABLATION,7,0.002088434514007531
812008,MOTOR_PERMUTED_ABLATION,8,0.001470911200158298
812008,MOTOR_PERMUTED_ABLATION,9,0.0009683578173280694
812008,MOTOR_PERMUTED_ABLATION,10,0.0006249726575333625
812008,MOTOR_PERMUTED_ABLATION,11,0.0003963245981140062
812008,MOTOR_PERMUTED_ABLATION,12,0.00026026202885987004
812008,MOTOR_PERMUTED_ABLATION,13,0.00019485604934743606
812008,MOTOR_PERMUTED_ABLATION,14,0.00016992738437693333
812008,MOTOR_PERMUTED_ABLATION,15,0.0001615097662579501
812008,MOTOR_PERMUTED_ABLATION,16,0.00015845246343815234
812008,MOTOR_PERMUTED_ABLATION,17,0.0001564229578434606
812008,MOTOR_PERMUTED_ABLATION,18,0.00015437151796504622
812008,MOTOR_PERMUTED_ABLATION,19,0.00015304559201467782
812008,MOTOR_PERMUTED_ABLATION,20,0.00015147768499446101
812008,MOTOR_PERMUTED_ABLATION,21,0.00015021470699139172
812008,MOTOR_PERMUTED_ABLATION,22,0.00014899385132594034
812008,MOTOR_PERMUTED_ABLATION,23,0.00014852061485726153
812008,MOTOR_PERMUTED_ABLATION,24,0.00014632161446570535
812008,MOTOR_PERMUTED_ABLATION,25,0.000144877373259078
812008,MOTOR_PERMUTED_ABLATION,26,0.0001436103370906494
812008,MOTOR_PERMUTED_ABLATION,27,0.0001423992084710335
812008,MOTOR_PERMUTED_ABLATION,28,0.00014082623056310695
812008,MOTOR_PERMUTED_ABLATION,29,0.00013936810137238353
812008,MOTOR_PERMUTED_ABLATION,30,0.0001388202636007918
812009,MOTOR_GATED_RNN,1,0.004345119770732708
812009,MOTOR_GATED_RNN,2,0.0034650523302843794
812009,MOTOR_GATED_RNN,3,0.003145432041492313
812009,MOTOR_GATED_RNN,4,0.002842844376573339
812009,MOTOR_GATED_RNN,5,0.0025071976851904765
812009,MOTOR_GATED_RNN,6,0.0021395883086370304
812009,MOTOR_GATED_RNN,7,0.0017474980195402168
812009,MOTOR_GATED_RNN,8,0.0013591676106443629
812009,MOTOR_GATED_RNN,9,0.0009984497373807244
812009,MOTOR_GATED_RNN,10,0.000685791364958277
812009,MOTOR_GATED_RNN,11,0.00044669676026387606
812009,MOTOR_GATED_RNN,12,0.0002962188209494343
812009,MOTOR_GATED_RNN,13,0.0002254392629765789
812009,MOTOR_GATED_RNN,14,0.00019854843412758783
812009,MOTOR_GATED_RNN,15,0.0001895278501251596
812009,MOTOR_GATED_RNN,16,0.00018498489225748926
812009,MOTOR_GATED_RNN,17,0.00018123247991752578
812009,MOTOR_GATED_RNN,18,0.0001778931773515069
812009,MOTOR_GATED_RNN,19,0.00017483682222518837
812009,MOTOR_GATED_RNN,20,0.00017216678406839492
812009,MOTOR_GATED_RNN,21,0.0001693867261565174
812009,MOTOR_GATED_RNN,22,0.00016710716226953082
812009,MOTOR_GATED_RNN,23,0.00016478101770189824
812009,MOTOR_GATED_RNN,24,0.0001627501724215108
812009,MOTOR_GATED_RNN,25,0.00016057459561125142
812009,MOTOR_GATED_RNN,26,0.00015871257346589118
812009,MOTOR_GATED_RNN,27,0.00015707518377894303
812009,MOTOR_GATED_RNN,28,0.00015546276245004265
812009,MOTOR_GATED_RNN,29,0.00015346652708103647
812009,MOTOR_GATED_RNN,30,0.00015198016262729652
812009,GENERIC_GRU,1,0.004527264914941043
812009,GENERIC_GRU,2,0.0038884070090716705
812009,GENERIC_GRU,3,0.0036414488859008998
812009,GENERIC_GRU,4,0.0034521678026067093
812009,GENERIC_GRU,5,0.003250229638069868
812009,GENERIC_GRU,6,0.003000434095156379
812009,GENERIC_GRU,7,0.0026824044762179255
812009,GENERIC_GRU,8,0.002301857137354091
812009,GENERIC_GRU,9,0.0018908652928075753
812009,GENERIC_GRU,10,0.0014827681516180746
812009,GENERIC_GRU,11,0.0011111065032309853
812009,GENERIC_GRU,12,0.0007932904300105292
812009,GENERIC_GRU,13,0.0005418512228061445
812009,GENERIC_GRU,14,0.0003636652199929813
812009,GENERIC_GRU,15,0.0002516754257158027
812009,GENERIC_GRU,16,0.00018975014063471463
812009,GENERIC_GRU,17,0.00016024448814278003
812009,GENERIC_GRU,18,0.00014745413909622584
812009,GENERIC_GRU,19,0.00014283228847489227
812009,GENERIC_GRU,20,0.00014116942656983156
812009,GENERIC_GRU,21,0.00014045384023120278
812009,GENERIC_GRU,22,0.00014015717533766292
812009,GENERIC_GRU,23,0.0001399510169903806
812009,GENERIC_GRU,24,0.00013979405775899068
812009,GENERIC_GRU,25,0.00013958379850009806
812009,GENERIC_GRU,26,0.00013935861352365464
812009,GENERIC_GRU,27,0.00013920867695560446
812009,GENERIC_GRU,28,0.00013895350230086478
812009,GENERIC_GRU,29,0.00013880703818358597
812009,GENERIC_GRU,30,0.00013860179842595244
812009,MOTOR_ZERO_ABLATION,1,0.007064488803735003
812009,MOTOR_ZERO_ABLATION,2,0.00467363532516174
812009,MOTOR_ZERO_ABLATION,3,0.004004384725703858
812009,MOTOR_ZERO_ABLATION,4,0.003824403160251677
812009,MOTOR_ZERO_ABLATION,5,0.0036577319842763245
812009,MOTOR_ZERO_ABLATION,6,0.0034797211119439453
812009,MOTOR_ZERO_ABLATION,7,0.0032521974644623697
812009,MOTOR_ZERO_ABLATION,8,0.0029480592638719827
812009,MOTOR_ZERO_ABLATION,9,0.002566532581113279
812009,MOTOR_ZERO_ABLATION,10,0.0021331389143597335
812009,MOTOR_ZERO_ABLATION,11,0.001692941783403512
812009,MOTOR_ZERO_ABLATION,12,0.001295885449508205
812009,MOTOR_ZERO_ABLATION,13,0.000957073993049562
812009,MOTOR_ZERO_ABLATION,14,0.0006802750212955289
812009,MOTOR_ZERO_ABLATION,15,0.00047159679343167227
812009,MOTOR_ZERO_ABLATION,16,0.00033447980422351975
812009,MOTOR_ZERO_ABLATION,17,0.0002548120100982487
812009,MOTOR_ZERO_ABLATION,18,0.00021459666095324792
812009,MOTOR_ZERO_ABLATION,19,0.00019745433291973313
812009,MOTOR_ZERO_ABLATION,20,0.0001902948652059422
812009,MOTOR_ZERO_ABLATION,21,0.00018705714865063783
812009,MOTOR_ZERO_ABLATION,22,0.00018480681501387153
812009,MOTOR_ZERO_ABLATION,23,0.00018293842549610417
812009,MOTOR_ZERO_ABLATION,24,0.00018136963444703724
812009,MOTOR_ZERO_ABLATION,25,0.0001801083735699649
812009,MOTOR_ZERO_ABLATION,26,0.00017841773569671204
812009,MOTOR_ZERO_ABLATION,27,0.00017687728359305765
812009,MOTOR_ZERO_ABLATION,28,0.00017558034051035065
812009,MOTOR_ZERO_ABLATION,29,0.00017419270079699345
812009,MOTOR_ZERO_ABLATION,30,0.00017307766756857745
812009,MOTOR_PERMUTED_ABLATION,1,0.0034307473833905533
812009,MOTOR_PERMUTED_ABLATION,2,0.0031752131471876055
812009,MOTOR_PERMUTED_ABLATION,3,0.002861637403839268
812009,MOTOR_PERMUTED_ABLATION,4,0.0024624601646792144
812009,MOTOR_PERMUTED_ABLATION,5,0.001982300243980717
812009,MOTOR_PERMUTED_ABLATION,6,0.001449330840841867
812009,MOTOR_PERMUTED_ABLATION,7,0.0009325467181042768
812009,MOTOR_PERMUTED_ABLATION,8,0.0005372013183659874
812009,MOTOR_PERMUTED_ABLATION,9,0.0003060517619815073
812009,MOTOR_PERMUTED_ABLATION,10,0.00020885261164949043
812009,MOTOR_PERMUTED_ABLATION,11,0.0001819573399188812
812009,MOTOR_PERMUTED_ABLATION,12,0.00017217592721863184
812009,MOTOR_PERMUTED_ABLATION,13,0.00016691209839336807
812009,MOTOR_PERMUTED_ABLATION,14,0.00016305968347296584
812009,MOTOR_PERMUTED_ABLATION,15,0.00016046252494561486
812009,MOTOR_PERMUTED_ABLATION,16,0.00015813889604032738
812009,MOTOR_PERMUTED_ABLATION,17,0.00015587157304253196
812009,MOTOR_PERMUTED_ABLATION,18,0.00015455916673090542
812009,MOTOR_PERMUTED_ABLATION,19,0.00015259377460097312
812009,MOTOR_PERMUTED_ABLATION,20,0.00015052650269353762
812009,MOTOR_PERMUTED_ABLATION,21,0.0001493883137300145
812009,MOTOR_PERMUTED_ABLATION,22,0.00014807807656325167
812009,MOTOR_PERMUTED_ABLATION,23,0.00014722808828082634
812009,MOTOR_PERMUTED_ABLATION,24,0.00014510895971397986
812009,MOTOR_PERMUTED_ABLATION,25,0.00014495913637802005
812009,MOTOR_PERMUTED_ABLATION,26,0.00014376578610608703
812009,MOTOR_PERMUTED_ABLATION,27,0.00014247851140680723
812009,MOTOR_PERMUTED_ABLATION,28,0.00014123648543318268
812009,MOTOR_PERMUTED_ABLATION,29,0.00014018152933203964
812009,MOTOR_PERMUTED_ABLATION,30,0.00013988928867547656
812010,MOTOR_GATED_RNN,1,0.007347258884692565
812010,MOTOR_GATED_RNN,2,0.0042635092249838635
812010,MOTOR_GATED_RNN,3,0.003912781990948133
812010,MOTOR_GATED_RNN,4,0.0037449179217219353
812010,MOTOR_GATED_RNN,5,0.003629153288784437
812010,MOTOR_GATED_RNN,6,0.003510797250783071
812010,MOTOR_GATED_RNN,7,0.003370740232639946
812010,MOTOR_GATED_RNN,8,0.0031899551540846005
812010,MOTOR_GATED_RNN,9,0.002955445321276784
812010,MOTOR_GATED_RNN,10,0.002649708796525374
812010,MOTOR_GATED_RNN,11,0.002274152371683158
812010,MOTOR_GATED_RNN,12,0.0018470618306309916
812010,MOTOR_GATED_RNN,13,0.0014150444912957028
812010,MOTOR_GATED_RNN,14,0.001014111145195784
812010,MOTOR_GATED_RNN,15,0.0006830065176472999
812010,MOTOR_GATED_RNN,16,0.0004453006731637288
812010,MOTOR_GATED_RNN,17,0.0002978544362122193
812010,MOTOR_GATED_RNN,18,0.00022113529848866165
812010,MOTOR_GATED_RNN,19,0.00018951715537696145
812010,MOTOR_GATED_RNN,20,0.00017741186093189754
812010,MOTOR_GATED_RNN,21,0.00017235270479432074
812010,MOTOR_GATED_RNN,22,0.0001691156594461063
812010,MOTOR_GATED_RNN,23,0.00016647789288981585
812010,MOTOR_GATED_RNN,24,0.00016404759571742034
812010,MOTOR_GATED_RNN,25,0.00016139391300384887
812010,MOTOR_GATED_RNN,26,0.00015906697353784693
812010,MOTOR_GATED_RNN,27,0.0001566915552757564
812010,MOTOR_GATED_RNN,28,0.00015468290621356573
812010,MOTOR_GATED_RNN,29,0.00015262291617545998
812010,MOTOR_GATED_RNN,30,0.00015067195727169747
812010,GENERIC_GRU,1,0.012031491816742346
812010,GENERIC_GRU,2,0.004601505832397379
812010,GENERIC_GRU,3,0.0032285472989315167
812010,GENERIC_GRU,4,0.0026868848071899265
812010,GENERIC_GRU,5,0.002358057608944364
812010,GENERIC_GRU,6,0.0020615939429262653
812010,GENERIC_GRU,7,0.001778602076228708
812010,GENERIC_GRU,8,0.0015018317426438443
812010,GENERIC_GRU,9,0.0012390726042212918
812010,GENERIC_GRU,10,0.0009954337620001752
812010,GENERIC_GRU,11,0.0007818868107278831
812010,GENERIC_GRU,12,0.0006033429563103709
812010,GENERIC_GRU,13,0.0004613954370142892
812010,GENERIC_GRU,14,0.00035477267920214217
812010,GENERIC_GRU,15,0.0002794280917441938
812010,GENERIC_GRU,16,0.00022992846061242744
812010,GENERIC_GRU,17,0.00019842502842948306
812010,GENERIC_GRU,18,0.00017989005846175132
812010,GENERIC_GRU,19,0.00016956408398982603
812010,GENERIC_GRU,20,0.00016344469167961506
812010,GENERIC_GRU,21,0.0001598784556335886
812010,GENERIC_GRU,22,0.0001578735354996752
812010,GENERIC_GRU,23,0.00015648684984626016
812010,GENERIC_GRU,24,0.00015549704039585777
812010,GENERIC_GRU,25,0.0001547891583868477
812010,GENERIC_GRU,26,0.00015411943968501873
812010,GENERIC_GRU,27,0.00015361037230832153
812010,GENERIC_GRU,28,0.00015306243403756525
812010,GENERIC_GRU,29,0.0001525802508695051
812010,GENERIC_GRU,30,0.000152151264501299
812010,MOTOR_ZERO_ABLATION,1,0.004483018346945755
812010,MOTOR_ZERO_ABLATION,2,0.003560863566235639
812010,MOTOR_ZERO_ABLATION,3,0.003183190361596644
812010,MOTOR_ZERO_ABLATION,4,0.0028898145392304286
812010,MOTOR_ZERO_ABLATION,5,0.002551821497036144
812010,MOTOR_ZERO_ABLATION,6,0.0021412557980511338
812010,MOTOR_ZERO_ABLATION,7,0.0016700240521458909
812010,MOTOR_ZERO_ABLATION,8,0.0011863661566167139
812010,MOTOR_ZERO_ABLATION,9,0.000778666217229329
812010,MOTOR_ZERO_ABLATION,10,0.0004965748212271137
812010,MOTOR_ZERO_ABLATION,11,0.0003320791274745716
812010,MOTOR_ZERO_ABLATION,12,0.00025106325119850226
812010,MOTOR_ZERO_ABLATION,13,0.00021529075092985295
812010,MOTOR_ZERO_ABLATION,14,0.00020005541591672227
812010,MOTOR_ZERO_ABLATION,15,0.00019255119605077198
812010,MOTOR_ZERO_ABLATION,16,0.0001882282376755029
812010,MOTOR_ZERO_ABLATION,17,0.0001844530434027547
812010,MOTOR_ZERO_ABLATION,18,0.00018156009446101962
812010,MOTOR_ZERO_ABLATION,19,0.00017964404742087936
812010,MOTOR_ZERO_ABLATION,20,0.00017742259296937846
812010,MOTOR_ZERO_ABLATION,21,0.00017572147407918237
812010,MOTOR_ZERO_ABLATION,22,0.00017316742741968483
812010,MOTOR_ZERO_ABLATION,23,0.00017124670648627216
812010,MOTOR_ZERO_ABLATION,24,0.00016963293182925554
812010,MOTOR_ZERO_ABLATION,25,0.0001680130399108748
812010,MOTOR_ZERO_ABLATION,26,0.00016668276930431603
812010,MOTOR_ZERO_ABLATION,27,0.00016510034492966952
812010,MOTOR_ZERO_ABLATION,28,0.00016391524422942894
812010,MOTOR_ZERO_ABLATION,29,0.00016243834579654504
812010,MOTOR_ZERO_ABLATION,30,0.00016091036104626255
812010,MOTOR_PERMUTED_ABLATION,1,0.004147811312577687
812010,MOTOR_PERMUTED_ABLATION,2,0.0034448312799213454
812010,MOTOR_PERMUTED_ABLATION,3,0.0031408837385242805
812010,MOTOR_PERMUTED_ABLATION,4,0.002855891711078584
812010,MOTOR_PERMUTED_ABLATION,5,0.00252532098966185
812010,MOTOR_PERMUTED_ABLATION,6,0.0021252766891848296
812010,MOTOR_PERMUTED_ABLATION,7,0.0016647562297293916
812010,MOTOR_PERMUTED_ABLATION,8,0.0011814363169833086
812010,MOTOR_PERMUTED_ABLATION,9,0.0007542054881923832
812010,MOTOR_PERMUTED_ABLATION,10,0.0004540758327493677
812010,MOTOR_PERMUTED_ABLATION,11,0.00028513374672911596
812010,MOTOR_PERMUTED_ABLATION,12,0.00020784228036063723
812010,MOTOR_PERMUTED_ABLATION,13,0.00017859773925010813
812010,MOTOR_PERMUTED_ABLATION,14,0.00016842448803799925
812010,MOTOR_PERMUTED_ABLATION,15,0.0001635703929423471
812010,MOTOR_PERMUTED_ABLATION,16,0.00016116316965053556
812010,MOTOR_PERMUTED_ABLATION,17,0.0001592293756402796
812010,MOTOR_PERMUTED_ABLATION,18,0.00015772404003655538
812010,MOTOR_PERMUTED_ABLATION,19,0.00015614954554621363
812010,MOTOR_PERMUTED_ABLATION,20,0.00015485457606700948
812010,MOTOR_PERMUTED_ABLATION,21,0.00015389317013614345
812010,MOTOR_PERMUTED_ABLATION,22,0.00015263517070707167
812010,MOTOR_PERMUTED_ABLATION,23,0.0001513498418717063
812010,MOTOR_PERMUTED_ABLATION,24,0.00015028937468741788
812010,MOTOR_PERMUTED_ABLATION,25,0.0001492294986746856
812010,MOTOR_PERMUTED_ABLATION,26,0.0001482324523749412
812010,MOTOR_PERMUTED_ABLATION,27,0.00014748948115084204
812010,MOTOR_PERMUTED_ABLATION,28,0.0001464100987504935
812010,MOTOR_PERMUTED_ABLATION,29,0.00014534810179611668
812010,MOTOR_PERMUTED_ABLATION,30,0.00014451356400968507
812011,MOTOR_GATED_RNN,1,0.008727762702619657
812011,MOTOR_GATED_RNN,2,0.005187099275644869
812011,MOTOR_GATED_RNN,3,0.0038426106184488162
812011,MOTOR_GATED_RNN,4,0.003620512754423544
812011,MOTOR_GATED_RNN,5,0.0034144336386816576
812011,MOTOR_GATED_RNN,6,0.0032382414647145197
812011,MOTOR_GATED_RNN,7,0.0030520667205564678
812011,MOTOR_GATED_RNN,8,0.002844080707291141
812011,MOTOR_GATED_RNN,9,0.002603756176540628
812011,MOTOR_GATED_RNN,10,0.002328524540644139
812011,MOTOR_GATED_RNN,11,0.002014050813158974
812011,MOTOR_GATED_RNN,12,0.0016724226879887283
812011,MOTOR_GATED_RNN,13,0.001322962503763847
812011,MOTOR_GATED_RNN,14,0.0010070285061374307
812011,MOTOR_GATED_RNN,15,0.0007546688138972968
812011,MOTOR_GATED_RNN,16,0.0005685429896402638
812011,MOTOR_GATED_RNN,17,0.0004342096672189655
812011,MOTOR_GATED_RNN,18,0.00034007478643616196
812011,MOTOR_GATED_RNN,19,0.0002752743112068856
812011,MOTOR_GATED_RNN,20,0.00023134042658057297
812011,MOTOR_GATED_RNN,21,0.0002048859523711144
812011,MOTOR_GATED_RNN,22,0.00018891550826083403
812011,MOTOR_GATED_RNN,23,0.00017901662067743018
812011,MOTOR_GATED_RNN,24,0.00017372260936099337
812011,MOTOR_GATED_RNN,25,0.0001701891487755347
812011,MOTOR_GATED_RNN,26,0.00016784125182311982
812011,MOTOR_GATED_RNN,27,0.00016600059734628303
812011,MOTOR_GATED_RNN,28,0.00016438032798760105
812011,MOTOR_GATED_RNN,29,0.0001629515718377661
812011,MOTOR_GATED_RNN,30,0.00016156616311491234
812011,GENERIC_GRU,1,0.009948625898687169
812011,GENERIC_GRU,2,0.00439987906429451
812011,GENERIC_GRU,3,0.0031779392884345725
812011,GENERIC_GRU,4,0.0029448032582877204
812011,GENERIC_GRU,5,0.0026660731091396883
812011,GENERIC_GRU,6,0.0024054431269178167
812011,GENERIC_GRU,7,0.0021316523634595796
812011,GENERIC_GRU,8,0.0018429767005727626
812011,GENERIC_GRU,9,0.001543756530736573
812011,GENERIC_GRU,10,0.001248284403118305
812011,GENERIC_GRU,11,0.000973058668023441
812011,GENERIC_GRU,12,0.0007378991795121692
812011,GENERIC_GRU,13,0.000549642876649159
812011,GENERIC_GRU,14,0.00040896669997891877
812011,GENERIC_GRU,15,0.00030814921046840027
812011,GENERIC_GRU,16,0.00023909635274321772
812011,GENERIC_GRU,17,0.0001946161000887514
812011,GENERIC_GRU,18,0.00016693046654836508
812011,GENERIC_GRU,19,0.00015114702046048478
812011,GENERIC_GRU,20,0.00014307018955150852
812011,GENERIC_GRU,21,0.00013925546409154776
812011,GENERIC_GRU,22,0.00013704455568586127
812011,GENERIC_GRU,23,0.0001359839352517156
812011,GENERIC_GRU,24,0.00013542567103286274
812011,GENERIC_GRU,25,0.00013501781086233677
812011,GENERIC_GRU,26,0.0001346880299024633
812011,GENERIC_GRU,27,0.00013436582594295032
812011,GENERIC_GRU,28,0.00013410847441264195
812011,GENERIC_GRU,29,0.00013379292704485124
812011,GENERIC_GRU,30,0.00013349700793696684
812011,MOTOR_ZERO_ABLATION,1,0.0038489539438160136
812011,MOTOR_ZERO_ABLATION,2,0.0036789186851819977
812011,MOTOR_ZERO_ABLATION,3,0.003560479817679152
812011,MOTOR_ZERO_ABLATION,4,0.0033987544884439558
812011,MOTOR_ZERO_ABLATION,5,0.0031531889108009636
812011,MOTOR_ZERO_ABLATION,6,0.002775098881102167
812011,MOTOR_ZERO_ABLATION,7,0.0022791082301409915
812011,MOTOR_ZERO_ABLATION,8,0.0017621637671254575
812011,MOTOR_ZERO_ABLATION,9,0.001253941547474824
812011,MOTOR_ZERO_ABLATION,10,0.0007968834797793534
812011,MOTOR_ZERO_ABLATION,11,0.0004527817636699183
812011,MOTOR_ZERO_ABLATION,12,0.00027036239953304175
812011,MOTOR_ZERO_ABLATION,13,0.0001949084526131628
812011,MOTOR_ZERO_ABLATION,14,0.00017177925019495888
812011,MOTOR_ZERO_ABLATION,15,0.00016158226117113372
812011,MOTOR_ZERO_ABLATION,16,0.00015451479794137413
812011,MOTOR_ZERO_ABLATION,17,0.00014855431345495163
812011,MOTOR_ZERO_ABLATION,18,0.00014401659836948966
812011,MOTOR_ZERO_ABLATION,19,0.00014141874635242857
812011,MOTOR_ZERO_ABLATION,20,0.0001391323667121469
812011,MOTOR_ZERO_ABLATION,21,0.0001372548204017221
812011,MOTOR_ZERO_ABLATION,22,0.00013513841713574948
812011,MOTOR_ZERO_ABLATION,23,0.00013511453926184913
812011,MOTOR_ZERO_ABLATION,24,0.00013314812485987204
812011,MOTOR_ZERO_ABLATION,25,0.0001320102110184962
812011,MOTOR_ZERO_ABLATION,26,0.00013088540526950965
812011,MOTOR_ZERO_ABLATION,27,0.00012977866072105826
812011,MOTOR_ZERO_ABLATION,28,0.00012962307982888888
812011,MOTOR_ZERO_ABLATION,29,0.00012938001464135596
812011,MOTOR_ZERO_ABLATION,30,0.00012770273042406188
812011,MOTOR_PERMUTED_ABLATION,1,0.007037953153485432
812011,MOTOR_PERMUTED_ABLATION,2,0.00459404090361204
812011,MOTOR_PERMUTED_ABLATION,3,0.003961799462558702
812011,MOTOR_PERMUTED_ABLATION,4,0.0037014872359577566
812011,MOTOR_PERMUTED_ABLATION,5,0.003494074451737106
812011,MOTOR_PERMUTED_ABLATION,6,0.003279102995293215
812011,MOTOR_PERMUTED_ABLATION,7,0.0030157489381963387
812011,MOTOR_PERMUTED_ABLATION,8,0.0026763530913740396
812011,MOTOR_PERMUTED_ABLATION,9,0.0022517261240864173
812011,MOTOR_PERMUTED_ABLATION,10,0.0017622557206777856
812011,MOTOR_PERMUTED_ABLATION,11,0.001246406631253194
812011,MOTOR_PERMUTED_ABLATION,12,0.0007925689569674432
812011,MOTOR_PERMUTED_ABLATION,13,0.0004778148631885415
812011,MOTOR_PERMUTED_ABLATION,14,0.0003040218125534011
812011,MOTOR_PERMUTED_ABLATION,15,0.00022242310569708934
812011,MOTOR_PERMUTED_ABLATION,16,0.00019300265012134332
812011,MOTOR_PERMUTED_ABLATION,17,0.0001805464680728619
812011,MOTOR_PERMUTED_ABLATION,18,0.00017451285020797513
812011,MOTOR_PERMUTED_ABLATION,19,0.00016859444895089837
812011,MOTOR_PERMUTED_ABLATION,20,0.00016436492751381593
812011,MOTOR_PERMUTED_ABLATION,21,0.00016083798254840076
812011,MOTOR_PERMUTED_ABLATION,22,0.0001572916444274597
812011,MOTOR_PERMUTED_ABLATION,23,0.00015460537861144985
812011,MOTOR_PERMUTED_ABLATION,24,0.00015215068651741603
812011,MOTOR_PERMUTED_ABLATION,25,0.00015001326028141193
812011,MOTOR_PERMUTED_ABLATION,26,0.00014826168080617208
812011,MOTOR_PERMUTED_ABLATION,27,0.0001465716895836522
812011,MOTOR_PERMUTED_ABLATION,28,0.0001455535193599644
812011,MOTOR_PERMUTED_ABLATION,29,0.00014443136387853883
812011,MOTOR_PERMUTED_ABLATION,30,0.00014271383770392276
812012,MOTOR_GATED_RNN,1,0.010227424500044435
812012,MOTOR_GATED_RNN,2,0.006532148021506146
812012,MOTOR_GATED_RNN,3,0.004275226252502762
812012,MOTOR_GATED_RNN,4,0.0036105315666645765
812012,MOTOR_GATED_RNN,5,0.003417316635022871
812012,MOTOR_GATED_RNN,6,0.003206629422493279
812012,MOTOR_GATED_RNN,7,0.0029667260096175596
812012,MOTOR_GATED_RNN,8,0.0026774282450787723
812012,MOTOR_GATED_RNN,9,0.002338055564905517
812012,MOTOR_GATED_RNN,10,0.0019583651301218197
812012,MOTOR_GATED_RNN,11,0.0015720099181635305
812012,MOTOR_GATED_RNN,12,0.0011888591325259767
812012,MOTOR_GATED_RNN,13,0.0008354465753654949
812012,MOTOR_GATED_RNN,14,0.0005493719854712253
812012,MOTOR_GATED_RNN,15,0.00035702699642570224
812012,MOTOR_GATED_RNN,16,0.0002573933070380008
812012,MOTOR_GATED_RNN,17,0.0002104806699207984
812012,MOTOR_GATED_RNN,18,0.0001924622529259068
812012,MOTOR_GATED_RNN,19,0.0001842752353695687
812012,MOTOR_GATED_RNN,20,0.00018016548801824683
812012,MOTOR_GATED_RNN,21,0.00017668373220658395
812012,MOTOR_GATED_RNN,22,0.00017422619384888094
812012,MOTOR_GATED_RNN,23,0.00017198736259160796
812012,MOTOR_GATED_RNN,24,0.00017006630969262915
812012,MOTOR_GATED_RNN,25,0.00016814239097584505
812012,MOTOR_GATED_RNN,26,0.00016640162539260928
812012,MOTOR_GATED_RNN,27,0.00016437253998446977
812012,MOTOR_GATED_RNN,28,0.0001622671425138833
812012,MOTOR_GATED_RNN,29,0.0001602614984221873
812012,MOTOR_GATED_RNN,30,0.00015815518599993084
812012,GENERIC_GRU,1,0.0050160598184447736
812012,GENERIC_GRU,2,0.004142002449952997
812012,GENERIC_GRU,3,0.0037858466093894094
812012,GENERIC_GRU,4,0.003513222429319285
812012,GENERIC_GRU,5,0.003262020763941109
812012,GENERIC_GRU,6,0.0029975451761856675
812012,GENERIC_GRU,7,0.0026920070813503116
812012,GENERIC_GRU,8,0.002343268701224588
812012,GENERIC_GRU,9,0.0019610592353274114
812012,GENERIC_GRU,10,0.001562393495987635
812012,GENERIC_GRU,11,0.0011756776730180718
812012,GENERIC_GRU,12,0.000822357371362159
812012,GENERIC_GRU,13,0.0005389285797718912
812012,GENERIC_GRU,14,0.0003434741283854237
812012,GENERIC_GRU,15,0.00022842437010694994
812012,GENERIC_GRU,16,0.0001741917494655354
812012,GENERIC_GRU,17,0.0001525194093119353
812012,GENERIC_GRU,18,0.00014544582973030629
812012,GENERIC_GRU,19,0.00014288569764175918
812012,GENERIC_GRU,20,0.0001419939039806195
812012,GENERIC_GRU,21,0.0001410754193784669
812012,GENERIC_GRU,22,0.00014030135162101942
812012,GENERIC_GRU,23,0.00013951788787380792
812012,GENERIC_GRU,24,0.00013877258243155666
812012,GENERIC_GRU,25,0.00013794319420412648
812012,GENERIC_GRU,26,0.00013716034618482809
812012,GENERIC_GRU,27,0.00013638161044582375
812012,GENERIC_GRU,28,0.00013557120018958813
812012,GENERIC_GRU,29,0.0001347916736449406
812012,GENERIC_GRU,30,0.0001343732983514201
812012,MOTOR_ZERO_ABLATION,1,0.004227641940815374
812012,MOTOR_ZERO_ABLATION,2,0.0037622153031406924
812012,MOTOR_ZERO_ABLATION,3,0.0034941475023515522
812012,MOTOR_ZERO_ABLATION,4,0.0032327914814231917
812012,MOTOR_ZERO_ABLATION,5,0.0029309789097169414
812012,MOTOR_ZERO_ABLATION,6,0.0025682111008791253
812012,MOTOR_ZERO_ABLATION,7,0.002134554204531014
812012,MOTOR_ZERO_ABLATION,8,0.0016574313995079137
812012,MOTOR_ZERO_ABLATION,9,0.001167570699180942
812012,MOTOR_ZERO_ABLATION,10,0.000704981699527707
812012,MOTOR_ZERO_ABLATION,11,0.00038230542486417107
812012,MOTOR_ZERO_ABLATION,12,0.00022997842916083755
812012,MOTOR_ZERO_ABLATION,13,0.00018113095211447217
812012,MOTOR_ZERO_ABLATION,14,0.0001689922355581075
812012,MOTOR_ZERO_ABLATION,15,0.00016598522142885486
812012,MOTOR_ZERO_ABLATION,16,0.00016565679743507644
812012,MOTOR_ZERO_ABLATION,17,0.0001632688627069001
812012,MOTOR_ZERO_ABLATION,18,0.00016160990890057292
812012,MOTOR_ZERO_ABLATION,19,0.0001601697849764605
812012,MOTOR_ZERO_ABLATION,20,0.00015940791763568996
812012,MOTOR_ZERO_ABLATION,21,0.00015819317331988714
812012,MOTOR_ZERO_ABLATION,22,0.00015667469870095374
812012,MOTOR_ZERO_ABLATION,23,0.00015576325949950842
812012,MOTOR_ZERO_ABLATION,24,0.00015400645042973338
812012,MOTOR_ZERO_ABLATION,25,0.0001530085901322309
812012,MOTOR_ZERO_ABLATION,26,0.00015176971282926388
812012,MOTOR_ZERO_ABLATION,27,0.00015104566227819305
812012,MOTOR_ZERO_ABLATION,28,0.0001494905118306633
812012,MOTOR_ZERO_ABLATION,29,0.00014835852016403805
812012,MOTOR_ZERO_ABLATION,30,0.00014732734462086228
812012,MOTOR_PERMUTED_ABLATION,1,0.003743877910892479
812012,MOTOR_PERMUTED_ABLATION,2,0.003076150722336024
812012,MOTOR_PERMUTED_ABLATION,3,0.0027941294392803684
812012,MOTOR_PERMUTED_ABLATION,4,0.002505096184904687
812012,MOTOR_PERMUTED_ABLATION,5,0.00214821970439516
812012,MOTOR_PERMUTED_ABLATION,6,0.0017487032091594301
812012,MOTOR_PERMUTED_ABLATION,7,0.0013224445865489542
812012,MOTOR_PERMUTED_ABLATION,8,0.000924293646676233
812012,MOTOR_PERMUTED_ABLATION,9,0.0005889857620786643
812012,MOTOR_PERMUTED_ABLATION,10,0.00035132466291543096
812012,MOTOR_PERMUTED_ABLATION,11,0.0002314740277142846
812012,MOTOR_PERMUTED_ABLATION,12,0.00018926142729469575
812012,MOTOR_PERMUTED_ABLATION,13,0.00017618116726225708
812012,MOTOR_PERMUTED_ABLATION,14,0.00016985732327157166
812012,MOTOR_PERMUTED_ABLATION,15,0.0001649214564167778
812012,MOTOR_PERMUTED_ABLATION,16,0.00016127049093483947
812012,MOTOR_PERMUTED_ABLATION,17,0.0001579385798322619
812012,MOTOR_PERMUTED_ABLATION,18,0.00015589797203574562
812012,MOTOR_PERMUTED_ABLATION,19,0.00015303156487789238
812012,MOTOR_PERMUTED_ABLATION,20,0.00015124312267289497
812012,MOTOR_PERMUTED_ABLATION,21,0.00014949629348848248
812012,MOTOR_PERMUTED_ABLATION,22,0.00014711167341374676
812012,MOTOR_PERMUTED_ABLATION,23,0.0001448680532121216
812012,MOTOR_PERMUTED_ABLATION,24,0.00014339716835820582
812012,MOTOR_PERMUTED_ABLATION,25,0.00014186643693392398
812012,MOTOR_PERMUTED_ABLATION,26,0.00014012850306244218
812012,MOTOR_PERMUTED_ABLATION,27,0.0001389922690577805
812012,MOTOR_PERMUTED_ABLATION,28,0.00013763432389168884
812012,MOTOR_PERMUTED_ABLATION,29,0.00013639891085404088
812012,MOTOR_PERMUTED_ABLATION,30,0.00013530192291000276
812013,MOTOR_GATED_RNN,1,0.008931130112614483
812013,MOTOR_GATED_RNN,2,0.0042536166292848065
812013,MOTOR_GATED_RNN,3,0.0030353601614478976
812013,MOTOR_GATED_RNN,4,0.002762603500741534
812013,MOTOR_GATED_RNN,5,0.002456346308463253
812013,MOTOR_GATED_RNN,6,0.0021344266715459526
812013,MOTOR_GATED_RNN,7,0.001792819493857678
812013,MOTOR_GATED_RNN,8,0.0014464630658039823
812013,MOTOR_GATED_RNN,9,0.0011183998285559937
812013,MOTOR_GATED_RNN,10,0.0008274186147900764
812013,MOTOR_GATED_RNN,11,0.0005860959026904311
812013,MOTOR_GATED_RNN,12,0.00040569329939899035
812013,MOTOR_GATED_RNN,13,0.0002907182697526878
812013,MOTOR_GATED_RNN,14,0.00023138986489357194
812013,MOTOR_GATED_RNN,15,0.00020789873087778687
812013,MOTOR_GATED_RNN,16,0.00019905273165932158
812013,MOTOR_GATED_RNN,17,0.0001955724646904855
812013,MOTOR_GATED_RNN,18,0.00019352351955603808
812013,MOTOR_GATED_RNN,19,0.00019140018139296444
812013,MOTOR_GATED_RNN,20,0.00018942389215226285
812013,MOTOR_GATED_RNN,21,0.00018753879066935042
812013,MOTOR_GATED_RNN,22,0.00018581473523227032
812013,MOTOR_GATED_RNN,23,0.00018400148655928206
812013,MOTOR_GATED_RNN,24,0.0001823172578951926
812013,MOTOR_GATED_RNN,25,0.0001805880219762912
812013,MOTOR_GATED_RNN,26,0.00017889057107822737
812013,MOTOR_GATED_RNN,27,0.0001772807245288277
812013,MOTOR_GATED_RNN,28,0.0001757124082359951
812013,MOTOR_GATED_RNN,29,0.0001741083424349199
812013,MOTOR_GATED_RNN,30,0.00017251100234716432
812013,GENERIC_GRU,1,0.0061265061813173816
812013,GENERIC_GRU,2,0.0033652121492195874
812013,GENERIC_GRU,3,0.0030668777326354757
812013,GENERIC_GRU,4,0.002792634812067263
812013,GENERIC_GRU,5,0.0025179963558912277
812013,GENERIC_GRU,6,0.0022231298353290185
812013,GENERIC_GRU,7,0.0019077145334449597
812013,GENERIC_GRU,8,0.0015779199311509728
812013,GENERIC_GRU,9,0.0012533857661765069
812013,GENERIC_GRU,10,0.0009483093781454954
812013,GENERIC_GRU,11,0.0006846164433227386
812013,GENERIC_GRU,12,0.000476294511827291
812013,GENERIC_GRU,13,0.00032927202119026333
812013,GENERIC_GRU,14,0.00023848676300985971
812013,GENERIC_GRU,15,0.00018910875951405615
812013,GENERIC_GRU,16,0.00016481580769323045
812013,GENERIC_GRU,17,0.00015381354478449794
812013,GENERIC_GRU,18,0.00014946852479624795
812013,GENERIC_GRU,19,0.0001472917033424892
812013,GENERIC_GRU,20,0.00014636016203439794
812013,GENERIC_GRU,21,0.00014583945403501275
812013,GENERIC_GRU,22,0.00014541789551003603
812013,GENERIC_GRU,23,0.00014510170876746997
812013,GENERIC_GRU,24,0.00014473679038928822
812013,GENERIC_GRU,25,0.0001443927230866393
812013,GENERIC_GRU,26,0.0001440377809558413
812013,GENERIC_GRU,27,0.0001437107262063364
812013,GENERIC_GRU,28,0.00014336448703033966
812013,GENERIC_GRU,29,0.00014297892403192236
812013,GENERIC_GRU,30,0.00014260308944358258
812013,MOTOR_ZERO_ABLATION,1,0.005320352473063394
812013,MOTOR_ZERO_ABLATION,2,0.0037389613135019317
812013,MOTOR_ZERO_ABLATION,3,0.0034873245313065127
812013,MOTOR_ZERO_ABLATION,4,0.0032538367668166757
812013,MOTOR_ZERO_ABLATION,5,0.0030053217196837068
812013,MOTOR_ZERO_ABLATION,6,0.00269984889018815
812013,MOTOR_ZERO_ABLATION,7,0.0023399289057124406
812013,MOTOR_ZERO_ABLATION,8,0.0019422258119448088
812013,MOTOR_ZERO_ABLATION,9,0.0015481893497053534
812013,MOTOR_ZERO_ABLATION,10,0.0011803995439549908
812013,MOTOR_ZERO_ABLATION,11,0.0008494729008816648
812013,MOTOR_ZERO_ABLATION,12,0.0005781775143987034
812013,MOTOR_ZERO_ABLATION,13,0.00038751738975406624
812013,MOTOR_ZERO_ABLATION,14,0.00027804672572528943
812013,MOTOR_ZERO_ABLATION,15,0.00022659743171971058
812013,MOTOR_ZERO_ABLATION,16,0.00020421571662154747
812013,MOTOR_ZERO_ABLATION,17,0.00019412722303968621
812013,MOTOR_ZERO_ABLATION,18,0.00018927419205283513
812013,MOTOR_ZERO_ABLATION,19,0.00018463482319930336
812013,MOTOR_ZERO_ABLATION,20,0.00018019268645730335
812013,MOTOR_ZERO_ABLATION,21,0.00017668691452854546
812013,MOTOR_ZERO_ABLATION,22,0.00017389208551321644
812013,MOTOR_ZERO_ABLATION,23,0.00017099748311011354
812013,MOTOR_ZERO_ABLATION,24,0.00016868784405232873
812013,MOTOR_ZERO_ABLATION,25,0.00016648886867187684
812013,MOTOR_ZERO_ABLATION,26,0.00016459830749226967
812013,MOTOR_ZERO_ABLATION,27,0.00016258869163721101
812013,MOTOR_ZERO_ABLATION,28,0.00016064716146502178
812013,MOTOR_ZERO_ABLATION,29,0.00015917326618364314
812013,MOTOR_ZERO_ABLATION,30,0.00015780000467202626
812013,MOTOR_PERMUTED_ABLATION,1,0.009908237145282328
812013,MOTOR_PERMUTED_ABLATION,2,0.006146597559563816
812013,MOTOR_PERMUTED_ABLATION,3,0.004031835225760005
812013,MOTOR_PERMUTED_ABLATION,4,0.003684604191221297
812013,MOTOR_PERMUTED_ABLATION,5,0.0034657805954338983
812013,MOTOR_PERMUTED_ABLATION,6,0.003250391222536564
812013,MOTOR_PERMUTED_ABLATION,7,0.00298892761929892
812013,MOTOR_PERMUTED_ABLATION,8,0.002652222668984905
812013,MOTOR_PERMUTED_ABLATION,9,0.002243479262688197
812013,MOTOR_PERMUTED_ABLATION,10,0.001783625251846388
812013,MOTOR_PERMUTED_ABLATION,11,0.001319263014011085
812013,MOTOR_PERMUTED_ABLATION,12,0.0008989170382847078
812013,MOTOR_PERMUTED_ABLATION,13,0.0005714383696613368
812013,MOTOR_PERMUTED_ABLATION,14,0.00036256473686080426
812013,MOTOR_PERMUTED_ABLATION,15,0.0002539230499678524
812013,MOTOR_PERMUTED_ABLATION,16,0.00020424296144483378
812013,MOTOR_PERMUTED_ABLATION,17,0.00018345165426580934
812013,MOTOR_PERMUTED_ABLATION,18,0.00017507926804682938
812013,MOTOR_PERMUTED_ABLATION,19,0.00017029950049618492
812013,MOTOR_PERMUTED_ABLATION,20,0.0001676546189628425
812013,MOTOR_PERMUTED_ABLATION,21,0.00016565006444579922
812013,MOTOR_PERMUTED_ABLATION,22,0.00016396869432355743
812013,MOTOR_PERMUTED_ABLATION,23,0.0001624469514354132
812013,MOTOR_PERMUTED_ABLATION,24,0.00016100331413326785
812013,MOTOR_PERMUTED_ABLATION,25,0.0001596349429746624
812013,MOTOR_PERMUTED_ABLATION,26,0.00015844954396015964
812013,MOTOR_PERMUTED_ABLATION,27,0.00015740670551167568
812013,MOTOR_PERMUTED_ABLATION,28,0.0001562776787977782
812013,MOTOR_PERMUTED_ABLATION,29,0.00015519959015364293
812013,MOTOR_PERMUTED_ABLATION,30,0.00015448312569787959
812014,MOTOR_GATED_RNN,1,0.003772288575419225
812014,MOTOR_GATED_RNN,2,0.003281613186118193
812014,MOTOR_GATED_RNN,3,0.0029363898502197117
812014,MOTOR_GATED_RNN,4,0.0025241811090381816
812014,MOTOR_GATED_RNN,5,0.002035391611570958
812014,MOTOR_GATED_RNN,6,0.0015374320500995964
812014,MOTOR_GATED_RNN,7,0.001058869282132946
812014,MOTOR_GATED_RNN,8,0.0006430294524761848
812014,MOTOR_GATED_RNN,9,0.0003611587580962805
812014,MOTOR_GATED_RNN,10,0.0002280269309267169
812014,MOTOR_GATED_RNN,11,0.00018479826485418016
812014,MOTOR_GATED_RNN,12,0.00017287415084865643
812014,MOTOR_GATED_RNN,13,0.00016826908631628612
812014,MOTOR_GATED_RNN,14,0.00016388173753512092
812014,MOTOR_GATED_RNN,15,0.00016024035903683398
812014,MOTOR_GATED_RNN,16,0.00015742631694593
812014,MOTOR_GATED_RNN,17,0.00015490503210457973
812014,MOTOR_GATED_RNN,18,0.00015189963596640155
812014,MOTOR_GATED_RNN,19,0.00014981131971580908
812014,MOTOR_GATED_RNN,20,0.00014759571695321938
812014,MOTOR_GATED_RNN,21,0.00014612643644795753
812014,MOTOR_GATED_RNN,22,0.0001447693521186011
812014,MOTOR_GATED_RNN,23,0.00014267185633798363
812014,MOTOR_GATED_RNN,24,0.0001409217052241729
812014,MOTOR_GATED_RNN,25,0.00013947348361398326
812014,MOTOR_GATED_RNN,26,0.00013819754394717165
812014,MOTOR_GATED_RNN,27,0.000137323281251156
812014,MOTOR_GATED_RNN,28,0.00013596856115327682
812014,MOTOR_GATED_RNN,29,0.00013480464394888259
812014,MOTOR_GATED_RNN,30,0.0001339028126494668
812014,GENERIC_GRU,1,0.0065995237964671105
812014,GENERIC_GRU,2,0.004032802913570777
812014,GENERIC_GRU,3,0.0036766749690286815
812014,GENERIC_GRU,4,0.003518749916111119
812014,GENERIC_GRU,5,0.0033562811731826514
812014,GENERIC_GRU,6,0.0031854645640123636
812014,GENERIC_GRU,7,0.002978056319989264
812014,GENERIC_GRU,8,0.0027163307095179334
812014,GENERIC_GRU,9,0.0023858233325881884
812014,GENERIC_GRU,10,0.0019829704106086865
812014,GENERIC_GRU,11,0.0015462034061783925
812014,GENERIC_GRU,12,0.0011279585960437544
812014,GENERIC_GRU,13,0.0007699272173340432
812014,GENERIC_GRU,14,0.000488447072712006
812014,GENERIC_GRU,15,0.00030150999100442277
812014,GENERIC_GRU,16,0.00020212388608342735
812014,GENERIC_GRU,17,0.00016017760117392754
812014,GENERIC_GRU,18,0.000146530553138291
812014,GENERIC_GRU,19,0.00014310971073427936
812014,GENERIC_GRU,20,0.0001422025070496602
812014,GENERIC_GRU,21,0.0001417594171471137
812014,GENERIC_GRU,22,0.00014135773017187603
812014,GENERIC_GRU,23,0.00014088628313402296
812014,GENERIC_GRU,24,0.00014046196884009987
812014,GENERIC_GRU,25,0.00014001440831634682
812014,GENERIC_GRU,26,0.00013953635107100126
812014,GENERIC_GRU,27,0.000139006349400006
812014,GENERIC_GRU,28,0.00013837176038578036
812014,GENERIC_GRU,29,0.0001377789626531012
812014,GENERIC_GRU,30,0.00013701518128073076
812014,MOTOR_ZERO_ABLATION,1,0.0039066904137143865
812014,MOTOR_ZERO_ABLATION,2,0.003574186994228512
812014,MOTOR_ZERO_ABLATION,3,0.003311609703814611
812014,MOTOR_ZERO_ABLATION,4,0.003002481651492417
812014,MOTOR_ZERO_ABLATION,5,0.00259358472249005
812014,MOTOR_ZERO_ABLATION,6,0.0020834874230786227
812014,MOTOR_ZERO_ABLATION,7,0.0015499586588703096
812014,MOTOR_ZERO_ABLATION,8,0.0010258646216243505
812014,MOTOR_ZERO_ABLATION,9,0.0005827443874295568
812014,MOTOR_ZERO_ABLATION,10,0.00030707930818607565
812014,MOTOR_ZERO_ABLATION,11,0.0001990322753044893
812014,MOTOR_ZERO_ABLATION,12,0.00017678685708233388
812014,MOTOR_ZERO_ABLATION,13,0.0001702490126263001
812014,MOTOR_ZERO_ABLATION,14,0.00016644896459183656
812014,MOTOR_ZERO_ABLATION,15,0.00016246863742708229
812014,MOTOR_ZERO_ABLATION,16,0.00015966003138601081
812014,MOTOR_ZERO_ABLATION,17,0.0001565236580063356
812014,MOTOR_ZERO_ABLATION,18,0.00015453141895704903
812014,MOTOR_ZERO_ABLATION,19,0.00015219060605886625
812014,MOTOR_ZERO_ABLATION,20,0.00015016916950116865
812014,MOTOR_ZERO_ABLATION,21,0.00014866012725178734
812014,MOTOR_ZERO_ABLATION,22,0.00014749505317013245
812014,MOTOR_ZERO_ABLATION,23,0.0001464491961087333
812014,MOTOR_ZERO_ABLATION,24,0.00014432856005441863
812014,MOTOR_ZERO_ABLATION,25,0.00014233742467695265
812014,MOTOR_ZERO_ABLATION,26,0.00014136426398181356
812014,MOTOR_ZERO_ABLATION,27,0.0001403119877068093
812014,MOTOR_ZERO_ABLATION,28,0.0001389979374835093
812014,MOTOR_ZERO_ABLATION,29,0.00013981265374241048
812014,MOTOR_ZERO_ABLATION,30,0.0001376792447445041
812014,MOTOR_PERMUTED_ABLATION,1,0.005037438444560394
812014,MOTOR_PERMUTED_ABLATION,2,0.0038989611057331786
812014,MOTOR_PERMUTED_ABLATION,3,0.003538544333423488
812014,MOTOR_PERMUTED_ABLATION,4,0.0032906212145462632
812014,MOTOR_PERMUTED_ABLATION,5,0.0030569747905246913
812014,MOTOR_PERMUTED_ABLATION,6,0.002765123688732274
812014,MOTOR_PERMUTED_ABLATION,7,0.0024014364898903295
812014,MOTOR_PERMUTED_ABLATION,8,0.0019638367084553465
812014,MOTOR_PERMUTED_ABLATION,9,0.0014926637813914567
812014,MOTOR_PERMUTED_ABLATION,10,0.0010479103948455304
812014,MOTOR_PERMUTED_ABLATION,11,0.0006937762882444076
812014,MOTOR_PERMUTED_ABLATION,12,0.00045066602615406737
812014,MOTOR_PERMUTED_ABLATION,13,0.00030609780515078455
812014,MOTOR_PERMUTED_ABLATION,14,0.00023588457861478673
812014,MOTOR_PERMUTED_ABLATION,15,0.00020771716663148254
812014,MOTOR_PERMUTED_ABLATION,16,0.00019509595495037502
812014,MOTOR_PERMUTED_ABLATION,17,0.00018610838560562115
812014,MOTOR_PERMUTED_ABLATION,18,0.00017868448048830032
812014,MOTOR_PERMUTED_ABLATION,19,0.00017263935114897322
812014,MOTOR_PERMUTED_ABLATION,20,0.00016800922549009556
812014,MOTOR_PERMUTED_ABLATION,21,0.00016374180177081143
812014,MOTOR_PERMUTED_ABLATION,22,0.0001605519137228839
812014,MOTOR_PERMUTED_ABLATION,23,0.00015772685401316267
812014,MOTOR_PERMUTED_ABLATION,24,0.00015568071694360697
812014,MOTOR_PERMUTED_ABLATION,25,0.00015334852105297614
812014,MOTOR_PERMUTED_ABLATION,26,0.00015180231730482774
812014,MOTOR_PERMUTED_ABLATION,27,0.00015028930465632584
812014,MOTOR_PERMUTED_ABLATION,28,0.0001488568113927613
812014,MOTOR_PERMUTED_ABLATION,29,0.00014772621398151387
812014,MOTOR_PERMUTED_ABLATION,30,0.0001464649108129379
812015,MOTOR_GATED_RNN,1,0.00349328137235716
812015,MOTOR_GATED_RNN,2,0.003160042018862441
812015,MOTOR_GATED_RNN,3,0.0028352437948342413
812015,MOTOR_GATED_RNN,4,0.0024554561532568187
812015,MOTOR_GATED_RNN,5,0.002021663574851118
812015,MOTOR_GATED_RNN,6,0.001550518580188509
812015,MOTOR_GATED_RNN,7,0.001077506585716037
812015,MOTOR_GATED_RNN,8,0.0006700623052893206
812015,MOTOR_GATED_RNN,9,0.0003914498065569205
812015,MOTOR_GATED_RNN,10,0.00024505859073542524
812015,MOTOR_GATED_RNN,11,0.00018948013075714698
812015,MOTOR_GATED_RNN,12,0.00017220444897247944
812015,MOTOR_GATED_RNN,13,0.00016633157156320522
812015,MOTOR_GATED_RNN,14,0.00016227552168857073
812015,MOTOR_GATED_RNN,15,0.0001592030002939282
812015,MOTOR_GATED_RNN,16,0.00015644719042029465
812015,MOTOR_GATED_RNN,17,0.00015412233915412799
812015,MOTOR_GATED_RNN,18,0.00015158798942138674
812015,MOTOR_GATED_RNN,19,0.00014992669184721308
812015,MOTOR_GATED_RNN,20,0.00014904315685271285
812015,MOTOR_GATED_RNN,21,0.00014653012794951792
812015,MOTOR_GATED_RNN,22,0.00014442776728174067
812015,MOTOR_GATED_RNN,23,0.00014333966646518093
812015,MOTOR_GATED_RNN,24,0.00014153345273371087
812015,MOTOR_GATED_RNN,25,0.0001400449255015701
812015,MOTOR_GATED_RNN,26,0.00013886848000765895
812015,MOTOR_GATED_RNN,27,0.00013769564566246117
812015,MOTOR_GATED_RNN,28,0.00013639683584187878
812015,MOTOR_GATED_RNN,29,0.00013522465224014013
812015,MOTOR_GATED_RNN,30,0.00013417545051197521
812015,GENERIC_GRU,1,0.010152171540539712
812015,GENERIC_GRU,2,0.005211759329540655
812015,GENERIC_GRU,3,0.003641796385636553
812015,GENERIC_GRU,4,0.003328781807795167
812015,GENERIC_GRU,5,0.002995727176312357
812015,GENERIC_GRU,6,0.0026575346710160375
812015,GENERIC_GRU,7,0.0022780624422011897
812015,GENERIC_GRU,8,0.0018861493372241966
812015,GENERIC_GRU,9,0.0015161029732553288
812015,GENERIC_GRU,10,0.0011807453847723082
812015,GENERIC_GRU,11,0.0008876793799572624
812015,GENERIC_GRU,12,0.0006459276155510452
812015,GENERIC_GRU,13,0.000459909704659367
812015,GENERIC_GRU,14,0.0003282701873104088
812015,GENERIC_GRU,15,0.0002432665942251333
812015,GENERIC_GRU,16,0.00019259776308899745
812015,GENERIC_GRU,17,0.0001652181626923266
812015,GENERIC_GRU,18,0.0001513628667453304
812015,GENERIC_GRU,19,0.00014472332441073377
812015,GENERIC_GRU,20,0.00014185098007146735
812015,GENERIC_GRU,21,0.00014059009572520154
812015,GENERIC_GRU,22,0.00013998081158206332
812015,GENERIC_GRU,23,0.00013956244629298453
812015,GENERIC_GRU,24,0.00013934599974163575
812015,GENERIC_GRU,25,0.0001391288269587676
812015,GENERIC_GRU,26,0.00013893529830966145
812015,GENERIC_GRU,27,0.00013872402405468165
812015,GENERIC_GRU,28,0.00013848534763383213
812015,GENERIC_GRU,29,0.00013830130046699196
812015,GENERIC_GRU,30,0.00013805520029563922
812015,MOTOR_ZERO_ABLATION,1,0.004732250119559467
812015,MOTOR_ZERO_ABLATION,2,0.003745931855519302
812015,MOTOR_ZERO_ABLATION,3,0.003585959449992515
812015,MOTOR_ZERO_ABLATION,4,0.003433098769164644
812015,MOTOR_ZERO_ABLATION,5,0.003280297911260277
812015,MOTOR_ZERO_ABLATION,6,0.0031014923297334462
812015,MOTOR_ZERO_ABLATION,7,0.0028813467506552115
812015,MOTOR_ZERO_ABLATION,8,0.0026075348869198933
812015,MOTOR_ZERO_ABLATION,9,0.0022760122519684955
812015,MOTOR_ZERO_ABLATION,10,0.0018981532484758645
812015,MOTOR_ZERO_ABLATION,11,0.001508038469182793
812015,MOTOR_ZERO_ABLATION,12,0.001118353979109088
812015,MOTOR_ZERO_ABLATION,13,0.0007582517682749312
812015,MOTOR_ZERO_ABLATION,14,0.00047425565389858093
812015,MOTOR_ZERO_ABLATION,15,0.000298626333460561
812015,MOTOR_ZERO_ABLATION,16,0.0002154657540813787
812015,MOTOR_ZERO_ABLATION,17,0.00018453587654221337
812015,MOTOR_ZERO_ABLATION,18,0.00017179334190586815
812015,MOTOR_ZERO_ABLATION,19,0.0001647832505113911
812015,MOTOR_ZERO_ABLATION,20,0.00015955750222929055
812015,MOTOR_ZERO_ABLATION,21,0.00015532566112597124
812015,MOTOR_ZERO_ABLATION,22,0.00015188710949587403
812015,MOTOR_ZERO_ABLATION,23,0.00014900048427080037
812015,MOTOR_ZERO_ABLATION,24,0.00014647603711637203
812015,MOTOR_ZERO_ABLATION,25,0.00014444120824919082
812015,MOTOR_ZERO_ABLATION,26,0.00014213478470992413
812015,MOTOR_ZERO_ABLATION,27,0.00014057313319426612
812015,MOTOR_ZERO_ABLATION,28,0.00013898638326281798
812015,MOTOR_ZERO_ABLATION,29,0.00013742989585807663
812015,MOTOR_ZERO_ABLATION,30,0.0001361290928798553
812015,MOTOR_PERMUTED_ABLATION,1,0.00428023083077278
812015,MOTOR_PERMUTED_ABLATION,2,0.00311412411974743
812015,MOTOR_PERMUTED_ABLATION,3,0.002868973257136531
812015,MOTOR_PERMUTED_ABLATION,4,0.0026209082279819995
812015,MOTOR_PERMUTED_ABLATION,5,0.002334083037567325
812015,MOTOR_PERMUTED_ABLATION,6,0.0019967255866504274
812015,MOTOR_PERMUTED_ABLATION,7,0.001616054003534373
812015,MOTOR_PERMUTED_ABLATION,8,0.001215630691149272
812015,MOTOR_PERMUTED_ABLATION,9,0.0008414787116635125
812015,MOTOR_PERMUTED_ABLATION,10,0.00054052886844147
812015,MOTOR_PERMUTED_ABLATION,11,0.0003465015470283106
812015,MOTOR_PERMUTED_ABLATION,12,0.00024557574579375796
812015,MOTOR_PERMUTED_ABLATION,13,0.0002003184372370015
812015,MOTOR_PERMUTED_ABLATION,14,0.00018426783844915917
812015,MOTOR_PERMUTED_ABLATION,15,0.0001782475992513355
812015,MOTOR_PERMUTED_ABLATION,16,0.00017436625603295397
812015,MOTOR_PERMUTED_ABLATION,17,0.00017152791951957624
812015,MOTOR_PERMUTED_ABLATION,18,0.00016883409807633143
812015,MOTOR_PERMUTED_ABLATION,19,0.00016623257670289604
812015,MOTOR_PERMUTED_ABLATION,20,0.00016357728327420773
812015,MOTOR_PERMUTED_ABLATION,21,0.00016086634968814906
812015,MOTOR_PERMUTED_ABLATION,22,0.00015852926935622236
812015,MOTOR_PERMUTED_ABLATION,23,0.00015552315744571388
812015,MOTOR_PERMUTED_ABLATION,24,0.00015285025256162044
812015,MOTOR_PERMUTED_ABLATION,25,0.0001500653097536997
812015,MOTOR_PERMUTED_ABLATION,26,0.00014720673652846017
812015,MOTOR_PERMUTED_ABLATION,27,0.00014475885745923733
812015,MOTOR_PERMUTED_ABLATION,28,0.0001424982019671006
812015,MOTOR_PERMUTED_ABLATION,29,0.00013988967521072482
812015,MOTOR_PERMUTED_ABLATION,30,0.00013774179251413443
812016,MOTOR_GATED_RNN,1,0.0035003813536604866
812016,MOTOR_GATED_RNN,2,0.00323962519178167
812016,MOTOR_GATED_RNN,3,0.002992867259308696
812016,MOTOR_GATED_RNN,4,0.0027100301813334227
812016,MOTOR_GATED_RNN,5,0.002383319952059537
812016,MOTOR_GATED_RNN,6,0.0020057628134964034
812016,MOTOR_GATED_RNN,7,0.0015792636913829483
812016,MOTOR_GATED_RNN,8,0.0011382528464309871
812016,MOTOR_GATED_RNN,9,0.0007373530170298181
812016,MOTOR_GATED_RNN,10,0.00043812015610456
812016,MOTOR_GATED_RNN,11,0.0002630723211041186
812016,MOTOR_GATED_RNN,12,0.000185007796062564
812016,MOTOR_GATED_RNN,13,0.00015660965709685115
812016,MOTOR_GATED_RNN,14,0.00014705563535244437
812016,MOTOR_GATED_RNN,15,0.00014258737428463064
812016,MOTOR_GATED_RNN,16,0.00013976176433061482
812016,MOTOR_GATED_RNN,17,0.00013723042229685234
812016,MOTOR_GATED_RNN,18,0.00013576726360042812
812016,MOTOR_GATED_RNN,19,0.0001341152415079705
812016,MOTOR_GATED_RNN,20,0.00013291185541675077
812016,MOTOR_GATED_RNN,21,0.00013189015999159892
812016,MOTOR_GATED_RNN,22,0.00013117912931193132
812016,MOTOR_GATED_RNN,23,0.00013034268295086804
812016,MOTOR_GATED_RNN,24,0.00012905404037155677
812016,MOTOR_GATED_RNN,25,0.0001283663414142211
812016,MOTOR_GATED_RNN,26,0.00012685153023994644
812016,MOTOR_GATED_RNN,27,0.0001266848953491717
812016,MOTOR_GATED_RNN,28,0.00012648465781239793
812016,MOTOR_GATED_RNN,29,0.0001250349787369487
812016,MOTOR_GATED_RNN,30,0.0001240383785443555
812016,GENERIC_GRU,1,0.0051260975014884025
812016,GENERIC_GRU,2,0.003948184341425076
812016,GENERIC_GRU,3,0.0036569238000083715
812016,GENERIC_GRU,4,0.003464996174443513
812016,GENERIC_GRU,5,0.003259355522459373
812016,GENERIC_GRU,6,0.003024523990461603
812016,GENERIC_GRU,7,0.0027445555315352976
812016,GENERIC_GRU,8,0.002418144460534677
812016,GENERIC_GRU,9,0.0020519853496807627
812016,GENERIC_GRU,10,0.0016720505882403813
812016,GENERIC_GRU,11,0.0013046224630670622
812016,GENERIC_GRU,12,0.0009733822698763106
812016,GENERIC_GRU,13,0.0006975565484026447
812016,GENERIC_GRU,14,0.00048617513311910443
812016,GENERIC_GRU,15,0.00034080051409546286
812016,GENERIC_GRU,16,0.00025129784899036167
812016,GENERIC_GRU,17,0.00020097895048820646
812016,GENERIC_GRU,18,0.0001752949838191853
812016,GENERIC_GRU,19,0.00016287891503452556
812016,GENERIC_GRU,20,0.00015662013174733147
812016,GENERIC_GRU,21,0.00015298193920898484
812016,GENERIC_GRU,22,0.00015062174588820199
812016,GENERIC_GRU,23,0.00014862998159514973
812016,GENERIC_GRU,24,0.00014704820478073088
812016,GENERIC_GRU,25,0.0001456424151911051
812016,GENERIC_GRU,26,0.0001443832056793326
812016,GENERIC_GRU,27,0.0001431251257599797
812016,GENERIC_GRU,28,0.00014197793734638253
812016,GENERIC_GRU,29,0.00014097407165536424
812016,GENERIC_GRU,30,0.00014004790546096046
812016,MOTOR_ZERO_ABLATION,1,0.00795398885384202
812016,MOTOR_ZERO_ABLATION,2,0.004452682827832177
812016,MOTOR_ZERO_ABLATION,3,0.0036704457452287897
812016,MOTOR_ZERO_ABLATION,4,0.0035042709205299616
812016,MOTOR_ZERO_ABLATION,5,0.003325891710119322
812016,MOTOR_ZERO_ABLATION,6,0.003139770939014852
812016,MOTOR_ZERO_ABLATION,7,0.00291881307202857
812016,MOTOR_ZERO_ABLATION,8,0.0026483367691980675
812016,MOTOR_ZERO_ABLATION,9,0.002324543776921928
812016,MOTOR_ZERO_ABLATION,10,0.0019542838344932534
812016,MOTOR_ZERO_ABLATION,11,0.0015551305987173691
812016,MOTOR_ZERO_ABLATION,12,0.0011614789618761279
812016,MOTOR_ZERO_ABLATION,13,0.0008153976159519516
812016,MOTOR_ZERO_ABLATION,14,0.0005511395993380575
812016,MOTOR_ZERO_ABLATION,15,0.0003773664193431614
812016,MOTOR_ZERO_ABLATION,16,0.0002771257877611788
812016,MOTOR_ZERO_ABLATION,17,0.0002228348103017197
812016,MOTOR_ZERO_ABLATION,18,0.0001963184040505439
812016,MOTOR_ZERO_ABLATION,19,0.00018477138564776396
812016,MOTOR_ZERO_ABLATION,20,0.00017982306235353462
812016,MOTOR_ZERO_ABLATION,21,0.00017655686497164425
812016,MOTOR_ZERO_ABLATION,22,0.00017440159354009666
812016,MOTOR_ZERO_ABLATION,23,0.00017223281702172244
812016,MOTOR_ZERO_ABLATION,24,0.00017037740144587588
812016,MOTOR_ZERO_ABLATION,25,0.00016943688387982547
812016,MOTOR_ZERO_ABLATION,26,0.0001683988111835788
812016,MOTOR_ZERO_ABLATION,27,0.000165536379427067
812016,MOTOR_ZERO_ABLATION,28,0.00016387776486226358
812016,MOTOR_ZERO_ABLATION,29,0.0001622856607355061
812016,MOTOR_ZERO_ABLATION,30,0.0001612616833881475
812016,MOTOR_PERMUTED_ABLATION,1,0.00985835719620809
812016,MOTOR_PERMUTED_ABLATION,2,0.006108788104029372
812016,MOTOR_PERMUTED_ABLATION,3,0.004026049951789901
812016,MOTOR_PERMUTED_ABLATION,4,0.00360373810690362
812016,MOTOR_PERMUTED_ABLATION,5,0.0034144526725867763
812016,MOTOR_PERMUTED_ABLATION,6,0.003255243180319667
812016,MOTOR_PERMUTED_ABLATION,7,0.0030717452755197883
812016,MOTOR_PERMUTED_ABLATION,8,0.0028599708602996543
812016,MOTOR_PERMUTED_ABLATION,9,0.0026012257585534826
812016,MOTOR_PERMUTED_ABLATION,10,0.0022848911030450836
812016,MOTOR_PERMUTED_ABLATION,11,0.0019056467426707968
812016,MOTOR_PERMUTED_ABLATION,12,0.0014685937130707316
812016,MOTOR_PERMUTED_ABLATION,13,0.0010233703906123992
812016,MOTOR_PERMUTED_ABLATION,14,0.000669328474032227
812016,MOTOR_PERMUTED_ABLATION,15,0.0004308752395445481
812016,MOTOR_PERMUTED_ABLATION,16,0.0002947578768726089
812016,MOTOR_PERMUTED_ABLATION,17,0.00022920777610124787
812016,MOTOR_PERMUTED_ABLATION,18,0.00020087039956706576
812016,MOTOR_PERMUTED_ABLATION,19,0.00019001762848347425
812016,MOTOR_PERMUTED_ABLATION,20,0.00018497134624340106
812016,MOTOR_PERMUTED_ABLATION,21,0.00018257258670928422
812016,MOTOR_PERMUTED_ABLATION,22,0.0001804154444471351
812016,MOTOR_PERMUTED_ABLATION,23,0.00017771068269212265
812016,MOTOR_PERMUTED_ABLATION,24,0.00017587766978977015
812016,MOTOR_PERMUTED_ABLATION,25,0.00017410221971658757
812016,MOTOR_PERMUTED_ABLATION,26,0.00017229175773536554
812016,MOTOR_PERMUTED_ABLATION,27,0.00017042811396095203
812016,MOTOR_PERMUTED_ABLATION,28,0.00016877138205018127
812016,MOTOR_PERMUTED_ABLATION,29,0.00016734351265768055
812016,MOTOR_PERMUTED_ABLATION,30,0.00016539341959287412
812017,MOTOR_GATED_RNN,1,0.003950529760913923
812017,MOTOR_GATED_RNN,2,0.0035802819329546764
812017,MOTOR_GATED_RNN,3,0.003377861576154828
812017,MOTOR_GATED_RNN,4,0.0031192796886898577
812017,MOTOR_GATED_RNN,5,0.002757084570475854
812017,MOTOR_GATED_RNN,6,0.0022660040704067796
812017,MOTOR_GATED_RNN,7,0.0016957712578005157
812017,MOTOR_GATED_RNN,8,0.0011352461187925655
812017,MOTOR_GATED_RNN,9,0.0006319057865766808
812017,MOTOR_GATED_RNN,10,0.00030495850660372525
812017,MOTOR_GATED_RNN,11,0.00019532726764737163
812017,MOTOR_GATED_RNN,12,0.00017621992719796253
812017,MOTOR_GATED_RNN,13,0.00016931363279582
812017,MOTOR_GATED_RNN,14,0.00016466884517285507
812017,MOTOR_GATED_RNN,15,0.0001611677589608007
812017,MOTOR_GATED_RNN,16,0.00015828996220079716
812017,MOTOR_GATED_RNN,17,0.00015587423422402935
812017,MOTOR_GATED_RNN,18,0.00015397939296235563
812017,MOTOR_GATED_RNN,19,0.0001517462796982727
812017,MOTOR_GATED_RNN,20,0.0001502410177636193
812017,MOTOR_GATED_RNN,21,0.00014933297643437982
812017,MOTOR_GATED_RNN,22,0.00014746612760063726
812017,MOTOR_GATED_RNN,23,0.00014605235901399283
812017,MOTOR_GATED_RNN,24,0.0001441963440811378
812017,MOTOR_GATED_RNN,25,0.00014319003457785584
812017,MOTOR_GATED_RNN,26,0.0001416545292158844
812017,MOTOR_GATED_RNN,27,0.00014035418280400336
812017,MOTOR_GATED_RNN,28,0.00013918013883085223
812017,MOTOR_GATED_RNN,29,0.00013797800011161598
812017,MOTOR_GATED_RNN,30,0.00013721277400691179
812017,GENERIC_GRU,1,0.003745723923202604
812017,GENERIC_GRU,2,0.003326749545522034
812017,GENERIC_GRU,3,0.0029344899667194113
812017,GENERIC_GRU,4,0.0025305436429334804
812017,GENERIC_GRU,5,0.002096438911394216
812017,GENERIC_GRU,6,0.0016422873450210318
812017,GENERIC_GRU,7,0.0012116328362026252
812017,GENERIC_GRU,8,0.000842904431920033
812017,GENERIC_GRU,9,0.000559089467060403
812017,GENERIC_GRU,10,0.0003615683126554359
812017,GENERIC_GRU,11,0.0002411480436421698
812017,GENERIC_GRU,12,0.00017791916798159946
812017,GENERIC_GRU,13,0.00014992697379057063
812017,GENERIC_GRU,14,0.00013973727527627489
812017,GENERIC_GRU,15,0.0001362686934953672
812017,GENERIC_GRU,16,0.0001347605843875499
812017,GENERIC_GRU,17,0.00013390619142228388
812017,GENERIC_GRU,18,0.0001328595485574624
812017,GENERIC_GRU,19,0.00013205514778746874
812017,GENERIC_GRU,20,0.00013140872988515184
812017,GENERIC_GRU,21,0.0001304197153331188
812017,GENERIC_GRU,22,0.0001296412069677899
812017,GENERIC_GRU,23,0.0001290174527639465
812017,GENERIC_GRU,24,0.0001281986396861612
812017,GENERIC_GRU,25,0.00012755531179209356
812017,GENERIC_GRU,26,0.00012693826374743367
812017,GENERIC_GRU,27,0.00012624143755601835
812017,GENERIC_GRU,28,0.00012564823100547073
812017,GENERIC_GRU,29,0.00012513814044723404
812017,GENERIC_GRU,30,0.00012462184895412065
812017,MOTOR_ZERO_ABLATION,1,0.008248801750596613
812017,MOTOR_ZERO_ABLATION,2,0.004954856791300699
812017,MOTOR_ZERO_ABLATION,3,0.0035582289565354586
812017,MOTOR_ZERO_ABLATION,4,0.0033231818088097498
812017,MOTOR_ZERO_ABLATION,5,0.003121075060334988
812017,MOTOR_ZERO_ABLATION,6,0.002916316530900076
812017,MOTOR_ZERO_ABLATION,7,0.002673570968909189
812017,MOTOR_ZERO_ABLATION,8,0.0023869217257015407
812017,MOTOR_ZERO_ABLATION,9,0.0020553717913571745
812017,MOTOR_ZERO_ABLATION,10,0.0016955909522948787
812017,MOTOR_ZERO_ABLATION,11,0.0013359764488996007
812017,MOTOR_ZERO_ABLATION,12,0.0010032186255557463
812017,MOTOR_ZERO_ABLATION,13,0.0007229422626551241
812017,MOTOR_ZERO_ABLATION,14,0.0005082910665805684
812017,MOTOR_ZERO_ABLATION,15,0.0003609714713093126
812017,MOTOR_ZERO_ABLATION,16,0.00027653408142214175
812017,MOTOR_ZERO_ABLATION,17,0.00023457465704268543
812017,MOTOR_ZERO_ABLATION,18,0.00021652366558555514
812017,MOTOR_ZERO_ABLATION,19,0.00020731787572003668
812017,MOTOR_ZERO_ABLATION,20,0.0002018326804318349
812017,MOTOR_ZERO_ABLATION,21,0.0001975739960471401
812017,MOTOR_ZERO_ABLATION,22,0.00019394061837374466
812017,MOTOR_ZERO_ABLATION,23,0.00019054185031563975
812017,MOTOR_ZERO_ABLATION,24,0.00018754213033389533
812017,MOTOR_ZERO_ABLATION,25,0.00018483192798157688
812017,MOTOR_ZERO_ABLATION,26,0.00018226121119369054
812017,MOTOR_ZERO_ABLATION,27,0.00017987648152484326
812017,MOTOR_ZERO_ABLATION,28,0.00017779119025362888
812017,MOTOR_ZERO_ABLATION,29,0.00017552418375998968
812017,MOTOR_ZERO_ABLATION,30,0.00017361808386340272
812017,MOTOR_PERMUTED_ABLATION,1,0.003683618240756914
812017,MOTOR_PERMUTED_ABLATION,2,0.0033906805037986487
812017,MOTOR_PERMUTED_ABLATION,3,0.0031466958462260664
812017,MOTOR_PERMUTED_ABLATION,4,0.0028273679927224293
812017,MOTOR_PERMUTED_ABLATION,5,0.002421997327473946
812017,MOTOR_PERMUTED_ABLATION,6,0.0019583246976253577
812017,MOTOR_PERMUTED_ABLATION,7,0.0014840828371234238
812017,MOTOR_PERMUTED_ABLATION,8,0.001021515690808883
812017,MOTOR_PERMUTED_ABLATION,9,0.0006220955747266999
812017,MOTOR_PERMUTED_ABLATION,10,0.0003498861078696791
812017,MOTOR_PERMUTED_ABLATION,11,0.00022163653375173453
812017,MOTOR_PERMUTED_ABLATION,12,0.00018072917919198517
812017,MOTOR_PERMUTED_ABLATION,13,0.00016936931842792546
812017,MOTOR_PERMUTED_ABLATION,14,0.0001639832953514997
812017,MOTOR_PERMUTED_ABLATION,15,0.00015930578592815436
812017,MOTOR_PERMUTED_ABLATION,16,0.00015530470500380034
812017,MOTOR_PERMUTED_ABLATION,17,0.0001524131621408742
812017,MOTOR_PERMUTED_ABLATION,18,0.00014968110372137744
812017,MOTOR_PERMUTED_ABLATION,19,0.00014780504534428474
812017,MOTOR_PERMUTED_ABLATION,20,0.00014630969235440716
812017,MOTOR_PERMUTED_ABLATION,21,0.0001455657211408834
812017,MOTOR_PERMUTED_ABLATION,22,0.00014395330526895123
812017,MOTOR_PERMUTED_ABLATION,23,0.00014207156073098304
812017,MOTOR_PERMUTED_ABLATION,24,0.00014039464804227464
812017,MOTOR_PERMUTED_ABLATION,25,0.00013947437628303305
812017,MOTOR_PERMUTED_ABLATION,26,0.00013802302828480606
812017,MOTOR_PERMUTED_ABLATION,27,0.00013697317808691878
812017,MOTOR_PERMUTED_ABLATION,28,0.0001364104418826173
812017,MOTOR_PERMUTED_ABLATION,29,0.00013550455196309485
812017,MOTOR_PERMUTED_ABLATION,30,0.0001354777150481823
812018,MOTOR_GATED_RNN,1,0.003870970132993534
812018,MOTOR_GATED_RNN,2,0.003547590211383067
812018,MOTOR_GATED_RNN,3,0.0032661719160387293
812018,MOTOR_GATED_RNN,4,0.0029604059527628124
812018,MOTOR_GATED_RNN,5,0.0025914297439157963
812018,MOTOR_GATED_RNN,6,0.0021295702244970016
812018,MOTOR_GATED_RNN,7,0.0015890484137344174
812018,MOTOR_GATED_RNN,8,0.0010497379626031034
812018,MOTOR_GATED_RNN,9,0.000627437202638248
812018,MOTOR_GATED_RNN,10,0.0003705090821313206
812018,MOTOR_GATED_RNN,11,0.00025109141461143736
812018,MOTOR_GATED_RNN,12,0.0002075478605547687
812018,MOTOR_GATED_RNN,13,0.0001939040630531963
812018,MOTOR_GATED_RNN,14,0.00018751391598925693
812018,MOTOR_GATED_RNN,15,0.00018379345328867203
812018,MOTOR_GATED_RNN,16,0.0001803300920073525
812018,MOTOR_GATED_RNN,17,0.00017707007282297127
812018,MOTOR_GATED_RNN,18,0.00017460184972151183
812018,MOTOR_GATED_RNN,19,0.00017222583937837044
812018,MOTOR_GATED_RNN,20,0.00017010561623465037
812018,MOTOR_GATED_RNN,21,0.00016743913511163555
812018,MOTOR_GATED_RNN,22,0.000165202836797107
812018,MOTOR_GATED_RNN,23,0.0001633084120840067
812018,MOTOR_GATED_RNN,24,0.00016164187400136143
812018,MOTOR_GATED_RNN,25,0.00015979934232746018
812018,MOTOR_GATED_RNN,26,0.0001573853787704138
812018,MOTOR_GATED_RNN,27,0.00015558840277662966
812018,MOTOR_GATED_RNN,28,0.00015380715467472328
812018,MOTOR_GATED_RNN,29,0.00015275290934368968
812018,MOTOR_GATED_RNN,30,0.00015089987664396176
812018,GENERIC_GRU,1,0.009301055979449302
812018,GENERIC_GRU,2,0.004366184279206209
812018,GENERIC_GRU,3,0.0035540470125852153
812018,GENERIC_GRU,4,0.003192728807334788
812018,GENERIC_GRU,5,0.002914921336923726
812018,GENERIC_GRU,6,0.002611532137962058
812018,GENERIC_GRU,7,0.002284937974764034
812018,GENERIC_GRU,8,0.0019393088659853674
812018,GENERIC_GRU,9,0.001589659157616552
812018,GENERIC_GRU,10,0.0012573418789543211
812018,GENERIC_GRU,11,0.0009612332905817311
812018,GENERIC_GRU,12,0.0007160110944823828
812018,GENERIC_GRU,13,0.000522967171491473
812018,GENERIC_GRU,14,0.0003794823114731116
812018,GENERIC_GRU,15,0.00027983608924841974
812018,GENERIC_GRU,16,0.0002152568204110139
812018,GENERIC_GRU,17,0.00017825646500568837
812018,GENERIC_GRU,18,0.0001583593420946272
812018,GENERIC_GRU,19,0.0001486959668000054
812018,GENERIC_GRU,20,0.000143900510011008
812018,GENERIC_GRU,21,0.00014175892601997475
812018,GENERIC_GRU,22,0.00014074793762119953
812018,GENERIC_GRU,23,0.00014003400428919122
812018,GENERIC_GRU,24,0.00013954087671663729
812018,GENERIC_GRU,25,0.0001390989737046766
812018,GENERIC_GRU,26,0.00013872861745767295
812018,GENERIC_GRU,27,0.00013843642409483436
812018,GENERIC_GRU,28,0.0001380700641675503
812018,GENERIC_GRU,29,0.00013776156902167713
812018,GENERIC_GRU,30,0.00013741937937084003
812018,MOTOR_ZERO_ABLATION,1,0.004188191625871696
812018,MOTOR_ZERO_ABLATION,2,0.003430662749451585
812018,MOTOR_ZERO_ABLATION,3,0.0032315404823748395
812018,MOTOR_ZERO_ABLATION,4,0.0030046916072024032
812018,MOTOR_ZERO_ABLATION,5,0.002700521654332988
812018,MOTOR_ZERO_ABLATION,6,0.002297404789715074
812018,MOTOR_ZERO_ABLATION,7,0.001803800609195605
812018,MOTOR_ZERO_ABLATION,8,0.0012888806813862175
812018,MOTOR_ZERO_ABLATION,9,0.0008327321229444351
812018,MOTOR_ZERO_ABLATION,10,0.000492321070851176
812018,MOTOR_ZERO_ABLATION,11,0.0002996233788508107
812018,MOTOR_ZERO_ABLATION,12,0.00021554680097324308
812018,MOTOR_ZERO_ABLATION,13,0.00018460003320797114
812018,MOTOR_ZERO_ABLATION,14,0.0001736399244691711
812018,MOTOR_ZERO_ABLATION,15,0.00016767125543992734
812018,MOTOR_ZERO_ABLATION,16,0.00016281097396131372
812018,MOTOR_ZERO_ABLATION,17,0.00015906395310594235
812018,MOTOR_ZERO_ABLATION,18,0.0001563906398587278
812018,MOTOR_ZERO_ABLATION,19,0.0001533843660581624
812018,MOTOR_ZERO_ABLATION,20,0.00015181199296421255
812018,MOTOR_ZERO_ABLATION,21,0.00014864164404571056
812018,MOTOR_ZERO_ABLATION,22,0.00014683168774354272
812018,MOTOR_ZERO_ABLATION,23,0.00014542774442816153
812018,MOTOR_ZERO_ABLATION,24,0.0001447853037461755
812018,MOTOR_ZERO_ABLATION,25,0.00014287005114965723
812018,MOTOR_ZERO_ABLATION,26,0.0001415463743796863
812018,MOTOR_ZERO_ABLATION,27,0.00014025096425029915
812018,MOTOR_ZERO_ABLATION,28,0.00013924312679591822
812018,MOTOR_ZERO_ABLATION,29,0.00013886349552194588
812018,MOTOR_ZERO_ABLATION,30,0.00013748840865446255
812018,MOTOR_PERMUTED_ABLATION,1,0.003659909052657895
812018,MOTOR_PERMUTED_ABLATION,2,0.003297108894912526
812018,MOTOR_PERMUTED_ABLATION,3,0.0030418683163588867
812018,MOTOR_PERMUTED_ABLATION,4,0.0027164026687387377
812018,MOTOR_PERMUTED_ABLATION,5,0.002302441935171373
812018,MOTOR_PERMUTED_ABLATION,6,0.0017881574967759661
812018,MOTOR_PERMUTED_ABLATION,7,0.0012366895825834945
812018,MOTOR_PERMUTED_ABLATION,8,0.0007539932485087775
812018,MOTOR_PERMUTED_ABLATION,9,0.0004359286103863269
812018,MOTOR_PERMUTED_ABLATION,10,0.0002700848444874282
812018,MOTOR_PERMUTED_ABLATION,11,0.00020335548106231727
812018,MOTOR_PERMUTED_ABLATION,12,0.0001804825451472425
812018,MOTOR_PERMUTED_ABLATION,13,0.00017278373070439557
812018,MOTOR_PERMUTED_ABLATION,14,0.00016928639706748072
812018,MOTOR_PERMUTED_ABLATION,15,0.0001668019267526688
812018,MOTOR_PERMUTED_ABLATION,16,0.00016440465969935758
812018,MOTOR_PERMUTED_ABLATION,17,0.00016213722938118735
812018,MOTOR_PERMUTED_ABLATION,18,0.0001599052839083015
812018,MOTOR_PERMUTED_ABLATION,19,0.00015822974637558218
812018,MOTOR_PERMUTED_ABLATION,20,0.0001567925564813777
812018,MOTOR_PERMUTED_ABLATION,21,0.0001544042797831935
812018,MOTOR_PERMUTED_ABLATION,22,0.00015267918752215337
812018,MOTOR_PERMUTED_ABLATION,23,0.0001511127838966786
812018,MOTOR_PERMUTED_ABLATION,24,0.00014991221905802377
812018,MOTOR_PERMUTED_ABLATION,25,0.0001487746590100869
812018,MOTOR_PERMUTED_ABLATION,26,0.00014704997556691524
812018,MOTOR_PERMUTED_ABLATION,27,0.0001446085361749283
812018,MOTOR_PERMUTED_ABLATION,28,0.00014402611486730166
812018,MOTOR_PERMUTED_ABLATION,29,0.0001427350416633999
812018,MOTOR_PERMUTED_ABLATION,30,0.0001411000894222525
812019,MOTOR_GATED_RNN,1,0.004185369631159119
812019,MOTOR_GATED_RNN,2,0.003663467156002298
812019,MOTOR_GATED_RNN,3,0.003365420736372471
812019,MOTOR_GATED_RNN,4,0.0030882378050591797
812019,MOTOR_GATED_RNN,5,0.002773389147478156
812019,MOTOR_GATED_RNN,6,0.0024101594171952456
812019,MOTOR_GATED_RNN,7,0.001997944083996117
812019,MOTOR_GATED_RNN,8,0.0015370290784630924
812019,MOTOR_GATED_RNN,9,0.0010503852099645883
812019,MOTOR_GATED_RNN,10,0.0006273247709032148
812019,MOTOR_GATED_RNN,11,0.00035729781848203856
812019,MOTOR_GATED_RNN,12,0.0002278113315696828
812019,MOTOR_GATED_RNN,13,0.00018072577950078994
812019,MOTOR_GATED_RNN,14,0.0001648254210522282
812019,MOTOR_GATED_RNN,15,0.0001578578940097941
812019,MOTOR_GATED_RNN,16,0.00015464165744560887
812019,MOTOR_GATED_RNN,17,0.00015060993700899417
812019,MOTOR_GATED_RNN,18,0.0001482331108491053
812019,MOTOR_GATED_RNN,19,0.0001465718273720995
812019,MOTOR_GATED_RNN,20,0.00014437852951232344
812019,MOTOR_GATED_RNN,21,0.0001434037490071205
812019,MOTOR_GATED_RNN,22,0.0001417998878423532
812019,MOTOR_GATED_RNN,23,0.0001402578368470131
812019,MOTOR_GATED_RNN,24,0.00013921188156018616
812019,MOTOR_GATED_RNN,25,0.00013853673863195581
812019,MOTOR_GATED_RNN,26,0.00013789019567411742
812019,MOTOR_GATED_RNN,27,0.00013653946280101081
812019,MOTOR_GATED_RNN,28,0.0001360539145025541
812019,MOTOR_GATED_RNN,29,0.00013581904840975767
812019,MOTOR_GATED_RNN,30,0.0001353546595055377
812019,GENERIC_GRU,1,0.006111437804065645
812019,GENERIC_GRU,2,0.004331706702942029
812019,GENERIC_GRU,3,0.003833624519756995
812019,GENERIC_GRU,4,0.0034445720666553825
812019,GENERIC_GRU,5,0.0030944242898840457
812019,GENERIC_GRU,6,0.0027733496972359717
812019,GENERIC_GRU,7,0.0024230657872976735
812019,GENERIC_GRU,8,0.002041050815023482
812019,GENERIC_GRU,9,0.0016522778823855333
812019,GENERIC_GRU,10,0.0012767203224939294
812019,GENERIC_GRU,11,0.0009396997520525474
812019,GENERIC_GRU,12,0.0006545102551172022
812019,GENERIC_GRU,13,0.00043779961197287776
812019,GENERIC_GRU,14,0.00029015141171839787
812019,GENERIC_GRU,15,0.0002039459968727897
812019,GENERIC_GRU,16,0.0001608129696251126
812019,GENERIC_GRU,17,0.00014246877162804594
812019,GENERIC_GRU,18,0.0001358323229396774
812019,GENERIC_GRU,19,0.00013354715883906465
812019,GENERIC_GRU,20,0.00013265739380585728
812019,GENERIC_GRU,21,0.000132106450109859
812019,GENERIC_GRU,22,0.00013154810903870384
812019,GENERIC_GRU,23,0.00013108302073305822
812019,GENERIC_GRU,24,0.00013058053536951775
812019,GENERIC_GRU,25,0.00013009926487939083
812019,GENERIC_GRU,26,0.00012960712911080918
812019,GENERIC_GRU,27,0.0001291341582145833
812019,GENERIC_GRU,28,0.00012863286156061804
812019,GENERIC_GRU,29,0.00012808385736207129
812019,GENERIC_GRU,30,0.00012757580134348245
812019,MOTOR_ZERO_ABLATION,1,0.005521138344192877
812019,MOTOR_ZERO_ABLATION,2,0.003966249787481502
812019,MOTOR_ZERO_ABLATION,3,0.0037660862144548446
812019,MOTOR_ZERO_ABLATION,4,0.0035765949869528413
812019,MOTOR_ZERO_ABLATION,5,0.003395198073121719
812019,MOTOR_ZERO_ABLATION,6,0.0031694672943558544
812019,MOTOR_ZERO_ABLATION,7,0.0028851164097432047
812019,MOTOR_ZERO_ABLATION,8,0.002536116197006777
812019,MOTOR_ZERO_ABLATION,9,0.0021395570220192894
812019,MOTOR_ZERO_ABLATION,10,0.0017238339642062783
812019,MOTOR_ZERO_ABLATION,11,0.0013321257210918702
812019,MOTOR_ZERO_ABLATION,12,0.0009869663263089024
812019,MOTOR_ZERO_ABLATION,13,0.0007085359793563839
812019,MOTOR_ZERO_ABLATION,14,0.0004992305603082059
812019,MOTOR_ZERO_ABLATION,15,0.0003546176612871932
812019,MOTOR_ZERO_ABLATION,16,0.0002620236209622817
812019,MOTOR_ZERO_ABLATION,17,0.00020958060213160934
812019,MOTOR_ZERO_ABLATION,18,0.00018291931337444112
812019,MOTOR_ZERO_ABLATION,19,0.00017030613253155025
812019,MOTOR_ZERO_ABLATION,20,0.00016438934562756913
812019,MOTOR_ZERO_ABLATION,21,0.00016126760874612955
812019,MOTOR_ZERO_ABLATION,22,0.0001586538455740083
812019,MOTOR_ZERO_ABLATION,23,0.0001566904284118209
812019,MOTOR_ZERO_ABLATION,24,0.0001546822804812109
812019,MOTOR_ZERO_ABLATION,25,0.0001529814562672982
812019,MOTOR_ZERO_ABLATION,26,0.00015168567551882006
812019,MOTOR_ZERO_ABLATION,27,0.00015031086331873666
812019,MOTOR_ZERO_ABLATION,28,0.00014883581570757087
812019,MOTOR_ZERO_ABLATION,29,0.0001475950316489616
812019,MOTOR_ZERO_ABLATION,30,0.00014632917827839265
812019,MOTOR_PERMUTED_ABLATION,1,0.003692757774842903
812019,MOTOR_PERMUTED_ABLATION,2,0.003388960481970571
812019,MOTOR_PERMUTED_ABLATION,3,0.0031606053380528465
812019,MOTOR_PERMUTED_ABLATION,4,0.0029238283896120265
812019,MOTOR_PERMUTED_ABLATION,5,0.002636438381159678
812019,MOTOR_PERMUTED_ABLATION,6,0.002275377089972608
812019,MOTOR_PERMUTED_ABLATION,7,0.001821827310777735
812019,MOTOR_PERMUTED_ABLATION,8,0.0012934964761370793
812019,MOTOR_PERMUTED_ABLATION,9,0.0007917112925497349
812019,MOTOR_PERMUTED_ABLATION,10,0.00043838015517394524
812019,MOTOR_PERMUTED_ABLATION,11,0.0002617290019770735
812019,MOTOR_PERMUTED_ABLATION,12,0.00019628691643447382
812019,MOTOR_PERMUTED_ABLATION,13,0.000176879304490285
812019,MOTOR_PERMUTED_ABLATION,14,0.0001709482248770655
812019,MOTOR_PERMUTED_ABLATION,15,0.00016730189236113802
812019,MOTOR_PERMUTED_ABLATION,16,0.00016560605763515923
812019,MOTOR_PERMUTED_ABLATION,17,0.00016184216019610176
812019,MOTOR_PERMUTED_ABLATION,18,0.0001591183518030448
812019,MOTOR_PERMUTED_ABLATION,19,0.00015684530717408052
812019,MOTOR_PERMUTED_ABLATION,20,0.00015454516233148752
812019,MOTOR_PERMUTED_ABLATION,21,0.00015308570891647832
812019,MOTOR_PERMUTED_ABLATION,22,0.00015057895780046238
812019,MOTOR_PERMUTED_ABLATION,23,0.00014815363192610675
812019,MOTOR_PERMUTED_ABLATION,24,0.00014654571441496955
812019,MOTOR_PERMUTED_ABLATION,25,0.0001451164712307218
812019,MOTOR_PERMUTED_ABLATION,26,0.00014304702654044377
812019,MOTOR_PERMUTED_ABLATION,27,0.00014142495138003142
812019,MOTOR_PERMUTED_ABLATION,28,0.0001401776557941048
812019,MOTOR_PERMUTED_ABLATION,29,0.00013872479621568345
812019,MOTOR_PERMUTED_ABLATION,30,0.00013747411230724538
812020,MOTOR_GATED_RNN,1,0.003890634252456948
812020,MOTOR_GATED_RNN,2,0.0036912516952725127
812020,MOTOR_GATED_RNN,3,0.0035324411001056433
812020,MOTOR_GATED_RNN,4,0.003351507446495816
812020,MOTOR_GATED_RNN,5,0.003107453216216527
812020,MOTOR_GATED_RNN,6,0.0027601649198913947
812020,MOTOR_GATED_RNN,7,0.002261714427731931
812020,MOTOR_GATED_RNN,8,0.0016568615028518252
812020,MOTOR_GATED_RNN,9,0.0011246016256336588
812020,MOTOR_GATED_RNN,10,0.0007374860979325604
812020,MOTOR_GATED_RNN,11,0.0004774086864927085
812020,MOTOR_GATED_RNN,12,0.00031523143115919083
812020,MOTOR_GATED_RNN,13,0.00022727231043973006
812020,MOTOR_GATED_RNN,14,0.00018441997144691413
812020,MOTOR_GATED_RNN,15,0.0001675167759458418
812020,MOTOR_GATED_RNN,16,0.0001603021328264731
812020,MOTOR_GATED_RNN,17,0.00015704487941547995
812020,MOTOR_GATED_RNN,18,0.0001544617389299674
812020,MOTOR_GATED_RNN,19,0.00015206180705717998
812020,MOTOR_GATED_RNN,20,0.00015009349499450764
812020,MOTOR_GATED_RNN,21,0.00014816756902291672
812020,MOTOR_GATED_RNN,22,0.00014617509441450238
812020,MOTOR_GATED_RNN,23,0.00014441237453866052
812020,MOTOR_GATED_RNN,24,0.00014284857934399042
812020,MOTOR_GATED_RNN,25,0.0001411893999829772
812020,MOTOR_GATED_RNN,26,0.00013954348287370522
812020,MOTOR_GATED_RNN,27,0.0001382198256578704
812020,MOTOR_GATED_RNN,28,0.00013684582654605038
812020,MOTOR_GATED_RNN,29,0.00013597348015537136
812020,MOTOR_GATED_RNN,30,0.00013451556014842936
812020,GENERIC_GRU,1,0.006317604391369969
812020,GENERIC_GRU,2,0.004501641262322664
812020,GENERIC_GRU,3,0.00411355055985041
812020,GENERIC_GRU,4,0.003872302215313539
812020,GENERIC_GRU,5,0.003668701203423552
812020,GENERIC_GRU,6,0.003456549035036005
812020,GENERIC_GRU,7,0.0031968444091035053
812020,GENERIC_GRU,8,0.002864387570298277
812020,GENERIC_GRU,9,0.0024518028367310762
812020,GENERIC_GRU,10,0.001981919151148759
812020,GENERIC_GRU,11,0.0015227798648993485
812020,GENERIC_GRU,12,0.0011015694253728725
812020,GENERIC_GRU,13,0.0007488230767194182
812020,GENERIC_GRU,14,0.000483610476294416
812020,GENERIC_GRU,15,0.0003098275228694547
812020,GENERIC_GRU,16,0.00021134404687472852
812020,GENERIC_GRU,17,0.00016406533632107312
812020,GENERIC_GRU,18,0.00014414539418794448
812020,GENERIC_GRU,19,0.00013707974858334637
812020,GENERIC_GRU,20,0.0001347774850728456
812020,GENERIC_GRU,21,0.0001338636752734601
812020,GENERIC_GRU,22,0.00013335037056094734
812020,GENERIC_GRU,23,0.00013283077760206652
812020,GENERIC_GRU,24,0.00013234702919362462
812020,GENERIC_GRU,25,0.00013184097360863234
812020,GENERIC_GRU,26,0.0001313720094913151
812020,GENERIC_GRU,27,0.00013087837942293845
812020,GENERIC_GRU,28,0.00013040810608799802
812020,GENERIC_GRU,29,0.00012979315397387836
812020,GENERIC_GRU,30,0.0001292851538892137
812020,MOTOR_ZERO_ABLATION,1,0.005734041158575565
812020,MOTOR_ZERO_ABLATION,2,0.0031126838584896177
812020,MOTOR_ZERO_ABLATION,3,0.002845538081601262
812020,MOTOR_ZERO_ABLATION,4,0.0025486983213340864
812020,MOTOR_ZERO_ABLATION,5,0.002240921385237016
812020,MOTOR_ZERO_ABLATION,6,0.001901149189507123
812020,MOTOR_ZERO_ABLATION,7,0.0015363611964858137
812020,MOTOR_ZERO_ABLATION,8,0.001172971104097087
812020,MOTOR_ZERO_ABLATION,9,0.0008305701558128931
812020,MOTOR_ZERO_ABLATION,10,0.0005440655841084663
812020,MOTOR_ZERO_ABLATION,11,0.0003546803527569864
812020,MOTOR_ZERO_ABLATION,12,0.0002495940680091735
812020,MOTOR_ZERO_ABLATION,13,0.00020042712640133686
812020,MOTOR_ZERO_ABLATION,14,0.0001786517395885312
812020,MOTOR_ZERO_ABLATION,15,0.00016966202474577585
812020,MOTOR_ZERO_ABLATION,16,0.00016519126165803755
812020,MOTOR_ZERO_ABLATION,17,0.00016232822326855967
812020,MOTOR_ZERO_ABLATION,18,0.0001600984833203256
812020,MOTOR_ZERO_ABLATION,19,0.00015806232931936393
812020,MOTOR_ZERO_ABLATION,20,0.00015625169453414856
812020,MOTOR_ZERO_ABLATION,21,0.00015454029653483303
812020,MOTOR_ZERO_ABLATION,22,0.00015279551826097304
812020,MOTOR_ZERO_ABLATION,23,0.00015109233481780393
812020,MOTOR_ZERO_ABLATION,24,0.00014939264747226844
812020,MOTOR_ZERO_ABLATION,25,0.000147746286529582
812020,MOTOR_ZERO_ABLATION,26,0.00014615271356888115
812020,MOTOR_ZERO_ABLATION,27,0.00014456575900112512
812020,MOTOR_ZERO_ABLATION,28,0.00014298645237431629
812020,MOTOR_ZERO_ABLATION,29,0.00014130073759588413
812020,MOTOR_ZERO_ABLATION,30,0.00013975876436234103
812020,MOTOR_PERMUTED_ABLATION,1,0.00392753015330527
812020,MOTOR_PERMUTED_ABLATION,2,0.003728788156877272
812020,MOTOR_PERMUTED_ABLATION,3,0.003540932812029496
812020,MOTOR_PERMUTED_ABLATION,4,0.003302255950984545
812020,MOTOR_PERMUTED_ABLATION,5,0.002948695546365343
812020,MOTOR_PERMUTED_ABLATION,6,0.0024293157330248505
812020,MOTOR_PERMUTED_ABLATION,7,0.0017477958244853653
812020,MOTOR_PERMUTED_ABLATION,8,0.0010745357867563143
812020,MOTOR_PERMUTED_ABLATION,9,0.0005975877720629796
812020,MOTOR_PERMUTED_ABLATION,10,0.00033579486444068607
812020,MOTOR_PERMUTED_ABLATION,11,0.00022302833986032056
812020,MOTOR_PERMUTED_ABLATION,12,0.00018212908162240637
812020,MOTOR_PERMUTED_ABLATION,13,0.00016954492002696497
812020,MOTOR_PERMUTED_ABLATION,14,0.00016211602360272082
812020,MOTOR_PERMUTED_ABLATION,15,0.0001570439299030113
812020,MOTOR_PERMUTED_ABLATION,16,0.00015338197590608615
812020,MOTOR_PERMUTED_ABLATION,17,0.00015084191545611247
812020,MOTOR_PERMUTED_ABLATION,18,0.00014740011010871967
812020,MOTOR_PERMUTED_ABLATION,19,0.0001446667092750431
812020,MOTOR_PERMUTED_ABLATION,20,0.00014216308773029596
812020,MOTOR_PERMUTED_ABLATION,21,0.00014013708960192162
812020,MOTOR_PERMUTED_ABLATION,22,0.0001384278561999963
812020,MOTOR_PERMUTED_ABLATION,23,0.00013715398472413654
812020,MOTOR_PERMUTED_ABLATION,24,0.00013541946918849135
812020,MOTOR_PERMUTED_ABLATION,25,0.00013417474247034988
812020,MOTOR_PERMUTED_ABLATION,26,0.00013301427361511742
812020,MOTOR_PERMUTED_ABLATION,27,0.0001320824626418471
812020,MOTOR_PERMUTED_ABLATION,28,0.00013104136814945377
812020,MOTOR_PERMUTED_ABLATION,29,0.0001300421040468791
812020,MOTOR_PERMUTED_ABLATION,30,0.0001291167168346874
812021,MOTOR_GATED_RNN,1,0.0060562278085853904
812021,MOTOR_GATED_RNN,2,0.004062678781338036
812021,MOTOR_GATED_RNN,3,0.003831405774690211
812021,MOTOR_GATED_RNN,4,0.00361043174052611
812021,MOTOR_GATED_RNN,5,0.0033758760255295783
812021,MOTOR_GATED_RNN,6,0.003086673343204893
812021,MOTOR_GATED_RNN,7,0.0027166047802893445
812021,MOTOR_GATED_RNN,8,0.002270827244501561
812021,MOTOR_GATED_RNN,9,0.0017746258308761753
812021,MOTOR_GATED_RNN,10,0.0012966283611604013
812021,MOTOR_GATED_RNN,11,0.0008935737096180674
812021,MOTOR_GATED_RNN,12,0.0005843527651450131
812021,MOTOR_GATED_RNN,13,0.0003812130780715961
812021,MOTOR_GATED_RNN,14,0.00026876341235038126
812021,MOTOR_GATED_RNN,15,0.0002137369829142699
812021,MOTOR_GATED_RNN,16,0.00018947412718262058
812021,MOTOR_GATED_RNN,17,0.00017852193377621006
812021,MOTOR_GATED_RNN,18,0.0001719150977805839
812021,MOTOR_GATED_RNN,19,0.0001675132298259996
812021,MOTOR_GATED_RNN,20,0.00016395553302572807
812021,MOTOR_GATED_RNN,21,0.0001608066086191684
812021,MOTOR_GATED_RNN,22,0.0001582249906277866
812021,MOTOR_GATED_RNN,23,0.00015605367752868915
812021,MOTOR_GATED_RNN,24,0.0001539759341540048
812021,MOTOR_GATED_RNN,25,0.00015205839554255363
812021,MOTOR_GATED_RNN,26,0.00015019137390481774
812021,MOTOR_GATED_RNN,27,0.00014876668865326792
812021,MOTOR_GATED_RNN,28,0.00014702473981742514
812021,MOTOR_GATED_RNN,29,0.00014539128733304096
812021,MOTOR_GATED_RNN,30,0.00014393443780136295
812021,GENERIC_GRU,1,0.004003290698165074
812021,GENERIC_GRU,2,0.003325790210510604
812021,GENERIC_GRU,3,0.0029741421312792227
812021,GENERIC_GRU,4,0.0026359425828559324
812021,GENERIC_GRU,5,0.002259620508993976
812021,GENERIC_GRU,6,0.0018610108672874048
812021,GENERIC_GRU,7,0.001467006775783375
812021,GENERIC_GRU,8,0.0011093391258327756
812021,GENERIC_GRU,9,0.0008030800199776422
812021,GENERIC_GRU,10,0.0005576972980634309
812021,GENERIC_GRU,11,0.000378612272470491
812021,GENERIC_GRU,12,0.00026262747633154504
812021,GENERIC_GRU,13,0.00019426278049650136
812021,GENERIC_GRU,14,0.000158846887643449
812021,GENERIC_GRU,15,0.00014204011586116394
812021,GENERIC_GRU,16,0.0001351033110950084
812021,GENERIC_GRU,17,0.00013200911234889645
812021,GENERIC_GRU,18,0.00013079588006803533
812021,GENERIC_GRU,19,0.00013002147716179024
812021,GENERIC_GRU,20,0.0001295062797908031
812021,GENERIC_GRU,21,0.00012902107982881716
812021,GENERIC_GRU,22,0.00012853461112172226
812021,GENERIC_GRU,23,0.00012808839255740168
812021,GENERIC_GRU,24,0.0001276211519325443
812021,GENERIC_GRU,25,0.00012707331916317344
812021,GENERIC_GRU,26,0.00012660304992095917
812021,GENERIC_GRU,27,0.00012609434816113207
812021,GENERIC_GRU,28,0.00012562752908706898
812021,GENERIC_GRU,29,0.00012509848102126853
812021,GENERIC_GRU,30,0.00012453865065253922
812021,MOTOR_ZERO_ABLATION,1,0.004987620108295232
812021,MOTOR_ZERO_ABLATION,2,0.003751254582311958
812021,MOTOR_ZERO_ABLATION,3,0.0035154523939127102
812021,MOTOR_ZERO_ABLATION,4,0.0033059495326597244
812021,MOTOR_ZERO_ABLATION,5,0.0030579046433558688
812021,MOTOR_ZERO_ABLATION,6,0.0027625647198874503
812021,MOTOR_ZERO_ABLATION,7,0.0024081574811134487
812021,MOTOR_ZERO_ABLATION,8,0.0020059781818417832
812021,MOTOR_ZERO_ABLATION,9,0.001572354529344011
812021,MOTOR_ZERO_ABLATION,10,0.0011382868797227275
812021,MOTOR_ZERO_ABLATION,11,0.000749452032323461
812021,MOTOR_ZERO_ABLATION,12,0.00046163081970007624
812021,MOTOR_ZERO_ABLATION,13,0.00028992793886573054
812021,MOTOR_ZERO_ABLATION,14,0.00020776569090230623
812021,MOTOR_ZERO_ABLATION,15,0.00017677582764008548
812021,MOTOR_ZERO_ABLATION,16,0.0001662022450545919
812021,MOTOR_ZERO_ABLATION,17,0.00016118200528580928
812021,MOTOR_ZERO_ABLATION,18,0.00015784889819769887
812021,MOTOR_ZERO_ABLATION,19,0.00015541971743004979
812021,MOTOR_ZERO_ABLATION,20,0.00015303395139198983
812021,MOTOR_ZERO_ABLATION,21,0.00015104879093996715
812021,MOTOR_ZERO_ABLATION,22,0.00014945201519367401
812021,MOTOR_ZERO_ABLATION,23,0.0001479646143707214
812021,MOTOR_ZERO_ABLATION,24,0.00014628938060923247
812021,MOTOR_ZERO_ABLATION,25,0.00014509814945995458
812021,MOTOR_ZERO_ABLATION,26,0.0001440962059859885
812021,MOTOR_ZERO_ABLATION,27,0.0001428231171303196
812021,MOTOR_ZERO_ABLATION,28,0.000141744234952057
812021,MOTOR_ZERO_ABLATION,29,0.0001407805957569508
812021,MOTOR_ZERO_ABLATION,30,0.00013971992484584916
812021,MOTOR_PERMUTED_ABLATION,1,0.004603991546900943
812021,MOTOR_PERMUTED_ABLATION,2,0.003278173302533105
812021,MOTOR_PERMUTED_ABLATION,3,0.002872861659852788
812021,MOTOR_PERMUTED_ABLATION,4,0.002472835622029379
812021,MOTOR_PERMUTED_ABLATION,5,0.002048754868155811
812021,MOTOR_PERMUTED_ABLATION,6,0.001592126616742462
812021,MOTOR_PERMUTED_ABLATION,7,0.0011325318446324673
812021,MOTOR_PERMUTED_ABLATION,8,0.0007348508188442793
812021,MOTOR_PERMUTED_ABLATION,9,0.0004284529932192527
812021,MOTOR_PERMUTED_ABLATION,10,0.0002620939849293791
812021,MOTOR_PERMUTED_ABLATION,11,0.00019983441779913846
812021,MOTOR_PERMUTED_ABLATION,12,0.00018326160261494806
812021,MOTOR_PERMUTED_ABLATION,13,0.00017776853474060772
812021,MOTOR_PERMUTED_ABLATION,14,0.0001750588580762269
812021,MOTOR_PERMUTED_ABLATION,15,0.00017279002349823713
812021,MOTOR_PERMUTED_ABLATION,16,0.0001708948630039231
812021,MOTOR_PERMUTED_ABLATION,17,0.0001688362390268594
812021,MOTOR_PERMUTED_ABLATION,18,0.00016713686727598542
812021,MOTOR_PERMUTED_ABLATION,19,0.00016548644998692907
812021,MOTOR_PERMUTED_ABLATION,20,0.0001642881716179545
812021,MOTOR_PERMUTED_ABLATION,21,0.00016222147041844437
812021,MOTOR_PERMUTED_ABLATION,22,0.0001607099120519706
812021,MOTOR_PERMUTED_ABLATION,23,0.0001595607627677964
812021,MOTOR_PERMUTED_ABLATION,24,0.00015794491537235444
812021,MOTOR_PERMUTED_ABLATION,25,0.0001563308715049061
812021,MOTOR_PERMUTED_ABLATION,26,0.00015492479633394396
812021,MOTOR_PERMUTED_ABLATION,27,0.0001535363098810194
812021,MOTOR_PERMUTED_ABLATION,28,0.00015220687237160746
812021,MOTOR_PERMUTED_ABLATION,29,0.00015097688174137147
812021,MOTOR_PERMUTED_ABLATION,30,0.00014971982545830542
812022,MOTOR_GATED_RNN,1,0.003398192406166345
812022,MOTOR_GATED_RNN,2,0.003141914668958634
812022,MOTOR_GATED_RNN,3,0.002850643460988067
812022,MOTOR_GATED_RNN,4,0.002481691728462465
812022,MOTOR_GATED_RNN,5,0.0020306748047005385
812022,MOTOR_GATED_RNN,6,0.0015200857305899262
812022,MOTOR_GATED_RNN,7,0.0009966604266082868
812022,MOTOR_GATED_RNN,8,0.0005754558424087008
812022,MOTOR_GATED_RNN,9,0.0003188686105204397
812022,MOTOR_GATED_RNN,10,0.00020748366932821227
812022,MOTOR_GATED_RNN,11,0.0001723704826872563
812022,MOTOR_GATED_RNN,12,0.00016200301797653083
812022,MOTOR_GATED_RNN,13,0.00015690949112467933
812022,MOTOR_GATED_RNN,14,0.0001550029473946779
812022,MOTOR_GATED_RNN,15,0.00015294201193682966
812022,MOTOR_GATED_RNN,16,0.00015081589299370535
812022,MOTOR_GATED_RNN,17,0.00014807878505962435
812022,MOTOR_GATED_RNN,18,0.00014638882839790313
812022,MOTOR_GATED_RNN,19,0.00014509530274153803
812022,MOTOR_GATED_RNN,20,0.0001435500603292894
812022,MOTOR_GATED_RNN,21,0.0001427088336640736
812022,MOTOR_GATED_RNN,22,0.00014105555192145403
812022,MOTOR_GATED_RNN,23,0.00013979931190988282
812022,MOTOR_GATED_RNN,24,0.00013877735000278335
812022,MOTOR_GATED_RNN,25,0.0001379765685669554
812022,MOTOR_GATED_RNN,26,0.0001364598429063335
812022,MOTOR_GATED_RNN,27,0.00013528474846680183
812022,MOTOR_GATED_RNN,28,0.00013435687878882163
812022,MOTOR_GATED_RNN,29,0.00013347774347494124
812022,MOTOR_GATED_RNN,30,0.00013255812609713757
812022,GENERIC_GRU,1,0.007255898148287088
812022,GENERIC_GRU,2,0.0037954705767333508
812022,GENERIC_GRU,3,0.0034401050506858155
812022,GENERIC_GRU,4,0.003141038221656345
812022,GENERIC_GRU,5,0.002850836011930369
812022,GENERIC_GRU,6,0.0025417413271497935
812022,GENERIC_GRU,7,0.0022021382610546425
812022,GENERIC_GRU,8,0.001847774525231216
812022,GENERIC_GRU,9,0.0014976991660660133
812022,GENERIC_GRU,10,0.0011743353243218735
812022,GENERIC_GRU,11,0.0008932912605814636
812022,GENERIC_GRU,12,0.0006582930800504982
812022,GENERIC_GRU,13,0.0004733194909931626
812022,GENERIC_GRU,14,0.00033772950155253056
812022,GENERIC_GRU,15,0.0002482624477124773
812022,GENERIC_GRU,16,0.00019428479026828427
812022,GENERIC_GRU,17,0.00016414555011579068
812022,GENERIC_GRU,18,0.00014886274129821686
812022,GENERIC_GRU,19,0.00014139181985228788
812022,GENERIC_GRU,20,0.0001379606919726939
812022,GENERIC_GRU,21,0.00013619570245282375
812022,GENERIC_GRU,22,0.00013527057899409556
812022,GENERIC_GRU,23,0.0001346892540823319
812022,GENERIC_GRU,24,0.00013419728247754392
812022,GENERIC_GRU,25,0.0001337817025159893
812022,GENERIC_GRU,26,0.00013339350152818952
812022,GENERIC_GRU,27,0.0001330157256234088
812022,GENERIC_GRU,28,0.000132642041080544
812022,GENERIC_GRU,29,0.00013223113364801975
812022,GENERIC_GRU,30,0.00013186585283619934
812022,MOTOR_ZERO_ABLATION,1,0.009391405765200034
812022,MOTOR_ZERO_ABLATION,2,0.0045762407971778885
812022,MOTOR_ZERO_ABLATION,3,0.003894708919688128
812022,MOTOR_ZERO_ABLATION,4,0.003630819745012559
812022,MOTOR_ZERO_ABLATION,5,0.003470198644208722
812022,MOTOR_ZERO_ABLATION,6,0.0032988076854962856
812022,MOTOR_ZERO_ABLATION,7,0.0030977384303696454
812022,MOTOR_ZERO_ABLATION,8,0.002853511366993189
812022,MOTOR_ZERO_ABLATION,9,0.0025591545272618532
812022,MOTOR_ZERO_ABLATION,10,0.0022114641906227916
812022,MOTOR_ZERO_ABLATION,11,0.001822757716581691
812022,MOTOR_ZERO_ABLATION,12,0.0014194809918990359
812022,MOTOR_ZERO_ABLATION,13,0.0010427642009744886
812022,MOTOR_ZERO_ABLATION,14,0.0007392891784547828
812022,MOTOR_ZERO_ABLATION,15,0.0005172819310246268
812022,MOTOR_ZERO_ABLATION,16,0.00037543463258771226
812022,MOTOR_ZERO_ABLATION,17,0.00029169206754886545
812022,MOTOR_ZERO_ABLATION,18,0.00024330488940904615
812022,MOTOR_ZERO_ABLATION,19,0.0002176070884161163
812022,MOTOR_ZERO_ABLATION,20,0.00020366253738757223
812022,MOTOR_ZERO_ABLATION,21,0.0001961567049875157
812022,MOTOR_ZERO_ABLATION,22,0.0001904793907669955
812022,MOTOR_ZERO_ABLATION,23,0.0001878230850707041
812022,MOTOR_ZERO_ABLATION,24,0.00018524389633967075
812022,MOTOR_ZERO_ABLATION,25,0.00018287358579982538
812022,MOTOR_ZERO_ABLATION,26,0.00018078678203892196
812022,MOTOR_ZERO_ABLATION,27,0.0001790954747775686
812022,MOTOR_ZERO_ABLATION,28,0.00017751041377778165
812022,MOTOR_ZERO_ABLATION,29,0.00017595702320249984
812022,MOTOR_ZERO_ABLATION,30,0.0001745483850754681
812022,MOTOR_PERMUTED_ABLATION,1,0.004039546925923787
812022,MOTOR_PERMUTED_ABLATION,2,0.003439377178438008
812022,MOTOR_PERMUTED_ABLATION,3,0.0031509036052739248
812022,MOTOR_PERMUTED_ABLATION,4,0.002839233333361335
812022,MOTOR_PERMUTED_ABLATION,5,0.0024521572777302936
812022,MOTOR_PERMUTED_ABLATION,6,0.002002919718506746
812022,MOTOR_PERMUTED_ABLATION,7,0.0014794681192142889
812022,MOTOR_PERMUTED_ABLATION,8,0.0009402849354955833
812022,MOTOR_PERMUTED_ABLATION,9,0.0005413809594756458
812022,MOTOR_PERMUTED_ABLATION,10,0.0003124770028080093
812022,MOTOR_PERMUTED_ABLATION,11,0.00021406424821179826
812022,MOTOR_PERMUTED_ABLATION,12,0.00018039876795228338
812022,MOTOR_PERMUTED_ABLATION,13,0.0001704920105112251
812022,MOTOR_PERMUTED_ABLATION,14,0.0001666261669015512
812022,MOTOR_PERMUTED_ABLATION,15,0.000163827861797472
812022,MOTOR_PERMUTED_ABLATION,16,0.00016229954326263396
812022,MOTOR_PERMUTED_ABLATION,17,0.00016052109367592493
812022,MOTOR_PERMUTED_ABLATION,18,0.00015915053427306702
812022,MOTOR_PERMUTED_ABLATION,19,0.00015844113295315765
812022,MOTOR_PERMUTED_ABLATION,20,0.00015644765699107666
812022,MOTOR_PERMUTED_ABLATION,21,0.0001547867159388261
812022,MOTOR_PERMUTED_ABLATION,22,0.00015481646096304758
812022,MOTOR_PERMUTED_ABLATION,23,0.00015250214619300095
812022,MOTOR_PERMUTED_ABLATION,24,0.00015261469616234535
812022,MOTOR_PERMUTED_ABLATION,25,0.00015049562989588594
812022,MOTOR_PERMUTED_ABLATION,26,0.00014944113536330406
812022,MOTOR_PERMUTED_ABLATION,27,0.00014793156060477486
812022,MOTOR_PERMUTED_ABLATION,28,0.00014685620772070251
812022,MOTOR_PERMUTED_ABLATION,29,0.00014621543868997833
812022,MOTOR_PERMUTED_ABLATION,30,0.00014532918203258305
812023,MOTOR_GATED_RNN,1,0.009273378265788779
812023,MOTOR_GATED_RNN,2,0.004900893312878907
812023,MOTOR_GATED_RNN,3,0.0035843908990500495
812023,MOTOR_GATED_RNN,4,0.0032693026587367058
812023,MOTOR_GATED_RNN,5,0.002987303174450062
812023,MOTOR_GATED_RNN,6,0.0026685139891924337
812023,MOTOR_GATED_RNN,7,0.002329028575331904
812023,MOTOR_GATED_RNN,8,0.0019687949315994047
812023,MOTOR_GATED_RNN,9,0.0015970600870787166
812023,MOTOR_GATED_RNN,10,0.001223891151312273
812023,MOTOR_GATED_RNN,11,0.0008731952257221565
812023,MOTOR_GATED_RNN,12,0.0005806099034089129
812023,MOTOR_GATED_RNN,13,0.00037634610271197744
812023,MOTOR_GATED_RNN,14,0.0002611340933071915
812023,MOTOR_GATED_RNN,15,0.00020795272575924173
812023,MOTOR_GATED_RNN,16,0.00018773425290419254
812023,MOTOR_GATED_RNN,17,0.0001787426472219522
812023,MOTOR_GATED_RNN,18,0.0001741955029501696
812023,MOTOR_GATED_RNN,19,0.0001705795284578926
812023,MOTOR_GATED_RNN,20,0.00016763351595727727
812023,MOTOR_GATED_RNN,21,0.00016491681890329346
812023,MOTOR_GATED_RNN,22,0.00016251039323833538
812023,MOTOR_GATED_RNN,23,0.0001602379124960862
812023,MOTOR_GATED_RNN,24,0.0001580728339831694
812023,MOTOR_GATED_RNN,25,0.0001560676109875203
812023,MOTOR_GATED_RNN,26,0.0001541864739920129
812023,MOTOR_GATED_RNN,27,0.00015239835192915052
812023,MOTOR_GATED_RNN,28,0.00015066047672007699
812023,MOTOR_GATED_RNN,29,0.00014902410839567892
812023,MOTOR_GATED_RNN,30,0.00014758594988961704
812023,GENERIC_GRU,1,0.00450677280605305
812023,GENERIC_GRU,2,0.0028328030894044787
812023,GENERIC_GRU,3,0.0024303506943397224
812023,GENERIC_GRU,4,0.0020741909902426414
812023,GENERIC_GRU,5,0.0017107729072449729
812023,GENERIC_GRU,6,0.0013609642555820756
812023,GENERIC_GRU,7,0.001039919297909364
812023,GENERIC_GRU,8,0.0007572416070615873
812023,GENERIC_GRU,9,0.0005258075379970251
812023,GENERIC_GRU,10,0.00035481775557855144
812023,GENERIC_GRU,11,0.00024410269452346256
812023,GENERIC_GRU,12,0.0001814790348362294
812023,GENERIC_GRU,13,0.00015194715524557978
812023,GENERIC_GRU,14,0.0001403371020387567
812023,GENERIC_GRU,15,0.0001360409896733472
812023,GENERIC_GRU,16,0.00013471199736159178
812023,GENERIC_GRU,17,0.00013402642798610032
812023,GENERIC_GRU,18,0.00013362750087253517
812023,GENERIC_GRU,19,0.00013319795743882423
812023,GENERIC_GRU,20,0.0001328154585280572
812023,GENERIC_GRU,21,0.00013241257147456054
812023,GENERIC_GRU,22,0.00013206047196945292
812023,GENERIC_GRU,23,0.0001316284424319747
812023,GENERIC_GRU,24,0.00013119480308887432
812023,GENERIC_GRU,25,0.00013083563726468128
812023,GENERIC_GRU,26,0.00013032366177867516
812023,GENERIC_GRU,27,0.00012992292022317997
812023,GENERIC_GRU,28,0.00012944435184181202
812023,GENERIC_GRU,29,0.00012902895832667127
812023,GENERIC_GRU,30,0.00012859093703809776
812023,MOTOR_ZERO_ABLATION,1,0.004877163999481127
812023,MOTOR_ZERO_ABLATION,2,0.0037244026025291532
812023,MOTOR_ZERO_ABLATION,3,0.0034891287941718474
812023,MOTOR_ZERO_ABLATION,4,0.0032756370201241225
812023,MOTOR_ZERO_ABLATION,5,0.0030624391220044345
812023,MOTOR_ZERO_ABLATION,6,0.002786961500532925
812023,MOTOR_ZERO_ABLATION,7,0.0024346752470592037
812023,MOTOR_ZERO_ABLATION,8,0.0020050453895237297
812023,MOTOR_ZERO_ABLATION,9,0.0015288231152226217
812023,MOTOR_ZERO_ABLATION,10,0.0010350655029469635
812023,MOTOR_ZERO_ABLATION,11,0.000606934518145863
812023,MOTOR_ZERO_ABLATION,12,0.0003354054078954505
812023,MOTOR_ZERO_ABLATION,13,0.00021540447141887853
812023,MOTOR_ZERO_ABLATION,14,0.0001786253678801586
812023,MOTOR_ZERO_ABLATION,15,0.0001688497313807602
812023,MOTOR_ZERO_ABLATION,16,0.00016569638773944462
812023,MOTOR_ZERO_ABLATION,17,0.00016199839865294052
812023,MOTOR_ZERO_ABLATION,18,0.00015918517146928934
812023,MOTOR_ZERO_ABLATION,19,0.0001566268092574319
812023,MOTOR_ZERO_ABLATION,20,0.0001546647890791064
812023,MOTOR_ZERO_ABLATION,21,0.00015251021250151098
812023,MOTOR_ZERO_ABLATION,22,0.0001502114137110766
812023,MOTOR_ZERO_ABLATION,23,0.0001486385326643358
812023,MOTOR_ZERO_ABLATION,24,0.00014660759552498348
812023,MOTOR_ZERO_ABLATION,25,0.00014485148358289734
812023,MOTOR_ZERO_ABLATION,26,0.000143008854593063
812023,MOTOR_ZERO_ABLATION,27,0.0001409198775945697
812023,MOTOR_ZERO_ABLATION,28,0.00013993260836286936
812023,MOTOR_ZERO_ABLATION,29,0.00013792302479487262
812023,MOTOR_ZERO_ABLATION,30,0.00013718847685595392
812023,MOTOR_PERMUTED_ABLATION,1,0.003928950056433678
812023,MOTOR_PERMUTED_ABLATION,2,0.0036367706197779626
812023,MOTOR_PERMUTED_ABLATION,3,0.0033843933779280633
812023,MOTOR_PERMUTED_ABLATION,4,0.0031089037511264905
812023,MOTOR_PERMUTED_ABLATION,5,0.0027618542517302558
812023,MOTOR_PERMUTED_ABLATION,6,0.0023335776349995285
812023,MOTOR_PERMUTED_ABLATION,7,0.0018381607224000618
812023,MOTOR_PERMUTED_ABLATION,8,0.0013214645005064085
812023,MOTOR_PERMUTED_ABLATION,9,0.000868765011546202
812023,MOTOR_PERMUTED_ABLATION,10,0.0005391175254771952
812023,MOTOR_PERMUTED_ABLATION,11,0.00034027787296508905
812023,MOTOR_PERMUTED_ABLATION,12,0.0002349012647755444
812023,MOTOR_PERMUTED_ABLATION,13,0.0001896398280223366
812023,MOTOR_PERMUTED_ABLATION,14,0.0001719877936920966
812023,MOTOR_PERMUTED_ABLATION,15,0.000165048569215287
812023,MOTOR_PERMUTED_ABLATION,16,0.00016212352875299985
812023,MOTOR_PERMUTED_ABLATION,17,0.00016031225732149323
812023,MOTOR_PERMUTED_ABLATION,18,0.00015896152217464987
812023,MOTOR_PERMUTED_ABLATION,19,0.00015757295659568626
812023,MOTOR_PERMUTED_ABLATION,20,0.0001562872112117475
812023,MOTOR_PERMUTED_ABLATION,21,0.00015530059954471653
812023,MOTOR_PERMUTED_ABLATION,22,0.0001544122387713287
812023,MOTOR_PERMUTED_ABLATION,23,0.00015299963888537604
812023,MOTOR_PERMUTED_ABLATION,24,0.00015238415380736114
812023,MOTOR_PERMUTED_ABLATION,25,0.0001510742567916168
812023,MOTOR_PERMUTED_ABLATION,26,0.00015026561413833406
812023,MOTOR_PERMUTED_ABLATION,27,0.0001490968388679903
812023,MOTOR_PERMUTED_ABLATION,28,0.0001480656719650142
812023,MOTOR_PERMUTED_ABLATION,29,0.00014694221908939653
812023,MOTOR_PERMUTED_ABLATION,30,0.00014685018413729267
812024,MOTOR_GATED_RNN,1,0.006804515316616744
812024,MOTOR_GATED_RNN,2,0.0040119811455952
812024,MOTOR_GATED_RNN,3,0.0033654895814834163
812024,MOTOR_GATED_RNN,4,0.003041559786652215
812024,MOTOR_GATED_RNN,5,0.00272826109721791
812024,MOTOR_GATED_RNN,6,0.002398443524725735
812024,MOTOR_GATED_RNN,7,0.002020977008214686
812024,MOTOR_GATED_RNN,8,0.0016172555333469063
812024,MOTOR_GATED_RNN,9,0.001222814418724738
812024,MOTOR_GATED_RNN,10,0.0008644663757877424
812024,MOTOR_GATED_RNN,11,0.0005660637725668494
812024,MOTOR_GATED_RNN,12,0.0003592436078179162
812024,MOTOR_GATED_RNN,13,0.0002445444397380925
812024,MOTOR_GATED_RNN,14,0.00019738960963877616
812024,MOTOR_GATED_RNN,15,0.00017999647752731107
812024,MOTOR_GATED_RNN,16,0.0001723796685837442
812024,MOTOR_GATED_RNN,17,0.00016720331313990755
812024,MOTOR_GATED_RNN,18,0.00016259204585367115
812024,MOTOR_GATED_RNN,19,0.0001583582152306917
812024,MOTOR_GATED_RNN,20,0.00015407113460241817
812024,MOTOR_GATED_RNN,21,0.00015022475963633042
812024,MOTOR_GATED_RNN,22,0.00014674040494355722
812024,MOTOR_GATED_RNN,23,0.0001437822547813994
812024,MOTOR_GATED_RNN,24,0.00014125606412562774
812024,MOTOR_GATED_RNN,25,0.000139026634315087
812024,MOTOR_GATED_RNN,26,0.00013712165673496202
812024,MOTOR_GATED_RNN,27,0.00013552898053603712
812024,MOTOR_GATED_RNN,28,0.00013421335142993485
812024,MOTOR_GATED_RNN,29,0.00013290259403220261
812024,MOTOR_GATED_RNN,30,0.00013162488812668016
812024,GENERIC_GRU,1,0.0035124423884553835
812024,GENERIC_GRU,2,0.0030199475295376033
812024,GENERIC_GRU,3,0.0026212379743810743
812024,GENERIC_GRU,4,0.002203613461460918
812024,GENERIC_GRU,5,0.0017604980021133088
812024,GENERIC_GRU,6,0.0013084143211017363
812024,GENERIC_GRU,7,0.0008883310947567225
812024,GENERIC_GRU,8,0.0005522824867512099
812024,GENERIC_GRU,9,0.0003356899687787518
812024,GENERIC_GRU,10,0.00021583691614068812
812024,GENERIC_GRU,11,0.0001646652654017089
812024,GENERIC_GRU,12,0.00014583352731278865
812024,GENERIC_GRU,13,0.0001396956490680168
812024,GENERIC_GRU,14,0.00013782684345642338
812024,GENERIC_GRU,15,0.0001366938604405732
812024,GENERIC_GRU,16,0.00013577927347796503
812024,GENERIC_GRU,17,0.0001345919945379137
812024,GENERIC_GRU,18,0.00013377026789385127
812024,GENERIC_GRU,19,0.00013309338373801438
812024,GENERIC_GRU,20,0.000131800446069974
812024,GENERIC_GRU,21,0.0001309857243541046
812024,GENERIC_GRU,22,0.00012971220712643117
812024,GENERIC_GRU,23,0.00012903824108434492
812024,GENERIC_GRU,24,0.0001281663726331317
812024,GENERIC_GRU,25,0.00012775532604791806
812024,GENERIC_GRU,26,0.00012706193774647545
812024,GENERIC_GRU,27,0.0001261536690435605
812024,GENERIC_GRU,28,0.00012575628807098838
812024,GENERIC_GRU,29,0.00012518767016445054
812024,GENERIC_GRU,30,0.00012445603988453513
812024,MOTOR_ZERO_ABLATION,1,0.004829233555938117
812024,MOTOR_ZERO_ABLATION,2,0.0032782188936835155
812024,MOTOR_ZERO_ABLATION,3,0.0030821734835626557
812024,MOTOR_ZERO_ABLATION,4,0.002840656685293652
812024,MOTOR_ZERO_ABLATION,5,0.0025919272302417085
812024,MOTOR_ZERO_ABLATION,6,0.002295771409990266
812024,MOTOR_ZERO_ABLATION,7,0.0019502765499055386
812024,MOTOR_ZERO_ABLATION,8,0.001561938457598444
812024,MOTOR_ZERO_ABLATION,9,0.0011570664573810063
812024,MOTOR_ZERO_ABLATION,10,0.0007846010812500026
812024,MOTOR_ZERO_ABLATION,11,0.0004985762607248034
812024,MOTOR_ZERO_ABLATION,12,0.0003230028960388154
812024,MOTOR_ZERO_ABLATION,13,0.00023709462311671814
812024,MOTOR_ZERO_ABLATION,14,0.00020021748241561
812024,MOTOR_ZERO_ABLATION,15,0.0001866532638814533
812024,MOTOR_ZERO_ABLATION,16,0.00018094176994054578
812024,MOTOR_ZERO_ABLATION,17,0.0001775590681063477
812024,MOTOR_ZERO_ABLATION,18,0.0001745986000969424
812024,MOTOR_ZERO_ABLATION,19,0.00017213557111972477
812024,MOTOR_ZERO_ABLATION,20,0.00016947149924817495
812024,MOTOR_ZERO_ABLATION,21,0.00016717899052309804
812024,MOTOR_ZERO_ABLATION,22,0.00016497273281856906
812024,MOTOR_ZERO_ABLATION,23,0.00016300002243951894
812024,MOTOR_ZERO_ABLATION,24,0.00016103299822134431
812024,MOTOR_ZERO_ABLATION,25,0.00015920570695016067
812024,MOTOR_ZERO_ABLATION,26,0.0001573448980707326
812024,MOTOR_ZERO_ABLATION,27,0.00015540509866696084
812024,MOTOR_ZERO_ABLATION,28,0.00015384085918412893
812024,MOTOR_ZERO_ABLATION,29,0.0001521283038528054
812024,MOTOR_ZERO_ABLATION,30,0.0001505345758232579
812024,MOTOR_PERMUTED_ABLATION,1,0.0038931699964450672
812024,MOTOR_PERMUTED_ABLATION,2,0.0033990998927038163
812024,MOTOR_PERMUTED_ABLATION,3,0.0030890941998222843
812024,MOTOR_PERMUTED_ABLATION,4,0.0027902560104848817
812024,MOTOR_PERMUTED_ABLATION,5,0.0024625425576232374
812024,MOTOR_PERMUTED_ABLATION,6,0.0020851126610068604
812024,MOTOR_PERMUTED_ABLATION,7,0.0016734258097130805
812024,MOTOR_PERMUTED_ABLATION,8,0.0012515552225522697
812024,MOTOR_PERMUTED_ABLATION,9,0.0008587532756791916
812024,MOTOR_PERMUTED_ABLATION,10,0.0005367892536014551
812024,MOTOR_PERMUTED_ABLATION,11,0.0003281746267020935
812024,MOTOR_PERMUTED_ABLATION,12,0.00022261665162659483
812024,MOTOR_PERMUTED_ABLATION,13,0.0001834541972129955
812024,MOTOR_PERMUTED_ABLATION,14,0.00017106027826230275
812024,MOTOR_PERMUTED_ABLATION,15,0.00016593169766565552
812024,MOTOR_PERMUTED_ABLATION,16,0.00016227172727667494
812024,MOTOR_PERMUTED_ABLATION,17,0.0001593747965671355
812024,MOTOR_PERMUTED_ABLATION,18,0.0001572143401062931
812024,MOTOR_PERMUTED_ABLATION,19,0.00015551986689388286
812024,MOTOR_PERMUTED_ABLATION,20,0.00015341121797973756
812024,MOTOR_PERMUTED_ABLATION,21,0.00015189716123131802
812024,MOTOR_PERMUTED_ABLATION,22,0.00015115576479729498
812024,MOTOR_PERMUTED_ABLATION,23,0.00014858463327982463
812024,MOTOR_PERMUTED_ABLATION,24,0.00014708989147038665
812024,MOTOR_PERMUTED_ABLATION,25,0.00014603435556637123
812024,MOTOR_PERMUTED_ABLATION,26,0.0001454610774089815
812024,MOTOR_PERMUTED_ABLATION,27,0.00014381215260073077
812024,MOTOR_PERMUTED_ABLATION,28,0.0001424881115781318
812024,MOTOR_PERMUTED_ABLATION,29,0.00014111651626080857
812024,MOTOR_PERMUTED_ABLATION,30,0.00014014946236784454
812025,MOTOR_GATED_RNN,1,0.004609261377481744
812025,MOTOR_GATED_RNN,2,0.004154210037086159
812025,MOTOR_GATED_RNN,3,0.003852825815556571
812025,MOTOR_GATED_RNN,4,0.003566905579646118
812025,MOTOR_GATED_RNN,5,0.00322442821925506
812025,MOTOR_GATED_RNN,6,0.002772898369585164
812025,MOTOR_GATED_RNN,7,0.002227458680863492
812025,MOTOR_GATED_RNN,8,0.0016546298211324029
812025,MOTOR_GATED_RNN,9,0.0011277276935288683
812025,MOTOR_GATED_RNN,10,0.0007154951781558339
812025,MOTOR_GATED_RNN,11,0.0004353367112344131
812025,MOTOR_GATED_RNN,12,0.0002736560300036217
812025,MOTOR_GATED_RNN,13,0.00019634765976661583
812025,MOTOR_GATED_RNN,14,0.0001658615146880038
812025,MOTOR_GATED_RNN,15,0.0001558922076583258
812025,MOTOR_GATED_RNN,16,0.0001516465526947286
812025,MOTOR_GATED_RNN,17,0.0001494730436206737
812025,MOTOR_GATED_RNN,18,0.00014788923363084905
812025,MOTOR_GATED_RNN,19,0.00014623276410929975
812025,MOTOR_GATED_RNN,20,0.00014489436443909653
812025,MOTOR_GATED_RNN,21,0.0001436600214219652
812025,MOTOR_GATED_RNN,22,0.0001424953770765569
812025,MOTOR_GATED_RNN,23,0.0001412950314261252
812025,MOTOR_GATED_RNN,24,0.00014021309243616997
812025,MOTOR_GATED_RNN,25,0.0001394065611748374
812025,MOTOR_GATED_RNN,26,0.000138853066800948
812025,MOTOR_GATED_RNN,27,0.00013867092093278188
812025,MOTOR_GATED_RNN,28,0.00013745325077252346
812025,MOTOR_GATED_RNN,29,0.0001362101656923187
812025,MOTOR_GATED_RNN,30,0.00013523018060368486
812025,GENERIC_GRU,1,0.007610049127833918
812025,GENERIC_GRU,2,0.004121899226447567
812025,GENERIC_GRU,3,0.003832846152363345
812025,GENERIC_GRU,4,0.003548879351001233
812025,GENERIC_GRU,5,0.00329269673966337
812025,GENERIC_GRU,6,0.0030075493559706956
812025,GENERIC_GRU,7,0.0026769157557282597
812025,GENERIC_GRU,8,0.0023077224905136973
812025,GENERIC_GRU,9,0.0019150512016494758
812025,GENERIC_GRU,10,0.0015250131036737002
812025,GENERIC_GRU,11,0.001156124551926041
812025,GENERIC_GRU,12,0.0008284549912787043
812025,GENERIC_GRU,13,0.0005633230339299189
812025,GENERIC_GRU,14,0.000375066065316787
812025,GENERIC_GRU,15,0.0002584127205409459
812025,GENERIC_GRU,16,0.00019351740957063157
812025,GENERIC_GRU,17,0.00016294195484078955
812025,GENERIC_GRU,18,0.00014920873854862293
812025,GENERIC_GRU,19,0.00014405284582608147
812025,GENERIC_GRU,20,0.0001419585232724785
812025,GENERIC_GRU,21,0.00014099753116170177
812025,GENERIC_GRU,22,0.00014049085530132288
812025,GENERIC_GRU,23,0.00013996315783515456
812025,GENERIC_GRU,24,0.00013950921629657387
812025,GENERIC_GRU,25,0.00013908285200159298
812025,GENERIC_GRU,26,0.00013870633438273217
812025,GENERIC_GRU,27,0.00013823019617120735
812025,GENERIC_GRU,28,0.00013783143003820442
812025,GENERIC_GRU,29,0.0001373901191072946
812025,GENERIC_GRU,30,0.0001369954838992271
812025,MOTOR_ZERO_ABLATION,1,0.0038645959430141374
812025,MOTOR_ZERO_ABLATION,2,0.0036272862926125526
812025,MOTOR_ZERO_ABLATION,3,0.0033831154723884538
812025,MOTOR_ZERO_ABLATION,4,0.0030442993011092767
812025,MOTOR_ZERO_ABLATION,5,0.002559331085649319
812025,MOTOR_ZERO_ABLATION,6,0.0019371330199646764
812025,MOTOR_ZERO_ABLATION,7,0.0013058059921604581
812025,MOTOR_ZERO_ABLATION,8,0.0007969972175487783
812025,MOTOR_ZERO_ABLATION,9,0.00045764975948259234
812025,MOTOR_ZERO_ABLATION,10,0.00027008517645299435
812025,MOTOR_ZERO_ABLATION,11,0.00019566419632610632
812025,MOTOR_ZERO_ABLATION,12,0.00017194946394738508
812025,MOTOR_ZERO_ABLATION,13,0.00016092133864731295
812025,MOTOR_ZERO_ABLATION,14,0.00015467041612282628
812025,MOTOR_ZERO_ABLATION,15,0.00015023156174720498
812025,MOTOR_ZERO_ABLATION,16,0.00014750911668670597
812025,MOTOR_ZERO_ABLATION,17,0.00014538809409714304
812025,MOTOR_ZERO_ABLATION,18,0.0001433588404324837
812025,MOTOR_ZERO_ABLATION,19,0.0001404892800564994
812025,MOTOR_ZERO_ABLATION,20,0.00013844303975929506
812025,MOTOR_ZERO_ABLATION,21,0.00013726519046031171
812025,MOTOR_ZERO_ABLATION,22,0.00013568624353865744
812025,MOTOR_ZERO_ABLATION,23,0.0001342661694252456
812025,MOTOR_ZERO_ABLATION,24,0.00013309223186297459
812025,MOTOR_ZERO_ABLATION,25,0.00013255581961857388
812025,MOTOR_ZERO_ABLATION,26,0.00013166806638764683
812025,MOTOR_ZERO_ABLATION,27,0.00013078715392111917
812025,MOTOR_ZERO_ABLATION,28,0.00012945906701133936
812025,MOTOR_ZERO_ABLATION,29,0.00012912262718600687
812025,MOTOR_ZERO_ABLATION,30,0.00012996982422919245
812025,MOTOR_PERMUTED_ABLATION,1,0.0067742468090727925
812025,MOTOR_PERMUTED_ABLATION,2,0.004579959437251091
812025,MOTOR_PERMUTED_ABLATION,3,0.003788090994930826
812025,MOTOR_PERMUTED_ABLATION,4,0.003585109458072111
812025,MOTOR_PERMUTED_ABLATION,5,0.0033944327296921983
812025,MOTOR_PERMUTED_ABLATION,6,0.003188466449500993
812025,MOTOR_PERMUTED_ABLATION,7,0.0029131869232514873
812025,MOTOR_PERMUTED_ABLATION,8,0.0025318614643765613
812025,MOTOR_PERMUTED_ABLATION,9,0.002029736562690232
812025,MOTOR_PERMUTED_ABLATION,10,0.0014529226828017272
812025,MOTOR_PERMUTED_ABLATION,11,0.0009097404399653897
812025,MOTOR_PERMUTED_ABLATION,12,0.000531368608790217
812025,MOTOR_PERMUTED_ABLATION,13,0.000315345192575478
812025,MOTOR_PERMUTED_ABLATION,14,0.00021606065456580836
812025,MOTOR_PERMUTED_ABLATION,15,0.00018068561894324375
812025,MOTOR_PERMUTED_ABLATION,16,0.00016769634112279164
812025,MOTOR_PERMUTED_ABLATION,17,0.00016273813798761694
812025,MOTOR_PERMUTED_ABLATION,18,0.0001586349662829889
812025,MOTOR_PERMUTED_ABLATION,19,0.0001548112145428604
812025,MOTOR_PERMUTED_ABLATION,20,0.00015255122616508743
812025,MOTOR_PERMUTED_ABLATION,21,0.00015019118472991977
812025,MOTOR_PERMUTED_ABLATION,22,0.00014878174079058226
812025,MOTOR_PERMUTED_ABLATION,23,0.0001468513978579722
812025,MOTOR_PERMUTED_ABLATION,24,0.00014528035990224453
812025,MOTOR_PERMUTED_ABLATION,25,0.00014424978053284576
812025,MOTOR_PERMUTED_ABLATION,26,0.00014273928809416248
812025,MOTOR_PERMUTED_ABLATION,27,0.00014182799895934295
812025,MOTOR_PERMUTED_ABLATION,28,0.00014049032142793294
812025,MOTOR_PERMUTED_ABLATION,29,0.00013959332181912032
812025,MOTOR_PERMUTED_ABLATION,30,0.00013971083262731554
812026,MOTOR_GATED_RNN,1,0.0038892486627446488
812026,MOTOR_GATED_RNN,2,0.003602254597353749
812026,MOTOR_GATED_RNN,3,0.0033571012900210917
812026,MOTOR_GATED_RNN,4,0.003090922298724763
812026,MOTOR_GATED_RNN,5,0.002750017782091163
812026,MOTOR_GATED_RNN,6,0.0023183453449746594
812026,MOTOR_GATED_RNN,7,0.0017999270930886269
812026,MOTOR_GATED_RNN,8,0.0012408312177285552
812026,MOTOR_GATED_RNN,9,0.0007468278090527747
812026,MOTOR_GATED_RNN,10,0.000417501227275352
812026,MOTOR_GATED_RNN,11,0.0002577933964857948
812026,MOTOR_GATED_RNN,12,0.00019993979367427528
812026,MOTOR_GATED_RNN,13,0.00018310625091544352
812026,MOTOR_GATED_RNN,14,0.0001756219180606422
812026,MOTOR_GATED_RNN,15,0.00017077283428079681
812026,MOTOR_GATED_RNN,16,0.00016669912429279066
812026,MOTOR_GATED_RNN,17,0.00016249176042038016
812026,MOTOR_GATED_RNN,18,0.0001598645567355561
812026,MOTOR_GATED_RNN,19,0.0001569286373523937
812026,MOTOR_GATED_RNN,20,0.00015511341189267114
812026,MOTOR_GATED_RNN,21,0.00015272938799171243
812026,MOTOR_GATED_RNN,22,0.00015104576050362084
812026,MOTOR_GATED_RNN,23,0.00014950804234103998
812026,MOTOR_GATED_RNN,24,0.0001475220810789324
812026,MOTOR_GATED_RNN,25,0.00014682582013847423
812026,MOTOR_GATED_RNN,26,0.00014513125097437296
812026,MOTOR_GATED_RNN,27,0.00014347399564940133
812026,MOTOR_GATED_RNN,28,0.0001421801657670585
812026,MOTOR_GATED_RNN,29,0.00014124151493888348
812026,MOTOR_GATED_RNN,30,0.00014001484441905632
812026,GENERIC_GRU,1,0.00992384841083549
812026,GENERIC_GRU,2,0.0038731515815015882
812026,GENERIC_GRU,3,0.003223579959012568
812026,GENERIC_GRU,4,0.002711504479520954
812026,GENERIC_GRU,5,0.0023819730995455757
812026,GENERIC_GRU,6,0.0020595832684193738
812026,GENERIC_GRU,7,0.0017320241095148958
812026,GENERIC_GRU,8,0.0014137289836071432
812026,GENERIC_GRU,9,0.001121545134083135
812026,GENERIC_GRU,10,0.0008667732872709166
812026,GENERIC_GRU,11,0.0006541185975947883
812026,GENERIC_GRU,12,0.0004843722108489601
812026,GENERIC_GRU,13,0.0003574924721760908
812026,GENERIC_GRU,14,0.00026996508131560404
812026,GENERIC_GRU,15,0.00021388924778875662
812026,GENERIC_GRU,16,0.00017977815423364518
812026,GENERIC_GRU,17,0.00016082484034996014
812026,GENERIC_GRU,18,0.00015042196991998935
812026,GENERIC_GRU,19,0.0001449572137062205
812026,GENERIC_GRU,20,0.00014192882781571825
812026,GENERIC_GRU,21,0.00014029887279320974
812026,GENERIC_GRU,22,0.00013923134520155145
812026,GENERIC_GRU,23,0.00013858525699106394
812026,GENERIC_GRU,24,0.000137972474021808
812026,GENERIC_GRU,25,0.00013757507213085773
812026,GENERIC_GRU,26,0.0001372402734887146
812026,GENERIC_GRU,27,0.0001369348219668609
812026,GENERIC_GRU,28,0.00013664946163771674
812026,GENERIC_GRU,29,0.0001363957976536767
812026,GENERIC_GRU,30,0.00013616537535199313
812026,MOTOR_ZERO_ABLATION,1,0.0059976156044285744
812026,MOTOR_ZERO_ABLATION,2,0.004283480171579868
812026,MOTOR_ZERO_ABLATION,3,0.0037996757309883833
812026,MOTOR_ZERO_ABLATION,4,0.0034753124782582745
812026,MOTOR_ZERO_ABLATION,5,0.0031557577167404816
812026,MOTOR_ZERO_ABLATION,6,0.0027731671725632623
812026,MOTOR_ZERO_ABLATION,7,0.002326304471353069
812026,MOTOR_ZERO_ABLATION,8,0.0018406993840471841
812026,MOTOR_ZERO_ABLATION,9,0.0013566526977228932
812026,MOTOR_ZERO_ABLATION,10,0.0009168359174509533
812026,MOTOR_ZERO_ABLATION,11,0.0005799430837214459
812026,MOTOR_ZERO_ABLATION,12,0.00036512300903268624
812026,MOTOR_ZERO_ABLATION,13,0.00025587520121916896
812026,MOTOR_ZERO_ABLATION,14,0.00020975729330530157
812026,MOTOR_ZERO_ABLATION,15,0.0001922658884723205
812026,MOTOR_ZERO_ABLATION,16,0.00018446066678734496
812026,MOTOR_ZERO_ABLATION,17,0.00017958822627406335
812026,MOTOR_ZERO_ABLATION,18,0.00017551374548929743
812026,MOTOR_ZERO_ABLATION,19,0.00017197139641211834
812026,MOTOR_ZERO_ABLATION,20,0.000169392631505616
812026,MOTOR_ZERO_ABLATION,21,0.0001662379872868769
812026,MOTOR_ZERO_ABLATION,22,0.00016341701757482952
812026,MOTOR_ZERO_ABLATION,23,0.00016113972196762916
812026,MOTOR_ZERO_ABLATION,24,0.0001601094036232098
812026,MOTOR_ZERO_ABLATION,25,0.00015682993125665234
812026,MOTOR_ZERO_ABLATION,26,0.0001544863171147881
812026,MOTOR_ZERO_ABLATION,27,0.0001528720349597279
812026,MOTOR_ZERO_ABLATION,28,0.00015085446193552343
812026,MOTOR_ZERO_ABLATION,29,0.00014930835914128693
812026,MOTOR_ZERO_ABLATION,30,0.0001475178819418943
812026,MOTOR_PERMUTED_ABLATION,1,0.004778397429618053
812026,MOTOR_PERMUTED_ABLATION,2,0.003689801102154888
812026,MOTOR_PERMUTED_ABLATION,3,0.003478478902252391
812026,MOTOR_PERMUTED_ABLATION,4,0.0032891676237341017
812026,MOTOR_PERMUTED_ABLATION,5,0.003072695093578659
812026,MOTOR_PERMUTED_ABLATION,6,0.002810904959915206
812026,MOTOR_PERMUTED_ABLATION,7,0.0024843776191119105
812026,MOTOR_PERMUTED_ABLATION,8,0.002083537998259999
812026,MOTOR_PERMUTED_ABLATION,9,0.001617931244254578
812026,MOTOR_PERMUTED_ABLATION,10,0.0011512922574183904
812026,MOTOR_PERMUTED_ABLATION,11,0.0007535274016845506
812026,MOTOR_PERMUTED_ABLATION,12,0.0004651175349863479
812026,MOTOR_PERMUTED_ABLATION,13,0.00029793469730066136
812026,MOTOR_PERMUTED_ABLATION,14,0.0002201007209805539
812026,MOTOR_PERMUTED_ABLATION,15,0.00018759191880235448
812026,MOTOR_PERMUTED_ABLATION,16,0.00017511134956293972
812026,MOTOR_PERMUTED_ABLATION,17,0.00016950500594248297
812026,MOTOR_PERMUTED_ABLATION,18,0.00016693757970642764
812026,MOTOR_PERMUTED_ABLATION,19,0.00016435702309536282
812026,MOTOR_PERMUTED_ABLATION,20,0.0001635299213376129
812026,MOTOR_PERMUTED_ABLATION,21,0.00016123147543112282
812026,MOTOR_PERMUTED_ABLATION,22,0.00015938389515213203
812026,MOTOR_PERMUTED_ABLATION,23,0.00015844899553485448
812026,MOTOR_PERMUTED_ABLATION,24,0.00015695356705691665
812026,MOTOR_PERMUTED_ABLATION,25,0.00015540159574811696
812026,MOTOR_PERMUTED_ABLATION,26,0.00015425258516188478
812026,MOTOR_PERMUTED_ABLATION,27,0.00015292583793780068
812026,MOTOR_PERMUTED_ABLATION,28,0.000151950649524224
812026,MOTOR_PERMUTED_ABLATION,29,0.00015077606985869352
812026,MOTOR_PERMUTED_ABLATION,30,0.0001500579210187425
812027,MOTOR_GATED_RNN,1,0.01016295308363624
812027,MOTOR_GATED_RNN,2,0.005582452344242483
812027,MOTOR_GATED_RNN,3,0.004193408036371693
812027,MOTOR_GATED_RNN,4,0.003944838012102991
812027,MOTOR_GATED_RNN,5,0.0038191141793504357
812027,MOTOR_GATED_RNN,6,0.003696946456329897
812027,MOTOR_GATED_RNN,7,0.0035730958625208586
812027,MOTOR_GATED_RNN,8,0.0034235704370075837
812027,MOTOR_GATED_RNN,9,0.0032298665173584595
812027,MOTOR_GATED_RNN,10,0.0029762163176201284
812027,MOTOR_GATED_RNN,11,0.0026507453294470906
812027,MOTOR_GATED_RNN,12,0.002260433931951411
812027,MOTOR_GATED_RNN,13,0.0018450017523718998
812027,MOTOR_GATED_RNN,14,0.001436778882634826
812027,MOTOR_GATED_RNN,15,0.0010538297137827612
812027,MOTOR_GATED_RNN,16,0.0007233215619635303
812027,MOTOR_GATED_RNN,17,0.0004815014108316973
812027,MOTOR_GATED_RNN,18,0.0003257148418924771
812027,MOTOR_GATED_RNN,19,0.00024299036704178434
812027,MOTOR_GATED_RNN,20,0.00020539229171845363
812027,MOTOR_GATED_RNN,21,0.0001898962800623849
812027,MOTOR_GATED_RNN,22,0.00018229719262308208
812027,MOTOR_GATED_RNN,23,0.0001782734134394559
812027,MOTOR_GATED_RNN,24,0.00017445238336222246
812027,MOTOR_GATED_RNN,25,0.00017146861682704184
812027,MOTOR_GATED_RNN,26,0.00016855995909281773
812027,MOTOR_GATED_RNN,27,0.0001656204067330691
812027,MOTOR_GATED_RNN,28,0.00016291498559439788
812027,MOTOR_GATED_RNN,29,0.00016019931535993237
812027,MOTOR_GATED_RNN,30,0.00015752586568851257
812027,GENERIC_GRU,1,0.004857951425947249
812027,GENERIC_GRU,2,0.004151875778916292
812027,GENERIC_GRU,3,0.0038033465680200607
812027,GENERIC_GRU,4,0.0035446268011583015
812027,GENERIC_GRU,5,0.0032400034979218617
812027,GENERIC_GRU,6,0.0028571397269843146
812027,GENERIC_GRU,7,0.0024012023204704747
812027,GENERIC_GRU,8,0.001912140091008041
812027,GENERIC_GRU,9,0.0014496596195385791
812027,GENERIC_GRU,10,0.0010334453399991617
812027,GENERIC_GRU,11,0.0006875946965010371
812027,GENERIC_GRU,12,0.0004299349766370142
812027,GENERIC_GRU,13,0.0002677830161701422
812027,GENERIC_GRU,14,0.00018376837215328123
812027,GENERIC_GRU,15,0.00014957928215153515
812027,GENERIC_GRU,16,0.00013906561343901558
812027,GENERIC_GRU,17,0.00013664535026691738
812027,GENERIC_GRU,18,0.00013568314807343995
812027,GENERIC_GRU,19,0.00013505428114513052
812027,GENERIC_GRU,20,0.00013448632398649352
812027,GENERIC_GRU,21,0.00013370350916375173
812027,GENERIC_GRU,22,0.00013301055241754511
812027,GENERIC_GRU,23,0.00013234420794105972
812027,GENERIC_GRU,24,0.0001313652810495114
812027,GENERIC_GRU,25,0.00013060096171102487
812027,GENERIC_GRU,26,0.00012986138563064742
812027,GENERIC_GRU,27,0.00012899676812594407
812027,GENERIC_GRU,28,0.00012801490356650902
812027,GENERIC_GRU,29,0.0001272006479666743
812027,GENERIC_GRU,30,0.00012666038037423277
812027,MOTOR_ZERO_ABLATION,1,0.0031869595404714346
812027,MOTOR_ZERO_ABLATION,2,0.0027613527927314863
812027,MOTOR_ZERO_ABLATION,3,0.0023393884184770286
812027,MOTOR_ZERO_ABLATION,4,0.001898092872579582
812027,MOTOR_ZERO_ABLATION,5,0.0014241458775359206
812027,MOTOR_ZERO_ABLATION,6,0.0009559534410072956
812027,MOTOR_ZERO_ABLATION,7,0.0005648528785968665
812027,MOTOR_ZERO_ABLATION,8,0.0003209533024346456
812027,MOTOR_ZERO_ABLATION,9,0.0002149174742953619
812027,MOTOR_ZERO_ABLATION,10,0.0001831430154197733
812027,MOTOR_ZERO_ABLATION,11,0.000173843118318473
812027,MOTOR_ZERO_ABLATION,12,0.00016866528403625125
812027,MOTOR_ZERO_ABLATION,13,0.0001649969162826892
812027,MOTOR_ZERO_ABLATION,14,0.00016071415939222788
812027,MOTOR_ZERO_ABLATION,15,0.0001574148755025817
812027,MOTOR_ZERO_ABLATION,16,0.00015378095622509136
812027,MOTOR_ZERO_ABLATION,17,0.0001513331171736354
812027,MOTOR_ZERO_ABLATION,18,0.00014988067096055602
812027,MOTOR_ZERO_ABLATION,19,0.00014625910171162104
812027,MOTOR_ZERO_ABLATION,20,0.00014422364483834826
812027,MOTOR_ZERO_ABLATION,21,0.00014288020520325517
812027,MOTOR_ZERO_ABLATION,22,0.0001414263579135877
812027,MOTOR_ZERO_ABLATION,23,0.0001401054105372168
812027,MOTOR_ZERO_ABLATION,24,0.0001382828504574718
812027,MOTOR_ZERO_ABLATION,25,0.00013829981435264926
812027,MOTOR_ZERO_ABLATION,26,0.00013640569704875816
812027,MOTOR_ZERO_ABLATION,27,0.0001350634615846502
812027,MOTOR_ZERO_ABLATION,28,0.00013437050256470684
812027,MOTOR_ZERO_ABLATION,29,0.000133068106151768
812027,MOTOR_ZERO_ABLATION,30,0.0001337446801699116
812027,MOTOR_PERMUTED_ABLATION,1,0.0037883833138039336
812027,MOTOR_PERMUTED_ABLATION,2,0.003497719648294151
812027,MOTOR_PERMUTED_ABLATION,3,0.003227913344744593
812027,MOTOR_PERMUTED_ABLATION,4,0.0028891366673633456
812027,MOTOR_PERMUTED_ABLATION,5,0.002448899991577491
812027,MOTOR_PERMUTED_ABLATION,6,0.0019590899100876413
812027,MOTOR_PERMUTED_ABLATION,7,0.0014847651473246515
812027,MOTOR_PERMUTED_ABLATION,8,0.0010018499269790482
812027,MOTOR_PERMUTED_ABLATION,9,0.000573573666770244
812027,MOTOR_PERMUTED_ABLATION,10,0.0002997548472194467
812027,MOTOR_PERMUTED_ABLATION,11,0.00019494296338962158
812027,MOTOR_PERMUTED_ABLATION,12,0.00016799086006358266
812027,MOTOR_PERMUTED_ABLATION,13,0.00016150435021700105
812027,MOTOR_PERMUTED_ABLATION,14,0.0001551419727547909
812027,MOTOR_PERMUTED_ABLATION,15,0.0001514081668574363
812027,MOTOR_PERMUTED_ABLATION,16,0.00014900568839948392
812027,MOTOR_PERMUTED_ABLATION,17,0.00014636315336247208
812027,MOTOR_PERMUTED_ABLATION,18,0.00014434284548769938
812027,MOTOR_PERMUTED_ABLATION,19,0.00014277753189162468
812027,MOTOR_PERMUTED_ABLATION,20,0.00014140574648990878
812027,MOTOR_PERMUTED_ABLATION,21,0.00014126535643299576
812027,MOTOR_PERMUTED_ABLATION,22,0.00013930927707406227
812027,MOTOR_PERMUTED_ABLATION,23,0.00013773982482234715
812027,MOTOR_PERMUTED_ABLATION,24,0.00013673247121914756
812027,MOTOR_PERMUTED_ABLATION,25,0.00013611538543045754
812027,MOTOR_PERMUTED_ABLATION,26,0.00013524013911592192
812027,MOTOR_PERMUTED_ABLATION,27,0.00013461422986438265
812027,MOTOR_PERMUTED_ABLATION,28,0.0001337721591880836
812027,MOTOR_PERMUTED_ABLATION,29,0.00013347034337130026
812027,MOTOR_PERMUTED_ABLATION,30,0.00013311185784914414
812028,MOTOR_GATED_RNN,1,0.004201582181849517
812028,MOTOR_GATED_RNN,2,0.0035570406180340797
812028,MOTOR_GATED_RNN,3,0.003187616719515063
812028,MOTOR_GATED_RNN,4,0.002907011134084314
812028,MOTOR_GATED_RNN,5,0.002591034004581161
812028,MOTOR_GATED_RNN,6,0.002216816646978259
812028,MOTOR_GATED_RNN,7,0.001790065631212201
812028,MOTOR_GATED_RNN,8,0.0013307181143318303
812028,MOTOR_GATED_RNN,9,0.0008787500082689803
812028,MOTOR_GATED_RNN,10,0.0005014871985622449
812028,MOTOR_GATED_RNN,11,0.0002783402869681595
812028,MOTOR_GATED_RNN,12,0.0001923584777614451
812028,MOTOR_GATED_RNN,13,0.00017010589999699732
812028,MOTOR_GATED_RNN,14,0.000165598443345516
812028,MOTOR_GATED_RNN,15,0.00016338692785211606
812028,MOTOR_GATED_RNN,16,0.00016206531654461287
812028,MOTOR_GATED_RNN,17,0.00016006073929020204
812028,MOTOR_GATED_RNN,18,0.00015889086898823734
812028,MOTOR_GATED_RNN,19,0.00015710028765170136
812028,MOTOR_GATED_RNN,20,0.00015569330480502686
812028,MOTOR_GATED_RNN,21,0.00015441349023603834
812028,MOTOR_GATED_RNN,22,0.00015271987285814248
812028,MOTOR_GATED_RNN,23,0.00015122383956622798
812028,MOTOR_GATED_RNN,24,0.00014998054757597856
812028,MOTOR_GATED_RNN,25,0.0001483185806137044
812028,MOTOR_GATED_RNN,26,0.00014676361843157792
812028,MOTOR_GATED_RNN,27,0.0001459313798477524
812028,MOTOR_GATED_RNN,28,0.00014413245662581176
812028,MOTOR_GATED_RNN,29,0.0001430224906471267
812028,MOTOR_GATED_RNN,30,0.00014147771889838623
812028,GENERIC_GRU,1,0.006092464143875986
812028,GENERIC_GRU,2,0.004131646986934356
812028,GENERIC_GRU,3,0.003878575487760827
812028,GENERIC_GRU,4,0.003735284219146706
812028,GENERIC_GRU,5,0.003611123640439473
812028,GENERIC_GRU,6,0.00343782379059121
812028,GENERIC_GRU,7,0.0031781103316461667
812028,GENERIC_GRU,8,0.0028043493657605723
812028,GENERIC_GRU,9,0.002330168354092166
812028,GENERIC_GRU,10,0.0018114132617483847
812028,GENERIC_GRU,11,0.0013089760905131698
812028,GENERIC_GRU,12,0.0008673653865116648
812028,GENERIC_GRU,13,0.0005321929565980099
812028,GENERIC_GRU,14,0.0003191335272276774
812028,GENERIC_GRU,15,0.00020940727154084016
812028,GENERIC_GRU,16,0.00016442204650957137
812028,GENERIC_GRU,17,0.0001489583605689404
812028,GENERIC_GRU,18,0.0001443599680897023
812028,GENERIC_GRU,19,0.00014268392351368675
812028,GENERIC_GRU,20,0.00014165623724693432
812028,GENERIC_GRU,21,0.00014064518791201408
812028,GENERIC_GRU,22,0.00013969314386486076
812028,GENERIC_GRU,23,0.00013877988612875924
812028,GENERIC_GRU,24,0.00013791886931358022
812028,GENERIC_GRU,25,0.00013700477848033188
812028,GENERIC_GRU,26,0.00013615167517855298
812028,GENERIC_GRU,27,0.00013537719269152149
812028,GENERIC_GRU,28,0.000134545283344778
812028,GENERIC_GRU,29,0.0001336897717010288
812028,GENERIC_GRU,30,0.00013292102403283934
812028,MOTOR_ZERO_ABLATION,1,0.00399692973587662
812028,MOTOR_ZERO_ABLATION,2,0.003200871084118262
812028,MOTOR_ZERO_ABLATION,3,0.0028042407939210534
812028,MOTOR_ZERO_ABLATION,4,0.002425216371193528
812028,MOTOR_ZERO_ABLATION,5,0.0019727461258298717
812028,MOTOR_ZERO_ABLATION,6,0.0014787448817514814
812028,MOTOR_ZERO_ABLATION,7,0.0010199233329331037
812028,MOTOR_ZERO_ABLATION,8,0.0006551806309289532
812028,MOTOR_ZERO_ABLATION,9,0.00040196954978455324
812028,MOTOR_ZERO_ABLATION,10,0.0002634241900523193
812028,MOTOR_ZERO_ABLATION,11,0.00020606173620763002
812028,MOTOR_ZERO_ABLATION,12,0.00018771038685372332
812028,MOTOR_ZERO_ABLATION,13,0.00018041645853372756
812028,MOTOR_ZERO_ABLATION,14,0.00017600047249288764
812028,MOTOR_ZERO_ABLATION,15,0.00017191262122651096
812028,MOTOR_ZERO_ABLATION,16,0.00016820760447444627
812028,MOTOR_ZERO_ABLATION,17,0.00016545170183235314
812028,MOTOR_ZERO_ABLATION,18,0.00016277616123261396
812028,MOTOR_ZERO_ABLATION,19,0.00016013753247534623
812028,MOTOR_ZERO_ABLATION,20,0.0001581640881340718
812028,MOTOR_ZERO_ABLATION,21,0.0001568152911204379
812028,MOTOR_ZERO_ABLATION,22,0.00015443162010342348
812028,MOTOR_ZERO_ABLATION,23,0.00015251585045916727
812028,MOTOR_ZERO_ABLATION,24,0.000150893026329868
812028,MOTOR_ZERO_ABLATION,25,0.00014921083220542641
812028,MOTOR_ZERO_ABLATION,26,0.00014776648322367691
812028,MOTOR_ZERO_ABLATION,27,0.00014688445207866607
812028,MOTOR_ZERO_ABLATION,28,0.00014514321946990094
812028,MOTOR_ZERO_ABLATION,29,0.00014339078961711493
812028,MOTOR_ZERO_ABLATION,30,0.00014218371416063746
812028,MOTOR_PERMUTED_ABLATION,1,0.004305971335270442
812028,MOTOR_PERMUTED_ABLATION,2,0.003923274474800564
812028,MOTOR_PERMUTED_ABLATION,3,0.0036342685780255124
812028,MOTOR_PERMUTED_ABLATION,4,0.003337120564538054
812028,MOTOR_PERMUTED_ABLATION,5,0.0030057276744628325
812028,MOTOR_PERMUTED_ABLATION,6,0.0025917570164892823
812028,MOTOR_PERMUTED_ABLATION,7,0.002108936052536592
812028,MOTOR_PERMUTED_ABLATION,8,0.0015815852530067787
812028,MOTOR_PERMUTED_ABLATION,9,0.0010143726503883954
812028,MOTOR_PERMUTED_ABLATION,10,0.0005229509297350887
812028,MOTOR_PERMUTED_ABLATION,11,0.0002736374553933274
812028,MOTOR_PERMUTED_ABLATION,12,0.00019362645343790064
812028,MOTOR_PERMUTED_ABLATION,13,0.00017441892578062834
812028,MOTOR_PERMUTED_ABLATION,14,0.00016838400279084453
812028,MOTOR_PERMUTED_ABLATION,15,0.0001642817087486037
812028,MOTOR_PERMUTED_ABLATION,16,0.00016141910964506678
812028,MOTOR_PERMUTED_ABLATION,17,0.00015845958751015132
812028,MOTOR_PERMUTED_ABLATION,18,0.0001560610853630351
812028,MOTOR_PERMUTED_ABLATION,19,0.00015357486972789047
812028,MOTOR_PERMUTED_ABLATION,20,0.0001512196977273561
812028,MOTOR_PERMUTED_ABLATION,21,0.0001492708461228176
812028,MOTOR_PERMUTED_ABLATION,22,0.0001475375493100728
812028,MOTOR_PERMUTED_ABLATION,23,0.00014576626927009784
812028,MOTOR_PERMUTED_ABLATION,24,0.00014467171149590285
812028,MOTOR_PERMUTED_ABLATION,25,0.00014241647068047314
812028,MOTOR_PERMUTED_ABLATION,26,0.00014071713030716637
812028,MOTOR_PERMUTED_ABLATION,27,0.0001397625228491961
812028,MOTOR_PERMUTED_ABLATION,28,0.00013814482372254133
812028,MOTOR_PERMUTED_ABLATION,29,0.000137382737648295
812028,MOTOR_PERMUTED_ABLATION,30,0.00013732024763157824
812029,MOTOR_GATED_RNN,1,0.0036229649995220825
812029,MOTOR_GATED_RNN,2,0.003351945473696105
812029,MOTOR_GATED_RNN,3,0.003097704393439926
812029,MOTOR_GATED_RNN,4,0.0027386614528950304
812029,MOTOR_GATED_RNN,5,0.002283632376929745
812029,MOTOR_GATED_RNN,6,0.001783669118594844
812029,MOTOR_GATED_RNN,7,0.0012790281616616994
812029,MOTOR_GATED_RNN,8,0.0008164588871295564
812029,MOTOR_GATED_RNN,9,0.0004569493539747782
812029,MOTOR_GATED_RNN,10,0.00024955860590125667
812029,MOTOR_GATED_RNN,11,0.00018729260773397982
812029,MOTOR_GATED_RNN,12,0.0001754071799950907
812029,MOTOR_GATED_RNN,13,0.00017240026863873936
812029,MOTOR_GATED_RNN,14,0.00016845803656906355
812029,MOTOR_GATED_RNN,15,0.0001656755039221025
812029,MOTOR_GATED_RNN,16,0.00016322101600962924
812029,MOTOR_GATED_RNN,17,0.00016032051098591182
812029,MOTOR_GATED_RNN,18,0.00015786226867930964
812029,MOTOR_GATED_RNN,19,0.00015556340804323554
812029,MOTOR_GATED_RNN,20,0.00015333216560975416
812029,MOTOR_GATED_RNN,21,0.00015064932085806504
812029,MOTOR_GATED_RNN,22,0.00014903341525496216
812029,MOTOR_GATED_RNN,23,0.0001469926860409032
812029,MOTOR_GATED_RNN,24,0.0001443868140995619
812029,MOTOR_GATED_RNN,25,0.0001425135824320023
812029,MOTOR_GATED_RNN,26,0.00014102146906225244
812029,MOTOR_GATED_RNN,27,0.00013965747348265722
812029,MOTOR_GATED_RNN,28,0.00013792907839160762
812029,MOTOR_GATED_RNN,29,0.00013647090418089647
812029,MOTOR_GATED_RNN,30,0.00013467628969010548
812029,GENERIC_GRU,1,0.012348541582468897
812029,GENERIC_GRU,2,0.005312767272698693
812029,GENERIC_GRU,3,0.0035914720501750708
812029,GENERIC_GRU,4,0.003371672850335017
812029,GENERIC_GRU,5,0.003132095982437022
812029,GENERIC_GRU,6,0.002897599362768233
812029,GENERIC_GRU,7,0.0026250796508975327
812029,GENERIC_GRU,8,0.0023163360892795026
812029,GENERIC_GRU,9,0.0019797878558165394
812029,GENERIC_GRU,10,0.0016402354667661712
812029,GENERIC_GRU,11,0.0013113469030940905
812029,GENERIC_GRU,12,0.0010148460132768378
812029,GENERIC_GRU,13,0.00076016788079869
812029,GENERIC_GRU,14,0.0005546975389734143
812029,GENERIC_GRU,15,0.0003999618293164531
812029,GENERIC_GRU,16,0.00029205454666225705
812029,GENERIC_GRU,17,0.00022430535591411171
812029,GENERIC_GRU,18,0.00018403124158794526
812029,GENERIC_GRU,19,0.00016188227345992345
812029,GENERIC_GRU,20,0.00014996873596828664
812029,GENERIC_GRU,21,0.00014412892141990596
812029,GENERIC_GRU,22,0.0001411935581927537
812029,GENERIC_GRU,23,0.00013952004701422993
812029,GENERIC_GRU,24,0.00013844816839991836
812029,GENERIC_GRU,25,0.0001376136578983278
812029,GENERIC_GRU,26,0.00013688878925677272
812029,GENERIC_GRU,27,0.00013621032940136502
812029,GENERIC_GRU,28,0.00013551068832384772
812029,GENERIC_GRU,29,0.00013477536049322225
812029,GENERIC_GRU,30,0.00013404825449470081
812029,MOTOR_ZERO_ABLATION,1,0.004951103182975203
812029,MOTOR_ZERO_ABLATION,2,0.0034747848694678396
812029,MOTOR_ZERO_ABLATION,3,0.0032391580753028393
812029,MOTOR_ZERO_ABLATION,4,0.0029952412442071363
812029,MOTOR_ZERO_ABLATION,5,0.0027087224589195102
812029,MOTOR_ZERO_ABLATION,6,0.002365740147070028
812029,MOTOR_ZERO_ABLATION,7,0.0019851193064823747
812029,MOTOR_ZERO_ABLATION,8,0.0015812498604645953
812029,MOTOR_ZERO_ABLATION,9,0.0011755295272450894
812029,MOTOR_ZERO_ABLATION,10,0.0008072962045844179
812029,MOTOR_ZERO_ABLATION,11,0.00051517023712222
812029,MOTOR_ZERO_ABLATION,12,0.0003214149837731384
812029,MOTOR_ZERO_ABLATION,13,0.0002207604893555981
812029,MOTOR_ZERO_ABLATION,14,0.000183168560397462
812029,MOTOR_ZERO_ABLATION,15,0.00017359465437039034
812029,MOTOR_ZERO_ABLATION,16,0.00017064209714590106
812029,MOTOR_ZERO_ABLATION,17,0.00016859409606695408
812029,MOTOR_ZERO_ABLATION,18,0.00016672393212502357
812029,MOTOR_ZERO_ABLATION,19,0.00016513354512426304
812029,MOTOR_ZERO_ABLATION,20,0.00016352236707461998
812029,MOTOR_ZERO_ABLATION,21,0.00016205798874580069
812029,MOTOR_ZERO_ABLATION,22,0.00016066919124568813
812029,MOTOR_ZERO_ABLATION,23,0.00015935862120386446
812029,MOTOR_ZERO_ABLATION,24,0.00015796054958627792
812029,MOTOR_ZERO_ABLATION,25,0.00015652448928449303
812029,MOTOR_ZERO_ABLATION,26,0.0001549938169773668
812029,MOTOR_ZERO_ABLATION,27,0.00015362831163656665
812029,MOTOR_ZERO_ABLATION,28,0.00015221938883769326
812029,MOTOR_ZERO_ABLATION,29,0.00015086501798577956
812029,MOTOR_ZERO_ABLATION,30,0.00014940246182959527
812029,MOTOR_PERMUTED_ABLATION,1,0.004554346698569134
812029,MOTOR_PERMUTED_ABLATION,2,0.003650339611340314
812029,MOTOR_PERMUTED_ABLATION,3,0.0031708073074696586
812029,MOTOR_PERMUTED_ABLATION,4,0.0027741547382902354
812029,MOTOR_PERMUTED_ABLATION,5,0.0024389292811974883
812029,MOTOR_PERMUTED_ABLATION,6,0.002074591495329514
812029,MOTOR_PERMUTED_ABLATION,7,0.0016747460758779198
812029,MOTOR_PERMUTED_ABLATION,8,0.0012594857398653403
812029,MOTOR_PERMUTED_ABLATION,9,0.000861602631630376
812029,MOTOR_PERMUTED_ABLATION,10,0.0005318825260474114
812029,MOTOR_PERMUTED_ABLATION,11,0.0003200268911314197
812029,MOTOR_PERMUTED_ABLATION,12,0.0002248927776236087
812029,MOTOR_PERMUTED_ABLATION,13,0.00019668475306389155
812029,MOTOR_PERMUTED_ABLATION,14,0.0001849048894655425
812029,MOTOR_PERMUTED_ABLATION,15,0.00017745830700732768
812029,MOTOR_PERMUTED_ABLATION,16,0.00017169083275803132
812029,MOTOR_PERMUTED_ABLATION,17,0.00016619048074062448
812029,MOTOR_PERMUTED_ABLATION,18,0.00016233445967372973
812029,MOTOR_PERMUTED_ABLATION,19,0.00015861631618463434
812029,MOTOR_PERMUTED_ABLATION,20,0.00015609051934006857
812029,MOTOR_PERMUTED_ABLATION,21,0.00015317073757614708
812029,MOTOR_PERMUTED_ABLATION,22,0.00015121401247597532
812029,MOTOR_PERMUTED_ABLATION,23,0.0001492815090387012
812029,MOTOR_PERMUTED_ABLATION,24,0.00014745386488357326
812029,MOTOR_PERMUTED_ABLATION,25,0.00014613557777920505
812029,MOTOR_PERMUTED_ABLATION,26,0.00014495963841909543
812029,MOTOR_PERMUTED_ABLATION,27,0.00014369667223945726
812029,MOTOR_PERMUTED_ABLATION,28,0.00014219566764950287
812029,MOTOR_PERMUTED_ABLATION,29,0.00014109115636529168
812029,MOTOR_PERMUTED_ABLATION,30,0.00013972552369523328
812030,MOTOR_GATED_RNN,1,0.004714350114227273
812030,MOTOR_GATED_RNN,2,0.0035021807852899656
812030,MOTOR_GATED_RNN,3,0.0032408396509708837
812030,MOTOR_GATED_RNN,4,0.0029549814644269645
812030,MOTOR_GATED_RNN,5,0.002640687598614022
812030,MOTOR_GATED_RNN,6,0.0022796900593675673
812030,MOTOR_GATED_RNN,7,0.0018903545933426358
812030,MOTOR_GATED_RNN,8,0.0014979839761508629
812030,MOTOR_GATED_RNN,9,0.0011331927380524576
812030,MOTOR_GATED_RNN,10,0.0008011792706383858
812030,MOTOR_GATED_RNN,11,0.00052866262558382
812030,MOTOR_GATED_RNN,12,0.0003391677928448189
812030,MOTOR_GATED_RNN,13,0.00023298291125684045
812030,MOTOR_GATED_RNN,14,0.00018604757769935532
812030,MOTOR_GATED_RNN,15,0.00016738266640459187
812030,MOTOR_GATED_RNN,16,0.00016014607354009058
812030,MOTOR_GATED_RNN,17,0.00015551472915831255
812030,MOTOR_GATED_RNN,18,0.00015224971866700798
812030,MOTOR_GATED_RNN,19,0.00014989801184128737
812030,MOTOR_GATED_RNN,20,0.00014805038199483533
812030,MOTOR_GATED_RNN,21,0.00014625407402490964
812030,MOTOR_GATED_RNN,22,0.000144825222378131
812030,MOTOR_GATED_RNN,23,0.0001433756679034559
812030,MOTOR_GATED_RNN,24,0.00014230059923647786
812030,MOTOR_GATED_RNN,25,0.00014116528973318054
812030,MOTOR_GATED_RNN,26,0.00014008684138389071
812030,MOTOR_GATED_RNN,27,0.00013930308023191174
812030,MOTOR_GATED_RNN,28,0.00013851116273144726
812030,MOTOR_GATED_RNN,29,0.00013751923097515828
812030,MOTOR_GATED_RNN,30,0.0001369162500850507
812030,GENERIC_GRU,1,0.0037321907293517143
812030,GENERIC_GRU,2,0.0035241327714174986
812030,GENERIC_GRU,3,0.003281871060607955
812030,GENERIC_GRU,4,0.002950161069747992
812030,GENERIC_GRU,5,0.002521705988328904
812030,GENERIC_GRU,6,0.0020448692666832358
812030,GENERIC_GRU,7,0.0015658870179322548
812030,GENERIC_GRU,8,0.0011152260522067081
812030,GENERIC_GRU,9,0.0007355256093433127
812030,GENERIC_GRU,10,0.00045180701272329316
812030,GENERIC_GRU,11,0.0002748125216385233
812030,GENERIC_GRU,12,0.00018681031997402897
812030,GENERIC_GRU,13,0.00015367396281362744
812030,GENERIC_GRU,14,0.00014461754199146526
812030,GENERIC_GRU,15,0.00014218360138329444
812030,GENERIC_GRU,16,0.00014132557134871604
812030,GENERIC_GRU,17,0.00014056967893338879
812030,GENERIC_GRU,18,0.0001399039074385655
812030,GENERIC_GRU,19,0.0001391579589835601
812030,GENERIC_GRU,20,0.00013840828296451946
812030,GENERIC_GRU,21,0.00013777950925941695
812030,GENERIC_GRU,22,0.00013701459556614282
812030,GENERIC_GRU,23,0.0001360675523756072
812030,GENERIC_GRU,24,0.00013523719189834082
812030,GENERIC_GRU,25,0.000134431146307179
812030,GENERIC_GRU,26,0.0001334672124357894
812030,GENERIC_GRU,27,0.00013262635457067518
812030,GENERIC_GRU,28,0.00013149633014108986
812030,GENERIC_GRU,29,0.00013040190333413193
812030,GENERIC_GRU,30,0.00012944823401994654
812030,MOTOR_ZERO_ABLATION,1,0.0063444691186305135
812030,MOTOR_ZERO_ABLATION,2,0.0032880279468372464
812030,MOTOR_ZERO_ABLATION,3,0.002984982609632425
812030,MOTOR_ZERO_ABLATION,4,0.002740895390161313
812030,MOTOR_ZERO_ABLATION,5,0.002529160148696974
812030,MOTOR_ZERO_ABLATION,6,0.0022753424127586186
812030,MOTOR_ZERO_ABLATION,7,0.001989147400308866
812030,MOTOR_ZERO_ABLATION,8,0.0016710190029698424
812030,MOTOR_ZERO_ABLATION,9,0.0013393258632277139
812030,MOTOR_ZERO_ABLATION,10,0.0010175850475206971
812030,MOTOR_ZERO_ABLATION,11,0.0007334898873523343
812030,MOTOR_ZERO_ABLATION,12,0.0005115050789754605
812030,MOTOR_ZERO_ABLATION,13,0.0003576307808543788
812030,MOTOR_ZERO_ABLATION,14,0.0002634995325934142
812030,MOTOR_ZERO_ABLATION,15,0.0002106668380292831
812030,MOTOR_ZERO_ABLATION,16,0.00018545544116932433
812030,MOTOR_ZERO_ABLATION,17,0.00017391081928508356
812030,MOTOR_ZERO_ABLATION,18,0.00016890309507289203
812030,MOTOR_ZERO_ABLATION,19,0.00016657242758810753
812030,MOTOR_ZERO_ABLATION,20,0.00016518217216798803
812030,MOTOR_ZERO_ABLATION,21,0.00016408043211413315
812030,MOTOR_ZERO_ABLATION,22,0.00016308393696817802
812030,MOTOR_ZERO_ABLATION,23,0.00016210583544307156
812030,MOTOR_ZERO_ABLATION,24,0.00016122994657052914
812030,MOTOR_ZERO_ABLATION,25,0.00016028319532779278
812030,MOTOR_ZERO_ABLATION,26,0.0001593172883076477
812030,MOTOR_ZERO_ABLATION,27,0.00015840242122067139
812030,MOTOR_ZERO_ABLATION,28,0.00015749950125609757
812030,MOTOR_ZERO_ABLATION,29,0.00015655405877623707
812030,MOTOR_ZERO_ABLATION,30,0.00015560891279164935
812030,MOTOR_PERMUTED_ABLATION,1,0.004312937118811533
812030,MOTOR_PERMUTED_ABLATION,2,0.003818992860033177
812030,MOTOR_PERMUTED_ABLATION,3,0.00351364970265422
812030,MOTOR_PERMUTED_ABLATION,4,0.0032312287075910717
812030,MOTOR_PERMUTED_ABLATION,5,0.0029109836468705907
812030,MOTOR_PERMUTED_ABLATION,6,0.0025205441197613254
812030,MOTOR_PERMUTED_ABLATION,7,0.0020448919240152463
812030,MOTOR_PERMUTED_ABLATION,8,0.0015349488021456636
812030,MOTOR_PERMUTED_ABLATION,9,0.001067829038220225
812030,MOTOR_PERMUTED_ABLATION,10,0.0006983988641877659
812030,MOTOR_PERMUTED_ABLATION,11,0.00046052784819039516
812030,MOTOR_PERMUTED_ABLATION,12,0.000323228225170169
812030,MOTOR_PERMUTED_ABLATION,13,0.000250068418608862
812030,MOTOR_PERMUTED_ABLATION,14,0.00021457455477502663
812030,MOTOR_PERMUTED_ABLATION,15,0.00019790237911365693
812030,MOTOR_PERMUTED_ABLATION,16,0.0001906701209009043
812030,MOTOR_PERMUTED_ABLATION,17,0.00018758006717689568
812030,MOTOR_PERMUTED_ABLATION,18,0.0001858648474808433
812030,MOTOR_PERMUTED_ABLATION,19,0.0001849482823672588
812030,MOTOR_PERMUTED_ABLATION,20,0.00018363279650657205
812030,MOTOR_PERMUTED_ABLATION,21,0.00018267228188051376
812030,MOTOR_PERMUTED_ABLATION,22,0.00018193925279774703
812030,MOTOR_PERMUTED_ABLATION,23,0.0001810565299820155
812030,MOTOR_PERMUTED_ABLATION,24,0.0001798829207473318
812030,MOTOR_PERMUTED_ABLATION,25,0.0001793440260371426
812030,MOTOR_PERMUTED_ABLATION,26,0.00017830831984610995
812030,MOTOR_PERMUTED_ABLATION,27,0.0001780947332008509
812030,MOTOR_PERMUTED_ABLATION,28,0.0001769939544828958
812030,MOTOR_PERMUTED_ABLATION,29,0.0001762263682394405
812030,MOTOR_PERMUTED_ABLATION,30,0.00017502527225587983
812031,MOTOR_GATED_RNN,1,0.004758763112477027
812031,MOTOR_GATED_RNN,2,0.0030620189500041306
812031,MOTOR_GATED_RNN,3,0.002737229806371033
812031,MOTOR_GATED_RNN,4,0.002465307610691525
812031,MOTOR_GATED_RNN,5,0.002165485406294465
812031,MOTOR_GATED_RNN,6,0.0018474924363545142
812031,MOTOR_GATED_RNN,7,0.0015227989642880857
812031,MOTOR_GATED_RNN,8,0.0012017801200272515
812031,MOTOR_GATED_RNN,9,0.0008941499472712167
812031,MOTOR_GATED_RNN,10,0.0006138225180620793
812031,MOTOR_GATED_RNN,11,0.0003885585192620056
812031,MOTOR_GATED_RNN,12,0.0002481845231159241
812031,MOTOR_GATED_RNN,13,0.00018804971114150248
812031,MOTOR_GATED_RNN,14,0.00017095754628826398
812031,MOTOR_GATED_RNN,15,0.00016373927883250872
812031,MOTOR_GATED_RNN,16,0.0001574396510477527
812031,MOTOR_GATED_RNN,17,0.00015226007326418767
812031,MOTOR_GATED_RNN,18,0.00014863008027532487
812031,MOTOR_GATED_RNN,19,0.00014569144241249887
812031,MOTOR_GATED_RNN,20,0.00014314279633254046
812031,MOTOR_GATED_RNN,21,0.0001411529337929096
812031,MOTOR_GATED_RNN,22,0.00013956432940176455
812031,MOTOR_GATED_RNN,23,0.0001380172825520276
812031,MOTOR_GATED_RNN,24,0.00013672637487616157
812031,MOTOR_GATED_RNN,25,0.00013552663313021185
812031,MOTOR_GATED_RNN,26,0.00013452593020701897
812031,MOTOR_GATED_RNN,27,0.00013351659481486422
812031,MOTOR_GATED_RNN,28,0.00013263256869322504
812031,MOTOR_GATED_RNN,29,0.00013172003036743263
812031,MOTOR_GATED_RNN,30,0.00013100565229251515
812031,GENERIC_GRU,1,0.005649344835546799
812031,GENERIC_GRU,2,0.0035476484190439805
812031,GENERIC_GRU,3,0.0032352785929106176
812031,GENERIC_GRU,4,0.0029955171630717814
812031,GENERIC_GRU,5,0.002743338409345597
812031,GENERIC_GRU,6,0.002466618549078703
812031,GENERIC_GRU,7,0.0021536470303544775
812031,GENERIC_GRU,8,0.0018122753099305555
812031,GENERIC_GRU,9,0.001463914530177135
812031,GENERIC_GRU,10,0.0011318615070194937
812031,GENERIC_GRU,11,0.0008396910452574957
812031,GENERIC_GRU,12,0.0006022336201567668
812031,GENERIC_GRU,13,0.00042234009197272826
812031,GENERIC_GRU,14,0.00029788503343297634
812031,GENERIC_GRU,15,0.0002198227912231232
812031,GENERIC_GRU,16,0.00017545048831379972
812031,GENERIC_GRU,17,0.00015291224099200917
812031,GENERIC_GRU,18,0.00014148878426567535
812031,GENERIC_GRU,19,0.00013635193681693636
812031,GENERIC_GRU,20,0.00013365516542762634
812031,GENERIC_GRU,21,0.00013200962985138176
812031,GENERIC_GRU,22,0.00013096908560328302
812031,GENERIC_GRU,23,0.00013008680298298714
812031,GENERIC_GRU,24,0.00012928117621413548
812031,GENERIC_GRU,25,0.00012863318715972127
812031,GENERIC_GRU,26,0.00012806581617041957
812031,GENERIC_GRU,27,0.00012745176445605466
812031,GENERIC_GRU,28,0.00012694521683442872
812031,GENERIC_GRU,29,0.00012645018250623252
812031,GENERIC_GRU,30,0.00012591403947226354
812031,MOTOR_ZERO_ABLATION,1,0.009006987063912675
812031,MOTOR_ZERO_ABLATION,2,0.004255793406628072
812031,MOTOR_ZERO_ABLATION,3,0.0031305307638831437
812031,MOTOR_ZERO_ABLATION,4,0.0028576786862686276
812031,MOTOR_ZERO_ABLATION,5,0.0026003836828749627
812031,MOTOR_ZERO_ABLATION,6,0.0023071324976626784
812031,MOTOR_ZERO_ABLATION,7,0.001971887169929687
812031,MOTOR_ZERO_ABLATION,8,0.0016033869251259603
812031,MOTOR_ZERO_ABLATION,9,0.0012479768265620805
812031,MOTOR_ZERO_ABLATION,10,0.0009376648886245675
812031,MOTOR_ZERO_ABLATION,11,0.0006816088316554669
812031,MOTOR_ZERO_ABLATION,12,0.0004815481461264426
812031,MOTOR_ZERO_ABLATION,13,0.0003394959512661444
812031,MOTOR_ZERO_ABLATION,14,0.00025028581876540557
812031,MOTOR_ZERO_ABLATION,15,0.0002009401823670487
812031,MOTOR_ZERO_ABLATION,16,0.00017655637111602118
812031,MOTOR_ZERO_ABLATION,17,0.00016638396664347965
812031,MOTOR_ZERO_ABLATION,18,0.00016107711780932732
812031,MOTOR_ZERO_ABLATION,19,0.00015800113942532334
812031,MOTOR_ZERO_ABLATION,20,0.00015544944017165108
812031,MOTOR_ZERO_ABLATION,21,0.00015308653291867813
812031,MOTOR_ZERO_ABLATION,22,0.00015091566001501633
812031,MOTOR_ZERO_ABLATION,23,0.0001488603475081618
812031,MOTOR_ZERO_ABLATION,24,0.00014689771069242852
812031,MOTOR_ZERO_ABLATION,25,0.00014518941770802485
812031,MOTOR_ZERO_ABLATION,26,0.00014358685484694433
812031,MOTOR_ZERO_ABLATION,27,0.00014223189191397978
812031,MOTOR_ZERO_ABLATION,28,0.00014082303823670372
812031,MOTOR_ZERO_ABLATION,29,0.00013954974656371633
812031,MOTOR_ZERO_ABLATION,30,0.00013839472148902132
812031,MOTOR_PERMUTED_ABLATION,1,0.003560089913662523
812031,MOTOR_PERMUTED_ABLATION,2,0.0032249628275167197
812031,MOTOR_PERMUTED_ABLATION,3,0.0028672103071585298
812031,MOTOR_PERMUTED_ABLATION,4,0.0024322807003045455
812031,MOTOR_PERMUTED_ABLATION,5,0.0019324698369018734
812031,MOTOR_PERMUTED_ABLATION,6,0.0013915898161940277
812031,MOTOR_PERMUTED_ABLATION,7,0.0008852464925439563
812031,MOTOR_PERMUTED_ABLATION,8,0.0005149034623173065
812031,MOTOR_PERMUTED_ABLATION,9,0.0002934370895673055
812031,MOTOR_PERMUTED_ABLATION,10,0.00019950152636738494
812031,MOTOR_PERMUTED_ABLATION,11,0.0001706201555862208
812031,MOTOR_PERMUTED_ABLATION,12,0.00016306476391036995
812031,MOTOR_PERMUTED_ABLATION,13,0.00015940748835419072
812031,MOTOR_PERMUTED_ABLATION,14,0.0001570327985973563
812031,MOTOR_PERMUTED_ABLATION,15,0.000154215146721981
812031,MOTOR_PERMUTED_ABLATION,16,0.00015255154175974894
812031,MOTOR_PERMUTED_ABLATION,17,0.00015097697541932575
812031,MOTOR_PERMUTED_ABLATION,18,0.00014938124195396085
812031,MOTOR_PERMUTED_ABLATION,19,0.00014753484356333502
812031,MOTOR_PERMUTED_ABLATION,20,0.0001455582359994878
812031,MOTOR_PERMUTED_ABLATION,21,0.0001441252470613108
812031,MOTOR_PERMUTED_ABLATION,22,0.00014326192103908397
812031,MOTOR_PERMUTED_ABLATION,23,0.00014157871873976546
812031,MOTOR_PERMUTED_ABLATION,24,0.0001401197723680525
812031,MOTOR_PERMUTED_ABLATION,25,0.00013834740275342483
812031,MOTOR_PERMUTED_ABLATION,26,0.00013729436659559724
812031,MOTOR_PERMUTED_ABLATION,27,0.0001360492183266615
812031,MOTOR_PERMUTED_ABLATION,28,0.0001348843388768728
812031,MOTOR_PERMUTED_ABLATION,29,0.00013379361325860373
812031,MOTOR_PERMUTED_ABLATION,30,0.0001324364548054291
812032,MOTOR_GATED_RNN,1,0.0037891574465902522
812032,MOTOR_GATED_RNN,2,0.0033166855428135023
812032,MOTOR_GATED_RNN,3,0.002972509464598261
812032,MOTOR_GATED_RNN,4,0.002649580390425399
812032,MOTOR_GATED_RNN,5,0.0022798218560637906
812032,MOTOR_GATED_RNN,6,0.0018784836065606214
812032,MOTOR_GATED_RNN,7,0.0014450299422605895
812032,MOTOR_GATED_RNN,8,0.0010186731306021102
812032,MOTOR_GATED_RNN,9,0.0006623157933063339
812032,MOTOR_GATED_RNN,10,0.00041357867121405434
812032,MOTOR_GATED_RNN,11,0.00026878588323597796
812032,MOTOR_GATED_RNN,12,0.00020379772558953846
812032,MOTOR_GATED_RNN,13,0.00017824054884840734
812032,MOTOR_GATED_RNN,14,0.0001688560896582203
812032,MOTOR_GATED_RNN,15,0.00016343914921890246
812032,MOTOR_GATED_RNN,16,0.0001604191493242979
812032,MOTOR_GATED_RNN,17,0.00015758736753923586
812032,MOTOR_GATED_RNN,18,0.00015514389906456927
812032,MOTOR_GATED_RNN,19,0.0001534112961962819
812032,MOTOR_GATED_RNN,20,0.00015314790744014317
812032,MOTOR_GATED_RNN,21,0.00015034246735012857
812032,MOTOR_GATED_RNN,22,0.0001485199022681627
812032,MOTOR_GATED_RNN,23,0.00014736511366209015
812032,MOTOR_GATED_RNN,24,0.0001479489183111582
812032,MOTOR_GATED_RNN,25,0.00014538456343871076
812032,MOTOR_GATED_RNN,26,0.000144341221130162
812032,MOTOR_GATED_RNN,27,0.0001431140917702578
812032,MOTOR_GATED_RNN,28,0.00014248150637286017
812032,MOTOR_GATED_RNN,29,0.00014135518676994252
812032,MOTOR_GATED_RNN,30,0.0001408823345627752
812032,GENERIC_GRU,1,0.005203778404393233
812032,GENERIC_GRU,2,0.003830663175904192
812032,GENERIC_GRU,3,0.0034855431877076626
812032,GENERIC_GRU,4,0.003212859606719576
812032,GENERIC_GRU,5,0.002888228977099061
812032,GENERIC_GRU,6,0.0025159114447887987
812032,GENERIC_GRU,7,0.002110540932335425
812032,GENERIC_GRU,8,0.0017014867698890157
812032,GENERIC_GRU,9,0.001310707004449796
812032,GENERIC_GRU,10,0.0009560006583342329
812032,GENERIC_GRU,11,0.0006602839275728911
812032,GENERIC_GRU,12,0.00044115609307482373
812032,GENERIC_GRU,13,0.0002956163625640329
812032,GENERIC_GRU,14,0.00021120524252182804
812032,GENERIC_GRU,15,0.00016802423397166422
812032,GENERIC_GRU,16,0.00014801846009504516
812032,GENERIC_GRU,17,0.00014020541220816085
812032,GENERIC_GRU,18,0.0001371622765873326
812032,GENERIC_GRU,19,0.00013593539415523992
812032,GENERIC_GRU,20,0.0001354896203338285
812032,GENERIC_GRU,21,0.000135118136768142
812032,GENERIC_GRU,22,0.000134862202230579
812032,GENERIC_GRU,23,0.00013466510654325248
812032,GENERIC_GRU,24,0.0001343616390840907
812032,GENERIC_GRU,25,0.00013401985734162736
812032,GENERIC_GRU,26,0.00013380433620113763
812032,GENERIC_GRU,27,0.00013356501767702866
812032,GENERIC_GRU,28,0.00013327292299436522
812032,GENERIC_GRU,29,0.0001329994074694696
812032,GENERIC_GRU,30,0.0001327606205450138
812032,MOTOR_ZERO_ABLATION,1,0.003772483309148811
812032,MOTOR_ZERO_ABLATION,2,0.0035036011395277455
812032,MOTOR_ZERO_ABLATION,3,0.003216873519704677
812032,MOTOR_ZERO_ABLATION,4,0.0028675983630819246
812032,MOTOR_ZERO_ABLATION,5,0.002434577007079497
812032,MOTOR_ZERO_ABLATION,6,0.0019259643740952015
812032,MOTOR_ZERO_ABLATION,7,0.0013844250133843161
812032,MOTOR_ZERO_ABLATION,8,0.0008944599685491994
812032,MOTOR_ZERO_ABLATION,9,0.00051662181977008
812032,MOTOR_ZERO_ABLATION,10,0.0002985490846185712
812032,MOTOR_ZERO_ABLATION,11,0.00021356504566938384
812032,MOTOR_ZERO_ABLATION,12,0.00018226643533125753
812032,MOTOR_ZERO_ABLATION,13,0.0001706830089460709
812032,MOTOR_ZERO_ABLATION,14,0.00016368389697163366
812032,MOTOR_ZERO_ABLATION,15,0.00015895041633484652
812032,MOTOR_ZERO_ABLATION,16,0.00015459702990483493
812032,MOTOR_ZERO_ABLATION,17,0.00015105925103853224
812032,MOTOR_ZERO_ABLATION,18,0.00014978661602071952
812032,MOTOR_ZERO_ABLATION,19,0.0001463582348151249
812032,MOTOR_ZERO_ABLATION,20,0.0001429517787983059
812032,MOTOR_ZERO_ABLATION,21,0.00014089109117776388
812032,MOTOR_ZERO_ABLATION,22,0.00013919679486207315
812032,MOTOR_ZERO_ABLATION,23,0.00013725089047511574
812032,MOTOR_ZERO_ABLATION,24,0.00013607630626211176
812032,MOTOR_ZERO_ABLATION,25,0.0001353540847048862
812032,MOTOR_ZERO_ABLATION,26,0.0001338272259090445
812032,MOTOR_ZERO_ABLATION,27,0.00013197943781051436
812032,MOTOR_ZERO_ABLATION,28,0.00013079808786642388
812032,MOTOR_ZERO_ABLATION,29,0.00013024063537159236
812032,MOTOR_ZERO_ABLATION,30,0.00012959370178577956
812032,MOTOR_PERMUTED_ABLATION,1,0.005312607652740553
812032,MOTOR_PERMUTED_ABLATION,2,0.003808422654401511
812032,MOTOR_PERMUTED_ABLATION,3,0.003421457498916425
812032,MOTOR_PERMUTED_ABLATION,4,0.003283057434600778
812032,MOTOR_PERMUTED_ABLATION,5,0.003088783851126209
812032,MOTOR_PERMUTED_ABLATION,6,0.002832576443324797
812032,MOTOR_PERMUTED_ABLATION,7,0.002481800227542408
812032,MOTOR_PERMUTED_ABLATION,8,0.0020249607841833495
812032,MOTOR_PERMUTED_ABLATION,9,0.001513542199973017
812032,MOTOR_PERMUTED_ABLATION,10,0.0010380456878920086
812032,MOTOR_PERMUTED_ABLATION,11,0.0006510736802738393
812032,MOTOR_PERMUTED_ABLATION,12,0.0003758947932510637
812032,MOTOR_PERMUTED_ABLATION,13,0.0002340791888855165
812032,MOTOR_PERMUTED_ABLATION,14,0.0001857729212133563
812032,MOTOR_PERMUTED_ABLATION,15,0.00017197223678522278
812032,MOTOR_PERMUTED_ABLATION,16,0.0001652245846344158
812032,MOTOR_PERMUTED_ABLATION,17,0.00015995313697203528
812032,MOTOR_PERMUTED_ABLATION,18,0.0001542544432595605
812032,MOTOR_PERMUTED_ABLATION,19,0.00014990034242146066
812032,MOTOR_PERMUTED_ABLATION,20,0.00014656473922514124
812032,MOTOR_PERMUTED_ABLATION,21,0.00014323045570563409
812032,MOTOR_PERMUTED_ABLATION,22,0.0001402531433996046
812032,MOTOR_PERMUTED_ABLATION,23,0.00013780377912553377
812032,MOTOR_PERMUTED_ABLATION,24,0.00013574909917224431
812032,MOTOR_PERMUTED_ABLATION,25,0.00013406150947048445
812032,MOTOR_PERMUTED_ABLATION,26,0.00013338729286260786
812032,MOTOR_PERMUTED_ABLATION,27,0.0001315963809247478
812032,MOTOR_PERMUTED_ABLATION,28,0.0001304383899878303
812032,MOTOR_PERMUTED_ABLATION,29,0.00012905394578410778
812032,MOTOR_PERMUTED_ABLATION,30,0.00012797571889677783
812033,MOTOR_GATED_RNN,1,0.005328984261723235
812033,MOTOR_GATED_RNN,2,0.0034592593874549493
812033,MOTOR_GATED_RNN,3,0.0031241264805430546
812033,MOTOR_GATED_RNN,4,0.002859673186321743
812033,MOTOR_GATED_RNN,5,0.00254845067684073
812033,MOTOR_GATED_RNN,6,0.0021762654941994697
812033,MOTOR_GATED_RNN,7,0.0017622562008909881
812033,MOTOR_GATED_RNN,8,0.0013423079944914207
812033,MOTOR_GATED_RNN,9,0.0009608707114239223
812033,MOTOR_GATED_RNN,10,0.0006350711519189645
812033,MOTOR_GATED_RNN,11,0.0003902696062141331
812033,MOTOR_GATED_RNN,12,0.00024832126291585155
812033,MOTOR_GATED_RNN,13,0.0001933127405209234
812033,MOTOR_GATED_RNN,14,0.00018068996905640233
812033,MOTOR_GATED_RNN,15,0.00017652641145105008
812033,MOTOR_GATED_RNN,16,0.00017358069635520224
812033,MOTOR_GATED_RNN,17,0.00017065605788957328
812033,MOTOR_GATED_RNN,18,0.00016754300486354623
812033,MOTOR_GATED_RNN,19,0.00016394534850405762
812033,MOTOR_GATED_RNN,20,0.00016025092008931097
812033,MOTOR_GATED_RNN,21,0.00015644278573745396
812033,MOTOR_GATED_RNN,22,0.00015344683424700634
812033,MOTOR_GATED_RNN,23,0.00015043555777083384
812033,MOTOR_GATED_RNN,24,0.00014808438027102966
812033,MOTOR_GATED_RNN,25,0.00014616706357628573
812033,MOTOR_GATED_RNN,26,0.0001440299847672577
812033,MOTOR_GATED_RNN,27,0.00014232822195481276
812033,MOTOR_GATED_RNN,28,0.0001410732647855184
812033,MOTOR_GATED_RNN,29,0.0001392474741805927
812033,MOTOR_GATED_RNN,30,0.00013809000347464462
812033,GENERIC_GRU,1,0.014702006883453578
812033,GENERIC_GRU,2,0.007018348056590185
812033,GENERIC_GRU,3,0.003907519785570912
812033,GENERIC_GRU,4,0.0034759931004373357
812033,GENERIC_GRU,5,0.0031947559327818453
812033,GENERIC_GRU,6,0.0029346371738938615
812033,GENERIC_GRU,7,0.002643993400852196
812033,GENERIC_GRU,8,0.0023225205950438976
812033,GENERIC_GRU,9,0.0019819553417619318
812033,GENERIC_GRU,10,0.0016400730673922226
812033,GENERIC_GRU,11,0.0013197911903262138
812033,GENERIC_GRU,12,0.0010336013838241342
812033,GENERIC_GRU,13,0.0007935746580187697
812033,GENERIC_GRU,14,0.0005987732147332281
812033,GENERIC_GRU,15,0.0004487969581532525
812033,GENERIC_GRU,16,0.0003400314126338344
812033,GENERIC_GRU,17,0.0002651920585776679
812033,GENERIC_GRU,18,0.00021767198268207721
812033,GENERIC_GRU,19,0.00018925886433862615
812033,GENERIC_GRU,20,0.0001725513593555661
812033,GENERIC_GRU,21,0.00016353109185729409
812033,GENERIC_GRU,22,0.00015837325008760672
812033,GENERIC_GRU,23,0.00015554300443909597
812033,GENERIC_GRU,24,0.00015380774311779533
812033,GENERIC_GRU,25,0.00015266217906173551
812033,GENERIC_GRU,26,0.00015172318671829998
812033,GENERIC_GRU,27,0.000150984537867771
812033,GENERIC_GRU,28,0.0001502991390225361
812033,GENERIC_GRU,29,0.00014969030416978057
812033,GENERIC_GRU,30,0.00014909767787685269
812033,MOTOR_ZERO_ABLATION,1,0.0037451058451551944
812033,MOTOR_ZERO_ABLATION,2,0.003213556803530082
812033,MOTOR_ZERO_ABLATION,3,0.0027341561944922432
812033,MOTOR_ZERO_ABLATION,4,0.0022379674046533182
812033,MOTOR_ZERO_ABLATION,5,0.0017322477724519558
812033,MOTOR_ZERO_ABLATION,6,0.0012330907557043247
812033,MOTOR_ZERO_ABLATION,7,0.0007925879290269222
812033,MOTOR_ZERO_ABLATION,8,0.0004729314041469479
812033,MOTOR_ZERO_ABLATION,9,0.0002915945806307718
812033,MOTOR_ZERO_ABLATION,10,0.00021454970283230068
812033,MOTOR_ZERO_ABLATION,11,0.00018832423302228563
812033,MOTOR_ZERO_ABLATION,12,0.00018125241240340983
812033,MOTOR_ZERO_ABLATION,13,0.00017655147257755743
812033,MOTOR_ZERO_ABLATION,14,0.0001720783320706687
812033,MOTOR_ZERO_ABLATION,15,0.00016920428424782585
812033,MOTOR_ZERO_ABLATION,16,0.00016644591869408032
812033,MOTOR_ZERO_ABLATION,17,0.00016464345662825508
812033,MOTOR_ZERO_ABLATION,18,0.00016096675062726717
812033,MOTOR_ZERO_ABLATION,19,0.00015856958452786785
812033,MOTOR_ZERO_ABLATION,20,0.00015659653490729397
812033,MOTOR_ZERO_ABLATION,21,0.00015436313060490647
812033,MOTOR_ZERO_ABLATION,22,0.00015231048246278078
812033,MOTOR_ZERO_ABLATION,23,0.0001502775885455776
812033,MOTOR_ZERO_ABLATION,24,0.0001494177640779526
812033,MOTOR_ZERO_ABLATION,25,0.000147510879287438
812033,MOTOR_ZERO_ABLATION,26,0.00014570169787475606
812033,MOTOR_ZERO_ABLATION,27,0.00014466259381151758
812033,MOTOR_ZERO_ABLATION,28,0.00014434472268476384
812033,MOTOR_ZERO_ABLATION,29,0.00014231725162971998
812033,MOTOR_ZERO_ABLATION,30,0.0001411095308867516
812033,MOTOR_PERMUTED_ABLATION,1,0.003692162412335165
812033,MOTOR_PERMUTED_ABLATION,2,0.003311323467642069
812033,MOTOR_PERMUTED_ABLATION,3,0.0028907155065098777
812033,MOTOR_PERMUTED_ABLATION,4,0.0024270984577015042
812033,MOTOR_PERMUTED_ABLATION,5,0.0019332230222062208
812033,MOTOR_PERMUTED_ABLATION,6,0.0014289507817011327
812033,MOTOR_PERMUTED_ABLATION,7,0.000971742261754116
812033,MOTOR_PERMUTED_ABLATION,8,0.0006181399076012895
812033,MOTOR_PERMUTED_ABLATION,9,0.00038907181078684516
812033,MOTOR_PERMUTED_ABLATION,10,0.0002657554714460275
812033,MOTOR_PERMUTED_ABLATION,11,0.00020889706320303958
812033,MOTOR_PERMUTED_ABLATION,12,0.00018765279310173355
812033,MOTOR_PERMUTED_ABLATION,13,0.00017979320637095952
812033,MOTOR_PERMUTED_ABLATION,14,0.00017481713075540029
812033,MOTOR_PERMUTED_ABLATION,15,0.00017157906222564634
812033,MOTOR_PERMUTED_ABLATION,16,0.00016862138636497548
812033,MOTOR_PERMUTED_ABLATION,17,0.00016626875276415376
812033,MOTOR_PERMUTED_ABLATION,18,0.00016381014756916557
812033,MOTOR_PERMUTED_ABLATION,19,0.00016135512123582885
812033,MOTOR_PERMUTED_ABLATION,20,0.00015921363956294954
812033,MOTOR_PERMUTED_ABLATION,21,0.00015732049632788403
812033,MOTOR_PERMUTED_ABLATION,22,0.00015642905009372043
812033,MOTOR_PERMUTED_ABLATION,23,0.00015339116544055287
812033,MOTOR_PERMUTED_ABLATION,24,0.00015155886922002537
812033,MOTOR_PERMUTED_ABLATION,25,0.00014987929580456694
812033,MOTOR_PERMUTED_ABLATION,26,0.00014810865104664117
812033,MOTOR_PERMUTED_ABLATION,27,0.00014690080206491984
812033,MOTOR_PERMUTED_ABLATION,28,0.00014552038646797882
812033,MOTOR_PERMUTED_ABLATION,29,0.00014392413413588656
812033,MOTOR_PERMUTED_ABLATION,30,0.00014248677234718343
812034,MOTOR_GATED_RNN,1,0.0035794107388937846
812034,MOTOR_GATED_RNN,2,0.003236589065636508
812034,MOTOR_GATED_RNN,3,0.0029892752500018105
812034,MOTOR_GATED_RNN,4,0.002686202700715512
812034,MOTOR_GATED_RNN,5,0.002295422164024785
812034,MOTOR_GATED_RNN,6,0.0018235741517855786
812034,MOTOR_GATED_RNN,7,0.0013266951718833297
812034,MOTOR_GATED_RNN,8,0.0008636895327072125
812034,MOTOR_GATED_RNN,9,0.0004887319119006861
812034,MOTOR_GATED_RNN,10,0.00026824267752090236
812034,MOTOR_GATED_RNN,11,0.00018449539493303746
812034,MOTOR_GATED_RNN,12,0.00016532303925487213
812034,MOTOR_GATED_RNN,13,0.00016022692125261528
812034,MOTOR_GATED_RNN,14,0.00015661402721889317
812034,MOTOR_GATED_RNN,15,0.0001537046182420454
812034,MOTOR_GATED_RNN,16,0.00015102545421541436
812034,MOTOR_GATED_RNN,17,0.00014911244397808332
812034,MOTOR_GATED_RNN,18,0.0001472859876230359
812034,MOTOR_GATED_RNN,19,0.00014485047131529427
812034,MOTOR_GATED_RNN,20,0.0001436816128261853
812034,MOTOR_GATED_RNN,21,0.0001417844223396969
812034,MOTOR_GATED_RNN,22,0.00014161631361275795
812034,MOTOR_GATED_RNN,23,0.0001396452980770846
812034,MOTOR_GATED_RNN,24,0.00013773430100627593
812034,MOTOR_GATED_RNN,25,0.00013686411648450303
812034,MOTOR_GATED_RNN,26,0.0001354563237327966
812034,MOTOR_GATED_RNN,27,0.00013427920566755347
812034,MOTOR_GATED_RNN,28,0.00013336636993699358
812034,MOTOR_GATED_RNN,29,0.00013283300859256997
812034,MOTOR_GATED_RNN,30,0.0001317308192483324
812034,GENERIC_GRU,1,0.003957782610086724
812034,GENERIC_GRU,2,0.0033963025925913826
812034,GENERIC_GRU,3,0.0031428130314452574
812034,GENERIC_GRU,4,0.0028664452402153984
812034,GENERIC_GRU,5,0.0024975636624731123
812034,GENERIC_GRU,6,0.002047190850134939
812034,GENERIC_GRU,7,0.0015774384883116
812034,GENERIC_GRU,8,0.0011530987139849458
812034,GENERIC_GRU,9,0.000802631962869782
812034,GENERIC_GRU,10,0.0005298815940477652
812034,GENERIC_GRU,11,0.00034337294164288323
812034,GENERIC_GRU,12,0.00023273581336979987
812034,GENERIC_GRU,13,0.00017683495025266893
812034,GENERIC_GRU,14,0.00015218559383356478
812034,GENERIC_GRU,15,0.00014334246225189418
812034,GENERIC_GRU,16,0.0001402258585585514
812034,GENERIC_GRU,17,0.0001393732618453214
812034,GENERIC_GRU,18,0.00013895754955228767
812034,GENERIC_GRU,19,0.00013872397312297835
812034,GENERIC_GRU,20,0.00013849667038812186
812034,GENERIC_GRU,21,0.00013822026403431664
812034,GENERIC_GRU,22,0.00013799579710394028
812034,GENERIC_GRU,23,0.00013773650744042243
812034,GENERIC_GRU,24,0.0001375697429466527
812034,GENERIC_GRU,25,0.00013736432902078377
812034,GENERIC_GRU,26,0.0001371374796690361
812034,GENERIC_GRU,27,0.00013692935226572445
812034,GENERIC_GRU,28,0.00013681269865628565
812034,GENERIC_GRU,29,0.00013651273138748365
812034,GENERIC_GRU,30,0.0001361225172331615
812034,MOTOR_ZERO_ABLATION,1,0.0038026625115890056
812034,MOTOR_ZERO_ABLATION,2,0.0034112240828108042
812034,MOTOR_ZERO_ABLATION,3,0.0031056421430548653
812034,MOTOR_ZERO_ABLATION,4,0.002796995555399917
812034,MOTOR_ZERO_ABLATION,5,0.002437223040033132
812034,MOTOR_ZERO_ABLATION,6,0.002033835196925793
812034,MOTOR_ZERO_ABLATION,7,0.0015844596491660923
812034,MOTOR_ZERO_ABLATION,8,0.0011094119254266843
812034,MOTOR_ZERO_ABLATION,9,0.0006958662233955692
812034,MOTOR_ZERO_ABLATION,10,0.00041433944534219336
812034,MOTOR_ZERO_ABLATION,11,0.00025974420896091033
812034,MOTOR_ZERO_ABLATION,12,0.00019438154322415357
812034,MOTOR_ZERO_ABLATION,13,0.00017414720332453726
812034,MOTOR_ZERO_ABLATION,14,0.00016882368890946964
812034,MOTOR_ZERO_ABLATION,15,0.00016434774079243653
812034,MOTOR_ZERO_ABLATION,16,0.00016099955701065483
812034,MOTOR_ZERO_ABLATION,17,0.00015856134268688038
812034,MOTOR_ZERO_ABLATION,18,0.00015628580240445444
812034,MOTOR_ZERO_ABLATION,19,0.0001543915177535382
812034,MOTOR_ZERO_ABLATION,20,0.0001527350113974535
812034,MOTOR_ZERO_ABLATION,21,0.00015101085273272474
812034,MOTOR_ZERO_ABLATION,22,0.00014956246513975202
812034,MOTOR_ZERO_ABLATION,23,0.00014837727940175682
812034,MOTOR_ZERO_ABLATION,24,0.00014700862175232032
812034,MOTOR_ZERO_ABLATION,25,0.0001454972407373134
812034,MOTOR_ZERO_ABLATION,26,0.0001448845796403475
812034,MOTOR_ZERO_ABLATION,27,0.00014366586628966616
812034,MOTOR_ZERO_ABLATION,28,0.00014246449927668436
812034,MOTOR_ZERO_ABLATION,29,0.00014203113096300513
812034,MOTOR_ZERO_ABLATION,30,0.00014113994484432624
812034,MOTOR_PERMUTED_ABLATION,1,0.004504445372731425
812034,MOTOR_PERMUTED_ABLATION,2,0.00380552452406846
812034,MOTOR_PERMUTED_ABLATION,3,0.0033917956752702594
812034,MOTOR_PERMUTED_ABLATION,4,0.00304709211923182
812034,MOTOR_PERMUTED_ABLATION,5,0.002674748917343095
812034,MOTOR_PERMUTED_ABLATION,6,0.0022404982591979206
812034,MOTOR_PERMUTED_ABLATION,7,0.0017465199271100573
812034,MOTOR_PERMUTED_ABLATION,8,0.0012207278050482273
812034,MOTOR_PERMUTED_ABLATION,9,0.0007652405256521888
812034,MOTOR_PERMUTED_ABLATION,10,0.00045772768498864025
812034,MOTOR_PERMUTED_ABLATION,11,0.0002940548802143894
812034,MOTOR_PERMUTED_ABLATION,12,0.00023191890886664623
812034,MOTOR_PERMUTED_ABLATION,13,0.00020831941310461843
812034,MOTOR_PERMUTED_ABLATION,14,0.00019752422758756438
812034,MOTOR_PERMUTED_ABLATION,15,0.00019282275934529025
812034,MOTOR_PERMUTED_ABLATION,16,0.00018953768721985398
812034,MOTOR_PERMUTED_ABLATION,17,0.0001865805725174141
812034,MOTOR_PERMUTED_ABLATION,18,0.00018356737473368412
812034,MOTOR_PERMUTED_ABLATION,19,0.00018121558423445094
812034,MOTOR_PERMUTED_ABLATION,20,0.00017888040474645095
812034,MOTOR_PERMUTED_ABLATION,21,0.0001766668310665409
812034,MOTOR_PERMUTED_ABLATION,22,0.00017494397525297245
812034,MOTOR_PERMUTED_ABLATION,23,0.00017300026229349896
812034,MOTOR_PERMUTED_ABLATION,24,0.00017069063414965058
812034,MOTOR_PERMUTED_ABLATION,25,0.0001685930346866371
812034,MOTOR_PERMUTED_ABLATION,26,0.0001673291217230144
812034,MOTOR_PERMUTED_ABLATION,27,0.00016500832862220705
812034,MOTOR_PERMUTED_ABLATION,28,0.0001634437912798603
812034,MOTOR_PERMUTED_ABLATION,29,0.00016200876143557252
812034,MOTOR_PERMUTED_ABLATION,30,0.000159852696924645
812035,MOTOR_GATED_RNN,1,0.006331505952402949
812035,MOTOR_GATED_RNN,2,0.0039006314473226666
812035,MOTOR_GATED_RNN,3,0.0034495135041652247
812035,MOTOR_GATED_RNN,4,0.0031823522731428966
812035,MOTOR_GATED_RNN,5,0.0029231296211946756
812035,MOTOR_GATED_RNN,6,0.002612429510918446
812035,MOTOR_GATED_RNN,7,0.0022575977054657415
812035,MOTOR_GATED_RNN,8,0.001867973456683103
812035,MOTOR_GATED_RNN,9,0.0014531347042066045
812035,MOTOR_GATED_RNN,10,0.0010434060932311695
812035,MOTOR_GATED_RNN,11,0.0006843601840955671
812035,MOTOR_GATED_RNN,12,0.0004184059416729724
812035,MOTOR_GATED_RNN,13,0.00026292866277799476
812035,MOTOR_GATED_RNN,14,0.00019403784335736418
812035,MOTOR_GATED_RNN,15,0.00017232664595212555
812035,MOTOR_GATED_RNN,16,0.00016558009428990772
812035,MOTOR_GATED_RNN,17,0.00016294638726321864
812035,MOTOR_GATED_RNN,18,0.00016083424907264998
812035,MOTOR_GATED_RNN,19,0.00015885130778769962
812035,MOTOR_GATED_RNN,20,0.00015696981881774263
812035,MOTOR_GATED_RNN,21,0.00015549068575637648
812035,MOTOR_GATED_RNN,22,0.00015408450781251304
812035,MOTOR_GATED_RNN,23,0.00015224706930894172
812035,MOTOR_GATED_RNN,24,0.0001505747186456574
812035,MOTOR_GATED_RNN,25,0.00014923284743417753
812035,MOTOR_GATED_RNN,26,0.00014796484811085975
812035,MOTOR_GATED_RNN,27,0.00014622745311498875
812035,MOTOR_GATED_RNN,28,0.00014477036256721476
812035,MOTOR_GATED_RNN,29,0.00014334862544274074
812035,MOTOR_GATED_RNN,30,0.00014201906969901756
812035,GENERIC_GRU,1,0.004165537990047596
812035,GENERIC_GRU,2,0.003775580204091966
812035,GENERIC_GRU,3,0.003529376772348769
812035,GENERIC_GRU,4,0.003264136452344246
812035,GENERIC_GRU,5,0.002933559168013744
812035,GENERIC_GRU,6,0.0025341356522403657
812035,GENERIC_GRU,7,0.002086307191348169
812035,GENERIC_GRU,8,0.001612956119060982
812035,GENERIC_GRU,9,0.0011845142071251757
812035,GENERIC_GRU,10,0.0008326307652168907
812035,GENERIC_GRU,11,0.0005539347694138996
812035,GENERIC_GRU,12,0.0003560045461199479
812035,GENERIC_GRU,13,0.00023521780440205475
812035,GENERIC_GRU,14,0.00017253859732591081
812035,GENERIC_GRU,15,0.00014654803362645907
812035,GENERIC_GRU,16,0.0001368776247545611
812035,GENERIC_GRU,17,0.00013372181047088816
812035,GENERIC_GRU,18,0.00013232990613687434
812035,GENERIC_GRU,19,0.00013112275610183133
812035,GENERIC_GRU,20,0.00012995011138627888
812035,GENERIC_GRU,21,0.00012900940055260435
812035,GENERIC_GRU,22,0.0001280795099773968
812035,GENERIC_GRU,23,0.00012714623289866722
812035,GENERIC_GRU,24,0.00012626553188965772
812035,GENERIC_GRU,25,0.00012515197158791125
812035,GENERIC_GRU,26,0.00012454907118808478
812035,GENERIC_GRU,27,0.00012353562760836212
812035,GENERIC_GRU,28,0.0001226958788720367
812035,GENERIC_GRU,29,0.00012194443615953787
812035,GENERIC_GRU,30,0.00012122797670599539
812035,MOTOR_ZERO_ABLATION,1,0.004956485470756888
812035,MOTOR_ZERO_ABLATION,2,0.004095849406439811
812035,MOTOR_ZERO_ABLATION,3,0.003802906285272911
812035,MOTOR_ZERO_ABLATION,4,0.0035769934620475397
812035,MOTOR_ZERO_ABLATION,5,0.003356646790052764
812035,MOTOR_ZERO_ABLATION,6,0.003082243914832361
812035,MOTOR_ZERO_ABLATION,7,0.002710627086344175
812035,MOTOR_ZERO_ABLATION,8,0.0022196484496816993
812035,MOTOR_ZERO_ABLATION,9,0.001648935824050568
812035,MOTOR_ZERO_ABLATION,10,0.0011214582009415608
812035,MOTOR_ZERO_ABLATION,11,0.0007475877973774914
812035,MOTOR_ZERO_ABLATION,12,0.0004964515046594897
812035,MOTOR_ZERO_ABLATION,13,0.0003457518669165438
812035,MOTOR_ZERO_ABLATION,14,0.0002618015496409498
812035,MOTOR_ZERO_ABLATION,15,0.00022055757926864317
812035,MOTOR_ZERO_ABLATION,16,0.0002001899838433019
812035,MOTOR_ZERO_ABLATION,17,0.0001906500128825428
812035,MOTOR_ZERO_ABLATION,18,0.00018566294966149144
812035,MOTOR_ZERO_ABLATION,19,0.00018265882408741163
812035,MOTOR_ZERO_ABLATION,20,0.00018011640895565506
812035,MOTOR_ZERO_ABLATION,21,0.0001780047032298171
812035,MOTOR_ZERO_ABLATION,22,0.00017589219623914687
812035,MOTOR_ZERO_ABLATION,23,0.00017382468649884686
812035,MOTOR_ZERO_ABLATION,24,0.00017185478372994112
812035,MOTOR_ZERO_ABLATION,25,0.00017010380997817265
812035,MOTOR_ZERO_ABLATION,26,0.00016819441862025997
812035,MOTOR_ZERO_ABLATION,27,0.00016679077816661447
812035,MOTOR_ZERO_ABLATION,28,0.00016519671862624818
812035,MOTOR_ZERO_ABLATION,29,0.00016335736290784553
812035,MOTOR_ZERO_ABLATION,30,0.00016190298720175633
812035,MOTOR_PERMUTED_ABLATION,1,0.008489154424751177
812035,MOTOR_PERMUTED_ABLATION,2,0.0051097055547870696
812035,MOTOR_PERMUTED_ABLATION,3,0.003832520145806484
812035,MOTOR_PERMUTED_ABLATION,4,0.003436711063841358
812035,MOTOR_PERMUTED_ABLATION,5,0.0031262120901374146
812035,MOTOR_PERMUTED_ABLATION,6,0.002840325381839648
812035,MOTOR_PERMUTED_ABLATION,7,0.002531365680624731
812035,MOTOR_PERMUTED_ABLATION,8,0.0021671589493053034
812035,MOTOR_PERMUTED_ABLATION,9,0.0017743524222169071
812035,MOTOR_PERMUTED_ABLATION,10,0.0013907280954299495
812035,MOTOR_PERMUTED_ABLATION,11,0.0010408915659354534
812035,MOTOR_PERMUTED_ABLATION,12,0.0007355217894655652
812035,MOTOR_PERMUTED_ABLATION,13,0.0004964835716236848
812035,MOTOR_PERMUTED_ABLATION,14,0.00033727180925779976
812035,MOTOR_PERMUTED_ABLATION,15,0.00024970166032289853
812035,MOTOR_PERMUTED_ABLATION,16,0.00020648435111070285
812035,MOTOR_PERMUTED_ABLATION,17,0.00018644358806341188
812035,MOTOR_PERMUTED_ABLATION,18,0.00017580514668225078
812035,MOTOR_PERMUTED_ABLATION,19,0.00016908362431422574
812035,MOTOR_PERMUTED_ABLATION,20,0.0001639101010368904
812035,MOTOR_PERMUTED_ABLATION,21,0.00015991545114957262
812035,MOTOR_PERMUTED_ABLATION,22,0.00015601013183186296
812035,MOTOR_PERMUTED_ABLATION,23,0.0001526529322291026
812035,MOTOR_PERMUTED_ABLATION,24,0.00014994182856753469
812035,MOTOR_PERMUTED_ABLATION,25,0.0001470355355195352
812035,MOTOR_PERMUTED_ABLATION,26,0.00014452182313107187
812035,MOTOR_PERMUTED_ABLATION,27,0.0001420504622728913
812035,MOTOR_PERMUTED_ABLATION,28,0.00013979198229208123
812035,MOTOR_PERMUTED_ABLATION,29,0.0001377385742671322
812035,MOTOR_PERMUTED_ABLATION,30,0.00013592927643912844
812036,MOTOR_GATED_RNN,1,0.007194732083007693
812036,MOTOR_GATED_RNN,2,0.003890579449944198
812036,MOTOR_GATED_RNN,3,0.0030919274140615016
812036,MOTOR_GATED_RNN,4,0.002821288289851509
812036,MOTOR_GATED_RNN,5,0.002538157466915436
812036,MOTOR_GATED_RNN,6,0.002232001323136501
812036,MOTOR_GATED_RNN,7,0.0018992454279214144
812036,MOTOR_GATED_RNN,8,0.0015470359066966921
812036,MOTOR_GATED_RNN,9,0.0012055041661369614
812036,MOTOR_GATED_RNN,10,0.0008979018457466736
812036,MOTOR_GATED_RNN,11,0.0006370532319124322
812036,MOTOR_GATED_RNN,12,0.00043390078462834936
812036,MOTOR_GATED_RNN,13,0.0002977761614602059
812036,MOTOR_GATED_RNN,14,0.00022365940276358742
812036,MOTOR_GATED_RNN,15,0.00019149354648106964
812036,MOTOR_GATED_RNN,16,0.0001791845288607874
812036,MOTOR_GATED_RNN,17,0.0001742344784361194
812036,MOTOR_GATED_RNN,18,0.00017059195579349762
812036,MOTOR_GATED_RNN,19,0.00016759024492785102
812036,MOTOR_GATED_RNN,20,0.0001645519432713627
812036,MOTOR_GATED_RNN,21,0.00016185836011572974
812036,MOTOR_GATED_RNN,22,0.00015939105196594028
812036,MOTOR_GATED_RNN,23,0.00015732076190033695
812036,MOTOR_GATED_RNN,24,0.00015488771623495268
812036,MOTOR_GATED_RNN,25,0.00015287421683751745
812036,MOTOR_GATED_RNN,26,0.00015081615492817946
812036,MOTOR_GATED_RNN,27,0.0001490333361289231
812036,MOTOR_GATED_RNN,28,0.00014750076070413343
812036,MOTOR_GATED_RNN,29,0.00014614754127251217
812036,MOTOR_GATED_RNN,30,0.00014464602463704068
812036,GENERIC_GRU,1,0.0038616256206296384
812036,GENERIC_GRU,2,0.0033721412619343027
812036,GENERIC_GRU,3,0.0029849968996131793
812036,GENERIC_GRU,4,0.002577360311988741
812036,GENERIC_GRU,5,0.0021326506102923304
812036,GENERIC_GRU,6,0.0016659505636198446
812036,GENERIC_GRU,7,0.0012435190874384716
812036,GENERIC_GRU,8,0.0008861643691489007
812036,GENERIC_GRU,9,0.0006004675615258748
812036,GENERIC_GRU,10,0.0003980066212534439
812036,GENERIC_GRU,11,0.00027094443248643074
812036,GENERIC_GRU,12,0.00020193888667563442
812036,GENERIC_GRU,13,0.00016939748365984997
812036,GENERIC_GRU,14,0.00015651058311050292
812036,GENERIC_GRU,15,0.0001521303083791281
812036,GENERIC_GRU,16,0.0001503987550677266
812036,GENERIC_GRU,17,0.00014983406981627923
812036,GENERIC_GRU,18,0.00014961324995965697
812036,GENERIC_GRU,19,0.0001487386216467712
812036,GENERIC_GRU,20,0.00014831598127784673
812036,GENERIC_GRU,21,0.00014776606167288264
812036,GENERIC_GRU,22,0.0001473989977966994
812036,GENERIC_GRU,23,0.0001469145004193706
812036,GENERIC_GRU,24,0.0001465201412429451
812036,GENERIC_GRU,25,0.00014596286700907513
812036,GENERIC_GRU,26,0.0001455073897886905
812036,GENERIC_GRU,27,0.0001448139419153449
812036,GENERIC_GRU,28,0.0001442343082089792
812036,GENERIC_GRU,29,0.00014378341256815474
812036,GENERIC_GRU,30,0.00014351023082781467
812036,MOTOR_ZERO_ABLATION,1,0.0033076516701839864
812036,MOTOR_ZERO_ABLATION,2,0.002929976981249638
812036,MOTOR_ZERO_ABLATION,3,0.002607200338388793
812036,MOTOR_ZERO_ABLATION,4,0.0022240601538214833
812036,MOTOR_ZERO_ABLATION,5,0.0017875067132990807
812036,MOTOR_ZERO_ABLATION,6,0.0013285923632793128
812036,MOTOR_ZERO_ABLATION,7,0.0008892492915038019
812036,MOTOR_ZERO_ABLATION,8,0.0005308253421389963
812036,MOTOR_ZERO_ABLATION,9,0.00031237588882504497
812036,MOTOR_ZERO_ABLATION,10,0.00022605552385357441
812036,MOTOR_ZERO_ABLATION,11,0.0002016386242758017
812036,MOTOR_ZERO_ABLATION,12,0.0001944238201758708
812036,MOTOR_ZERO_ABLATION,13,0.00018883475877373712
812036,MOTOR_ZERO_ABLATION,14,0.00018564201582194073
812036,MOTOR_ZERO_ABLATION,15,0.00018274308331456268
812036,MOTOR_ZERO_ABLATION,16,0.00017976982690015575
812036,MOTOR_ZERO_ABLATION,17,0.00017757311707100598
812036,MOTOR_ZERO_ABLATION,18,0.000175420002960891
812036,MOTOR_ZERO_ABLATION,19,0.0001731180636852514
812036,MOTOR_ZERO_ABLATION,20,0.00017101068715419387
812036,MOTOR_ZERO_ABLATION,21,0.00016869411683728686
812036,MOTOR_ZERO_ABLATION,22,0.0001665891832089983
812036,MOTOR_ZERO_ABLATION,23,0.00016446486733912025
812036,MOTOR_ZERO_ABLATION,24,0.0001621088895262801
812036,MOTOR_ZERO_ABLATION,25,0.00015995635203580605
812036,MOTOR_ZERO_ABLATION,26,0.00015783149501658045
812036,MOTOR_ZERO_ABLATION,27,0.00015566459023830248
812036,MOTOR_ZERO_ABLATION,28,0.00015378586340375477
812036,MOTOR_ZERO_ABLATION,29,0.0001515508747615968
812036,MOTOR_ZERO_ABLATION,30,0.00014996110166975996
812036,MOTOR_PERMUTED_ABLATION,1,0.00401408965990413
812036,MOTOR_PERMUTED_ABLATION,2,0.0035081515816273168
812036,MOTOR_PERMUTED_ABLATION,3,0.0032817049941513687
812036,MOTOR_PERMUTED_ABLATION,4,0.003049516788451001
812036,MOTOR_PERMUTED_ABLATION,5,0.002762118703685701
812036,MOTOR_PERMUTED_ABLATION,6,0.0024034328816924244
812036,MOTOR_PERMUTED_ABLATION,7,0.001991282908420544
812036,MOTOR_PERMUTED_ABLATION,8,0.0015582595224259421
812036,MOTOR_PERMUTED_ABLATION,9,0.0011406618759792764
812036,MOTOR_PERMUTED_ABLATION,10,0.0007741876106592827
812036,MOTOR_PERMUTED_ABLATION,11,0.0004919345119560603
812036,MOTOR_PERMUTED_ABLATION,12,0.00030870969840179896
812036,MOTOR_PERMUTED_ABLATION,13,0.0002173197508454905
812036,MOTOR_PERMUTED_ABLATION,14,0.0001859472822616226
812036,MOTOR_PERMUTED_ABLATION,15,0.00017784166175260907
812036,MOTOR_PERMUTED_ABLATION,16,0.00017469090198574122
812036,MOTOR_PERMUTED_ABLATION,17,0.00017250997825613013
812036,MOTOR_PERMUTED_ABLATION,18,0.0001705515214780462
812036,MOTOR_PERMUTED_ABLATION,19,0.00016832599521876546
812036,MOTOR_PERMUTED_ABLATION,20,0.00016631367543595843
812036,MOTOR_PERMUTED_ABLATION,21,0.0001639595011511119
812036,MOTOR_PERMUTED_ABLATION,22,0.0001618367923583719
812036,MOTOR_PERMUTED_ABLATION,23,0.0001595244939380791
812036,MOTOR_PERMUTED_ABLATION,24,0.00015741506467747968
812036,MOTOR_PERMUTED_ABLATION,25,0.00015471147980861133
812036,MOTOR_PERMUTED_ABLATION,26,0.00015211858681141166
812036,MOTOR_PERMUTED_ABLATION,27,0.00014950520926504396
812036,MOTOR_PERMUTED_ABLATION,28,0.00014734874048372149
812036,MOTOR_PERMUTED_ABLATION,29,0.00014545238718710607
812036,MOTOR_PERMUTED_ABLATION,30,0.00014439477854466531
812037,MOTOR_GATED_RNN,1,0.003474668788840063
812037,MOTOR_GATED_RNN,2,0.0031663033150834963
812037,MOTOR_GATED_RNN,3,0.0029269703663885593
812037,MOTOR_GATED_RNN,4,0.0026346044178353623
812037,MOTOR_GATED_RNN,5,0.0022735989332431927
812037,MOTOR_GATED_RNN,6,0.001842379329900723
812037,MOTOR_GATED_RNN,7,0.001360371068585664
812037,MOTOR_GATED_RNN,8,0.0008843719042488374
812037,MOTOR_GATED_RNN,9,0.0004977958542440319
812037,MOTOR_GATED_RNN,10,0.0002747198686847696
812037,MOTOR_GATED_RNN,11,0.0001952460997927119
812037,MOTOR_GATED_RNN,12,0.0001731405791360885
812037,MOTOR_GATED_RNN,13,0.00016616079756204272
812037,MOTOR_GATED_RNN,14,0.00016238427997450344
812037,MOTOR_GATED_RNN,15,0.00015932363385218196
812037,MOTOR_GATED_RNN,16,0.0001572980877426744
812037,MOTOR_GATED_RNN,17,0.0001553687275190896
812037,MOTOR_GATED_RNN,18,0.00015376629562524613
812037,MOTOR_GATED_RNN,19,0.0001523109222034691
812037,MOTOR_GATED_RNN,20,0.00015099734628165606
812037,MOTOR_GATED_RNN,21,0.00014959343161535799
812037,MOTOR_GATED_RNN,22,0.00014852560889266897
812037,MOTOR_GATED_RNN,23,0.00014710508185089566
812037,MOTOR_GATED_RNN,24,0.00014589588454327895
812037,MOTOR_GATED_RNN,25,0.0001446661917725578
812037,MOTOR_GATED_RNN,26,0.00014339327663037693
812037,MOTOR_GATED_RNN,27,0.00014225327231542906
812037,MOTOR_GATED_RNN,28,0.00014089149044593796
812037,MOTOR_GATED_RNN,29,0.00013980671883473406
812037,MOTOR_GATED_RNN,30,0.00013836453354088007
812037,GENERIC_GRU,1,0.010110010887729004
812037,GENERIC_GRU,2,0.0038854294980410486
812037,GENERIC_GRU,3,0.003375795451574959
812037,GENERIC_GRU,4,0.002988633088534698
812037,GENERIC_GRU,5,0.002695991672226228
812037,GENERIC_GRU,6,0.002405538994935341
812037,GENERIC_GRU,7,0.002104075436363928
812037,GENERIC_GRU,8,0.0018041350122075528
812037,GENERIC_GRU,9,0.0015151420739130117
812037,GENERIC_GRU,10,0.0012409310511429794
812037,GENERIC_GRU,11,0.0009914201909850817
812037,GENERIC_GRU,12,0.0007715894462307915
812037,GENERIC_GRU,13,0.000584803507081233
812037,GENERIC_GRU,14,0.00043649354665831197
812037,GENERIC_GRU,15,0.0003261317888245685
812037,GENERIC_GRU,16,0.0002490394845153787
812037,GENERIC_GRU,17,0.0001992986653931439
812037,GENERIC_GRU,18,0.00016911790953599848
812037,GENERIC_GRU,19,0.00015195093419606565
812037,GENERIC_GRU,20,0.00014263714274420636
812037,GENERIC_GRU,21,0.00013793785228699562
812037,GENERIC_GRU,22,0.00013554890620071092
812037,GENERIC_GRU,23,0.0001343767185062461
812037,GENERIC_GRU,24,0.00013377759478316875
812037,GENERIC_GRU,25,0.00013341056001081597
812037,GENERIC_GRU,26,0.00013317719458427746
812037,GENERIC_GRU,27,0.0001329696033280925
812037,GENERIC_GRU,28,0.00013277744983497541
812037,GENERIC_GRU,29,0.0001326023530054954
812037,GENERIC_GRU,30,0.00013242636168797617
812037,MOTOR_ZERO_ABLATION,1,0.0072681525780353695
812037,MOTOR_ZERO_ABLATION,2,0.004324421679484658
812037,MOTOR_ZERO_ABLATION,3,0.0037113313155714422
812037,MOTOR_ZERO_ABLATION,4,0.003436803395743482
812037,MOTOR_ZERO_ABLATION,5,0.0031711839692434296
812037,MOTOR_ZERO_ABLATION,6,0.0028491433622548357
812037,MOTOR_ZERO_ABLATION,7,0.0024665118689881638
812037,MOTOR_ZERO_ABLATION,8,0.002051831077551469
812037,MOTOR_ZERO_ABLATION,9,0.0016411750475526787
812037,MOTOR_ZERO_ABLATION,10,0.0012490096705732867
812037,MOTOR_ZERO_ABLATION,11,0.0008984551859612111
812037,MOTOR_ZERO_ABLATION,12,0.0006157038897072198
812037,MOTOR_ZERO_ABLATION,13,0.00041078082176682074
812037,MOTOR_ZERO_ABLATION,14,0.0002810958658301388
812037,MOTOR_ZERO_ABLATION,15,0.0002128361711584148
812037,MOTOR_ZERO_ABLATION,16,0.00018400372846372193
812037,MOTOR_ZERO_ABLATION,17,0.00017423999815946445
812037,MOTOR_ZERO_ABLATION,18,0.0001702714880593703
812037,MOTOR_ZERO_ABLATION,19,0.00016748489269957645
812037,MOTOR_ZERO_ABLATION,20,0.00016561993470531888
812037,MOTOR_ZERO_ABLATION,21,0.00016384829814342083
812037,MOTOR_ZERO_ABLATION,22,0.00016239439901255537
812037,MOTOR_ZERO_ABLATION,23,0.00016078922817541752
812037,MOTOR_ZERO_ABLATION,24,0.00015938570322759915
812037,MOTOR_ZERO_ABLATION,25,0.00015796927345945733
812037,MOTOR_ZERO_ABLATION,26,0.00015665381488361163
812037,MOTOR_ZERO_ABLATION,27,0.00015547143357252935
812037,MOTOR_ZERO_ABLATION,28,0.00015425991477968637
812037,MOTOR_ZERO_ABLATION,29,0.00015298106063710293
812037,MOTOR_ZERO_ABLATION,30,0.00015176160286500817
812037,MOTOR_PERMUTED_ABLATION,1,0.004632824333384633
812037,MOTOR_PERMUTED_ABLATION,2,0.0037584009987767786
812037,MOTOR_PERMUTED_ABLATION,3,0.00358183920616284
812037,MOTOR_PERMUTED_ABLATION,4,0.0033970036020036787
812037,MOTOR_PERMUTED_ABLATION,5,0.0031923802162054926
812037,MOTOR_PERMUTED_ABLATION,6,0.002923600797657855
812037,MOTOR_PERMUTED_ABLATION,7,0.0025745393650140613
812037,MOTOR_PERMUTED_ABLATION,8,0.002153501132852398
812037,MOTOR_PERMUTED_ABLATION,9,0.0016811537643661723
812037,MOTOR_PERMUTED_ABLATION,10,0.0011782474975916557
812037,MOTOR_PERMUTED_ABLATION,11,0.0007400368631351739
812037,MOTOR_PERMUTED_ABLATION,12,0.0004367531455500284
812037,MOTOR_PERMUTED_ABLATION,13,0.00026995697044185363
812037,MOTOR_PERMUTED_ABLATION,14,0.000202093082407373
812037,MOTOR_PERMUTED_ABLATION,15,0.00017913802821567515
812037,MOTOR_PERMUTED_ABLATION,16,0.00017126579132309416
812037,MOTOR_PERMUTED_ABLATION,17,0.00016601583774900064
812037,MOTOR_PERMUTED_ABLATION,18,0.00016179886824829737
812037,MOTOR_PERMUTED_ABLATION,19,0.00015885963512118906
812037,MOTOR_PERMUTED_ABLATION,20,0.00015699362757004565
812037,MOTOR_PERMUTED_ABLATION,21,0.0001546253388369223
812037,MOTOR_PERMUTED_ABLATION,22,0.00015368726326414617
812037,MOTOR_PERMUTED_ABLATION,23,0.0001517571017757291
812037,MOTOR_PERMUTED_ABLATION,24,0.00015016886300145416
812037,MOTOR_PERMUTED_ABLATION,25,0.0001492695146225742
812037,MOTOR_PERMUTED_ABLATION,26,0.00014806795843469445
812037,MOTOR_PERMUTED_ABLATION,27,0.00014691900105390232
812037,MOTOR_PERMUTED_ABLATION,28,0.00014530802900480921
812037,MOTOR_PERMUTED_ABLATION,29,0.00014401599946722854
812037,MOTOR_PERMUTED_ABLATION,30,0.00014318566900328733
812038,MOTOR_GATED_RNN,1,0.003970933787059039
812038,MOTOR_GATED_RNN,2,0.003439644249738194
812038,MOTOR_GATED_RNN,3,0.0032051744201453403
812038,MOTOR_GATED_RNN,4,0.002964288796647452
812038,MOTOR_GATED_RNN,5,0.0026714379346231
812038,MOTOR_GATED_RNN,6,0.0023175160895334557
812038,MOTOR_GATED_RNN,7,0.0018892096923082136
812038,MOTOR_GATED_RNN,8,0.001387306663673371
812038,MOTOR_GATED_RNN,9,0.000911579598323442
812038,MOTOR_GATED_RNN,10,0.0005660100960085401
812038,MOTOR_GATED_RNN,11,0.000361114383849781
812038,MOTOR_GATED_RNN,12,0.00025100877064687666
812038,MOTOR_GATED_RNN,13,0.00020268662592570763
812038,MOTOR_GATED_RNN,14,0.00018213630210084375
812038,MOTOR_GATED_RNN,15,0.00017369166653224966
812038,MOTOR_GATED_RNN,16,0.00016901040544325951
812038,MOTOR_GATED_RNN,17,0.00016584102286287816
812038,MOTOR_GATED_RNN,18,0.00016333643361576833
812038,MOTOR_GATED_RNN,19,0.00016087910989881493
812038,MOTOR_GATED_RNN,20,0.00015891879502305528
812038,MOTOR_GATED_RNN,21,0.00015733396230643848
812038,MOTOR_GATED_RNN,22,0.0001558058256705408
812038,MOTOR_GATED_RNN,23,0.00015459831047337502
812038,MOTOR_GATED_RNN,24,0.00015324699370466988
812038,MOTOR_GATED_RNN,25,0.00015201838368739118
812038,MOTOR_GATED_RNN,26,0.00015083424932527123
812038,MOTOR_GATED_RNN,27,0.000149796092955512
812038,MOTOR_GATED_RNN,28,0.00014879164518788457
812038,MOTOR_GATED_RNN,29,0.00014775076942896703
812038,MOTOR_GATED_RNN,30,0.00014683326071462943
812038,GENERIC_GRU,1,0.0074957496544811875
812038,GENERIC_GRU,2,0.0037854372058063745
812038,GENERIC_GRU,3,0.003452132412348874
812038,GENERIC_GRU,4,0.003067613492021337
812038,GENERIC_GRU,5,0.002725551283219829
812038,GENERIC_GRU,6,0.0023570258199470118
812038,GENERIC_GRU,7,0.0019848311712848954
812038,GENERIC_GRU,8,0.0016277320464723743
812038,GENERIC_GRU,9,0.0013019957623328082
812038,GENERIC_GRU,10,0.0010164860759687144
812038,GENERIC_GRU,11,0.0007701641407038551
812038,GENERIC_GRU,12,0.0005700411020370666
812038,GENERIC_GRU,13,0.0004188044840702787
812038,GENERIC_GRU,14,0.00031207987740344834
812038,GENERIC_GRU,15,0.00024152618334483122
812038,GENERIC_GRU,16,0.00019772986615862465
812038,GENERIC_GRU,17,0.00017309093800577102
812038,GENERIC_GRU,18,0.0001590902429597918
812038,GENERIC_GRU,19,0.00015163341049628798
812038,GENERIC_GRU,20,0.00014798449228692334
812038,GENERIC_GRU,21,0.0001461813553760294
812038,GENERIC_GRU,22,0.0001452473652534536
812038,GENERIC_GRU,23,0.00014463948355114553
812038,GENERIC_GRU,24,0.00014423864558921196
812038,GENERIC_GRU,25,0.00014393079163710354
812038,GENERIC_GRU,26,0.00014369449854712002
812038,GENERIC_GRU,27,0.00014341352152769105
812038,GENERIC_GRU,28,0.00014311471659311792
812038,GENERIC_GRU,29,0.000142840200169303
812038,GENERIC_GRU,30,0.00014258305236580782
812038,MOTOR_ZERO_ABLATION,1,0.0037574802699964494
812038,MOTOR_ZERO_ABLATION,2,0.003331534782773815
812038,MOTOR_ZERO_ABLATION,3,0.0030217040475690737
812038,MOTOR_ZERO_ABLATION,4,0.00269076440599747
812038,MOTOR_ZERO_ABLATION,5,0.002320779283763841
812038,MOTOR_ZERO_ABLATION,6,0.001917277775646653
812038,MOTOR_ZERO_ABLATION,7,0.0015036754484754056
812038,MOTOR_ZERO_ABLATION,8,0.00109849271029816
812038,MOTOR_ZERO_ABLATION,9,0.00072453106258763
812038,MOTOR_ZERO_ABLATION,10,0.000426778362452751
812038,MOTOR_ZERO_ABLATION,11,0.00025992500832217047
812038,MOTOR_ZERO_ABLATION,12,0.00019810465437331004
812038,MOTOR_ZERO_ABLATION,13,0.00018173805710830493
812038,MOTOR_ZERO_ABLATION,14,0.00017719603511068271
812038,MOTOR_ZERO_ABLATION,15,0.00017442067746742396
812038,MOTOR_ZERO_ABLATION,16,0.00017220225618075347
812038,MOTOR_ZERO_ABLATION,17,0.00017056436354323523
812038,MOTOR_ZERO_ABLATION,18,0.0001685656416157144
812038,MOTOR_ZERO_ABLATION,19,0.00016656942716508638
812038,MOTOR_ZERO_ABLATION,20,0.00016509465785929933
812038,MOTOR_ZERO_ABLATION,21,0.0001634650279811467
812038,MOTOR_ZERO_ABLATION,22,0.00016201031121454434
812038,MOTOR_ZERO_ABLATION,23,0.00016029507332859794
812038,MOTOR_ZERO_ABLATION,24,0.0001589842131579644
812038,MOTOR_ZERO_ABLATION,25,0.0001575142923684325
812038,MOTOR_ZERO_ABLATION,26,0.00015600183178321458
812038,MOTOR_ZERO_ABLATION,27,0.00015500020072067855
812038,MOTOR_ZERO_ABLATION,28,0.00015368056165243615
812038,MOTOR_ZERO_ABLATION,29,0.0001523050750620314
812038,MOTOR_ZERO_ABLATION,30,0.0001512884300609585
812038,MOTOR_PERMUTED_ABLATION,1,0.006037212238879874
812038,MOTOR_PERMUTED_ABLATION,2,0.0035655435640364885
812038,MOTOR_PERMUTED_ABLATION,3,0.003188425296684727
812038,MOTOR_PERMUTED_ABLATION,4,0.002936696299002506
812038,MOTOR_PERMUTED_ABLATION,5,0.0026623218436725438
812038,MOTOR_PERMUTED_ABLATION,6,0.002340893537621014
812038,MOTOR_PERMUTED_ABLATION,7,0.001976638173800893
812038,MOTOR_PERMUTED_ABLATION,8,0.0015859519044170156
812038,MOTOR_PERMUTED_ABLATION,9,0.0012058094071107917
812038,MOTOR_PERMUTED_ABLATION,10,0.0008681781800987665
812038,MOTOR_PERMUTED_ABLATION,11,0.0005922033469687449
812038,MOTOR_PERMUTED_ABLATION,12,0.00039524034946225584
812038,MOTOR_PERMUTED_ABLATION,13,0.0002758206846920075
812038,MOTOR_PERMUTED_ABLATION,14,0.00021361382823670283
812038,MOTOR_PERMUTED_ABLATION,15,0.0001843261288740905
812038,MOTOR_PERMUTED_ABLATION,16,0.00017139017109002452
812038,MOTOR_PERMUTED_ABLATION,17,0.00016564109955652384
812038,MOTOR_PERMUTED_ABLATION,18,0.00016161255553015508
812038,MOTOR_PERMUTED_ABLATION,19,0.00015795988929312443
812038,MOTOR_PERMUTED_ABLATION,20,0.00015480675119761145
812038,MOTOR_PERMUTED_ABLATION,21,0.0001516950369477854
812038,MOTOR_PERMUTED_ABLATION,22,0.00014882448431308148
812038,MOTOR_PERMUTED_ABLATION,23,0.00014651154197053984
812038,MOTOR_PERMUTED_ABLATION,24,0.00014426343386730878
812038,MOTOR_PERMUTED_ABLATION,25,0.00014222789241102873
812038,MOTOR_PERMUTED_ABLATION,26,0.00014104487308941316
812038,MOTOR_PERMUTED_ABLATION,27,0.00013973350723972544
812038,MOTOR_PERMUTED_ABLATION,28,0.00013825015230395366
812038,MOTOR_PERMUTED_ABLATION,29,0.00013704983257412096
812038,MOTOR_PERMUTED_ABLATION,30,0.00013633502203447279
812039,MOTOR_GATED_RNN,1,0.0035863727680407465
812039,MOTOR_GATED_RNN,2,0.0030733886233065277
812039,MOTOR_GATED_RNN,3,0.00265798278269358
812039,MOTOR_GATED_RNN,4,0.0021814858773723245
812039,MOTOR_GATED_RNN,5,0.001641313145228196
812039,MOTOR_GATED_RNN,6,0.0011042728292522952
812039,MOTOR_GATED_RNN,7,0.0006803010837757029
812039,MOTOR_GATED_RNN,8,0.0003873223413393134
812039,MOTOR_GATED_RNN,9,0.00023718657121207798
812039,MOTOR_GATED_RNN,10,0.00018339527468924643
812039,MOTOR_GATED_RNN,11,0.0001690530771156773
812039,MOTOR_GATED_RNN,12,0.000165196618581831
812039,MOTOR_GATED_RNN,13,0.00016140476509463042
812039,MOTOR_GATED_RNN,14,0.00015825573518668534
812039,MOTOR_GATED_RNN,15,0.0001555894932607771
812039,MOTOR_GATED_RNN,16,0.0001527267559140455
812039,MOTOR_GATED_RNN,17,0.00015023601463326486
812039,MOTOR_GATED_RNN,18,0.00014788100952500827
812039,MOTOR_GATED_RNN,19,0.00014555421512341127
812039,MOTOR_GATED_RNN,20,0.00014350190303957788
812039,MOTOR_GATED_RNN,21,0.00014158103022055002
812039,MOTOR_GATED_RNN,22,0.0001398812578372599
812039,MOTOR_GATED_RNN,23,0.0001380327989863872
812039,MOTOR_GATED_RNN,24,0.0001365844686915807
812039,MOTOR_GATED_RNN,25,0.00013446942375594517
812039,MOTOR_GATED_RNN,26,0.0001333909463028249
812039,MOTOR_GATED_RNN,27,0.00013177198206903995
812039,MOTOR_GATED_RNN,28,0.00013033698496656143
812039,MOTOR_GATED_RNN,29,0.000128865867282002
812039,MOTOR_GATED_RNN,30,0.0001277199735341128
812039,GENERIC_GRU,1,0.01339084334904328
812039,GENERIC_GRU,2,0.00517717441834975
812039,GENERIC_GRU,3,0.003320966105093248
812039,GENERIC_GRU,4,0.0030068303167354316
812039,GENERIC_GRU,5,0.0026793801953317598
812039,GENERIC_GRU,6,0.002360355807468295
812039,GENERIC_GRU,7,0.0020497700679698028
812039,GENERIC_GRU,8,0.001743001674185507
812039,GENERIC_GRU,9,0.0014534610163536854
812039,GENERIC_GRU,10,0.0011921030090888962
812039,GENERIC_GRU,11,0.0009645619029470254
812039,GENERIC_GRU,12,0.0007719413442828227
812039,GENERIC_GRU,13,0.0006123388084233738
812039,GENERIC_GRU,14,0.0004831401784031186
812039,GENERIC_GRU,15,0.00038090073394414503
812039,GENERIC_GRU,16,0.00030343770049512386
812039,GENERIC_GRU,17,0.000246855979639804
812039,GENERIC_GRU,18,0.0002075751453958219
812039,GENERIC_GRU,19,0.00018113988699042238
812039,GENERIC_GRU,20,0.0001641239623495494
812039,GENERIC_GRU,21,0.0001535315859655384
812039,GENERIC_GRU,22,0.0001469690560043091
812039,GENERIC_GRU,23,0.0001430077268196328
812039,GENERIC_GRU,24,0.00014067750817048363
812039,GENERIC_GRU,25,0.00013925528401159681
812039,GENERIC_GRU,26,0.00013824792631567107
812039,GENERIC_GRU,27,0.00013762238631898072
812039,GENERIC_GRU,28,0.00013713236194234923
812039,GENERIC_GRU,29,0.00013669061354448786
812039,GENERIC_GRU,30,0.00013635879940920859
812039,MOTOR_ZERO_ABLATION,1,0.004418220487423241
812039,MOTOR_ZERO_ABLATION,2,0.003975970670580864
812039,MOTOR_ZERO_ABLATION,3,0.0036718397168442607
812039,MOTOR_ZERO_ABLATION,4,0.0033819563541328534
812039,MOTOR_ZERO_ABLATION,5,0.003072401668759994
812039,MOTOR_ZERO_ABLATION,6,0.0027096386475022882
812039,MOTOR_ZERO_ABLATION,7,0.0022943449002923444
812039,MOTOR_ZERO_ABLATION,8,0.0018342945331824012
812039,MOTOR_ZERO_ABLATION,9,0.001374479768855963
812039,MOTOR_ZERO_ABLATION,10,0.0009691828163340688
812039,MOTOR_ZERO_ABLATION,11,0.0006453980822698213
812039,MOTOR_ZERO_ABLATION,12,0.0004126168496441096
812039,MOTOR_ZERO_ABLATION,13,0.00026858186538447626
812039,MOTOR_ZERO_ABLATION,14,0.00019754406457650475
812039,MOTOR_ZERO_ABLATION,15,0.00016783168939582538
812039,MOTOR_ZERO_ABLATION,16,0.000156740241436637
812039,MOTOR_ZERO_ABLATION,17,0.00015231234920065617
812039,MOTOR_ZERO_ABLATION,18,0.0001497621906310087
812039,MOTOR_ZERO_ABLATION,19,0.00014781696609134087
812039,MOTOR_ZERO_ABLATION,20,0.00014605730211769696
812039,MOTOR_ZERO_ABLATION,21,0.0001445290772608132
812039,MOTOR_ZERO_ABLATION,22,0.00014289872478912002
812039,MOTOR_ZERO_ABLATION,23,0.00014138974620436784
812039,MOTOR_ZERO_ABLATION,24,0.0001401385638928332
812039,MOTOR_ZERO_ABLATION,25,0.0001393446973452228
812039,MOTOR_ZERO_ABLATION,26,0.00013804919581161812
812039,MOTOR_ZERO_ABLATION,27,0.00013652695633936673
812039,MOTOR_ZERO_ABLATION,28,0.0001353872589788807
812039,MOTOR_ZERO_ABLATION,29,0.00013438178439173498
812039,MOTOR_ZERO_ABLATION,30,0.00013354132261156337
812039,MOTOR_PERMUTED_ABLATION,1,0.005342369491700083
812039,MOTOR_PERMUTED_ABLATION,2,0.004119677483686246
812039,MOTOR_PERMUTED_ABLATION,3,0.003919389739166945
812039,MOTOR_PERMUTED_ABLATION,4,0.003750625779503025
812039,MOTOR_PERMUTED_ABLATION,5,0.003585315396776423
812039,MOTOR_PERMUTED_ABLATION,6,0.0033821091055870056
812039,MOTOR_PERMUTED_ABLATION,7,0.0031215712951961905
812039,MOTOR_PERMUTED_ABLATION,8,0.002772811392787844
812039,MOTOR_PERMUTED_ABLATION,9,0.0023451878514606506
812039,MOTOR_PERMUTED_ABLATION,10,0.0018808994063874707
812039,MOTOR_PERMUTED_ABLATION,11,0.0014261936157708988
812039,MOTOR_PERMUTED_ABLATION,12,0.0010171901267312933
812039,MOTOR_PERMUTED_ABLATION,13,0.0006896438862895593
812039,MOTOR_PERMUTED_ABLATION,14,0.0004507122066570446
812039,MOTOR_PERMUTED_ABLATION,15,0.0002975352435896639
812039,MOTOR_PERMUTED_ABLATION,16,0.00021386322168837069
812039,MOTOR_PERMUTED_ABLATION,17,0.00017483635474491166
812039,MOTOR_PERMUTED_ABLATION,18,0.0001590671145095257
812039,MOTOR_PERMUTED_ABLATION,19,0.0001518295903224498
812039,MOTOR_PERMUTED_ABLATION,20,0.00014860491592116887
812039,MOTOR_PERMUTED_ABLATION,21,0.00014611659389629494
812039,MOTOR_PERMUTED_ABLATION,22,0.00014424467053686385
812039,MOTOR_PERMUTED_ABLATION,23,0.00014228644113245537
812039,MOTOR_PERMUTED_ABLATION,24,0.0001407603904226562
812039,MOTOR_PERMUTED_ABLATION,25,0.00013894194262320525
812039,MOTOR_PERMUTED_ABLATION,26,0.00013750088783126557
812039,MOTOR_PERMUTED_ABLATION,27,0.0001358092372356623
812039,MOTOR_PERMUTED_ABLATION,28,0.00013480870256898925
812039,MOTOR_PERMUTED_ABLATION,29,0.00013263217260828242
812039,MOTOR_PERMUTED_ABLATION,30,0.00013128912451065844
