null_index,topology_sha256,rho,reciprocal_dyad_count,unique_nonzero_lri_nodes,lri_unique_values,accepted_swaps_total,proposals_total,edge_count_exact,in_degree_exact,out_degree_exact,in_strength_exact,out_strength_exact,global_weight_multiset_exact,reciprocal_dyad_count_exact,self_loops_absent,binary_topology_unique
1,906015e3766bfb79ac19df32e121afb847033e6fdecca5a2fca118cd072e6c22,-0.13495081410522886,2,4,3,310,387,1,1,1,1,1,1,1,1,1
2,8ca80ece12c6ddbe9d2cebf1e0cc59f2e8e2c604e30eff2ebae20ff248747a56,-0.13495081410522886,2,4,3,620,763,1,1,1,1,1,1,1,1,1
3,733d707e0c0d8f62ecc8a6dd1443e08f81e88adf15cf885f661fc31ad0038463,-0.18160623816926652,2,4,3,930,1141,1,1,1,1,1,1,1,1,1
4,e36b52fdf1ab19982930e6e03e01705348534cffc5eca54b259345d3ea75050c,-0.18160623816926652,2,4,3,1240,1511,1,1,1,1,1,1,1,1,1
5,2b321f24c37f6d4705004418868dc0a4dcb78e0a1c9a4f2e261583171dd23ac3,-0.07628161834470155,2,4,3,1550,1881,1,1,1,1,1,1,1,1,1
6,f8b2c78f83acc14b47484d24382e5542c34559bfe40236bb0082c13d38b5d474,-0.07628161834470155,2,4,3,1860,2258,1,1,1,1,1,1,1,1,1
7,0268940b6425e728603cdb031440f0736dc78a88e5e94d91a7a9e21b3d7f694e,-0.06257414327115737,2,4,4,2170,2632,1,1,1,1,1,1,1,1,1
8,d18dd3885f5bd3eba46b95fb7d3e2e1f705b120755a88d27cdb3e37f0507a958,-0.057733832095476056,2,4,4,2480,3011,1,1,1,1,1,1,1,1,1
9,65f7ba6bf33fa98fbc97e7bf3a6ab834a9b8fc59813910d2993811ea95e7cb3f,0.022454677171003693,2,4,3,2790,3386,1,1,1,1,1,1,1,1,1
10,e9227891ce9603b9040fa3a259d50511248804f02c3f9f3c1418e6ade65ef145,-0.09652594991691198,2,4,3,3100,3754,1,1,1,1,1,1,1,1,1
11,6d899a5590fe0720290303aefa388164b40fbbb40b42cf15e27eb5a06adedd4f,-0.011080230402162071,2,4,4,3410,4136,1,1,1,1,1,1,1,1,1
12,f25dd61bc514a064507b806aa17e37b3e477ec4df0028e9fc91bbcf3dfa76053,0.08665906514533071,2,4,4,3720,4524,1,1,1,1,1,1,1,1,1
13,49197e06a9d0148589c040e5543bb9d0f8b85f2164bea068e5d95bbf7acb3675,0.08665906514533071,2,4,4,4030,4896,1,1,1,1,1,1,1,1,1
14,cc8286bb5359ac6f84687c61e17f056b7278b516058449f039432957a2dccce6,0.08665906514533071,2,4,4,4340,5272,1,1,1,1,1,1,1,1,1
15,9e4e61ccb82eab57573b915b8834dbcf84de01b04237be780e5fd0609dfbca5d,-0.0713827988179776,2,4,3,4650,5639,1,1,1,1,1,1,1,1,1
16,87709411028c35460f7bf5b5e7add68f6bad78ecc8944d274d9e421f65c20e38,-0.035898321555202006,2,4,3,4960,6029,1,1,1,1,1,1,1,1,1
17,a14961b6c049cc500905ed1f8a9d6960bf0059625e6ddc69e9addee898fef214,-0.035898321555202006,2,4,3,5270,6401,1,1,1,1,1,1,1,1,1
18,a37fa28f2f8b2bf367c98137e68b195036e39fcab4305b534d10c2b45d627583,-0.0713827988179776,2,4,3,5580,6773,1,1,1,1,1,1,1,1,1
19,81fca9a9b54a9fdcd3c6bc32c60793fbaf145de033c521f3997ebb91c3d4bc06,-0.0713827988179776,2,4,3,5890,7157,1,1,1,1,1,1,1,1,1
20,c4fd2fa98b73f27f47abf0ddbe8d1f45afc060038940621fe7575c6183d9b17b,-0.0713827988179776,2,4,3,6200,7531,1,1,1,1,1,1,1,1,1
21,70f021982b961be5c44cdba0a9a5d4a296a5b367594997a9067326cb2bf2749b,-0.0713827988179776,2,4,3,6510,7937,1,1,1,1,1,1,1,1,1
22,efd7ee62a799d03215afd0dd023e3d0cf08eabdeb72b86fbb78e501997c62091,-0.0713827988179776,2,4,3,6820,8316,1,1,1,1,1,1,1,1,1
23,fc420e55e675011b687c18ae6d7ba4ef1f46a247df970d51fd5dd6fff982d9bc,-0.0713827988179776,2,4,3,7130,8705,1,1,1,1,1,1,1,1,1
24,84cf5e1ed028e0c89d2bb6e932a1f79079a319658602c7279a2c63f749fdd431,-0.0713827988179776,2,4,3,7440,9092,1,1,1,1,1,1,1,1,1
25,25e23392a6651b2c825215b6ed64b863ded6e76161350eeff10f5b730be47d5f,0.049921303748520274,2,4,3,7750,9474,1,1,1,1,1,1,1,1,1
26,96b1ef3dfa96add0a31a47978a11dfb1ab19cce7feb4d436b2bbde9a7738b0d1,0.010060861849345808,2,4,3,8060,9852,1,1,1,1,1,1,1,1,1
27,cbaf3d266f822dcd469e7f79c49e70633a5a3ecda23619b4f25d648a2c3e65fc,0.022454677171003693,2,4,3,8370,10236,1,1,1,1,1,1,1,1,1
28,1f51663ea9513cd913536080d5fdb574a2864bc992fc4d391502ae5776171de1,0.046332858181672446,2,4,4,8680,10612,1,1,1,1,1,1,1,1,1
29,adab7baac81486616030649289a61dc95fe697492c4998784043f11481554428,0.022454677171003693,2,4,3,8990,10999,1,1,1,1,1,1,1,1,1
30,ae91cde92c90c8759a177935fb9f7479911358e6a9f4d974a239dc9ba463648c,-0.18160623816926652,2,4,3,9300,11377,1,1,1,1,1,1,1,1,1
31,16e6ef68ecd8fc83d877913f30a67d111592ae5400bc39be77bb56d1b21a8856,-0.0713827988179776,2,4,3,9610,11742,1,1,1,1,1,1,1,1,1
32,9b2efc33f3365c240bb56b504e0a9952b50c723ae12c57705da7b84014de063b,-0.035898321555202006,2,4,3,9920,12120,1,1,1,1,1,1,1,1,1
33,b09f1a2941da210c1c7f3eae132085185ca3b49a62a4a08b3e16798efaed2b31,-0.09652594991691198,2,4,3,10230,12505,1,1,1,1,1,1,1,1,1
34,2d5527afcafbc239e460f8ceccd6999bd69c286754eb15044818472d941444f5,-0.09652594991691198,2,4,3,10540,12896,1,1,1,1,1,1,1,1,1
35,02e0f692b798dc4f9b95cefbab09456fd0ed218abf9c631eddfe570f9e11ee7e,-0.09652594991691198,2,4,3,10850,13280,1,1,1,1,1,1,1,1,1
36,455af6223ec3cc7e58a9ca8fa966e61c4925c76af0eb3bec545618254d7fde69,-0.09652594991691198,2,4,3,11160,13651,1,1,1,1,1,1,1,1,1
37,a7a1ea7e0345143fef6789c20fc99c2e901cd7f63a2cedf4f75bb58563b372da,-0.18160623816926652,2,4,3,11470,14023,1,1,1,1,1,1,1,1,1
38,c68d3be5304fcfa8d7ca3f69f01a56dd96de6ef8b0cc611afe300ad350a4d08f,-0.18160623816926652,2,4,3,11780,14389,1,1,1,1,1,1,1,1,1
39,2ce6966b87b5fc393d6bc159e68d6479c0f8d873f94b1419d7c6dcb7c157ac07,-0.06257414327115737,2,4,4,12090,14767,1,1,1,1,1,1,1,1,1
40,519783c04195ce58192e44db0ccde52c204bfb8d01c9015a11e1f8f35e65291e,-0.18160623816926652,2,4,3,12400,15159,1,1,1,1,1,1,1,1,1
41,75afba1ee7794617a6e5aa6bbbe38702df260cdc1d6ab23b30453fec94b3c4f5,-0.18160623816926652,2,4,3,12710,15546,1,1,1,1,1,1,1,1,1
42,b7ee1c469c8bd7b16e2388b47bc607fa15a094ed2bef109024fb40a6065ff325,-0.10961965128026348,2,4,3,13020,15921,1,1,1,1,1,1,1,1,1
43,df1b9da7e4904716fdc20e3efa9e9035ddfc5c2e476ff6255495f7589f821d06,-0.10961965128026348,2,4,3,13330,16278,1,1,1,1,1,1,1,1,1
44,657944c8e0baee2c8b597509f7bee1e28a31776b845314898d9ba44601663f45,-0.10961965128026348,2,4,3,13640,16674,1,1,1,1,1,1,1,1,1
45,f20ba43347cd0c2c61098771e79eb1b9c765ddfe515f842bf0475d5a42fe1274,-0.10961965128026348,2,4,3,13950,17048,1,1,1,1,1,1,1,1,1
46,d485b26935d358d6a2297e0e2e26893524f0a99e4e0f55d1d29311b2fc895bcd,-0.10961965128026348,2,4,3,14260,17420,1,1,1,1,1,1,1,1,1
47,e4785eb0823d7afad0ea3d3ae938d1ea5477fe968fb910dfb47afcc5d79a1e53,-0.07628161834470155,2,4,3,14570,17807,1,1,1,1,1,1,1,1,1
48,d2a8a0656b5ebf429353c54c1fed4d18a861ceca881c5bb952a6a8c0b73f9f19,-0.07628161834470155,2,4,3,14880,18203,1,1,1,1,1,1,1,1,1
49,982f24241e6672d9a68fa63c5088b9f02538f672e7e860e2d6947cacf2674f6d,-0.07628161834470155,2,4,3,15190,18566,1,1,1,1,1,1,1,1,1
50,0398d152884ff6b4d19b5acaf08304306867c80ce184612f5764439c73d09d51,0.008164380296329947,2,4,4,15500,18960,1,1,1,1,1,1,1,1,1
51,58a799c8915888b0ca9644daf2ea73173f36ec1abea4cb1e8f92516f078c44d9,-0.10961965128026348,2,4,3,15810,19348,1,1,1,1,1,1,1,1,1
52,d9cff8392198eeb6ccdd791ee0a13bb39c02752fa24fd72f9c82e9bdcb2e41ae,-0.10961965128026348,2,4,3,16120,19720,1,1,1,1,1,1,1,1,1
53,39aaae335bd1e58482246581a5b926a588a2e8f8f0835578d12baa0b06f4d04e,-0.07628161834470155,2,4,3,16430,20100,1,1,1,1,1,1,1,1,1
54,3804c33e5c2ede3690adb3aacc2496cdd59b843160e2bdf86403e4e2495522d3,-0.07628161834470155,2,4,3,16740,20483,1,1,1,1,1,1,1,1,1
55,33ecf8bd7ef020916c667261d676c68587413bf354bee41f915496cd76409005,-0.07628161834470155,2,4,3,17050,20861,1,1,1,1,1,1,1,1,1
56,4676eb591a9a6a90e545599150825fbfed9bf8b36e7eab1408aa584308abf8a3,-0.09464849443531073,2,4,4,17360,21238,1,1,1,1,1,1,1,1,1
57,0cfb7645b45a7d495bbd876686ff097f5df948a3662506ea0e2600ab8790dda9,-0.09464849443531073,2,4,4,17670,21611,1,1,1,1,1,1,1,1,1
58,cb5168e161a167ff6e83515770a4dde883b266185a3bb84adc60a65b04cadc66,-0.09464849443531073,2,4,4,17980,22004,1,1,1,1,1,1,1,1,1
59,ccc7ab58027965f685bd2529ff5047d77b1a0e852c569ade67f6bf212404d00b,-0.09464849443531073,2,4,4,18290,22379,1,1,1,1,1,1,1,1,1
60,940b670d7ae2c655f514ffaaf9392207f43efe7a53c18a36c1d2bf00ed10aeb9,-0.09464849443531073,2,4,4,18600,22771,1,1,1,1,1,1,1,1,1
61,2e2fa794d2386c112915688c58adbf4068e06623d3583ec29fccddbbdd8b1dae,-0.09464849443531073,2,4,4,18910,23154,1,1,1,1,1,1,1,1,1
62,28a1b4b018e14c2256c7d420f2e4713184be94449ed8dd1b94107a030985e3ce,-0.020935803759874652,2,4,4,19220,23532,1,1,1,1,1,1,1,1,1
63,103f78b9c098e3b83d308a8157d35b55fd2f30b9109cbb0880cf867f66823f00,-0.020935803759874652,2,4,4,19530,23906,1,1,1,1,1,1,1,1,1
64,36745b987541fa0b8baa58e4394437fa7f878e03a30e0ee129db0f867023dbee,-0.020935803759874652,2,4,4,19840,24303,1,1,1,1,1,1,1,1,1
65,da20d55e7fe5d9b6647815126184a17961dea68dee6e8caed94039e890265494,-0.020935803759874652,2,4,4,20150,24702,1,1,1,1,1,1,1,1,1
66,e17fa5d6616435d702ad379949d6ad66ec2884921006b1b0c007397ec157e097,-0.020935803759874652,2,4,4,20460,25094,1,1,1,1,1,1,1,1,1
67,4c7f5ac0963db874d6552a42102a0d2f516c47c04a5269e8ef102c61412f460c,-0.020935803759874652,2,4,4,20770,25504,1,1,1,1,1,1,1,1,1
68,e1e63529d9f4cf8b1b48810e97379c7b732e3b5adccb69dece374d1880a605f2,-0.020935803759874652,2,4,4,21080,25887,1,1,1,1,1,1,1,1,1
69,69a99905788d1c6b596e4910815010c74fa9183588cecead7431438c65af92ca,-0.020935803759874652,2,4,4,21390,26253,1,1,1,1,1,1,1,1,1
70,be4b41b3488f3f26515571d60d18619dc82697d99ee21308f2e8cd01bb4fa64c,-0.020935803759874652,2,4,4,21700,26640,1,1,1,1,1,1,1,1,1
71,898206ae6bfd5a557ab33600d7d7c62580a0dec58e82039b347683265f2fc33d,-0.020935803759874652,2,4,4,22010,27025,1,1,1,1,1,1,1,1,1
72,d4b8d3b7c72b9388ffce8ebbf498de09b8f2d95f801af32b241f8a0e337f0808,-0.020935803759874652,2,4,4,22320,27404,1,1,1,1,1,1,1,1,1
73,a6c5421e07c7e5acf95c64a385871700190c2ff63e8fc19c5443e436adfd393f,-0.020935803759874652,2,4,4,22630,27790,1,1,1,1,1,1,1,1,1
74,46a3b86986131793e34a554f83e4c257edf1bd6601fdbe56598c1396a8e39651,-0.020935803759874652,2,4,4,22940,28183,1,1,1,1,1,1,1,1,1
75,ae8b90b44e34ea74f4d2229903a779dd2816d26b705a0a57c8b6e2ad2d491f8f,-0.06257414327115737,2,4,4,23250,28558,1,1,1,1,1,1,1,1,1
76,f230ebc042e7a540bd35408f9d3e8ebb920eca53c3577d022308d012f83b374b,-0.06257414327115737,2,4,4,23560,28970,1,1,1,1,1,1,1,1,1
77,175f8e5796c5bba8d500f3e2fdec2832f8a0c3fb6972581f9a158a920b23d9e1,-0.06257414327115737,2,4,4,23870,29350,1,1,1,1,1,1,1,1,1
78,40871d38bed311c976ad86236cc5e53d8e5db43d556d19bc35d1c1f1fe2871f6,-0.06257414327115737,2,4,4,24180,29740,1,1,1,1,1,1,1,1,1
79,8e4dd35dec2e01b9d1a384c416eb1a4977779e4902eb76d4e206e14e8e8fa50f,-0.06257414327115737,2,4,4,24490,30126,1,1,1,1,1,1,1,1,1
80,cac560e450c993c6232dfe406896a76ba1681f65c2d07a8edc7af1b57b872161,-0.06257414327115737,2,4,4,24800,30486,1,1,1,1,1,1,1,1,1
81,fa05f9324d0fbb5d2bd6c4d25fb3423e95bb697b9c3bab4ec8b7787df57c5c39,0.008164380296329947,2,4,4,25110,30861,1,1,1,1,1,1,1,1,1
82,e819df7b9e294afee1711823c802f4b26f473ce85e4c19143f1f915bcd76a9dd,-0.015920541577843395,2,4,4,25420,31247,1,1,1,1,1,1,1,1,1
83,9832357ede63cedfe1bae294d2e1b8e57bf96282e4a0749882ffdcfab299dc19,-0.015920541577843395,2,4,4,25730,31618,1,1,1,1,1,1,1,1,1
84,35c038b55c05959f65a6a58863d1f476f3a6b18c008f0ae2c3d59231362c57cd,-0.13495081410522886,2,4,3,26040,31994,1,1,1,1,1,1,1,1,1
85,db975142c3cf7ac939721bbbd86c152638fec683f085e44aa163a0f7b87d0977,-0.13495081410522886,2,4,3,26350,32381,1,1,1,1,1,1,1,1,1
86,29588e22ce28dfef25617212faf20639695f4584d86b4a69ae399443f4f595ab,-0.13495081410522886,2,4,3,26660,32763,1,1,1,1,1,1,1,1,1
87,49097866a6e9af96b80ae932cb1ddbd35d0b9bf97c3232db58b0281d73dfea90,-0.13495081410522886,2,4,3,26970,33139,1,1,1,1,1,1,1,1,1
88,bb2d331a9d89d130f65816ff28e813c2509a20e295b367d6006eeace7d7f69bd,-0.10961965128026348,2,4,3,27280,33543,1,1,1,1,1,1,1,1,1
89,dcb437e4adecfa8be2d3e26663a5ec8707edf471b46d2530f39c6b005db39177,-0.10961965128026348,2,4,3,27590,33920,1,1,1,1,1,1,1,1,1
90,ff2360e8bce4607a4d9f664a3aa60be99104f1e311035ed8dad755f00f775f66,-0.13495081410522886,2,4,3,27900,34312,1,1,1,1,1,1,1,1,1
91,c9320508afa4e87deb1b3c7f4fd45777f0a84e7370fcc0a85be053c99630f7a3,-0.13495081410522886,2,4,3,28210,34700,1,1,1,1,1,1,1,1,1
92,115d5c94b6383d5284f850d833c4bfa48aef85c6844b47c98b32aa671f564478,-0.13495081410522886,2,4,3,28520,35081,1,1,1,1,1,1,1,1,1
93,4ec220a7fb1c04bf672359847b2b62286743e7dd3b9bd79cd6c8c5f2ec90d7fe,-0.13495081410522886,2,4,3,28830,35455,1,1,1,1,1,1,1,1,1
94,56f7e18b1476b10548a0a9679db3f989b4ee90dba5e50cc5a0046afc4ef48748,-0.10148347604557513,2,4,3,29140,35830,1,1,1,1,1,1,1,1,1
95,8556d8f650e167bf6dfb052b6f97271925e60550a7224bfbf264483aee4d04b7,-0.09652594991691198,2,4,3,29450,36197,1,1,1,1,1,1,1,1,1
96,718ebae1fda0313d11d87033fb02af953f1620e46dec6d9e9887d6e6707799ba,-0.09652594991691198,2,4,3,29760,36578,1,1,1,1,1,1,1,1,1
97,79edb4a3f3a898dbc63e80b010aca731f9ebda2d302a05ae902561693e140a64,-0.09652594991691198,2,4,3,30070,36969,1,1,1,1,1,1,1,1,1
98,35d40414c8e3b07c0b7100b2e65076c6f8f00b6231fdee785470d3e8aa1d923b,0.039799799416752546,2,4,5,30380,37398,1,1,1,1,1,1,1,1,1
99,e6b6793c0520a934bd3c59706db2c0473d7e96bcc126baaf6ace7b5f2de7b935,0.039799799416752546,2,4,5,30690,37836,1,1,1,1,1,1,1,1,1
100,0dc93924da3bd174e1847d7caade1275771ed267ec58b2008163aaa78739a86c,-0.0028283746026571605,2,4,4,31000,38333,1,1,1,1,1,1,1,1,1
101,00bec14d381f07aa7aa3d1425b1bceead2c2cae24c428d7bfc3ebe1824cdfa5a,0.03495967728988008,2,4,5,31310,38835,1,1,1,1,1,1,1,1,1
102,45ec61a77bcc6f84b1281d6324488e0df6f86d778ebde214dd9997b2fc97ff0d,-0.09652594991691198,2,4,3,31620,39253,1,1,1,1,1,1,1,1,1
103,617cf001165ff239095a3c042f1d8664449b86883b271b4b2eaf4e51baba2627,-0.09652594991691198,2,4,3,31930,39631,1,1,1,1,1,1,1,1,1
104,1a4dd30381fcde2985c2066aebdbab0841088db9e9ea8b967591a2ff5dc340b9,-0.18160623816926652,2,4,3,32240,40007,1,1,1,1,1,1,1,1,1
105,540ab0f667ff871fdb69993687ef52468576dedcddc78d0aae852a8f239ae736,-0.10961965128026348,2,4,3,32550,40384,1,1,1,1,1,1,1,1,1
106,b948ee994c7d48473e08778a5fe08e6b3b765c1d5045741516c9f2372ad21619,-0.18160623816926652,2,4,3,32860,40763,1,1,1,1,1,1,1,1,1
107,17a876d87d865d97febe2df7f09948b3748747f3bf0d74a5d086bef7b36a67c1,-0.18160623816926652,2,4,3,33170,41139,1,1,1,1,1,1,1,1,1
108,5141fade63c3e56f537ef980036b5d7697ac483e9ba0d86cdef9deb17fa87b09,-0.18160623816926652,2,4,3,33480,41518,1,1,1,1,1,1,1,1,1
109,36dccf686b016c23a69d096b908101b29f3aa73030af236e9d33e672436d12c0,-0.18160623816926652,2,4,3,33790,41901,1,1,1,1,1,1,1,1,1
110,35c84d1ff4675ff818a988e72c7d36484f68b26b692a54022f780f747fa28a27,-0.0713827988179776,2,4,3,34100,42277,1,1,1,1,1,1,1,1,1
111,e04e982d7337b90801f69bef4b75ff97b3be4029198c85c1b86dac00fb368fa6,-0.020935803759874652,2,4,4,34410,42655,1,1,1,1,1,1,1,1,1
112,b55a1830902b9c572b4fcef8b9da8e2732896ca0d7c0aa6f422834a0b6880ed2,-0.06257414327115737,2,4,4,34720,43049,1,1,1,1,1,1,1,1,1
113,f7d97c4f11cc163dfb6ee0024112b28cbc1edd3ea377dd87ef2f89cc29fb7322,-0.06257414327115737,2,4,4,35030,43433,1,1,1,1,1,1,1,1,1
114,26b6048d95e0c8d2ac404e61c23dffd55051544d0ac8a326c385559776caba08,0.05872522113145897,2,4,4,35340,43801,1,1,1,1,1,1,1,1,1
115,2d1299127abdf9122d797846fa8a5e946868ea1d00235e59fe044151c65711b4,0.1189911951793166,2,4,5,35650,44226,1,1,1,1,1,1,1,1,1
116,a99432e19e81c791f0c8220fa9ff0e7523977ea27d24e16c52db7b3fa3eae8ef,0.1189911951793166,2,4,5,35960,44705,1,1,1,1,1,1,1,1,1
117,bf3a24bf3b83f8b363480f1a7dbf800a7c9ed5459a12a1dd1ad2b0ebcc70f3b5,0.1189911951793166,2,4,5,36270,45236,1,1,1,1,1,1,1,1,1
118,bebfef6f209d1732fa9c9009541b47c1df44549d9e4ae15ea1320eed9de45906,0.1189911951793166,2,4,5,36580,45731,1,1,1,1,1,1,1,1,1
119,bb45593d6f70243461e16eda2ab5a676841269d330f388e5fd7b8db06eef19d9,0.02513462791227291,2,4,4,36890,46121,1,1,1,1,1,1,1,1,1
120,738a9ee5f2ffab73a344afa49da16ff1b76dc230c9afe7b13bdd8e36863de34d,0.02513462791227291,2,4,4,37200,46500,1,1,1,1,1,1,1,1,1
121,af62aafed03c25da93c6624f8d8d312a34141dfa6c14e5f627b57c960b2eb0d8,-0.13495081410522886,2,4,3,37510,46888,1,1,1,1,1,1,1,1,1
122,5c9a1653b0db5baa26788976c29213e3f1f3a31cb3a1667506e58f117eff26b5,-0.09464849443531073,2,4,4,37820,47274,1,1,1,1,1,1,1,1,1
123,be5215eeb752bcad8c23a44a012ab002673515b97cab7c718357bf5dd0218b83,-0.09464849443531073,2,4,4,38130,47654,1,1,1,1,1,1,1,1,1
124,3d2a5e42690a5d6cab90c5faf192831aad2e20ec3d1cc791d4b47a7d708ee41e,0.01294637446989463,2,4,4,38440,48038,1,1,1,1,1,1,1,1,1
125,e50130534312e54c578195e26bcab760869bcd8ee5fa1c7984fc453394162eb3,0.01294637446989463,2,4,4,38750,48423,1,1,1,1,1,1,1,1,1
126,d7f60b3c63f484a5b22d4f227ba8e2ef604e549a05e1b256e7efb37e81057397,0.01294637446989463,2,4,4,39060,48813,1,1,1,1,1,1,1,1,1
127,902bc0b457f82206059e8bff3eb3e0b80e6a685a326b8ec0b5df51b6ee4bc8b1,0.01294637446989463,2,4,4,39370,49216,1,1,1,1,1,1,1,1,1
128,604c87f9a52c1402bb6af886c4c0ef5d149090908d1ca9bb474e7918a335ac5f,-0.10961965128026348,2,4,3,39680,49602,1,1,1,1,1,1,1,1,1
129,1a4eb363dc31dfe1fe3360b2b95babda4a47160992155a66be14d5ae9aa8b9c2,-0.10961965128026348,2,4,3,39990,49980,1,1,1,1,1,1,1,1,1
130,215d3ef7837b8768fbd8ba621f68631ebbd36fbbed9c5b04756767fdd1b2c531,-0.035898321555202006,2,4,3,40300,50348,1,1,1,1,1,1,1,1,1
131,2ec995d73e436f4de046ab936ee7c5104b3a672c4f16810c469b79b2f652a77c,0.010060861849345808,2,4,3,40610,50731,1,1,1,1,1,1,1,1,1
132,72d34cbf0a2bd65213aa2e657a20f4a49086c58f04f2c7f54bd09b68e3f425f5,0.010060861849345808,2,4,3,40920,51109,1,1,1,1,1,1,1,1,1
133,0cd87ca722699bb422e4be4adc6da94a723fd9bd2d5c1027760878edbb6aee38,0.010060861849345808,2,4,3,41230,51466,1,1,1,1,1,1,1,1,1
134,b8a6a09d73fbd54710fb696dc69de913a5004ded2e937c5273c130ef64cf7008,0.14386242514451064,2,4,5,41540,51884,1,1,1,1,1,1,1,1,1
135,abb036680b5d7b6fa6e6d82cc1006e9dce53c14a7cdcdf49601dac71d9d87106,0.045022484221796326,2,4,3,41850,52300,1,1,1,1,1,1,1,1,1
136,932f7bbcf0b639ea96581acaf144c5be30f203f4711da7e00ac23724b92710b7,-0.035898321555202006,2,4,3,42160,52688,1,1,1,1,1,1,1,1,1
137,949c129448382d2679016e5b851582671398b5e80741d0400eb07e0adae0fedb,-0.060302135602768654,2,4,3,42470,53074,1,1,1,1,1,1,1,1,1
138,6dec2f6876a21c3538157e607e5c022c16dd81dc42cf1e55e62fc689cf56f9d5,-0.020935803759874652,2,4,4,42780,53458,1,1,1,1,1,1,1,1,1
139,9a6f11ac8e48f64becaa644f574cea1442a0e66fca51da77d65b2b2d6b4fe2c9,-0.060302135602768654,2,4,3,43090,53839,1,1,1,1,1,1,1,1,1
140,ef044431134194b5e5b22476bfb7648c459fb591784963e47b7ec0bd0130e344,-0.060302135602768654,2,4,3,43400,54214,1,1,1,1,1,1,1,1,1
141,b5a319709f9880413ceb16fea37f92e086f0dd05ca556bd4b446ce0c0b544571,-0.060302135602768654,2,4,3,43710,54591,1,1,1,1,1,1,1,1,1
142,f4a0f0de68193f17242c33e7d0483c317ac50e9e1a2b7b55f6e0303e40013cbd,0.001953619570907523,2,4,4,44020,55049,1,1,1,1,1,1,1,1,1
143,914be566a5f5a33a411bb6cb5e801ddbe5d67f8a342f98639a1f308f266e41b4,0.001953619570907523,2,4,4,44330,55530,1,1,1,1,1,1,1,1,1
144,689e1747f15c22e84b98bee1bb7b1f010b616cf2eec2c872e02a617765bb48de,0.010177509522961413,2,4,3,44640,55970,1,1,1,1,1,1,1,1,1
145,f39e48c3bbacd1c4cee9aacb0937cae1b84538b5f7d0911f69feeeb1772940b5,0.010177509522961413,2,4,3,44950,56358,1,1,1,1,1,1,1,1,1
146,2effaaccd0ee232f3a40464fa03e8598aecf72e05bb6f4fb89b6198db6270d53,-0.18160623816926652,2,4,3,45260,56764,1,1,1,1,1,1,1,1,1
147,6fcc6add172306974c6745826286467d5b4ee4752f30ed3972d2da4e1b832451,-0.057733832095476056,2,4,4,45570,57149,1,1,1,1,1,1,1,1,1
148,3d6991e2fcd0ec024d8e1870ae56be1544efe0040fc84f5c8e1db2d0d8cf13c6,-0.057733832095476056,2,4,4,45880,57521,1,1,1,1,1,1,1,1,1
149,8e351017f1bf3c452d6273e20270c14237ff0f51909e48a33f17845e4e3bb98a,-0.057733832095476056,2,4,4,46190,57904,1,1,1,1,1,1,1,1,1
150,f26171a165bc360cc19cc00d66fee4ddb66d99879209cd43d0426096bd135e1c,-0.0713827988179776,2,4,3,46500,58286,1,1,1,1,1,1,1,1,1
151,73505639edef4b15baee42c93b354a7565ae7f9fb4fc5040a870c7201bce7272,-0.0713827988179776,2,4,3,46810,58668,1,1,1,1,1,1,1,1,1
152,a286f44380192dcc8195af322173aa0e080d20c451bed42893c93c954b023d86,0.010177509522961413,2,4,3,47120,59043,1,1,1,1,1,1,1,1,1
153,c50cf0acd9063ef992a02e97e56426985c34cbf8e820f08d38a1a3e6d51d8984,0.12794750264391358,2,4,4,47430,59433,1,1,1,1,1,1,1,1,1
154,0ed6b60d037d2ec37396c366a6b1cba94af7d10cfd40abc132c55bf8da0102b9,0.12794750264391358,2,4,4,47740,59820,1,1,1,1,1,1,1,1,1
155,68eb20cb6718a5f25da8bf1f07e432e4c2915102eb0c3d8ec2ecb10db5d4ee51,0.12794750264391358,2,4,4,48050,60201,1,1,1,1,1,1,1,1,1
156,9ebcc1e395d04ed4bce301d350cddac76485e1520228301a98255ac8b84804da,0.12794750264391358,2,4,4,48360,60588,1,1,1,1,1,1,1,1,1
157,e0b2d021b7e95fcd357315ebfea877811bb822ec969e033323ad1f89fad6538a,0.08187707097176604,2,4,4,48670,60981,1,1,1,1,1,1,1,1,1
158,54041f088a541d1df82934e84caf2ac51f61c2290c276f8b843b5274793a3fe2,0.08187707097176604,2,4,4,48980,61348,1,1,1,1,1,1,1,1,1
159,7cd1db2b8da7e4ef27f98f964e8a7b97841cfeb506cf96df9a7f1f9195817670,0.08187707097176604,2,4,4,49290,61737,1,1,1,1,1,1,1,1,1
160,340c24eef604a167657fac0eed0367849ff79c46b37c5e2eff06a2d9aebaa8ff,0.08187707097176604,2,4,4,49600,62117,1,1,1,1,1,1,1,1,1
161,9fca5cf8eb8ad78cd19eef8a1b73a5df782ba28af834e82c233a9895d7025413,0.08187707097176604,2,4,4,49910,62491,1,1,1,1,1,1,1,1,1
162,797e7ccec7e6548e1f69b9d783ef451e54f28b3a611ed0ffcd7a975005f2b103,0.08187707097176604,2,4,4,50220,62892,1,1,1,1,1,1,1,1,1
163,b44a1d32e12d625b348e565eb92a8c097ec0b809f260481900a78b5fbe9161c7,0.08187707097176604,2,4,4,50530,63280,1,1,1,1,1,1,1,1,1
164,59d187517f420a7fce4c0f954811e98698a71ef70ada6287db719ad16a6b86ac,-0.06257414327115737,2,4,4,50840,63661,1,1,1,1,1,1,1,1,1
165,74e7a1b6298abb6d6722e3d6bd9dce6609f461f86f72bee9677a2137a6f2768c,0.008164380296329947,2,4,4,51150,64056,1,1,1,1,1,1,1,1,1
166,df024bb7a502e4fa8905df661928eedbda45b20b5feb8612af4ea82e57d9486e,0.008164380296329947,2,4,4,51460,64452,1,1,1,1,1,1,1,1,1
167,0a52c6182d33c17b5769640c094f5d11187133b91e0c24a7f28075254b66f9f8,0.008164380296329947,2,4,4,51770,64827,1,1,1,1,1,1,1,1,1
168,df7b2964ee29a1e8f241acd95b64f2e6d5bd5a86a2d20a346cc93c4ed0f5f7da,0.008164380296329947,2,4,4,52080,65227,1,1,1,1,1,1,1,1,1
169,639aba06ab3307e53ba75529963432bdedee6c173970528a41a6331ae13d1535,0.008164380296329947,2,4,4,52390,65619,1,1,1,1,1,1,1,1,1
170,242781ad7447f2c7fb5f750cc9c8f782caa8d3b9cf7c7ba036aa528e429db674,0.008164380296329947,2,4,4,52700,66015,1,1,1,1,1,1,1,1,1
171,6f41566bc4ee0b4d4fbbed5a1a89493e42a0d518c36eddb9839f44aaefa2cf30,0.008164380296329947,2,4,4,53010,66389,1,1,1,1,1,1,1,1,1
172,ab4816723e377ce854bb03bd8d4f842d6bb8530cabb6ac4a74148cd123151e13,-0.10961965128026348,2,4,3,53320,66764,1,1,1,1,1,1,1,1,1
173,d2adbb51f8f778fae3a051e62509676413f19bc63c577b3a455641ad4ef51426,-0.10961965128026348,2,4,3,53630,67133,1,1,1,1,1,1,1,1,1
174,e0c4b43550f99b9164ad8945434b6da57e1bcec857ae4fdcb5ca0c5372f745fa,-0.09464849443531073,2,4,4,53940,67498,1,1,1,1,1,1,1,1,1
175,4151eba6154a5753d882f67849dc97310286f543001ff2da33e751d3195b15e6,-0.09464849443531073,2,4,4,54250,67903,1,1,1,1,1,1,1,1,1
176,d97c1da5adf115a04345c0889ef19261a5b6837fd68e46e0d5e3959460126c1a,-0.020935803759874652,2,4,4,54560,68273,1,1,1,1,1,1,1,1,1
177,403b0b6124ed3f86b97f3eefd3899c13e4a74fa9d3fcc342be7c3c83ed17ac48,0.08187707097176604,2,4,4,54870,68650,1,1,1,1,1,1,1,1,1
178,3fbe91567a25449504a8a306f90c74760a0ad225d8f80fcd3e63a4a36096148d,0.04843794646887939,2,4,3,55180,69046,1,1,1,1,1,1,1,1,1
179,b28ae42f55496f51ce749c57ec0bf017b02a0947ad0d049ce2a09df7b88c9f17,0.04843794646887939,2,4,3,55490,69448,1,1,1,1,1,1,1,1,1
180,9b2fe613f29533087cb604da053980f2e414902be564a5cb080e5b8c2e5fff94,0.04843794646887939,2,4,3,55800,69840,1,1,1,1,1,1,1,1,1
181,5c9cf88165ab406b97e7c31369c88d374c49f7f20ddfe4fbdfff8ca951253327,0.008164380296329947,2,4,4,56110,70240,1,1,1,1,1,1,1,1,1
182,685fda6773415f2975c2b79089d3a2965f2d55af8eae6f025b0761572854fa56,-0.09464849443531073,2,4,4,56420,70634,1,1,1,1,1,1,1,1,1
183,0ea47ecb67d1cf8f680adcb947969eb156e6f1655fe833ec32a34032a5ee7846,-0.06257414327115737,2,4,4,56730,71017,1,1,1,1,1,1,1,1,1
184,cf63ba1564ebd35b86c6ce8238bea1aee070caa620389986cf5fda58f387ac2c,-0.06257414327115737,2,4,4,57040,71403,1,1,1,1,1,1,1,1,1
185,40b57c29e917813179deed32d3d96e0f321351eea5001e341d26fed382ad1231,-0.06257414327115737,2,4,4,57350,71788,1,1,1,1,1,1,1,1,1
186,f1b24a1b76d1b2b87b2b80619641b9b0d010bb6be6fd84b5e161b6690af992dc,0.08187707097176604,2,4,4,57660,72167,1,1,1,1,1,1,1,1,1
187,c253144e1312ff5065e57654cd3fc10ebf3be05ed2877ccbdc1b82bd6376a4aa,0.08187707097176604,2,4,4,57970,72549,1,1,1,1,1,1,1,1,1
188,e81e17beb1ce6271e8780fa4c3e79904519a0effd764955037f05d1832a484a1,0.08187707097176604,2,4,4,58280,72924,1,1,1,1,1,1,1,1,1
189,78db4d6f34e8d5889e29bb9716bc812bc04ed5f3b1bfbca6d5590473136debff,0.08187707097176604,2,4,4,58590,73302,1,1,1,1,1,1,1,1,1
190,e3ae78ae680980820f114036969d180957740f1c7f19880b11d2782781c92a8d,-0.07628161834470155,2,4,3,58900,73671,1,1,1,1,1,1,1,1,1
191,2a93458d1fe2add4e2e3fdbea7d1b98d7f799b8ad712a67291c270cd7826c304,-0.07628161834470155,2,4,3,59210,74051,1,1,1,1,1,1,1,1,1
192,68d27ea486e4d7d1175dc999c4d1f24944c9e553435c18c6cb45f69caa1184df,-0.07628161834470155,2,4,3,59520,74441,1,1,1,1,1,1,1,1,1
193,b9d582fcfc2b96753f34aadddd465a540887387957605c35fe84038c6b45115f,-0.07628161834470155,2,4,3,59830,74825,1,1,1,1,1,1,1,1,1
194,bc735dfe738a6da5b710fc017814b724feed1dfb1bcd8104d9e0f8d5b9030f2c,-0.035898321555202006,2,4,3,60140,75201,1,1,1,1,1,1,1,1,1
195,c2262a20293833ad843d8d9ec6ce2e21fbbd551af31d620f7753ad6f9372e73f,-0.035898321555202006,2,4,3,60450,75599,1,1,1,1,1,1,1,1,1
196,202e145b275b6f422268a10c67aae8f18647583d980706d1877d431f724a3a22,0.049921303748520274,2,4,3,60760,75990,1,1,1,1,1,1,1,1,1
197,db9800b039804f0106d627666f2b0ecaa02fae4223496e3f1f3730391c3974fa,0.049921303748520274,2,4,3,61070,76369,1,1,1,1,1,1,1,1,1
198,a3c65e6e86fb433ef563edb0d507177c7af35fc71a3b36afc6a3511056e70cb4,-0.024727374753939952,2,4,3,61380,76752,1,1,1,1,1,1,1,1,1
199,11f766f72f1539ad537ac9b4a9ef96a64157cc64b864a5bdb821cffbba174513,-0.024727374753939952,2,4,3,61690,77146,1,1,1,1,1,1,1,1,1
200,c2c0bb68a329f9bfb8b294694ffad04aeec0cdb3d34e736a3b7cb04e89324a0d,-0.024727374753939952,2,4,3,62000,77548,1,1,1,1,1,1,1,1,1
201,5209d8370d12c902e4f2cdff94d73a4c64fce437c3282082c4b257ccf821cac8,-0.024727374753939952,2,4,3,62310,77928,1,1,1,1,1,1,1,1,1
202,41bced7d36271c351fc5131ed57b2705f49ca1e6667084082cd73f6531fed17c,-0.024727374753939952,2,4,3,62620,78311,1,1,1,1,1,1,1,1,1
203,3dc8b2ec8c12237b20c154bd63c8ce53bc9f252b8d0e02ad045b9a434be5d066,-0.024727374753939952,2,4,3,62930,78683,1,1,1,1,1,1,1,1,1
204,25ea66583e8a854738a72f19aa1012f7988cceee3c3ab4e62dd40b9f9c3eeab2,-0.057733832095476056,2,4,4,63240,79057,1,1,1,1,1,1,1,1,1
205,ebc6f96f06408d6f8124e88dab7d7dc29ccbdc52d5d78c5c34b0e7c98f8c07b5,-0.057733832095476056,2,4,4,63550,79439,1,1,1,1,1,1,1,1,1
206,d3d05b2a1708b205e53a2bd9163570f4f896ad2251512d76588695e42762a855,0.022454677171003693,2,4,3,63860,79823,1,1,1,1,1,1,1,1,1
207,6185303d3713d9a2b533fa43ade5bcf38e1d2ab89e80757f599c46abbe173f9d,0.022454677171003693,2,4,3,64170,80221,1,1,1,1,1,1,1,1,1
208,f502c32dbe97b4fc931371122d14a832f08d60ac9cd74107c94650c47f2ab6f7,0.022454677171003693,2,4,3,64480,80596,1,1,1,1,1,1,1,1,1
209,69b3297d859ac67fb7a087ccb5f095271eb184282298400be32c5b6889010c87,0.022454677171003693,2,4,3,64790,80959,1,1,1,1,1,1,1,1,1
210,04a83ae9a88cfb5b3115c47b677d339918b657466c0eee59924bad92b662b6ec,0.022454677171003693,2,4,3,65100,81334,1,1,1,1,1,1,1,1,1
211,0f596348de21cd43d6427931ff787dbaf91df2664605696b77cb61559616b0f8,0.022454677171003693,2,4,3,65410,81705,1,1,1,1,1,1,1,1,1
212,c5792bc329f24f08b0dd6625cce63201ce0fa00b5f45dd09587bef51858d1638,0.1676322225842888,2,4,4,65720,82097,1,1,1,1,1,1,1,1,1
213,6cf9ae339ea2363be86cd5dd3bbfdac3642a0cbd1f8e00eae5b4a9bce99be59e,-0.035898321555202006,2,4,3,66030,82488,1,1,1,1,1,1,1,1,1
214,c9dee2e062dcc28ad067a6d10eb9dca394520f55f8029236146684ce62faec9f,-0.0713827988179776,2,4,3,66340,82871,1,1,1,1,1,1,1,1,1
215,4d5356eb8458812ef5a965ac61c402df0b0b97df41eb56a86f80fb3d92a37f59,-0.09652594991691198,2,4,3,66650,83256,1,1,1,1,1,1,1,1,1
216,37dcc7d43adc860a36fac38e349f5f1e3ed65c668ce5e26467ee2ef0361e818b,-0.024727374753939952,2,4,3,66960,83649,1,1,1,1,1,1,1,1,1
217,a51925896abcadc1bb7f256641e283bd864c73b2947d4fd634ae6d05e9fcecce,-0.024727374753939952,2,4,3,67270,84028,1,1,1,1,1,1,1,1,1
218,e95e8022bd0aec047204fc39c7df39097c0a518b87aa51e70b0cb95f572ba211,-0.011080230402162071,2,4,4,67580,84411,1,1,1,1,1,1,1,1,1
219,9de678acc9c9434f207effd1d9eaea45ca53a152c6caf191b1e21b97f81c8e54,-0.024727374753939952,2,4,3,67890,84790,1,1,1,1,1,1,1,1,1
220,dbbb39265a3f4d6c709b694588e28d2aa0ab68dbaecbc6d05c9c33dde33d6a13,-0.10961965128026348,2,4,3,68200,85174,1,1,1,1,1,1,1,1,1
221,b5c423e1f1db594d01cce31060f7b57521e5ff16e64cdf583ca33dfbead3e1cf,-0.10961965128026348,2,4,3,68510,85566,1,1,1,1,1,1,1,1,1
222,3ad6815f9ceee79669e9d69214ff3c5abaf567427070ffbf2e540fc01374c499,-0.10961965128026348,2,4,3,68820,85943,1,1,1,1,1,1,1,1,1
223,765456811a49c0b9bec74363eb939aedd275a8ecdf118c872b26027108903107,-0.0713827988179776,2,4,3,69130,86320,1,1,1,1,1,1,1,1,1
224,4bb2e5b402945367449ed4a64abdf052074bd800c39c21b3025953412c8c10e1,-0.0713827988179776,2,4,3,69440,86710,1,1,1,1,1,1,1,1,1
225,eef50c50487d8127aa77575be6abc3a0f97ec16604bca142f6791492cf84847d,-0.0713827988179776,2,4,3,69750,87083,1,1,1,1,1,1,1,1,1
226,7e2d68803020762043d50400a29537e83e68344caa92990977dba623648ab579,-0.035898321555202006,2,4,3,70060,87460,1,1,1,1,1,1,1,1,1
227,6bbc58f26df2ad640526a6d3b73c6c67f016fe6140b7d9c4c35ea46d96f00798,-0.035898321555202006,2,4,3,70370,87848,1,1,1,1,1,1,1,1,1
228,371ecc3ef057d4552de44868b8d16f6bb218953b510c1681a823d11bb77ee8d7,-0.035898321555202006,2,4,3,70680,88245,1,1,1,1,1,1,1,1,1
229,1fbf1ea114d7c3a54704ecb3154671d86916b933637941bdaad541416d65b5ba,-0.07628161834470155,2,4,3,70990,88627,1,1,1,1,1,1,1,1,1
230,4561da6c6211eb0daa5be934699b63558c902648438549081bcfc2bcd223affa,-0.07628161834470155,2,4,3,71300,89006,1,1,1,1,1,1,1,1,1
231,90196d38c50417403cd70e31f853955f129b56653174f8d233b56ba925a06153,0.045022484221796326,2,4,3,71610,89393,1,1,1,1,1,1,1,1,1
232,0874318327f04f437f74f2bea9434c879c091ca38a66001690ff13f60d8676f1,0.045022484221796326,2,4,3,71920,89772,1,1,1,1,1,1,1,1,1
233,a39fac5eaafb11bd1d7088b6200c58420b04e703f6f807bb0a0894b2e85b4df2,-0.10961965128026348,2,4,3,72230,90148,1,1,1,1,1,1,1,1,1
234,d536b65aa73ee0d773dced020c5db8537c605a8aee617f01e0cdf968f16c7aae,-0.035898321555202006,2,4,3,72540,90543,1,1,1,1,1,1,1,1,1
235,cf4c0588d527bde3a4416be678a0a82a54b0fe66562ef4699c6c0a53781d81df,-0.035898321555202006,2,4,3,72850,90933,1,1,1,1,1,1,1,1,1
236,978f052a54b630e26f4acaedecf651a797005a0310a9059d8c80334e396e3b1f,-0.07628161834470155,2,4,3,73160,91313,1,1,1,1,1,1,1,1,1
237,e62d85315db6ff716a511f4404c84928c65286577cf7f93a3b342d2a57d8dc55,0.08187707097176604,2,4,4,73470,91695,1,1,1,1,1,1,1,1,1
238,08c37f7bfc8506de89c08dbc0fb6446781c32dea6eda9c774fbd57db94cc4a5f,0.046332858181672446,2,4,4,73780,92075,1,1,1,1,1,1,1,1,1
239,cedb7e17a8f6eae80319ee1db6dda36204e228a284c387f124ec489e93c6536a,-0.09464849443531073,2,4,4,74090,92468,1,1,1,1,1,1,1,1,1
240,c577c9cd4750002a51382a5ba6a55aa241d5ffc6de9ad763b2ae15b357c918f4,-0.015920541577843395,2,4,4,74400,92844,1,1,1,1,1,1,1,1,1
241,1bc239e0b1f6728ffd4b380f38788ad43a03d7133589d4346a53543d617dba35,-0.015920541577843395,2,4,4,74710,93234,1,1,1,1,1,1,1,1,1
242,fff98d98bbcc27055c91a2d2168dbef2c92dbe69bd1bcf9889894c351d4f9e03,-0.10148347604557513,2,4,3,75020,93604,1,1,1,1,1,1,1,1,1
243,da595697ce661f5ff748c620c8652e08f2ff082695e67e5470657d51a4bba700,-0.10148347604557513,2,4,3,75330,93982,1,1,1,1,1,1,1,1,1
244,1c2109f15829b7f8a5b4437053c13390231899394169437b23b4089e19703983,-0.10148347604557513,2,4,3,75640,94349,1,1,1,1,1,1,1,1,1
245,41c4c7c10736e61b31cbd94a2b629a44fc7b3a5387597250f9bc241e11fccc9e,-0.029626194280663903,2,4,3,75950,94756,1,1,1,1,1,1,1,1,1
246,3b72e4a9791472dd7cb0f77aabe01e1729ed781da4a2ec70e6e3a727fbd81b8e,0.045022484221796326,2,4,3,76260,95150,1,1,1,1,1,1,1,1,1
247,815c5d8c411d71febfe0529abb657430883fb17d30abc24eaa2b9a8153d3f70b,0.06828654229599594,2,4,5,76570,95554,1,1,1,1,1,1,1,1,1
248,32e5994172ceaed8b15dd6e0586cb0c7ecc5a4e87b04a56948d1f1533f1b95bc,0.06828654229599594,2,4,5,76880,96039,1,1,1,1,1,1,1,1,1
249,45f4f327960ba932d2f0178e42a78c0217bfa8dfa456054942bc713461d7c3fa,-0.0028283746026571605,2,4,4,77190,96543,1,1,1,1,1,1,1,1,1
250,fa4adaa993b92f3d266aac3fb410be051de8e950be3d18becbdd15a4c28accfb,0.06828654229599594,2,4,5,77500,97039,1,1,1,1,1,1,1,1,1
251,2e80f5a52e78de4c7777e80f318a03a1f628117b0ecab40a680048238397b5bf,-0.0028283746026571605,2,4,4,77810,97539,1,1,1,1,1,1,1,1,1
252,185f06569b2f7fa465d2c3134c3a1a37a42b8a9a2238215a6d14099ae94835b7,0.03495967728988008,2,4,5,78120,98043,1,1,1,1,1,1,1,1,1
253,b2505cf5fe5137c49ccf23eee961b94333ad2db6e14dd539c95eb32bde72abb2,0.03495967728988008,2,4,5,78430,98536,1,1,1,1,1,1,1,1,1
254,91a4d54922af41767789cba37118dc83a46e25cfebcac3af1fad09057b245923,-0.0028283746026571605,2,4,4,78740,98943,1,1,1,1,1,1,1,1,1
255,aafe86150add8f9cf4eb6f3624579970158ae225a02ffb737ff7b263317fcacf,-0.0028283746026571605,2,4,4,79050,99454,1,1,1,1,1,1,1,1,1
256,b797a614fe2523f77ff91cd6fc07e9a1c600846dfa4db37869f1d164d4f23be4,0.039799799416752546,2,4,5,79360,99918,1,1,1,1,1,1,1,1,1
257,587e0a004b4e870faf48a5f85837c9ee03fd18914f25597e4be1eccd48e49c1c,-0.09652594991691198,2,4,3,79670,100341,1,1,1,1,1,1,1,1,1
258,15b3aa27b6e722e553564d8cf2d88d04797694ab510cd3c6c7151c8d8d76e07d,-0.13495081410522886,2,4,3,79980,100719,1,1,1,1,1,1,1,1,1
259,3325e9c72280d11239ee6ea83874ea8869202fa67f4f605cd126076a4cdead91,-0.13495081410522886,2,4,3,80290,101113,1,1,1,1,1,1,1,1,1
260,a972cab0d5e673c5b8a6df3dd5c6b2f75c299b445e23c942ee9408b25686e035,-0.09652594991691198,2,4,3,80600,101500,1,1,1,1,1,1,1,1,1
261,983909618d7c7d140c7ec299b20db155958decb201384ea74a593f07252bc64e,-0.09652594991691198,2,4,3,80910,101886,1,1,1,1,1,1,1,1,1
262,79dc249e933cb99496ac6d90fc272af209ea90bd2bcdc94609e848e97b323fe8,0.15677913660357393,2,4,5,81220,102377,1,1,1,1,1,1,1,1,1
263,1b3068713c8349ef0cd9ed29efa95087b17a5af5f0bf96f3d70f115f73679c2f,0.15677913660357393,2,4,5,81530,102875,1,1,1,1,1,1,1,1,1
264,902d92482bf81a5459b4c68f4ce9d81efe86cd906ec7145e92c7efa5f66c9106,0.15677913660357393,2,4,5,81840,103361,1,1,1,1,1,1,1,1,1
265,c301e430741534e3ee97f9d2759cc1f1214e660e37975a3a77a2055012fdd94c,0.15677913660357393,2,4,5,82150,103825,1,1,1,1,1,1,1,1,1
266,591c96363022c2634047af77a49a5396f480d26b5022de7303427802e5d0988e,-0.0028283746026571605,2,4,4,82460,104307,1,1,1,1,1,1,1,1,1
267,aac041826b5509eb9f4904153f6cbf13478ac119c9ffbcb8d6e9b1115e748211,0.039799799416752546,2,4,5,82770,104795,1,1,1,1,1,1,1,1,1
268,bf39569c6829c9a648036cc310fb03d06eab1d1c8c7cd112cf998642dbb71473,0.039799799416752546,2,4,5,83080,105298,1,1,1,1,1,1,1,1,1
269,03addce7d582d17e2a3b3a3eb326536b45aeae2be14ce2b1292c9d0528b291dd,-0.09652594991691198,2,4,3,83390,105748,1,1,1,1,1,1,1,1,1
270,32f77974f2b094b39675ee051f2c15b1ce8d36a4b85821b89f6d573ac78828b8,-0.09652594991691198,2,4,3,83700,106153,1,1,1,1,1,1,1,1,1
271,70c53f8da58fec0a308289d1f1fcc5c02e9aafd82663d52432dc3a59e42bdbd6,-0.011080230402162071,2,4,4,84010,106548,1,1,1,1,1,1,1,1,1
272,c0ac4033d74e2b0d4b16b8525a1965a9954e4ee2ef866b34860bc7d0df8a25c8,-0.011080230402162071,2,4,4,84320,106926,1,1,1,1,1,1,1,1,1
273,c1f33332b6aab7023cbc31a415a09ef63a10080499b63bb397c38be34f68044f,-0.011080230402162071,2,4,4,84630,107311,1,1,1,1,1,1,1,1,1
274,86140b617d1207a2f077c3e39886f44111ffa2ae2a80ffc0edc22ab8985d07c5,-0.057733832095476056,2,4,4,84940,107699,1,1,1,1,1,1,1,1,1
275,43a2af6dd5bf0f2c48c9853851bb156ed5bd0cb59a4a16be839e57dffe2c7fca,-0.057733832095476056,2,4,4,85250,108084,1,1,1,1,1,1,1,1,1
276,346194138f409550505bf1a0dd18de6ad7687d09c741af48ec9c05118eada4af,-0.10148347604557513,2,4,3,85560,108459,1,1,1,1,1,1,1,1,1
277,6b26e58c3e1fca59838ba8326153d305c15d6fa9fac263560c2f9ebb0a18ce4d,0.05872522113145897,2,4,4,85870,108840,1,1,1,1,1,1,1,1,1
278,2bdd564bedd078568331769ab2953fdb928cc089edd929beb33d1617f897e90c,-0.06257414327115737,2,4,4,86180,109224,1,1,1,1,1,1,1,1,1
279,fadbea4481330abf510c4fe9021ac9454aa461e69b49fcdb3fd89908ab123c32,-0.06257414327115737,2,4,4,86490,109589,1,1,1,1,1,1,1,1,1
280,b89911bcb5b187a2ea939b46747d8af426ed2d3925b5e83270b6e64c4cf31025,-0.020935803759874652,2,4,4,86800,109971,1,1,1,1,1,1,1,1,1
281,25dd619551ef62a3783962b92efa6881b59c4cc9175d0ad0e18de316bf53c9b9,-0.020935803759874652,2,4,4,87110,110348,1,1,1,1,1,1,1,1,1
282,b94ca6dc2bdf92c4706acc7f7b1c0597061c27b52e78616d2be09af10717cf37,-0.035898321555202006,2,4,3,87420,110752,1,1,1,1,1,1,1,1,1
283,38e782b9a843e65b06ad21b34888cd96d315f2ea2d865ca08293ecc755338dd8,-0.035898321555202006,2,4,3,87730,111132,1,1,1,1,1,1,1,1,1
284,33f4e101a653993de5f3c1e5de14bd8afd6c811b07feb0cc6432a5e7a33f8107,0.049921303748520274,2,4,3,88040,111509,1,1,1,1,1,1,1,1,1
285,cdcffb7412809a56def7d63853b6798b17615b72dfdd339f86ea877cfea0b8de,0.08665906514533071,2,4,4,88350,111904,1,1,1,1,1,1,1,1,1
286,24d6832d7d7eb734fed0d0510ca7465578776ed24c91797af8c856ecaf7bee3e,-0.0713827988179776,2,4,3,88660,112287,1,1,1,1,1,1,1,1,1
287,82411c6900193efc8a5c359e77fec3668b9c00ce354ea971a0a40cd7176c6e42,0.049921303748520274,2,4,3,88970,112672,1,1,1,1,1,1,1,1,1
288,3d94b9ac0103a19463b7e47a0db4aec8080b83770c4ba26179af55563c7d35b5,0.06356553230714031,2,4,4,89280,113066,1,1,1,1,1,1,1,1,1
289,c01c961dd62fc57cc3a44c2709bb73a49b00cbe6b4ef4c5c91f3300964d2fa2f,0.049921303748520274,2,4,3,89590,113441,1,1,1,1,1,1,1,1,1
290,d4fe5b00d7196f380397fb4fb17dd2bb0a6d048bd32dc6662c445f133b14169e,0.049921303748520274,2,4,3,89900,113813,1,1,1,1,1,1,1,1,1
291,ebb7415acd38cd6684a71e6a231a1b1faf625d6b8078cc514413d5148edf3923,-0.024727374753939952,2,4,3,90210,114190,1,1,1,1,1,1,1,1,1
292,261b69a69b65f25b5cb98d02ea413734305afada714bc499774ab92cb012826a,-0.10961965128026348,2,4,3,90520,114571,1,1,1,1,1,1,1,1,1
293,d95b45de7bb19a7206b8b0c4fdc84b8ed384f9f759227a64e3c3a8170c0e83e5,-0.18160623816926652,2,4,3,90830,114958,1,1,1,1,1,1,1,1,1
294,78ea46303a41804423de1e60a648d8bc543940037d95a449138c1f272e85eea3,-0.035898321555202006,2,4,3,91140,115351,1,1,1,1,1,1,1,1,1
295,dfcd35cea2cd0f68080250e2598adec6dac5a3e9f1dbc5d57479f2764f202507,-0.035898321555202006,2,4,3,91450,115723,1,1,1,1,1,1,1,1,1
296,7dff0b89e6dd15de5504ccfac64033b49fc232dceff797706e4e62538b6f561c,-0.035898321555202006,2,4,3,91760,116114,1,1,1,1,1,1,1,1,1
297,06a3b49960270cc63075ba5f0efc08fa225dc3553624fa27373930eb42a780b6,-0.035898321555202006,2,4,3,92070,116510,1,1,1,1,1,1,1,1,1
298,9faa175998569b6843993d30a971608a0e6419237a485fea25e639f28de1ab4d,0.08665906514533071,2,4,4,92380,116894,1,1,1,1,1,1,1,1,1
299,9536145ccab4dc2a5d103276d3fbc3bc0d1a3c9d17c012c49e2854d888a26f9c,0.08665906514533071,2,4,4,92690,117287,1,1,1,1,1,1,1,1,1
300,7ce94e38765043a1bbe3af5d00b3702ea86dc5f441e53b9ac11ccbaffefe43b7,0.08665906514533071,2,4,4,93000,117670,1,1,1,1,1,1,1,1,1
301,32b226d3d96c2df5d272a54fcb54a039d55310ced3b86318514495739504b67f,-0.020935803759874652,2,4,4,93310,118053,1,1,1,1,1,1,1,1,1
302,56d32537c9308ab8a94aca19eb09e0f3ff40ff9c1b4177ad24b01bdca3debb07,-0.10961965128026348,2,4,3,93620,118425,1,1,1,1,1,1,1,1,1
303,cb01b4661cae37b3254e660e20c6f1ae8a419736a15bcd0e3d1eb0aad9f8e824,-0.09464849443531073,2,4,4,93930,118831,1,1,1,1,1,1,1,1,1
304,b28530b221cfe4c631008fde10a77a910886d7f7d2db6562741fad26a5e458ad,-0.09464849443531073,2,4,4,94240,119214,1,1,1,1,1,1,1,1,1
305,f9938ae73f65d13bc32cbfa09ac24524ba31eb7b8bb00f116e0797e1d24b72ff,-0.10961965128026348,2,4,3,94550,119600,1,1,1,1,1,1,1,1,1
306,8e70f0737e656ba9f0749989cba399b82cf606ff420575448309429f27605109,-0.07628161834470155,2,4,3,94860,119982,1,1,1,1,1,1,1,1,1
307,925391af5bf37b600c0923ddeb5a5ca61f5796dc2dfc463eb83f9fefa114f12d,-0.18160623816926652,2,4,3,95170,120356,1,1,1,1,1,1,1,1,1
308,4db8848ccc27da78a2d39badf659545c840a0bad72b66a175ade5299da364256,-0.18160623816926652,2,4,3,95480,120732,1,1,1,1,1,1,1,1,1
309,aedd6c42bead366a4a9d4835a02b5e12d44c3060b86f5a3a89922403ec8cac75,-0.18160623816926652,2,4,3,95790,121118,1,1,1,1,1,1,1,1,1
310,a31a79b5fb6fac9f0e6a3abebd954612205a1de9db6836c3c174ae17b7f40dba,-0.0713827988179776,2,4,3,96100,121492,1,1,1,1,1,1,1,1,1
311,f89cf8936a48178039a79174bc58518ef6595a03a6d35d456974a482b234769c,-0.07628161834470155,2,4,3,96410,121859,1,1,1,1,1,1,1,1,1
312,af4b3081998becb0141f80747f9aaa34477902e3e0d3612429b36a59b1485b93,-0.10961965128026348,2,4,3,96720,122222,1,1,1,1,1,1,1,1,1
313,a6fdfe5c82ed797ffa5928b0dc4a16b0fff4326ab1a01ada8341ff136c087bfb,-0.035898321555202006,2,4,3,97030,122604,1,1,1,1,1,1,1,1,1
314,dcdc84f26f5460547c39571a6fb244bbb79faa5544efc57655d716135d867936,0.08187707097176604,2,4,4,97340,122974,1,1,1,1,1,1,1,1,1
315,8db34ace8b858ed71c8ea08a31d4d85a5f47222c6f24605e080b21948bdc9474,0.08187707097176604,2,4,4,97650,123368,1,1,1,1,1,1,1,1,1
316,dc5adfd523d3a3487c764aaecea331452d2c907360f778fab1c72f7c55f5f7a9,0.08665906514533071,2,4,4,97960,123746,1,1,1,1,1,1,1,1,1
317,2a3d072b1092c0d9966e55b845312e4a758dca2d37e98ec7e479b0694df784d8,0.08665906514533071,2,4,4,98270,124122,1,1,1,1,1,1,1,1,1
318,ad22bb5d214c9108b53142e03a4046f46b5fe355c86b5123aa26dfa967b82114,0.08665906514533071,2,4,4,98580,124519,1,1,1,1,1,1,1,1,1
319,378f6131b72521967e671416f4694df33a82ef99cec14a6d2d56241856b35d95,0.08665906514533071,2,4,4,98890,124902,1,1,1,1,1,1,1,1,1
320,b9282b33583056a0b495873310730effcf358b7c54eca0f36bdafe0fffe25fda,0.1676322225842888,2,4,4,99200,125284,1,1,1,1,1,1,1,1,1
321,a05d5363e4a2c56fda6aa31666121fa60aa65ffcecc1e4adcb9254c556a5aff9,0.1676322225842888,2,4,4,99510,125673,1,1,1,1,1,1,1,1,1
322,c4b612a3374d10eb829eda14f01e289588e359e9df78b6b6022ef5314ebe8820,0.10476649430254822,2,4,4,99820,126175,1,1,1,1,1,1,1,1,1
323,953e10b36125a8c6c44d8c8535816ff7f4aa2afd68948d47825f167ed92287c2,0.10476649430254822,2,4,4,100130,126662,1,1,1,1,1,1,1,1,1
324,32bea3aaff1bc361f11d566d89e015edaeb563f686f9eabcbbb6f1134745136e,-0.04061620555863465,2,4,5,100440,127149,1,1,1,1,1,1,1,1,1
325,054cbab4ad4a05c0711c5f836967374b5ca15e42505c30d6222c3734454e2f66,-0.04061620555863465,2,4,5,100750,127665,1,1,1,1,1,1,1,1,1
326,5c86404692c0be4bd25ee930e8f10772beb0eacee3a72523701e423fb6b57259,0.06828654229599594,2,4,5,101060,128126,1,1,1,1,1,1,1,1,1
327,3c2ad92552444b8243c1ee0a1f509c506531d490e7dee774d9419aeb713baed7,0.09298645987498642,2,4,4,101370,128539,1,1,1,1,1,1,1,1,1
328,f4c177fc8a00a80f9e84ab14b9213f85706dae13c1cad820dfb311ab5aa5eaf8,0.09298645987498642,2,4,4,101680,128938,1,1,1,1,1,1,1,1,1
329,dd9b41bb101de3a615ae077fb4464e3297de1ff0fe4b3d274db8e1ab6c6cb361,0.09298645987498642,2,4,4,101990,129321,1,1,1,1,1,1,1,1,1
330,a416ccb4c37760f8d986f778703e4ef92db0375373cb1407d8b442cf8ab99eed,0.09298645987498642,2,4,4,102300,129723,1,1,1,1,1,1,1,1,1
331,28683dbc19aa334380688e2b56d9a65a7671d9e31e719e528a742c2ae723eec5,0.09298645987498642,2,4,4,102610,130099,1,1,1,1,1,1,1,1,1
332,33491bef5101c258206317f107513c6eb4ab8bf8fe2f2bed625bb76baf42808b,0.09298645987498642,2,4,4,102920,130489,1,1,1,1,1,1,1,1,1
333,6ac5adc31e2f80a01af02ce056eb89ec4e57b0342fe2d712cbbe4b8557735626,-0.011080230402162071,2,4,4,103230,130891,1,1,1,1,1,1,1,1,1
334,bc7394d4835f6eae8b3de031f6b0cd57938e40a791c222db1e31eaa043bc630d,-0.011080230402162071,2,4,4,103540,131270,1,1,1,1,1,1,1,1,1
335,4a8fcf35d8c6b37c0355af20b316198b94eba12fb0527643d2e2b86262d959bd,-0.011080230402162071,2,4,4,103850,131663,1,1,1,1,1,1,1,1,1
336,18ba2aaef8f83c31f57e6fa7521559e792853e9074bd117c4013c1fa653d1d5f,-0.011080230402162071,2,4,4,104160,132045,1,1,1,1,1,1,1,1,1
337,929455af3e40c12562ba688785f6d5f549f4d584e934ee37883e1d22c74f1559,0.02513462791227291,2,4,4,104470,132428,1,1,1,1,1,1,1,1,1
338,dfc9d731eb1a6adc33e0d6dca8f35e08b3a6c90c84597b49fc971ffddad31e8e,0.05872522113145897,2,4,4,104780,132812,1,1,1,1,1,1,1,1,1
339,bdef29e21991fd0a8648a9dd7b8f5c1f0a59fb74af7f9ed7f3f284402d155fc4,0.06356553230714031,2,4,4,105090,133203,1,1,1,1,1,1,1,1,1
340,89018cacddb749eb581b2424d118cc85e4d7fa8adac5b7402cbe3c77f39abeda,0.06356553230714031,2,4,4,105400,133589,1,1,1,1,1,1,1,1,1
341,805bef4e454465afac7f1d5f285d0fdb141392773271eede9780be3ccabbae92,0.06356553230714031,2,4,4,105710,133974,1,1,1,1,1,1,1,1,1
342,5b182b8171debb3dc4bc48c4393b44c596861f09cfac01268bdab67618124c6f,0.06356553230714031,2,4,4,106020,134362,1,1,1,1,1,1,1,1,1
343,cd276d089748360e228752c756b56f0e1471e37feb59f09a021939767ed91522,0.06356553230714031,2,4,4,106330,134745,1,1,1,1,1,1,1,1,1
344,00d321559d2d6852493c1f17653fa7bc3821100b00619e93e8dedd9b2a87d70d,0.06356553230714031,2,4,4,106640,135135,1,1,1,1,1,1,1,1,1
345,c8ad729488145ffad945f8951ebff6991d60ec3f4602cc8638256e6b397c4baa,0.06356553230714031,2,4,4,106950,135543,1,1,1,1,1,1,1,1,1
346,05956b90cf2218d1a1ad8bc3e772ae52ee2851eeed0b5dde3856d1f81ccf0549,0.06356553230714031,2,4,4,107260,135926,1,1,1,1,1,1,1,1,1
347,7fd985212b43c2f2f3833f43eeb51a8ca060ecc23a627e76c01e5a755ceac7e1,-0.0028283746026571605,2,4,4,107570,136359,1,1,1,1,1,1,1,1,1
348,ac87f19a83f39ccd939a175d6311e2e6a035e1cb3447b7a74faa4ce0ec9f1690,-0.035776083431762175,2,4,5,107880,136858,1,1,1,1,1,1,1,1,1
349,9dbdc573ae626ba26b410c9de8f9ec9160f173db2d81f26f36b6380fafdd49e3,-0.04061620555863465,2,4,5,108190,137328,1,1,1,1,1,1,1,1,1
350,26b80d012a0136f5243367756fa2237d576793a453e0654a734e7b3e34ad5a2c,0.05872522113145897,2,4,4,108500,137801,1,1,1,1,1,1,1,1,1
351,beef8a851e03455e363d7c1ebea96461c13275c0f4fe8deaed04dcec82a5db3c,0.001953619570907523,2,4,4,108810,138268,1,1,1,1,1,1,1,1,1
352,d57bcc904d4b9eb1c8a0b7c88e0de49fc1d24d2354aad29d69127743f431f9ec,-0.10961965128026348,2,4,3,109120,138662,1,1,1,1,1,1,1,1,1
353,ca20b0e529d6e4d3c3ee653f0059ac5856d8387c02cc6155181655902553471e,-0.18160623816926652,2,4,3,109430,139029,1,1,1,1,1,1,1,1,1
354,aea1b770661953c3b2fbbf9aced494d646160e4209cbd24298c5b152b283615c,-0.020935803759874652,2,4,4,109740,139406,1,1,1,1,1,1,1,1,1
355,8e7366fd2be00cadf30b3c63d8aca763efc6a7cc6500055bf611ef8b714982b6,-0.020935803759874652,2,4,4,110050,139789,1,1,1,1,1,1,1,1,1
356,2ba79c65aa29ac519bdab48123479f764cff64fa3d149f332f56e07508e11220,-0.0713827988179776,2,4,3,110360,140168,1,1,1,1,1,1,1,1,1
357,887d04fefa747ab7814c527a97a59f7f5f3874d7b017c287d3eee357c6239e9b,-0.0713827988179776,2,4,3,110670,140560,1,1,1,1,1,1,1,1,1
358,3dfc21f5d041594304f1466c3542b51e5679245f9c2ce954e7f9c79959ec8647,-0.0713827988179776,2,4,3,110980,140944,1,1,1,1,1,1,1,1,1
359,d5b93d59fcab343c8a6b027207489eb9d438cc0dfc01a8dfe672a7cfca4aaa70,-0.0713827988179776,2,4,3,111290,141319,1,1,1,1,1,1,1,1,1
360,dca3e22c5ebf0fef5826e082c26f1fb20c0317c12d7e51b2ba696e461533823a,-0.07628161834470155,2,4,3,111600,141712,1,1,1,1,1,1,1,1,1
361,d2a4562a8c809fb6a00ef346336d89adbeb4435f898f76c813197d9133add4fc,-0.07628161834470155,2,4,3,111910,142086,1,1,1,1,1,1,1,1,1
362,af8b9bab72465ec1f39fc84c8429a1e97eb70a2e14b3c9e606b1b96290cf5159,0.008164380296329947,2,4,4,112220,142476,1,1,1,1,1,1,1,1,1
363,9bd0cce632a3b4b747ae23064100fcf82313fad48c7ca9537a0c0001f22d357c,0.008164380296329947,2,4,4,112530,142852,1,1,1,1,1,1,1,1,1
364,1c92db9e4fe04b7c9ccec842d9b80a23bb79284d33ac1b1c7e3e558ed3670246,-0.0713827988179776,2,4,3,112840,143252,1,1,1,1,1,1,1,1,1
365,c62e25ba7cfa8e6ad86d87f61613a0d7ada37b0eb7a659385750aec8aa6a73b7,-0.07628161834470155,2,4,3,113150,143631,1,1,1,1,1,1,1,1,1
366,89c1ef1af1c8babc3b0a6abfdc4f6505b5f37df5d086a80638b3905b1a1e1689,-0.07628161834470155,2,4,3,113460,144018,1,1,1,1,1,1,1,1,1
367,1a0a2b8d4615bf761ed69f7355770dc682586de30e343bf877febee09b41ecaa,-0.18160623816926652,2,4,3,113770,144410,1,1,1,1,1,1,1,1,1
368,f7bd1436e39e3d4e42106e23e2aa990193bbca1ab37c6780b3d6028ecbab9c7d,-0.07628161834470155,2,4,3,114080,144785,1,1,1,1,1,1,1,1,1
369,2e1c17485052e0b44f0727c078477e14bab74fbe8e84cc0ef33a3f5390692fac,-0.07628161834470155,2,4,3,114390,145158,1,1,1,1,1,1,1,1,1
370,af123568ce64e8f9a4b2d4f67cd10be7a45833bb6d68c940b798e35b41154152,-0.07628161834470155,2,4,3,114700,145543,1,1,1,1,1,1,1,1,1
371,162647597d70c1403e223288e28b0204682f93a715f8397f2df2ab71019aafd3,-0.07628161834470155,2,4,3,115010,145930,1,1,1,1,1,1,1,1,1
372,6becce60dfb341b935ac2d2eb002d2d6d5aeec4325d9250232178d20b8110d38,-0.07628161834470155,2,4,3,115320,146318,1,1,1,1,1,1,1,1,1
373,f569932ab7f3d563192f1defe2d632f1915f0385c07834f07060e07de534c88b,-0.07628161834470155,2,4,3,115630,146692,1,1,1,1,1,1,1,1,1
374,42f663642a4767afe616ce99d4966ba0c4dca0322b1cdff9aecd6620cc47a5e9,-0.10961965128026348,2,4,3,115940,147059,1,1,1,1,1,1,1,1,1
375,4d599c8b7497740a0dffde659d34c5a3db483de838166685e88ae8677bc26ae0,-0.10961965128026348,2,4,3,116250,147440,1,1,1,1,1,1,1,1,1
376,2a10876a19bc5a2ba28b6ab73cbdb69482115b0fdc0de9de50c1fded057c31a9,-0.13495081410522886,2,4,3,116560,147812,1,1,1,1,1,1,1,1,1
377,2f65d9905bbc2ef06b1d1d9d1b9bad20282e58d0de40918a8c459918da8e64da,-0.057733832095476056,2,4,4,116870,148184,1,1,1,1,1,1,1,1,1
378,126943da8dd9396d900d673c61aab5140d5f62958ef3c53c55cd61c64161399f,-0.057733832095476056,2,4,4,117180,148562,1,1,1,1,1,1,1,1,1
379,7cb8210b3fdb993db0efa6152e7783c2919d3fb0eff28aabc46a03d3cd017c7b,-0.0713827988179776,2,4,3,117490,148948,1,1,1,1,1,1,1,1,1
380,6970529418e3c0dfa24707b806a1e7af974ea53ca9c3924376cc37ac54ee6121,-0.0713827988179776,2,4,3,117800,149338,1,1,1,1,1,1,1,1,1
381,3eec283a93bd859b53a3c1294bf7c730f580f53212b65a7414fdbdcc88da97b9,-0.0713827988179776,2,4,3,118110,149725,1,1,1,1,1,1,1,1,1
382,95ac06695863b54d9377901978595daf4c65708366f9165ff8d63f8e28a20f91,-0.0713827988179776,2,4,3,118420,150105,1,1,1,1,1,1,1,1,1
383,fa869c0f8b292370f1abc4c95c8e0c9046bd52445c2824a57a1963ab245a8c3e,-0.0713827988179776,2,4,3,118730,150497,1,1,1,1,1,1,1,1,1
384,11845fce810a359f5dc36a612a928a335bd6cfef22f47b8c5881c9da1350c63c,-0.0713827988179776,2,4,3,119040,150894,1,1,1,1,1,1,1,1,1
385,1d17085b733ff287bd7a7e5bd5e05b6ae47a6043ff880f20e7a613a240fdcf21,-0.09652594991691198,2,4,3,119350,151274,1,1,1,1,1,1,1,1,1
386,877920aff775b1b97b2d42453474c3c3e8191888906fb9c35cb5c15af45dea4a,-0.09652594991691198,2,4,3,119660,151649,1,1,1,1,1,1,1,1,1
387,d64c5d5de2702b6ed927cc11d0c2f191e283b9187d1badbcf9ec6fd77268db13,0.039799799416752546,2,4,5,119970,152077,1,1,1,1,1,1,1,1,1
388,88d20c3aa8f239bebc146704c0f748e0eae3b43fdf533e746c5918eb3bd32f90,0.049921303748520274,2,4,3,120280,152559,1,1,1,1,1,1,1,1,1
389,15bdafe3ef634d59469e87e86a604758bd3e0c5a61d7454f5559eeec90109ff4,0.049921303748520274,2,4,3,120590,152957,1,1,1,1,1,1,1,1,1
390,d7d96a46132a3c0bcc7d08fb24f86552f78cd609639665794f9532706e76052b,0.049921303748520274,2,4,3,120900,153346,1,1,1,1,1,1,1,1,1
391,ab3d96687db25c895540508d730e21a08ba96df18be4ed393814cdecafebcbd8,0.03495967728988008,2,4,5,121210,153834,1,1,1,1,1,1,1,1,1
392,37400698192566c8bcc7a582344bd7aee7d075f19ab5466928c14163a2e056f9,-0.09652594991691198,2,4,3,121520,154248,1,1,1,1,1,1,1,1,1
393,ce704d08b1ffe2aae5bbe55ce931127624870fb27f4f28679fcd6c90e1d6e0c2,-0.09652594991691198,2,4,3,121830,154630,1,1,1,1,1,1,1,1,1
394,29ae5bd50e2989670a7260fc05e32335bac339de4937d287c31b3a35035caacc,-0.10148347604557513,2,4,3,122140,155004,1,1,1,1,1,1,1,1,1
395,c847cc48d08e8cdc46d7e95e1f19f10ee3dd9d1df3ec50ba6f708484c2180736,-0.029626194280663903,2,4,3,122450,155386,1,1,1,1,1,1,1,1,1
396,c6d0c51bf904477049c50cc6792c8bd8f5a5cf801fd86d9aefa3f1797d8da899,0.010060861849345808,2,4,3,122760,155771,1,1,1,1,1,1,1,1,1
397,04402b57b6e8ebdb72345a9814a5cf0c897369ce3983e41f8df57618909ef368,0.010060861849345808,2,4,3,123070,156166,1,1,1,1,1,1,1,1,1
398,97f39bbbea4453d1c16e6c865267f24e2d2e6e69114d08c28e6a595ded16ba7a,0.049921303748520274,2,4,3,123380,156623,1,1,1,1,1,1,1,1,1
399,cb1856a0899973157ad4f39ad2a1c94463c321d9addf91452cc272e3a9dae60f,0.14386242514451064,2,4,5,123690,157077,1,1,1,1,1,1,1,1,1
400,0596c9b787d9d3b52510f4d762d40232304ffd06a50cd4ec12cd8e1d63ec9fdd,-0.0028283746026571605,2,4,4,124000,157567,1,1,1,1,1,1,1,1,1
401,57cf239ce91c44e6334b4ce8ab11276d2150a9a555431f570dc350c67630bcd2,0.15677913660357393,2,4,5,124310,158054,1,1,1,1,1,1,1,1,1
402,f60191d553b56359708bc5044d5500e20237c9062629f56f7c57f88cbc54b979,-0.020935803759874652,2,4,4,124620,158438,1,1,1,1,1,1,1,1,1
403,1af9717bababd5dfcefed1a940a02738910f0b9e465cb9045e7b4995b2ac6c9e,-0.020935803759874652,2,4,4,124930,158825,1,1,1,1,1,1,1,1,1
404,f6515b9b500f6108cbaee96cf725112ac5de9f5bce875f81b221c40d61b71bf5,-0.060302135602768654,2,4,3,125240,159212,1,1,1,1,1,1,1,1,1
405,689f98f51545ee6aaacef704a12f999acb17f09de4d4faf5d6e3cc2077c16101,-0.060302135602768654,2,4,3,125550,159587,1,1,1,1,1,1,1,1,1
406,fa3bd9f533d4fd88a42e19af7e3a3ed5352da0b204711b718a034eee0a656010,-0.04061620555863465,2,4,5,125860,160087,1,1,1,1,1,1,1,1,1
407,e8d436843c4f92a551a24baf38e126d920668ed77479a4d7580bbdb6692cf3c0,-0.04061620555863465,2,4,5,126170,160553,1,1,1,1,1,1,1,1,1
408,9ccf966e3d06c3bf48f70bcdd7be3f0dfd3afb384365e6d82695e5643831bcac,-0.035776083431762175,2,4,5,126480,161055,1,1,1,1,1,1,1,1,1
409,be53c5709c427de8a6afa14cc2f1059bc8c827e10c75699e7783728371378ee6,0.1095484884761129,2,4,4,126790,161532,1,1,1,1,1,1,1,1,1
410,f975e6688f0377e0b5e5bf5f51260cf03d7627e21a28c74fb952063d48185853,0.06828654229599594,2,4,5,127100,162018,1,1,1,1,1,1,1,1,1
411,8479ba2bdfb4d57f961f55d1d01a50e935ea68d2b18c7383ae8c07f9b619c0cc,0.06828654229599594,2,4,5,127410,162496,1,1,1,1,1,1,1,1,1
412,101f2d93fe99c4b6b9e2a0aac0d293ecb520af6b8cfd16c67aa6a70f1fc70c68,0.10476649430254822,2,4,4,127720,162970,1,1,1,1,1,1,1,1,1
413,c6380669a0b433543bd7ca92d807c47266a837e7de991e7ab473704c5d7c4a2e,0.14386242514451064,2,4,5,128030,163442,1,1,1,1,1,1,1,1,1
414,025854ec61e2d037eea7c38a1b8e293826c00f97d4a76e365210955ca972b739,-0.060302135602768654,2,4,3,128340,163921,1,1,1,1,1,1,1,1,1
415,2a12496b9fba7ac7a3dcb1ecbb0f2bef5a435035c9b194593aa4c0925a5a6394,-0.09652594991691198,2,4,3,128650,164295,1,1,1,1,1,1,1,1,1
416,ab16c777f55a7d7bc2ac861294d24ea015b21c006431e7950b8ea680459d2300,-0.09652594991691198,2,4,3,128960,164683,1,1,1,1,1,1,1,1,1
417,a12beaa67870c70428c631e67c01cb59548d134c33ebb4066989af4e56cb1af1,-0.09652594991691198,2,4,3,129270,165046,1,1,1,1,1,1,1,1,1
418,b4ee663fc1cef281e516271fb0abf7d2dbff695b510318047e1a8554e7a7b657,-0.09652594991691198,2,4,3,129580,165428,1,1,1,1,1,1,1,1,1
419,74b3b89763eb171b121265c571e7191be62d5da709c0f50a65f1043cfa42c684,-0.0713827988179776,2,4,3,129890,165805,1,1,1,1,1,1,1,1,1
420,e3a2b2d999501d7a8b6ec07d82ee9a7d4512a4b69da1067aad008e569638d84a,-0.0713827988179776,2,4,3,130200,166182,1,1,1,1,1,1,1,1,1
421,85366b1a2a6855d8e9d843fe37946c7b9777ee558734948606b0a0964494f034,-0.18160623816926652,2,4,3,130510,166569,1,1,1,1,1,1,1,1,1
422,c68335dee382b9eb736341a1f02c1a911e3c67c4288e078b9082c024b5105e7c,-0.035898321555202006,2,4,3,130820,166949,1,1,1,1,1,1,1,1,1
423,07162b81085a1b70629947b259caac87128e664f4f56df87dd6d391bf5606a0a,0.045022484221796326,2,4,3,131130,167342,1,1,1,1,1,1,1,1,1
424,9fb3f33393b8e8ca520d41d44ffb869b4fbfed40c811b2436a6e4e5be38ba14a,0.010060861849345808,2,4,3,131440,167706,1,1,1,1,1,1,1,1,1
425,af9af4d7cab4ac3f80fc0276c3d955a0f8717998972818fa055ac74d4c5f527b,0.010060861849345808,2,4,3,131750,168100,1,1,1,1,1,1,1,1,1
426,aece4fc7eb6cc3761e048c06e71b6e13c8b23f2d1eda9ff7da75a38548e10e01,0.1676322225842888,2,4,4,132060,168474,1,1,1,1,1,1,1,1,1
427,55c9ec1c5a6a1c11e19ee83ff0e779ca7d4f6c67826167e35409e148744e22f9,0.08187707097176604,2,4,4,132370,168863,1,1,1,1,1,1,1,1,1
428,460017956ac90a3559dc60d827ce35eb706e4effa458813c43c3a487caf32194,0.08187707097176604,2,4,4,132680,169239,1,1,1,1,1,1,1,1,1
429,fb4be5ce659125630cf1ba3bd2b02143220f83c31f8b23f626eea3063fb04902,0.08187707097176604,2,4,4,132990,169600,1,1,1,1,1,1,1,1,1
430,a4e076581a76a2f774ba015c86c961f1b3a391d879283c0844f2190699ad3f66,0.08187707097176604,2,4,4,133300,170005,1,1,1,1,1,1,1,1,1
431,7154060b01293de02cf2f88c47a4baa675044063d4bc3639b47c4fe3aa8e9978,0.08187707097176604,2,4,4,133610,170371,1,1,1,1,1,1,1,1,1
432,9f5a08f7dbc414bfb48aa321a27427124d3e28d7fa73b16514b6bdccad18b381,0.08187707097176604,2,4,4,133920,170758,1,1,1,1,1,1,1,1,1
433,e9bf8eeb4810a0af2040f9098779fe01708f17bcecd5b4df410a5ebdae0f3ee5,0.08187707097176604,2,4,4,134230,171143,1,1,1,1,1,1,1,1,1
434,785b0aad2a86102915c5302855b1bbac47b2b321b71d0d5b1eff1143771ccab5,-0.07628161834470155,2,4,3,134540,171538,1,1,1,1,1,1,1,1,1
435,885249a378a0b2e87993912ea8b849929b79f75e700e88074c78a24381fd6780,-0.07628161834470155,2,4,3,134850,171915,1,1,1,1,1,1,1,1,1
436,cef5ee6b8db20ad56c5445b94892a5448698e0c4b4ca49b77fb6d357a36a891d,0.045022484221796326,2,4,3,135160,172297,1,1,1,1,1,1,1,1,1
437,47c4f93fb62b88c58b2b34d507c63c89fc8c157860297edf1391cba382a39738,0.045022484221796326,2,4,3,135470,172679,1,1,1,1,1,1,1,1,1
438,3f78672aa41c8928329cc156aeb85f7aba8fb45e79978a8f69cf658d7f079ec7,-0.10961965128026348,2,4,3,135780,173064,1,1,1,1,1,1,1,1,1
439,7a6f3ddeaf66008ed778dee0185299aa609c69f2bdf44c490b8a64e82ceb1236,-0.10961965128026348,2,4,3,136090,173432,1,1,1,1,1,1,1,1,1
440,eca32c5f6fb3c3de8d1b3a6060afa63ec34af98c2d2581474b6479b19ae2a521,-0.10961965128026348,2,4,3,136400,173821,1,1,1,1,1,1,1,1,1
441,9459850b3ffbc0cfef94ba472f3edbc48933a1ea41245c54af432e8240164520,-0.10961965128026348,2,4,3,136710,174195,1,1,1,1,1,1,1,1,1
442,87caa423015f04a420b011de40dfaef310a855e222ee0eee5536bc3e67f11dc0,-0.07628161834470155,2,4,3,137020,174591,1,1,1,1,1,1,1,1,1
443,5f2fd22768dd46b21ade28b7d4996729827c1027838ec4fe339cb504c26d228b,-0.07628161834470155,2,4,3,137330,174973,1,1,1,1,1,1,1,1,1
444,ca78e63464e364e582e18e22eb37c2799f6bad3cfbc3c6e396404a98d7939314,-0.10961965128026348,2,4,3,137640,175357,1,1,1,1,1,1,1,1,1
445,90c700fd4bb1efa1370440fb363067cdec2899b6ffd56adec718c8d544de99af,-0.10961965128026348,2,4,3,137950,175737,1,1,1,1,1,1,1,1,1
446,720f68ad0d8a4e6b4bac988f5e829ac7391ecdcd516250d2edfda35289e2d6ec,-0.024727374753939952,2,4,3,138260,176122,1,1,1,1,1,1,1,1,1
447,728a85a71a8aa2f8e40ad9f9e467c52d356a30552b862b70e049d69551e2f374,0.010177509522961413,2,4,3,138570,176503,1,1,1,1,1,1,1,1,1
448,895ab3d0742250e1e801d6e48bd1d8e90ee7258e353f974a05766f1820b701ae,0.010177509522961413,2,4,3,138880,176896,1,1,1,1,1,1,1,1,1
449,2b1f106e30a13f8ae978b558cb4ec0ebf7e4ee109b8c228400d9c32a8759a43a,-0.024727374753939952,2,4,3,139190,177290,1,1,1,1,1,1,1,1,1
450,ca49150564a8cb2657c7a054bc667f28c9a43d6a44d0d15d3de6751b9279e697,-0.024727374753939952,2,4,3,139500,177675,1,1,1,1,1,1,1,1,1
451,45a893e4a95e3d467eaf3a3cc50d324532d71cb3a29d8bc06173c6643f11f590,0.01294637446989463,2,4,4,139810,178056,1,1,1,1,1,1,1,1,1
452,25338a55a893d04856b2b693e888c3f37d45590ab975e2dbe7a042155605dc25,0.046332858181672446,2,4,4,140120,178455,1,1,1,1,1,1,1,1,1
453,e3a96a982f1ca171b0c41cf0518dce105259ce14c296cfc661b4b4a8d3c74588,0.046332858181672446,2,4,4,140430,178842,1,1,1,1,1,1,1,1,1
454,3c661ccd9e29fd7a193e4763927f2fc7454fb332b7b02aad2316f896bb64e04a,0.08665906514533071,2,4,4,140740,179228,1,1,1,1,1,1,1,1,1
455,d57ab3b50f1ffca5c89ec9dce21ac3c104babe5e730ca05b8510cfc09ec4d063,0.08665906514533071,2,4,4,141050,179623,1,1,1,1,1,1,1,1,1
456,68bc5035d28e66fa2bfc703ccba21500d041013a206ba468c7f952b46b0c6eef,0.08665906514533071,2,4,4,141360,180006,1,1,1,1,1,1,1,1,1
457,4d6fbf5308f9411cc7cc4101ca9291c4d0436275dcace225e81451d1febb1cdf,0.1676322225842888,2,4,4,141670,180401,1,1,1,1,1,1,1,1,1
458,ea727e9385dccdb5302a15e9a875a73a8019c5502ee42a4ea0298f9f8c0c0edf,0.1676322225842888,2,4,4,141980,180779,1,1,1,1,1,1,1,1,1
459,9fb927e570c564c7077aced5b05aefc3f86b24295bf4b28f8d416f1e8074008a,0.1676322225842888,2,4,4,142290,181165,1,1,1,1,1,1,1,1,1
460,c84ac8184f638f06729da9d25e7fd29fed5e39cd566779c4ce4acdb3c16527ac,0.1676322225842888,2,4,4,142600,181552,1,1,1,1,1,1,1,1,1
461,0fcd776e01d7b83d3744df6ced311fcaf12fa21cf1c05c59ca566fdf82ab20c9,0.1676322225842888,2,4,4,142910,181930,1,1,1,1,1,1,1,1,1
462,814bfc0ba208519ce3b3d48d0f4dc004f0db296c0f941e5b58785d3c8a257ee8,0.08187707097176604,2,4,4,143220,182319,1,1,1,1,1,1,1,1,1
463,43aa616473b27d8e9568e99c18167be79b0a2dfd572db167c770da43319bb131,0.08187707097176604,2,4,4,143530,182704,1,1,1,1,1,1,1,1,1
464,07d5ea73428adb5f499d70b12f832aa7839debcacb4beb9794fd9ffb424b23c7,0.08187707097176604,2,4,4,143840,183082,1,1,1,1,1,1,1,1,1
465,1e54223fb1fa3f76ef7734765d6fe8abdca5dc3e1b423df983a37bdf9b7a3ea6,0.04843794646887939,2,4,3,144150,183465,1,1,1,1,1,1,1,1,1
466,9683d092906a43de30cf4f81a2b33ac1c20c18a51005d6e6a6b4527a1ce7c55c,0.08187707097176604,2,4,4,144460,183864,1,1,1,1,1,1,1,1,1
467,f78e8f43fcd1e15b4567d4e28f562d7cf87fd8e5efe38b5f98ba8e17b5997b06,-0.035898321555202006,2,4,3,144770,184253,1,1,1,1,1,1,1,1,1
468,61a65c366ec8f09c1ad2ca08f31dd208a00881c612416f4d8ce9acb3ce790541,0.10476649430254822,2,4,4,145080,184650,1,1,1,1,1,1,1,1,1
469,999d36b836036d1b45de5b73447456aa0739af8ef6adfb90810c42186276e5f4,0.10476649430254822,2,4,4,145390,185115,1,1,1,1,1,1,1,1,1
470,262b142732457ae82b4e14b26d9899b8eee7b8d013e78e137e8b65af2c803648,0.001953619570907523,2,4,4,145700,185621,1,1,1,1,1,1,1,1,1
471,21aea2d1cc1db2a15b76dd1fce81f96742abbede50b49d32a034f570ca52c2ef,0.001953619570907523,2,4,4,146010,186116,1,1,1,1,1,1,1,1,1
472,5b700a51e48c3255ef107e0a20513e4c7805f47b5a4ab7dd05ebf52b40658d64,-0.060302135602768654,2,4,3,146320,186580,1,1,1,1,1,1,1,1,1
473,d84fa9d4c788fda31504d9c47a3cd5fecb139ea75d591e1035eec61d5fc5ba42,-0.057733832095476056,2,4,4,146630,186975,1,1,1,1,1,1,1,1,1
474,4f6a81b5e2ecc2982b3a89d5e32ffce8878da5d9a61c2eb2b0578411f69f6071,-0.0713827988179776,2,4,3,146940,187362,1,1,1,1,1,1,1,1,1
475,e3b68fd6936fd3c3d7fe2897db8e2c70389c07abe80ac0ebd1ec40cae0371bce,-0.0713827988179776,2,4,3,147250,187746,1,1,1,1,1,1,1,1,1
476,df6df81e8f75373f6e59dd1aa97b7e9103bffeeefb198f20ca9b31214b7c5025,-0.10961965128026348,2,4,3,147560,188137,1,1,1,1,1,1,1,1,1
477,30966f4cddf7a2af888d55b5bf92c8f8b2163328a4f63d6b79f9f2d5ec94224a,-0.10961965128026348,2,4,3,147870,188509,1,1,1,1,1,1,1,1,1
478,14e7efa4c415dd548685d5d2a1646000c81c3b8f770f342295a8bea46533f3e4,-0.10961965128026348,2,4,3,148180,188891,1,1,1,1,1,1,1,1,1
479,cc09f9e2d2836cb779387c1b3eda5b4bcf80836bc1971e9e85d649a4dadf5165,-0.18160623816926652,2,4,3,148490,189266,1,1,1,1,1,1,1,1,1
480,0c9ca60c108f7cb0d651cece44d6e47efaa7bddd460fc63ef0803e6f9e436886,-0.18160623816926652,2,4,3,148800,189646,1,1,1,1,1,1,1,1,1
481,976121d6224e4c00ecba08c72e9e67190564cf3a34e7dd6a6539e14f0e3916f7,-0.0713827988179776,2,4,3,149110,190035,1,1,1,1,1,1,1,1,1
482,2c38971b4b91e635269c1b769f165577de09b7cd91d2642b791977e74323fbf5,0.049921303748520274,2,4,3,149420,190415,1,1,1,1,1,1,1,1,1
483,1ebf5e1ccb749d2b2b0a133fe984dde899b4aa03e1a0a8144edeab1c26290afb,0.049921303748520274,2,4,3,149730,190809,1,1,1,1,1,1,1,1,1
484,0044bdf4ce5ccdf53b6df218199f01ace72185bcce67bf7598314b869f79ade5,0.049921303748520274,2,4,3,150040,191198,1,1,1,1,1,1,1,1,1
485,9fa797351de33218767f5f418e116a23f0fc651c3b4c271b8c6b7b789cc0be48,0.049921303748520274,2,4,3,150350,191571,1,1,1,1,1,1,1,1,1
486,023704ff426a501bf7ded99a2e9c83c795b4a561151a0208c04d468e31395fee,0.08665906514533071,2,4,4,150660,191934,1,1,1,1,1,1,1,1,1
487,95ae75d788f9431375344fd9d8652947201ecfb6061c06f0c85785f538174115,0.01294637446989463,2,4,4,150970,192323,1,1,1,1,1,1,1,1,1
488,4007a910e44ab7ee0c7fa7580b4cb70fe0c6eec2edd879b584fcae977f78fe22,0.01294637446989463,2,4,4,151280,192713,1,1,1,1,1,1,1,1,1
489,b94c9c16452c1679d4ef8fd9d8ccc1ed08a5b534405050fdcb1d23a8f98287f6,0.01294637446989463,2,4,4,151590,193088,1,1,1,1,1,1,1,1,1
490,8804f8fe5e78b4f03015b3cef173b5cdbd9135a44455302c448d243800cc5761,0.01294637446989463,2,4,4,151900,193474,1,1,1,1,1,1,1,1,1
491,03854300018125e8079c0a553d0307a14c8cafb810f29ecca205c5ccb50765cd,0.01294637446989463,2,4,4,152210,193864,1,1,1,1,1,1,1,1,1
492,82119d3ba887aa18a4fde07ab401af5b7af2a3aec40564876814c608da6c3ffb,-0.057733832095476056,2,4,4,152520,194230,1,1,1,1,1,1,1,1,1
493,2a748b99aff03b73f96dc556fea2acdc676c9cc87330dd961351144d8ddd577f,0.08665906514533071,2,4,4,152830,194624,1,1,1,1,1,1,1,1,1
494,8c0873bddffca8ffcd3fe9034cf4dd09faefdb4e92f6368edee243a25597ee2f,0.01294637446989463,2,4,4,153140,195007,1,1,1,1,1,1,1,1,1
495,8385181af0f7be46b340b092be301883253b98954d622a9dadc8b196e73c4665,-0.057733832095476056,2,4,4,153450,195404,1,1,1,1,1,1,1,1,1
496,ace1776d6edb651800bcac349ad32baac062609951f48bbca9d366d52dd54eaf,-0.057733832095476056,2,4,4,153760,195791,1,1,1,1,1,1,1,1,1
497,e59341052831b293c2d13f383b7f4b263913ff9d5bc2a7d6a024acf24358fe20,-0.057733832095476056,2,4,4,154070,196160,1,1,1,1,1,1,1,1,1
498,22f974f8785e2d9981c0945bb66b09d483a98338510a7b235910978c2c019883,-0.057733832095476056,2,4,4,154380,196549,1,1,1,1,1,1,1,1,1
499,c665c02f601cb52575bcf5bb9659536123291d72f86afe8e3ad6c608f213542b,-0.18160623816926652,2,4,3,154690,196918,1,1,1,1,1,1,1,1,1
500,de96ddeb514db405023b379cf791fb5c5c183565e4d90ee68526bfa69fcdf808,-0.18160623816926652,2,4,3,155000,197295,1,1,1,1,1,1,1,1,1
501,42383bbe2cfa9df31880b055ebe07662f120f80740a4324928d390c6e46a9ddf,-0.057733832095476056,2,4,4,155310,197685,1,1,1,1,1,1,1,1,1
502,32c3bacd24c050256821caa845046f858e0071dbc055212222a067e099fc7e85,0.08665906514533071,2,4,4,155620,198071,1,1,1,1,1,1,1,1,1
503,936c750114e046c0793484d9a3cd414e57a6db5aad3d26b8ed3aef86a7c12360,0.08665906514533071,2,4,4,155930,198443,1,1,1,1,1,1,1,1,1
504,e82e1e85979d2a790c87a659939366697829e14a2668d514f4c9d46cc5387dd5,-0.057733832095476056,2,4,4,156240,198823,1,1,1,1,1,1,1,1,1
505,f0ca132a9b10d02a73114f3d51f99f357ef0e396236bfbd500c6fd253d33bd60,-0.035898321555202006,2,4,3,156550,199198,1,1,1,1,1,1,1,1,1
506,fa923c09f442b48355e48e92f5e989a4ebb06e243f9a87b1a4a9ae9a1262dca1,-0.035898321555202006,2,4,3,156860,199560,1,1,1,1,1,1,1,1,1
507,5d752328c881890887490b41fd5f52b998b9d12d581572981c4a583a7d4edc20,-0.020935803759874652,2,4,4,157170,199960,1,1,1,1,1,1,1,1,1
508,59a978c85a8ac333bc84312efd114930466de5b568525d64d67faf530d70dd83,-0.020935803759874652,2,4,4,157480,200348,1,1,1,1,1,1,1,1,1
509,5d0e4f381a32511d3f26d116203162a7cb4c11e91edc6c63c30db7c168e5f1eb,-0.020935803759874652,2,4,4,157790,200749,1,1,1,1,1,1,1,1,1
510,8556e237c8f0ef55d0e5a760bae88a596572b4e52e595bf15168ec99842cd3d6,0.05872522113145897,2,4,4,158100,201121,1,1,1,1,1,1,1,1,1
511,ad83656b456920b25842eb2a1201c1d0d160749e30d098fa13d791eab83909b5,0.05872522113145897,2,4,4,158410,201500,1,1,1,1,1,1,1,1,1
512,b119090ec86d6b6a9e8b1d57f74d327189620cfb61dfb818f4d6a3b33b51e591,0.05872522113145897,2,4,4,158720,201905,1,1,1,1,1,1,1,1,1
513,0399e1140c48b78f51e96bf52501dd06f7197fc6869f8d34a60ae39dbd65ce37,0.05872522113145897,2,4,4,159030,202273,1,1,1,1,1,1,1,1,1
514,73e159c345d3105afba4074ac11be7ff612821fe37b19da96150ccdd496668f8,-0.06257414327115737,2,4,4,159340,202651,1,1,1,1,1,1,1,1,1
515,1ab2f62620ec70069283afb9347854ae73647de53a39dd0b2fd5cb251975c978,-0.06257414327115737,2,4,4,159650,203025,1,1,1,1,1,1,1,1,1
516,0e4a8fb2de0f9ddb0ca2e769e78edc95b07c588e11bb82ab16ad46089f184d36,-0.06257414327115737,2,4,4,159960,203416,1,1,1,1,1,1,1,1,1
517,694127fa4627d492cde2e15c95b619152edf85d9b1fc52395d0539cc5ad81490,-0.020935803759874652,2,4,4,160270,203801,1,1,1,1,1,1,1,1,1
518,76a55441df1d5cc7ee4d52b5a330f62b09015d756aa7759acf4819ae1effc6d7,-0.06257414327115737,2,4,4,160580,204192,1,1,1,1,1,1,1,1,1
519,f9dfbb079af4c51d39a94889f4b25307f3be74c155fae6d9ef02a2dbf6c79bdd,-0.06257414327115737,2,4,4,160890,204572,1,1,1,1,1,1,1,1,1
520,7117467a078744e2bf123e921efe68dcc24393cfeeb2ada56ccf550acb443d0b,-0.06257414327115737,2,4,4,161200,204943,1,1,1,1,1,1,1,1,1
521,f30d4eee0fbef383789aa329919788c2596b75d66a08f929805f9cdea160605d,-0.06257414327115737,2,4,4,161510,205335,1,1,1,1,1,1,1,1,1
522,bf33acd252d597e0e80409d516de238ea465e7534853d7a1838a5e3bf1257b27,-0.020935803759874652,2,4,4,161820,205726,1,1,1,1,1,1,1,1,1
523,9873748ac761fade0ff1823d563e87570df9eb46859067e70c5db59ab396e13a,-0.035898321555202006,2,4,3,162130,206104,1,1,1,1,1,1,1,1,1
524,437db517fa588bbca01cfa9cf994c835c873e52fbf6654906675e60c8c3f978d,-0.035898321555202006,2,4,3,162440,206490,1,1,1,1,1,1,1,1,1
525,def712bff68b1af08164865af8f374eb626e71cb468dfe56421420c2dc71166a,0.08665906514533071,2,4,4,162750,206878,1,1,1,1,1,1,1,1,1
526,3511ac6ee4ccf7ea076be4b7f2a4e76ed3479a782c61d02d6cdf259ee967589d,0.08665906514533071,2,4,4,163060,207284,1,1,1,1,1,1,1,1,1
527,72028b4e80bc4f10d4b428dfc79df54de1ec2d4a0675b29ef2083d44acfb2945,0.01294637446989463,2,4,4,163370,207664,1,1,1,1,1,1,1,1,1
528,4ebdee7a723c0763408b07a95a880fc607e40b6865c6c40b1e4ee941a3344b94,0.01294637446989463,2,4,4,163680,208055,1,1,1,1,1,1,1,1,1
529,e167b997c13960371f228ac19987304c053389eacca99e2d37fa704078bd9f6a,0.01294637446989463,2,4,4,163990,208435,1,1,1,1,1,1,1,1,1
530,3d810c3e6a5e347a218f5e740db4e5dd6444dfca665cef0f541888f804548406,0.08665906514533071,2,4,4,164300,208805,1,1,1,1,1,1,1,1,1
531,6ded4de27032047da5f5ff2ee357ee9c8a820e96f7c84b3ae543f5e5c6685d13,0.04843794646887939,2,4,3,164610,209185,1,1,1,1,1,1,1,1,1
532,2dff5605d7603268401f04cb75a4c638a6f88cf02cd007a5a1c9086f007d9bb8,0.04843794646887939,2,4,3,164920,209583,1,1,1,1,1,1,1,1,1
533,54af2f35a1cbabcac92d63d3a71e8ebd0e433ef398158ea9b0915f8706593669,0.04843794646887939,2,4,3,165230,209963,1,1,1,1,1,1,1,1,1
534,6d68b7b08321323485978471f952b072952901497ac6aae326d4dce0514583d2,0.04843794646887939,2,4,3,165540,210361,1,1,1,1,1,1,1,1,1
535,c08ffab3406d7b824e56ac31e5b59707a22ccc39260cd1aee85b8a4ce090eb40,0.01294637446989463,2,4,4,165850,210752,1,1,1,1,1,1,1,1,1
536,31eb42c365bdb4ff7f6b84102d765f1fdfb4ec3184e0eadd51f7edd5a6ba8fd1,0.08665906514533071,2,4,4,166160,211136,1,1,1,1,1,1,1,1,1
537,2ed86cbb95d04b6823bbc6203000a509b0dab579a7386c0643e8c3b9dcd4f9f4,0.08665906514533071,2,4,4,166470,211521,1,1,1,1,1,1,1,1,1
538,ac3248ee2da93eb65e25c0876cab1ab12b258e3a719dbdd842740e76f56e168f,0.08665906514533071,2,4,4,166780,211915,1,1,1,1,1,1,1,1,1
539,f6994d2a0f9d482c3ff81e4cb715d7dd69aa90c8e134439653674578f2a8a750,0.08665906514533071,2,4,4,167090,212320,1,1,1,1,1,1,1,1,1
540,973bb3daedacd6052dfea33b47d95c7feebcc9ddce568b184acd5ccf2df64a03,-0.020935803759874652,2,4,4,167400,212692,1,1,1,1,1,1,1,1,1
541,ea541168b1d2f4a366a371db943859d8dfdbf786cd2ee1e49c510da1934ab939,-0.060302135602768654,2,4,3,167710,213085,1,1,1,1,1,1,1,1,1
542,3b0d3ed60d8edb2a64e74dbe2d38e258e8cd10b45387329217032e244a98cf12,0.04843794646887939,2,4,3,168020,213474,1,1,1,1,1,1,1,1,1
543,b3face3f78be87ed141af525773f4c1bc984da2fc453c81c53572b5ae13b9960,0.08187707097176604,2,4,4,168330,213847,1,1,1,1,1,1,1,1,1
544,5dee8b0aa6297121b440bd391630599e963ff58896b79a87cd087a8b9d102307,0.08187707097176604,2,4,4,168640,214225,1,1,1,1,1,1,1,1,1
545,780b395b556733f8f90ba18affe40dc420374c984c558358f9a4ac8ee071349d,0.008164380296329947,2,4,4,168950,214605,1,1,1,1,1,1,1,1,1
546,ab39b7296724507492cade42846fa88eec7b4e052b9276ebeb9888190341769a,0.008164380296329947,2,4,4,169260,215009,1,1,1,1,1,1,1,1,1
547,aa9e18d7ad2380e487ef5484850ad2d1137b20a93125760e639de0cad56de066,0.008164380296329947,2,4,4,169570,215395,1,1,1,1,1,1,1,1,1
548,b8809f2ebf21f2b224a26a1a4ac225ba1a2e501432330acde481cdf9a7f866a3,-0.09464849443531073,2,4,4,169880,215788,1,1,1,1,1,1,1,1,1
549,808c35391092e16c3ed096c5df1024eacbe0f68bc3c8fe1edfab02f338f4cf3e,-0.09464849443531073,2,4,4,170190,216174,1,1,1,1,1,1,1,1,1
550,ec6683666a140915a47d7676a37d006898013631387feb6fb044e487afc876a4,-0.10961965128026348,2,4,3,170500,216558,1,1,1,1,1,1,1,1,1
551,37306f71abf0a0a456688c49280852534ba4e32fad0e81520d7e698b3488ff96,-0.015920541577843395,2,4,4,170810,216925,1,1,1,1,1,1,1,1,1
552,7e92fb428a48397fd675bce055074ff2324c0d2b36af14dda75aff328ff75a72,-0.015920541577843395,2,4,4,171120,217312,1,1,1,1,1,1,1,1,1
553,a834475789faa0c06f874628217a9a0d8b887474fbb63a8e273dc60dd0c29560,-0.015920541577843395,2,4,4,171430,217690,1,1,1,1,1,1,1,1,1
554,cd093fcc258b95cb0ece9dd35938ea8c7bdc3dbf6648faf81ed9f5729cb5c116,-0.015920541577843395,2,4,4,171740,218092,1,1,1,1,1,1,1,1,1
555,35a14ffb79dfec4358a71415ab95a301e79f50fb6146588d7010e70f445e5f94,-0.015920541577843395,2,4,4,172050,218458,1,1,1,1,1,1,1,1,1
556,c4918fd81d7e1ce2fdc4bb413795194443834390df6d8f09076894f5d01f6afb,-0.015920541577843395,2,4,4,172360,218852,1,1,1,1,1,1,1,1,1
557,984556d11fbcfe676ef9d5dd95f6a85294a1033482e63d9d7bd49fbde83aea9c,-0.015920541577843395,2,4,4,172670,219237,1,1,1,1,1,1,1,1,1
558,855fc9d1719ed6538cd0ec2bf14086680b7a1a004485b3ddc173405519402fb2,-0.06257414327115737,2,4,4,172980,219611,1,1,1,1,1,1,1,1,1
559,3eaf5dbabdeeecba333649fa1e72064aa181b94537af020fa1733844325d6ede,0.008164380296329947,2,4,4,173290,220003,1,1,1,1,1,1,1,1,1
560,57f0d87334384938465b40aaf29af6157a115ab9f8f24bb52af6bafeab4e46b7,0.008164380296329947,2,4,4,173600,220393,1,1,1,1,1,1,1,1,1
561,508bdbcdd335ca9bbfe6f0e957a7dc242130150743d6845f94d273c91168dc85,-0.015920541577843395,2,4,4,173910,220785,1,1,1,1,1,1,1,1,1
562,c05fc70ef12372d416c9824d02c9b8c2cf6b554a76f981216a99bab53dac7d4c,-0.015920541577843395,2,4,4,174220,221173,1,1,1,1,1,1,1,1,1
563,9c21782d467004a39b7c10196144a2ebee6bb2afea33e306b62af845a0f4a240,-0.015920541577843395,2,4,4,174530,221559,1,1,1,1,1,1,1,1,1
564,882321964d69725f192a12e20c784d571081f931d80d23978d94142b980e9f40,-0.06257414327115737,2,4,4,174840,221955,1,1,1,1,1,1,1,1,1
565,527d32e577bcf6e967263ef6320feef3ab866ceb49182d987f4791e8737fe279,-0.06257414327115737,2,4,4,175150,222335,1,1,1,1,1,1,1,1,1
566,b17258a58d146ecd53ea5a39b76c7ae3305fdf0ce1a84f5ff7806c06952d2d3c,-0.06257414327115737,2,4,4,175460,222718,1,1,1,1,1,1,1,1,1
567,3e608de3623525af293d22086b51caee2d1745affa8c5e2dd8bfad708011486a,0.08187707097176604,2,4,4,175770,223093,1,1,1,1,1,1,1,1,1
568,5c927a64d07387b96bd362d8361e1ca979a128e7c6c616902c8d766d4fba9d34,0.08187707097176604,2,4,4,176080,223488,1,1,1,1,1,1,1,1,1
569,9ceff27cf63e60028f1196bba379b7886ac8cba7b5c70b4b786fb888f801fc88,-0.06257414327115737,2,4,4,176390,223860,1,1,1,1,1,1,1,1,1
570,0292509a65080b9cc5502896a96b80f6bb46cb5f261d8b3757cb08eb789ffa5c,-0.07628161834470155,2,4,3,176700,224249,1,1,1,1,1,1,1,1,1
571,d71427803d7c61bf974cc01154e96c0fafda6e49109b9e423b90f3385c4bafda,-0.07628161834470155,2,4,3,177010,224623,1,1,1,1,1,1,1,1,1
572,9277a998afeacf8f50fc318ca113fe4e0caef507f03eee1df18474a5bc85bc61,-0.07628161834470155,2,4,3,177320,224989,1,1,1,1,1,1,1,1,1
573,e22cad6a0436181ecf0b03e7a8c09a9392b4afe6ab09f9e81101533895209d0a,-0.07628161834470155,2,4,3,177630,225380,1,1,1,1,1,1,1,1,1
574,95af51fc9a81e9cb861929177985b0f16315aa5759321afe4598ffaad570cc5f,-0.10961965128026348,2,4,3,177940,225766,1,1,1,1,1,1,1,1,1
575,628672ddf5a4d281b573a58b53b5a607f71ce7c18a7f31f5a1baad97d26c2736,-0.10961965128026348,2,4,3,178250,226138,1,1,1,1,1,1,1,1,1
576,cf201964a7f1adb199b27f2644c3db88ce0a593b211979e21572958f28ca9c87,-0.07628161834470155,2,4,3,178560,226525,1,1,1,1,1,1,1,1,1
577,39a863287b55bdc33ad965d880ef0a4ef1e64822057895da9cea0d1b315a8ab6,0.01294637446989463,2,4,4,178870,226899,1,1,1,1,1,1,1,1,1
578,3e36fd1253664c4017aedd607a27bcd6b9ed599bf2372d1ce9c677c200552138,0.01294637446989463,2,4,4,179180,227282,1,1,1,1,1,1,1,1,1
579,11b942e09615a12446d750537ef59c390fb8f8df5814904f650d1b758c5a842e,-0.07628161834470155,2,4,3,179490,227667,1,1,1,1,1,1,1,1,1
580,5fdc952be8b6b995186bc4d66e1b28013f45be47d12336d4201e95a00182e6be,-0.06257414327115737,2,4,4,179800,228050,1,1,1,1,1,1,1,1,1
581,fe02c811ced796820ed84d3885bb1494c4e7e2d61d48516a45a8d1a26dbc96b6,-0.07628161834470155,2,4,3,180110,228423,1,1,1,1,1,1,1,1,1
582,60cc0551aa4706940734e61706d67b4c8091e7d636b0fac567f49abbd517ab09,-0.07628161834470155,2,4,3,180420,228790,1,1,1,1,1,1,1,1,1
583,a8823acb908fb755b7ef6d561516265b349cd78b1d5a2179949bdab1c81e0ec9,-0.035898321555202006,2,4,3,180730,229178,1,1,1,1,1,1,1,1,1
584,9eeb7f79965faabbf65f98fbe50619a0944c4cdf99406f5de7a24a3745c6a179,-0.0713827988179776,2,4,3,181040,229543,1,1,1,1,1,1,1,1,1
585,ff3e8aba7cef522fe4e559d9e7cc31dd9715d59bd7030800a6f0968ba541a6eb,-0.09652594991691198,2,4,3,181350,229916,1,1,1,1,1,1,1,1,1
586,b7c55a1072e74e033c541c30b69a70c88961f28c8f5a3d4cdab0f6d6897e262a,-0.09652594991691198,2,4,3,181660,230285,1,1,1,1,1,1,1,1,1
587,188f0f36e2dbab715c650c6c9aa4fec86c53997aa7fc0e898c0ca6d80326dce4,-0.09652594991691198,2,4,3,181970,230672,1,1,1,1,1,1,1,1,1
588,ad9c812304f57bb34cdec8258bfa2a2952cee8c4b0619d9c9684854236346ab1,-0.035776083431762175,2,4,5,182280,231120,1,1,1,1,1,1,1,1,1
589,39970ab452dd908d78b30aca180baf60dc62979fbabae97aff6d371dffd300fd,-0.035776083431762175,2,4,5,182590,231631,1,1,1,1,1,1,1,1,1
590,bf0ca1d47dc948c19268b0be12c1e65ba7a48d9385bcfafb8096e0842f70e635,-0.07628161834470155,2,4,3,182900,232025,1,1,1,1,1,1,1,1,1
591,b3e962252f49d26f4d4d2fda4e5f465a097ac9256a5e5989620c63669f87eee4,-0.09464849443531073,2,4,4,183210,232420,1,1,1,1,1,1,1,1,1
592,7708bf441e19519aa4f3b9a2ec6c5f2f85af5db0f115fe7d242d4477eb809a44,-0.060302135602768654,2,4,3,183520,232808,1,1,1,1,1,1,1,1,1
593,2a6d244b811e48f934e916ae93e4193114ebf6915b177241b46d429b5f09b9b0,-0.060302135602768654,2,4,3,183830,233194,1,1,1,1,1,1,1,1,1
594,8dcc548e7997cc2750cf81c9805d9f2b1257784dcea72addec4f4f8d862f9b1b,-0.18160623816926652,2,4,3,184140,233571,1,1,1,1,1,1,1,1,1
595,de061e24407d23bd3a2c248e16b2db81879592ec0a46eb27a0fc85a8853f63ff,-0.09464849443531073,2,4,4,184450,233938,1,1,1,1,1,1,1,1,1
596,9e9e9e1799eba186553f031d1232832f50385764697bc093ea8e297058233ff1,-0.09464849443531073,2,4,4,184760,234322,1,1,1,1,1,1,1,1,1
597,0ce50bb17ee9c28d79f1f321ee80f9e34d6da9dd546f0bd03add14e873d9bf99,-0.09464849443531073,2,4,4,185070,234726,1,1,1,1,1,1,1,1,1
598,d60eb54c71010bc72114bde05eeee85576dcf47cb9ec3c3ec1e585be712b5bb8,-0.011080230402162071,2,4,4,185380,235118,1,1,1,1,1,1,1,1,1
599,9ba463389105547ac299867828e0036b8cb906c08e279dadada58dcc9ec3f9e1,-0.011080230402162071,2,4,4,185690,235494,1,1,1,1,1,1,1,1,1
600,282faf428978e964852e262536312761d3fd870a4117781c05cbd1da71017a61,0.08120325375505923,2,4,5,186000,235962,1,1,1,1,1,1,1,1,1
601,150bc382be584d8684ebadf0a51722cf62e6769ffb2bfd28b20441537dac390b,0.08120325375505923,2,4,5,186310,236469,1,1,1,1,1,1,1,1,1
602,50d9734a42187aabeb342f6ef942d64c818efcbdd70f8407d45e83b23b89eb1c,0.08120325375505923,2,4,5,186620,236973,1,1,1,1,1,1,1,1,1
603,1623cfa224aa905e202abab501c296b34a3d4a98ec6a75104462402662608852,0.010060861849345808,2,4,3,186930,237376,1,1,1,1,1,1,1,1,1
604,c15c58d0d00091f0656ca3544ec2d4fe6b68fc1ba34782fa8e461a2d2a4ea1b8,0.049921303748520274,2,4,3,187240,237751,1,1,1,1,1,1,1,1,1
605,b03760134ade25f3f44a206fb77aa918ac9599d2d9f5e226ae7dea3579636406,-0.035898321555202006,2,4,3,187550,238129,1,1,1,1,1,1,1,1,1
606,4f21d9190e0896988628f0092d92e1048da623de510b5dee04c2fbd9afff7517,0.08665906514533071,2,4,4,187860,238496,1,1,1,1,1,1,1,1,1
607,5e477d32c6c92dfece2b2d58e57b0e1a84b39dabcfd716a938e4cdc64bc269af,0.13272949681747828,2,4,4,188170,238877,1,1,1,1,1,1,1,1,1
608,9f17d54de87949a5404142cf0626a39eb769f5ee40217d527f468f79ce996749,0.13272949681747828,2,4,4,188480,239264,1,1,1,1,1,1,1,1,1
609,d291247b39d9eb47192cfdd41f6776a4caaf2dd736f767b0faaf757d9be1e660,0.12371468785734877,2,4,5,188790,239704,1,1,1,1,1,1,1,1,1
610,7e4264fa02f94ed97acdb73fb0cfd0d24c67900cc6665aa3b52c755dbf948ab8,0.06356553230714031,2,4,4,189100,240087,1,1,1,1,1,1,1,1,1
611,5e6175e020ec03aadf1ae900c154891e8c56fa9c9df00c49f026bb49d207214b,0.12371468785734877,2,4,5,189410,240547,1,1,1,1,1,1,1,1,1
612,c25fdc8f247d3a29fec17511a3c8eafb3cee7ae010985e3c91ec7040b30c3f6d,0.12371468785734877,2,4,5,189720,241074,1,1,1,1,1,1,1,1,1
613,5986fc967e67a4fb2a0d54864dba394d185c81c66775d6af06bbe4ea4efeb96b,0.049921303748520274,2,4,3,190030,241488,1,1,1,1,1,1,1,1,1
614,e869c2b9e0d220572e9cae669bf540450d006409a52be502dcbbc190724e25b9,-0.057733832095476056,2,4,4,190340,241866,1,1,1,1,1,1,1,1,1
615,81592b36b9641dbe7982801657fb0f1721b2172ad4abbc35bae38c5006989b6a,-0.057733832095476056,2,4,4,190650,242248,1,1,1,1,1,1,1,1,1
616,3f20c4e81b2157c69def1949ea1bf7cd052e74925d37edda2410b0c007f85dc9,-0.020935803759874652,2,4,4,190960,242630,1,1,1,1,1,1,1,1,1
617,959e2539d690f5e4cea3a1753dd496e224e6fa08be2238de7cd7fc5a6ef5a386,-0.020935803759874652,2,4,4,191270,243000,1,1,1,1,1,1,1,1,1
618,ef0ca2acc26056ca95fa981e9758ad0d4e09d24b07d1527ab1e4ee7c9a5ab1aa,-0.020935803759874652,2,4,4,191580,243373,1,1,1,1,1,1,1,1,1
619,f37ff4fc6196668c61739413c0288aee563215303a7b6f84f3e4925ed935edd1,-0.020935803759874652,2,4,4,191890,243761,1,1,1,1,1,1,1,1,1
620,9da58b39771b86a5313a440f9f3d18ffca727e30e9c5efd3c8f508a3a3309575,-0.18160623816926652,2,4,3,192200,244144,1,1,1,1,1,1,1,1,1
621,3a005f2278c7934c6ce2ea8ee69f03b6a3e774f13151fa7c5b35a6bde754a395,-0.0713827988179776,2,4,3,192510,244521,1,1,1,1,1,1,1,1,1
622,8180bf11146509f29083e8d98627359b81a192155ea7d8623af95b3dd45f7806,-0.18160623816926652,2,4,3,192820,244897,1,1,1,1,1,1,1,1,1
623,7b9d9a95b7db89824a479796bccdd7229090f1b89c9612ea98f203364a890781,-0.06257414327115737,2,4,4,193130,245260,1,1,1,1,1,1,1,1,1
624,c5797b5ef6014e21d96a0bc2003e3684054f599312249a0c8e9570fb684a71fe,-0.057733832095476056,2,4,4,193440,245653,1,1,1,1,1,1,1,1,1
625,6c28d2f574d4c56e383f8055ff3801555c3a347eddf3076fade7546bb8442877,-0.18160623816926652,2,4,3,193750,246040,1,1,1,1,1,1,1,1,1
626,c66b67926bae756fad1dc5a2b998e7ce62edea54fcbc58a037cfaaacb8808984,-0.020935803759874652,2,4,4,194060,246421,1,1,1,1,1,1,1,1,1
627,6f9f5e93abddb8a2f04d8cb6bd3c8c555d3bae2685f0e7bbf6571a1b25cd3c09,-0.020935803759874652,2,4,4,194370,246818,1,1,1,1,1,1,1,1,1
628,e4bbfe494a38fd69f3bec47cbe7a1ed2860ecba33826d96e4d9a0e6b70652a0d,-0.020935803759874652,2,4,4,194680,247184,1,1,1,1,1,1,1,1,1
629,7639760a851996ff7e48cbd6babde845a1094d4e5a8790cf4f3c8b2b74896809,-0.020935803759874652,2,4,4,194990,247556,1,1,1,1,1,1,1,1,1
630,3c7199d22ca3e3481d1363a5474ad17ddf1782dde3379a37b042f6b32514de6b,-0.035898321555202006,2,4,3,195300,247940,1,1,1,1,1,1,1,1,1
631,c231777a6998e4cc556c83d9a6e8dd252f45921c3bbb233350cf3d5d08bd5b25,-0.10961965128026348,2,4,3,195610,248309,1,1,1,1,1,1,1,1,1
632,4a12592ca0029bf39e71a0c3c7fb91182fe7eab158a32443b7e48209e1587a80,-0.10961965128026348,2,4,3,195920,248697,1,1,1,1,1,1,1,1,1
633,9a092b2118cc85d74cf25f28ba2e1641bf5fc66c1c5b114b6ba5a5d59861678b,-0.035898321555202006,2,4,3,196230,249077,1,1,1,1,1,1,1,1,1
634,3387bf74cc8a7574c07227437468cefd1b2aa92cdd7a76d3ba9abc0092eec60a,-0.035898321555202006,2,4,3,196540,249459,1,1,1,1,1,1,1,1,1
635,fd45c22ca376c5ab5ff77f5cf61224d490f6abd345eda9cc97c719dc0cabe869,-0.18160623816926652,2,4,3,196850,249849,1,1,1,1,1,1,1,1,1
636,dbdcc3b50fb43dca43249b38e039cae5dc26547e9d140227e95b4b04e7f1b3fa,-0.18160623816926652,2,4,3,197160,250228,1,1,1,1,1,1,1,1,1
637,2d9e7f425ed7a04748f0e3b741158020322ed72fac7097a926750838493a06b9,-0.18160623816926652,2,4,3,197470,250620,1,1,1,1,1,1,1,1,1
638,3c3ecad30568a5ac2a35737d0d5b5bdf1957d43a47e8e38a104912fbe589055d,-0.0713827988179776,2,4,3,197780,251004,1,1,1,1,1,1,1,1,1
639,056ccf9bf0c65a646acd8802dc8cf1664d77f7fe2168e58d780adf30776080e6,0.049921303748520274,2,4,3,198090,251385,1,1,1,1,1,1,1,1,1
640,3fedfc96d59fa72e2484d7591ce2a9a7cedf251b391c205d62f6ef3f2eb8da37,0.1676322225842888,2,4,4,198400,251764,1,1,1,1,1,1,1,1,1
641,8f8f64a9075ec0345d4455363225b7f1c4eaa074140d97dc142115e6b6487fe5,0.1676322225842888,2,4,4,198710,252160,1,1,1,1,1,1,1,1,1
642,cbbe09cab084c0b93337d87350c3eb979d995a22ca167d77227aaf89d3732448,0.1676322225842888,2,4,4,199020,252530,1,1,1,1,1,1,1,1,1
643,0ee774d22add1fb6eb59497cb2e75f6245f9d4e7c247f97656786be25179093c,0.1676322225842888,2,4,4,199330,252920,1,1,1,1,1,1,1,1,1
644,72d5a92bdc8424b02ff50880ddd58c2a4c0947c4d6d2a8d55c2d715db36a911a,0.010060861849345808,2,4,3,199640,253295,1,1,1,1,1,1,1,1,1
645,6f0aac33a7ce2ec69e60ba85b02defd702d365f559a5eb8ffeaad9f5cf3860bf,0.010060861849345808,2,4,3,199950,253690,1,1,1,1,1,1,1,1,1
646,429534ea8c8c6e0e2713be593c602bc29894a79f55bcf4321daadcba9739fe12,0.010060861849345808,2,4,3,200260,254055,1,1,1,1,1,1,1,1,1
647,27ff2726de34f70212375af925b7bc1712af4ff9636278e82deba00ece9a5c9c,-0.09652594991691198,2,4,3,200570,254439,1,1,1,1,1,1,1,1,1
648,98cbac6b507bb3f04bd907964fc1e7decd8e38410997c80257bc95790e2ce736,-0.10148347604557513,2,4,3,200880,254816,1,1,1,1,1,1,1,1,1
649,348fa806cbd69c006052e3d4792e9cc37af2c68da097ea725dcc516dd95a0e5f,0.14386242514451064,2,4,5,201190,255280,1,1,1,1,1,1,1,1,1
650,e8d98b51c072a2664a994c90770a43410eff2177d19112e66e270b8c3969b9af,0.14386242514451064,2,4,5,201500,255783,1,1,1,1,1,1,1,1,1
651,3e5d85a2741ff366343a4abe4c09e6b6f42041a195db0d38288d7545507d0cc5,-0.09652594991691198,2,4,3,201810,256198,1,1,1,1,1,1,1,1,1
652,ff5df34d697a5a7fb3a8614d5a6863d7a66dd7eda6b9746ffc6aac0dd75a2d70,0.039799799416752546,2,4,5,202120,256659,1,1,1,1,1,1,1,1,1
653,04779be065d894fa78b186e8a6cf41b544cfa99e25bd38a53908c1a525a79b98,0.1095484884761129,2,4,4,202430,257169,1,1,1,1,1,1,1,1,1
654,5ea5041a0e69309651ba6f3597d2ded333a72583144515038ec99f5e2ff9756b,0.1095484884761129,2,4,4,202740,257662,1,1,1,1,1,1,1,1,1
655,d66a1a6bc7fe7eb9a2bc41f1f49eb602d082b8eb38a3c99939e02c8d70b84ab1,-0.13495081410522886,2,4,3,203050,258113,1,1,1,1,1,1,1,1,1
656,12a2a8a0ed4df4e5df56840a08f3df7174abf7f0d1e2bfdc812aca26ee121000,-0.10961965128026348,2,4,3,203360,258490,1,1,1,1,1,1,1,1,1
657,ec542a5acb55d3b48ed6a00cfb611f8a5a0a7aed7716e48b1a5cc5713882477c,0.08665906514533071,2,4,4,203670,258875,1,1,1,1,1,1,1,1,1
658,98ead7b4b9bd69a27e022bf3a7c795d2b8b2fd8eb3db0ec46d4bfbebaa83dc58,0.08665906514533071,2,4,4,203980,259266,1,1,1,1,1,1,1,1,1
659,20c92dedcc9d31c56869557d7cda84df6f4135a2bc151a4a78fa918227717b8a,0.08665906514533071,2,4,4,204290,259655,1,1,1,1,1,1,1,1,1
660,f208352e6eb7c76133ca2856d4b0d48b9b2fbd0ab9f456410cbe6268348fc63c,0.046332858181672446,2,4,4,204600,260031,1,1,1,1,1,1,1,1,1
661,4dc7ace9cff9ff7059f327663e05089e7fed9ebf98d9dcbe1068724236eeda46,0.046332858181672446,2,4,4,204910,260415,1,1,1,1,1,1,1,1,1
662,a115a6b99fa7697a3644979980a5930b7ee62c1652d8f20c5bcf15517d08b858,-0.0713827988179776,2,4,3,205220,260798,1,1,1,1,1,1,1,1,1
663,23416deb2eea227e117b673f15b0ecd4f9e285bcb5bf42912c3ff3040ef13290,-0.07628161834470155,2,4,3,205530,261178,1,1,1,1,1,1,1,1,1
664,0943d833d2f6b1c8e74e9a8f74b491d1dc815445230b6922572eeb0c28b5a273,-0.07628161834470155,2,4,3,205840,261545,1,1,1,1,1,1,1,1,1
665,5f5da53c0b1c67f155177c22f4de21cb23c6742f130bf28eebed034578a94188,0.08187707097176604,2,4,4,206150,261961,1,1,1,1,1,1,1,1,1
666,864aae306b5293194acd78e2e6d95b8d204783729fc6fec3b957d659355063a8,-0.035898321555202006,2,4,3,206460,262361,1,1,1,1,1,1,1,1,1
667,c90723ffe665fa1348450357254dc7fc39ae1294ad9df7bbfdd943871a3c0d06,-0.035898321555202006,2,4,3,206770,262744,1,1,1,1,1,1,1,1,1
668,210f748fe2d1788c0c726ecdc85d68d0536bf91a0ba9500f4ebde9409b26be65,0.045022484221796326,2,4,3,207080,263124,1,1,1,1,1,1,1,1,1
669,b9c0d6b177cf2daec0911c296867b81ec4b32a2c5eb7c7f8cd019792f34da47b,-0.0713827988179776,2,4,3,207390,263502,1,1,1,1,1,1,1,1,1
670,dd0b6a44f8d99328e83ddf97979266fe098290f24c9453f44f1d031ac62e7827,-0.07628161834470155,2,4,3,207700,263879,1,1,1,1,1,1,1,1,1
671,05c055d0fa88620e5abd3a13afbfd81d59c14138255f6b9f4d60184a9d43c810,-0.0713827988179776,2,4,3,208010,264251,1,1,1,1,1,1,1,1,1
672,63ce631864eaa1384993e7832f35d04a9267b772c7864857a705a44dba925a57,-0.0713827988179776,2,4,3,208320,264631,1,1,1,1,1,1,1,1,1
673,80113820da5c945ecac518f07de52763ed80e11cd6685023f6af77d2cf76008a,-0.0713827988179776,2,4,3,208630,265014,1,1,1,1,1,1,1,1,1
674,c3b32f51a56275c28a063ee264388360671c95e7675e3737b273d970d83aaad7,-0.18160623816926652,2,4,3,208940,265394,1,1,1,1,1,1,1,1,1
675,550dd96046bdcb7ebda0c5df833bd10c9dfbfb4f5dcf234de1f94cdd140310af,-0.18160623816926652,2,4,3,209250,265780,1,1,1,1,1,1,1,1,1
676,2ee64d8112240336b87d6d2093f6d73acd17730bdb5799e88adcfab05c7486e1,-0.035898321555202006,2,4,3,209560,266177,1,1,1,1,1,1,1,1,1
677,c95387d6ebd49ae5a33671a32d2bc220040348f8f8013106819a5cb3a939a847,-0.18160623816926652,2,4,3,209870,266561,1,1,1,1,1,1,1,1,1
678,a03f047c64487af99523aea382d2fff5b68a2593b7e94122ff3d26efce106143,-0.18160623816926652,2,4,3,210180,266947,1,1,1,1,1,1,1,1,1
679,59f6b771c9f2d2db63eacdadc1bb33ae26e99ca3adeffc13468ea99d34348a1b,-0.18160623816926652,2,4,3,210490,267318,1,1,1,1,1,1,1,1,1
680,49a743c0f71e1ead529f909ce8ab60c4d5764ef0525330e8b8e4e9c98d9c19d0,-0.18160623816926652,2,4,3,210800,267697,1,1,1,1,1,1,1,1,1
681,aa7ed8f8ee8ef2fc18c9d50cb9022f51a7eda8ffaf52cec35260690975e0d80c,-0.0713827988179776,2,4,3,211110,268091,1,1,1,1,1,1,1,1,1
682,d16a4af52c9e673f1f5436a3220cefe09997db4eef552d830386b0dab13b0f5a,-0.0713827988179776,2,4,3,211420,268480,1,1,1,1,1,1,1,1,1
683,94f496b5767a6526ad15aee26c8b2ef7b46e3c6cdb558d43be2799810ce0976c,0.01294637446989463,2,4,4,211730,268850,1,1,1,1,1,1,1,1,1
684,7c95ffc90cfdfdd83fcb01021e67c08112c8713b41e6a5df0795a0cb0e8e83b3,0.01294637446989463,2,4,4,212040,269240,1,1,1,1,1,1,1,1,1
685,29939408d9e4178f1ca8c98746886e30ee561cdef4e4dac4c8323bdad3bb38a8,-0.09464849443531073,2,4,4,212350,269612,1,1,1,1,1,1,1,1,1
686,afe23740852f1f4fd392ab83cdf8060494eecca710c636fe525fed2c121edd1f,-0.09464849443531073,2,4,4,212660,269993,1,1,1,1,1,1,1,1,1
687,8866e24c4119530254a3f749809b4a723ba82e9c4f5280606f72b66e053f2eca,-0.020935803759874652,2,4,4,212970,270376,1,1,1,1,1,1,1,1,1
688,92c9a7432a246a4100bf1123ca47962cb2163e8966985fc2312661d58f274bb7,-0.09464849443531073,2,4,4,213280,270755,1,1,1,1,1,1,1,1,1
689,8bf90ac5469344d9c48d26846e5970d5bde1b1fef833be0f63d5202f411c12f2,-0.057733832095476056,2,4,4,213590,271144,1,1,1,1,1,1,1,1,1
690,315cbca0837d6f471981f8c96920cb357805dfc668933b0f959928c681f0c6da,-0.09464849443531073,2,4,4,213900,271534,1,1,1,1,1,1,1,1,1
691,9242c642897b92de68e901875fe2319887fed576463e858310540f543b322fcc,-0.09464849443531073,2,4,4,214210,271930,1,1,1,1,1,1,1,1,1
692,131d97304c3b7333db4ad65e533bf02affcb0e8ab45b6ea378e0d6869e6ceaf8,-0.10961965128026348,2,4,3,214520,272313,1,1,1,1,1,1,1,1,1
693,e922233ad8218c6cc033b9896bcc7b12d695fe4e7e53aeb43f9d90f4eda18782,-0.10961965128026348,2,4,3,214830,272711,1,1,1,1,1,1,1,1,1
694,f9be78f7bdc44da6fcf5c0bad160a78c967facce630a0ae42bcbe511fbd2f2f2,-0.10961965128026348,2,4,3,215140,273094,1,1,1,1,1,1,1,1,1
695,e5a4591633dc656580e77be5a02c890fb651dbd37c7468e1abf48545f6af328c,-0.0713827988179776,2,4,3,215450,273471,1,1,1,1,1,1,1,1,1
696,0222a5099810267a650fda5ec5ebfdf89df8cbe34f293328b4067def8f7ed534,-0.0713827988179776,2,4,3,215760,273824,1,1,1,1,1,1,1,1,1
697,96fb5d9faa1dbd5a473517c8432ff07007996322eb4e2149398dee6fa225d4a6,-0.0713827988179776,2,4,3,216070,274206,1,1,1,1,1,1,1,1,1
698,e3504eff32704923e89f61f4f4977f3ecc103ba99a7bdaa2a7b2a900d3ac4257,-0.13495081410522886,2,4,3,216380,274635,1,1,1,1,1,1,1,1,1
699,930e00c185a1bbcfbbe165a7bc41f3775d2e99e49cd53e82756f9429ecddc7c7,-0.09464849443531073,2,4,4,216690,275010,1,1,1,1,1,1,1,1,1
700,f55a752ebc9182fd8d095d836b81800374490a5505f00c2836b3c2bbf9ebd2ce,-0.18160623816926652,2,4,3,217000,275401,1,1,1,1,1,1,1,1,1
701,c1c2026f3c371718e64d52271af7f6f90b1df4371318951ce3045c0e64beb5bf,-0.029626194280663903,2,4,3,217310,275783,1,1,1,1,1,1,1,1,1
702,971eb1d2969ea65e1fac2eea96d4bdaa2238878884f584cc2d2e11b2cba5d4a9,-0.029626194280663903,2,4,3,217620,276161,1,1,1,1,1,1,1,1,1
703,129c5854911db86a5753b8464288ae1e45445d7a02dfc5a0c6f69f9700be86ed,0.008164380296329947,2,4,4,217930,276554,1,1,1,1,1,1,1,1,1
704,ce03f79c34bd0fb62832394771a671783fd94b43bec4203e1f6ec1297f4cf72a,0.008164380296329947,2,4,4,218240,276943,1,1,1,1,1,1,1,1,1
705,0a39f73313387426dc37b28892f2c4435257bb0b83979312f7b80c3da9bf1dec,-0.07628161834470155,2,4,3,218550,277317,1,1,1,1,1,1,1,1,1
706,7865407be710a805cf784af24daddd414f7eded7dd967b9ddbf53f4379cfad9c,-0.07628161834470155,2,4,3,218860,277680,1,1,1,1,1,1,1,1,1
707,027255eb653fe6996804bacb92cd070873a971e9334a5bd1a914eb01358091b5,-0.07628161834470155,2,4,3,219170,278074,1,1,1,1,1,1,1,1,1
708,0b67227d06aeeb0fe3c2de7a552f2f04a39ce48978a762573f4470edc304d4f6,-0.07628161834470155,2,4,3,219480,278469,1,1,1,1,1,1,1,1,1
709,22504f5f6174abb756fef74d27ad08cead8a954ebffdb57b8a8bf01210ba87e2,-0.10148347604557513,2,4,3,219790,278849,1,1,1,1,1,1,1,1,1
710,4e96efc65835e546540e65a3decec102b820279784ffd4ad3c1f5c7a5080e0cf,-0.10148347604557513,2,4,3,220100,279239,1,1,1,1,1,1,1,1,1
711,1cf30efb227c29c4b7f8208f757024e1ce3227ef0b65c139e31fccfe3e3702d3,0.045022484221796326,2,4,3,220410,279636,1,1,1,1,1,1,1,1,1
712,4a789d994792b79cb1349c27f83baf0804bb079d1738512136b1ee21a452462e,0.06828654229599594,2,4,5,220720,280034,1,1,1,1,1,1,1,1,1
713,7ea6b88271ecb7726094ccf79b31c226d495e7c545533432c521510503f93d47,0.022454677171003693,2,4,3,221030,280530,1,1,1,1,1,1,1,1,1
714,e01aa66587f150eadb18e89a16cd17c9e1bf89e6346ba4185f919c3422b3c72e,0.022454677171003693,2,4,3,221340,280920,1,1,1,1,1,1,1,1,1
715,6dcb16c827780537f515b5a8dd045c52e1f971873d423cb52e0d14eebe94e178,0.022454677171003693,2,4,3,221650,281305,1,1,1,1,1,1,1,1,1
716,804dd91041986e77889d9155c0488aa98bb935d96f67d5afd50f5ebc053d6027,0.022454677171003693,2,4,3,221960,281700,1,1,1,1,1,1,1,1,1
717,1b6d24e78b88fd91775e108081d0a63a008148ca744c7c9a3259af3523a9e9ea,0.022454677171003693,2,4,3,222270,282069,1,1,1,1,1,1,1,1,1
718,238d87e5c4a940c2239040002cb4c488afc3ff4f77c68f3e23ef88ffca2d119c,0.05872522113145897,2,4,4,222580,282455,1,1,1,1,1,1,1,1,1
719,eb8b2514e0c74aa5c4994848421293409e2b4b53f9ee02844b21c50fb5b36120,0.1676322225842888,2,4,4,222890,282828,1,1,1,1,1,1,1,1,1
720,65626e57f2a63ddc093abcc840665b6202f5ae8d03e6164f3992c4cdb5f3290d,0.1676322225842888,2,4,4,223200,283213,1,1,1,1,1,1,1,1,1
721,21bea5fcb62fa0fa01bbd56ad17ab621f229da24f24146eba41fd514111b426e,0.022454677171003693,2,4,3,223510,283603,1,1,1,1,1,1,1,1,1
722,f8f8cf2289c1d0a3e6bf323a10680fbbfcd60dc9e4933347c5c6e6d9ca1649c2,0.022454677171003693,2,4,3,223820,284006,1,1,1,1,1,1,1,1,1
723,f2cd71919bacb388a1ae67d6747fe13a0356f0bdd9abaad69d9651be27a65b65,0.022454677171003693,2,4,3,224130,284413,1,1,1,1,1,1,1,1,1
724,68b8de6f8e10f755b526de8fb79a6f1e202e7cedac42ae878f210fb47621b391,0.022454677171003693,2,4,3,224440,284799,1,1,1,1,1,1,1,1,1
725,09dbcfb8e7307f53f6f0f09f79b7961844236950994b73bcd449b7445fb1321b,-0.011080230402162071,2,4,4,224750,285179,1,1,1,1,1,1,1,1,1
726,b3e9f572d23d1a4e93747e0643cd2850c81f80df0c29444089b4615b1c4cb16f,0.022454677171003693,2,4,3,225060,285564,1,1,1,1,1,1,1,1,1
727,4df908801384b22af6f2f7f313b32f14c2e1f374a123ba3ffa565bc4c81de840,0.1676322225842888,2,4,4,225370,285960,1,1,1,1,1,1,1,1,1
728,35d6528429c011f88a9ac18a2d0ef0c32f0ae9ff3a9e1514f2504d4df28bb611,0.13272949681747828,2,4,4,225680,286339,1,1,1,1,1,1,1,1,1
729,4cbd722c71fdd12fcaf809ca2aeea5e0c98d876fceedd459a942dde2e494327a,0.13272949681747828,2,4,4,225990,286754,1,1,1,1,1,1,1,1,1
730,03326a3e0fcefbc2575c271bb115689c81c3e01dba3637c0c8f78b547c536cd3,0.13272949681747828,2,4,4,226300,287146,1,1,1,1,1,1,1,1,1
731,2a5a99534a7241fbf166c849ac7f13c57ba29001c7c54a3056b5285dcd277e6d,0.09298645987498642,2,4,4,226610,287529,1,1,1,1,1,1,1,1,1
732,2f7f17b90928527e96f398cc450927d1ca51914994f8858fd84ac840ab417836,0.09298645987498642,2,4,4,226920,287930,1,1,1,1,1,1,1,1,1
733,d81866245b9cd7608fc7410a29467c501509ee9ae6bfcb5b715cc600a7790a5d,0.12794750264391358,2,4,4,227230,288310,1,1,1,1,1,1,1,1,1
734,6b79fb84be120072192eff7ebc023a556f2fa37fc26d154bf605f86289cb2b88,-0.015920541577843395,2,4,4,227540,288711,1,1,1,1,1,1,1,1,1
735,8b6490bf8c3947047239481379297cef064d508e5013ce568e340ef0012a5ec3,0.09298645987498642,2,4,4,227850,289096,1,1,1,1,1,1,1,1,1
736,2ab4e3282174178edef69981a31c0a2091a90480e770596b1da02efb0786d2eb,0.09298645987498642,2,4,4,228160,289476,1,1,1,1,1,1,1,1,1
737,d3219501b971bc59b0be67f50abb92577535a4f6160cdd4f2175bfa899509620,0.06828654229599594,2,4,5,228470,289888,1,1,1,1,1,1,1,1,1
738,d1b279d3da373744808e86413821b3d5624504d64c415ef83240b391d78242ae,-0.024727374753939952,2,4,3,228780,290337,1,1,1,1,1,1,1,1,1
739,129ede044050ee784ffb68da1e2fee17f5b96c329f284b66b5464519012c16f7,-0.024727374753939952,2,4,3,229090,290722,1,1,1,1,1,1,1,1,1
740,74444d1a94643aa185b6f062475d0c715a1ca82504b3ad6c11e37ef3d2adf98a,-0.13495081410522886,2,4,3,229400,291102,1,1,1,1,1,1,1,1,1
741,c1fd7bd00d7060ea7323ceab8c4009deb7ce459a1467c2b8ab5d501c8877a453,-0.13495081410522886,2,4,3,229710,291492,1,1,1,1,1,1,1,1,1
742,40ba156cdc6062b5aad0bd542dca5b1d16683c5aab2e3c61db0a3b75f9057ba6,-0.13495081410522886,2,4,3,230020,291872,1,1,1,1,1,1,1,1,1
743,2cd7f463e1de1cf777376b564fb7463848a9dc88aa0e9af8be122edbbefd8f11,-0.011080230402162071,2,4,4,230330,292267,1,1,1,1,1,1,1,1,1
744,28fdf0b645ffbd8ddc2aaea61ff87b95aa65f1ae280fb599acabe6afdf405411,-0.09652594991691198,2,4,3,230640,292657,1,1,1,1,1,1,1,1,1
745,7038b95d902e5da4555f33883d56139af41ee344d9af49b9e473aed29bdb1fdb,-0.09652594991691198,2,4,3,230950,293035,1,1,1,1,1,1,1,1,1
746,8243e86919fa6f418f442d2941926d85c02234a10274d1f9f5570dbc568813c1,-0.09652594991691198,2,4,3,231260,293408,1,1,1,1,1,1,1,1,1
747,e08b53ff5d0f92a63db5a9f7bbac60c133dacf37388091259ec91f8ad82a7911,-0.09652594991691198,2,4,3,231570,293779,1,1,1,1,1,1,1,1,1
748,9602c0f4c028d95296e96b00eaa7fcdba04a97f2d88a35a44da0e76feba4e7fb,-0.13495081410522886,2,4,3,231880,294141,1,1,1,1,1,1,1,1,1
749,96be76286f00bff8843edb2086d420d328e32f6fa7083c2861d917470ef55e7a,-0.13495081410522886,2,4,3,232190,294526,1,1,1,1,1,1,1,1,1
750,984804c74b52848d87018ca298b5aaf842eb78775466013f634c454633172ab7,-0.13495081410522886,2,4,3,232500,294903,1,1,1,1,1,1,1,1,1
751,03b534270c3b9313d8b78a89e6f4430d348e022d095c99542feace887c41bdcd,-0.060302135602768654,2,4,3,232810,295286,1,1,1,1,1,1,1,1,1
752,2e8ce9168dedac84054a4d2c616b210b66854fa25a5102cfa73ed84141f2275a,-0.060302135602768654,2,4,3,233120,295684,1,1,1,1,1,1,1,1,1
753,5cd7112ec47e8d7a380202ab46ecea75180d1c5145c363f714b837263179ab67,0.049921303748520274,2,4,3,233430,296053,1,1,1,1,1,1,1,1,1
754,c53f26056e07cbfb33573a2b0957dd179014824dab6dbcf1905ca4a66210af85,0.049921303748520274,2,4,3,233740,296441,1,1,1,1,1,1,1,1,1
755,1b08b852bd8a38f8b4f820fdbcf83fda13793ddffbafe793b1b499ef6d42dfde,0.14386242514451064,2,4,5,234050,296845,1,1,1,1,1,1,1,1,1
756,d301e772e7d35fb5dcafee6f96819cde6f687fdf3075bccfdbe3c4aa227d5d2a,0.14386242514451064,2,4,5,234360,297309,1,1,1,1,1,1,1,1,1
757,82a70ba742bcdc34bca5df292c3e6deaca9acd1ff05bdec546d15dcb6aedbcfc,0.14386242514451064,2,4,5,234670,297793,1,1,1,1,1,1,1,1,1
758,1fb8c439614c1fb1208f58ea9c0ad2273a503d798848ce9e344c17d6a7fd108c,0.039799799416752546,2,4,5,234980,298268,1,1,1,1,1,1,1,1,1
759,aab3c36721909a8d510996df23bc0a9264074bbddd1c74638144f58551141522,-0.0028283746026571605,2,4,4,235290,298689,1,1,1,1,1,1,1,1,1
760,91b57cbfadc49c18fc44bdd0a7abc2472d8d112a71f4cc1590ad5ecb4617ebb0,0.045022484221796326,2,4,3,235600,299180,1,1,1,1,1,1,1,1,1
761,fb96d99e2877fe77476224e0a5f642d835317c339866d620697024d8d466c024,0.05872522113145897,2,4,4,235910,299558,1,1,1,1,1,1,1,1,1
762,b156eb3a2a93a248d6dda57cba1aebde705d846caa5406bdbc99a47b42258945,-0.029626194280663903,2,4,3,236220,299941,1,1,1,1,1,1,1,1,1
763,122aef448a1b303a7530ca79038eb68173a970639cc7663e0d9c71f1f055c833,-0.029626194280663903,2,4,3,236530,300343,1,1,1,1,1,1,1,1,1
764,c444f7b29b7460b48c4364252427a547c9805652032d05ae370827f059a97841,-0.04061620555863465,2,4,5,236840,300779,1,1,1,1,1,1,1,1,1
765,7f97ea72d78b3cc6cffd23c83372d554cb221a3a42a035436973994c25177846,-0.04061620555863465,2,4,5,237150,301283,1,1,1,1,1,1,1,1,1
766,601f5ed42248e7c09f968e4876b90a5d86f388ed8341b6d5dc19ede031610cad,-0.04061620555863465,2,4,5,237460,301749,1,1,1,1,1,1,1,1,1
767,ca9095b65624678cec989d3242c58218c9dcaf7f919a3717c9426a7eead654f6,-0.10148347604557513,2,4,3,237770,302239,1,1,1,1,1,1,1,1,1
768,9142a1bad4ed04a5417a5627cd39c89ed4d0bea0bf1711093a4f3ce92c06f9ad,-0.07628161834470155,2,4,3,238080,302628,1,1,1,1,1,1,1,1,1
769,766ccf0aaa08f04b543d33d6365b719b4871c6c4f22b5c7d2438a602fb9131d2,-0.07628161834470155,2,4,3,238390,303005,1,1,1,1,1,1,1,1,1
770,051c051edbfd8cf203462998115a43c491db979c23a0d79701a8385dbd413408,-0.07628161834470155,2,4,3,238700,303400,1,1,1,1,1,1,1,1,1
771,b7f76f38206a734bcc66ffdd382eac7754de34d205aeeecab80099aefeddf11d,-0.10961965128026348,2,4,3,239010,303791,1,1,1,1,1,1,1,1,1
772,525f5ec1b8c853e6e44594184d0c55fde6c6d3c7b6da3e78c9cb3063a804e74b,-0.0713827988179776,2,4,3,239320,304172,1,1,1,1,1,1,1,1,1
773,6c9b4bd4ae041b458cf606638c1acdf3757b3e869019acc4d0ea0544993e2678,-0.0713827988179776,2,4,3,239630,304568,1,1,1,1,1,1,1,1,1
774,6d3fb0382b6488cb887835ae152f555d141c1fbe4146a632a1ed99e5dad0316b,0.046332858181672446,2,4,4,239940,304951,1,1,1,1,1,1,1,1,1
775,27e66ae3e4c5d2d6ca2782ce4bf5abcd09449b401dfd9c7c8cbec5d0899cb6c8,0.046332858181672446,2,4,4,240250,305346,1,1,1,1,1,1,1,1,1
776,a26a258d1350214de80ea479d0e6cfc7d6e8f4f02dfc4932be0a1721aaa97f4f,0.046332858181672446,2,4,4,240560,305722,1,1,1,1,1,1,1,1,1
777,6fc5fa530531eebe62006beec59344e81a909a64d94a6d3f1e43955e374a65d4,-0.057733832095476056,2,4,4,240870,306097,1,1,1,1,1,1,1,1,1
778,e2d7f884762bb2d541d4495a002cf621388254d347cfd96f3a5a6dba8f9f7acd,0.01294637446989463,2,4,4,241180,306470,1,1,1,1,1,1,1,1,1
779,45f292f5395cfe962013351e6f9b832f1674c6645ad3418fdd6d0f5495597549,0.01294637446989463,2,4,4,241490,306852,1,1,1,1,1,1,1,1,1
780,6a19b0b769d013418cb6e3ec978ddca67f10ae6b989eeb4afb3ffc95f1e4b738,0.01294637446989463,2,4,4,241800,307249,1,1,1,1,1,1,1,1,1
781,85c7210a571677c37d5467fc819c21166f69d88f6ff5fed93f5bdcfdeea82ce5,0.008164380296329947,2,4,4,242110,307618,1,1,1,1,1,1,1,1,1
782,067e2d31723771ad2e17794ae0919d453a0846988a6331033f4de3e427bc09a7,0.008164380296329947,2,4,4,242420,308005,1,1,1,1,1,1,1,1,1
783,28e3171f63bb83082f0f17b78c2154bd32383615e2e0d49d2ab2790ab4a97a1d,-0.10961965128026348,2,4,3,242730,308396,1,1,1,1,1,1,1,1,1
784,62d0cdebeda117a6206c5e7a5f2441aaa1a007d802a5c99813d9d30e76fd00ca,-0.18160623816926652,2,4,3,243040,308775,1,1,1,1,1,1,1,1,1
785,59ddbba3f47e582d7261626a2ef24d3121bdb5ebfc505a354032c172aeccaf8f,-0.18160623816926652,2,4,3,243350,309161,1,1,1,1,1,1,1,1,1
786,374ddd807bad7af1c427143f8d69f4850cd3a9d406cfd9143bf53a7cc17288e1,-0.18160623816926652,2,4,3,243660,309535,1,1,1,1,1,1,1,1,1
787,bc6e5a3e71e4072a0b6753f48fada1a2900ba85a13fa473e009950f2239b2021,-0.18160623816926652,2,4,3,243970,309904,1,1,1,1,1,1,1,1,1
788,bbe9654aa7151b127cb64224e9b306197e6615336f9468b6156c2c669eb4a336,-0.18160623816926652,2,4,3,244280,310279,1,1,1,1,1,1,1,1,1
789,b4a23557c853eed7e9832d5c59481ca06140b9bf41120646987d8330c194852e,-0.18160623816926652,2,4,3,244590,310638,1,1,1,1,1,1,1,1,1
790,f02ea50bf23ecfb20555598beba0a534b2d625514f7b89bf0a4a867006ff0924,-0.18160623816926652,2,4,3,244900,311017,1,1,1,1,1,1,1,1,1
791,4f8dedb333ac3001bc80059e977bac624e5eef3e7c04b485381b2b68f84f693a,-0.18160623816926652,2,4,3,245210,311406,1,1,1,1,1,1,1,1,1
792,2c2f2df912036ed3e8bb6bcf623fdf9f8409c7fd99295894ee4fa183d0edc684,-0.18160623816926652,2,4,3,245520,311794,1,1,1,1,1,1,1,1,1
793,646558f282b7c14fcdcd2f05c758ae44a1427ba3ab12f5b985c9c9a0e4a4b3c5,-0.18160623816926652,2,4,3,245830,312171,1,1,1,1,1,1,1,1,1
794,3c60bea7f8c6c2dac428b7efb77278befde55039ba357b120e47fa534a268d4c,-0.18160623816926652,2,4,3,246140,312543,1,1,1,1,1,1,1,1,1
795,16312e88fff1c427f19803eeace27ea162d224113f13a672741b289b40fd7a23,-0.10961965128026348,2,4,3,246450,312923,1,1,1,1,1,1,1,1,1
796,f20d325e4a64da47860bbb2aad14c7f15ffc976e5b7c982088cf1406a0871b21,-0.10961965128026348,2,4,3,246760,313307,1,1,1,1,1,1,1,1,1
797,c19293e8ff0bf18b4bdaf7191d67eb7a9cb63ff27118150b4fa52aa9d0955923,-0.10961965128026348,2,4,3,247070,313696,1,1,1,1,1,1,1,1,1
798,a1d434885c07714fc44dbfec003bf16006f667da567da0e6053d1bf57870c6e5,-0.10961965128026348,2,4,3,247380,314070,1,1,1,1,1,1,1,1,1
799,99c0e05af3498dd4c4c300c17ee66e0fbb70a67ddabb621648fd462ad3c237e7,-0.10961965128026348,2,4,3,247690,314460,1,1,1,1,1,1,1,1,1
800,33ec63789dc369de89c452ba23f2d3c8947bd33c662b63a29f0a359cf21518c6,-0.035898321555202006,2,4,3,248000,314853,1,1,1,1,1,1,1,1,1
801,b6b86fd023ec7cbddf632ba20a8840ff461a9a6836e18f33b09d05c5f44d15dd,-0.09652594991691198,2,4,3,248310,315228,1,1,1,1,1,1,1,1,1
802,42aa80aadb1208c736332edce1ab0d93fbeff1a30deff4efac5f52c6533f5809,-0.09652594991691198,2,4,3,248620,315613,1,1,1,1,1,1,1,1,1
803,49125e69fbd76b5f90caece588ee5bcb1e152b0aa4591a5715f60a48c3bf4244,-0.09652594991691198,2,4,3,248930,315992,1,1,1,1,1,1,1,1,1
804,e7ad4297d465ac1b268eb53baf4667b1fa826833cbdfa281321fc3180776257e,-0.09652594991691198,2,4,3,249240,316373,1,1,1,1,1,1,1,1,1
805,ded929ad6a1927930a5ac282c31de7c53c2fb04852d47239d1195778a68bb344,0.049921303748520274,2,4,3,249550,316760,1,1,1,1,1,1,1,1,1
806,4923b4ece655d94cee0fa37f2c44fae29deed40517fdb742a3071733a0577a4f,0.049921303748520274,2,4,3,249860,317141,1,1,1,1,1,1,1,1,1
807,2ef1b6c9801230ba5afc5d33526c7f82cdeebfe7286b9dcc480438160c8366d1,-0.0713827988179776,2,4,3,250170,317534,1,1,1,1,1,1,1,1,1
808,4cc844755ce4c12fcf34013be78029d2fe01fe3b73eca6e46c58844a78af304a,0.04843794646887939,2,4,3,250480,317907,1,1,1,1,1,1,1,1,1
809,d47bfd97cdc6a7eb0a25074cf484672e77aaca04931f77aa4d1b88f780318018,0.1676322225842888,2,4,4,250790,318299,1,1,1,1,1,1,1,1,1
810,5a54ab3b31867e6f4b1cf014af944f6ae4673c04eebb043160aefbba4954938e,0.1676322225842888,2,4,4,251100,318675,1,1,1,1,1,1,1,1,1
811,be508b0e0d20961f4036ab9f13b834174a8c6d54ea893506942f75a8776bf341,0.046332858181672446,2,4,4,251410,319065,1,1,1,1,1,1,1,1,1
812,91ae834585b859638a10377b68c0e5da6b23fa31e316fab201786b9c637ce7b2,0.08665906514533071,2,4,4,251720,319459,1,1,1,1,1,1,1,1,1
813,334275bb758ce3abb55f1d70866aa01ddffaa23d20a3bf25ec768d27e776a3f3,0.08665906514533071,2,4,4,252030,319839,1,1,1,1,1,1,1,1,1
814,310cd05e13d1ffd0f374af80f76a57fac6e0ba0420475c9feacb7469d9014f40,0.1676322225842888,2,4,4,252340,320234,1,1,1,1,1,1,1,1,1
815,23787ba001c112b05fd413d6fc189d09f8bfa87d71e6d8f87db25abf9b4a17fc,0.046332858181672446,2,4,4,252650,320625,1,1,1,1,1,1,1,1,1
816,42835ede8d7cd152435b4845a94a65d7e6740b6cb2b2ab36d5cd0bafd6c3ee03,0.08665906514533071,2,4,4,252960,321028,1,1,1,1,1,1,1,1,1
817,9a37c2645c754ed09b3b72956e2db8408bf81e72e727ada7ae7a8da8ebab5b32,0.08187707097176604,2,4,4,253270,321413,1,1,1,1,1,1,1,1,1
818,d449db3421ba75c252e83c01ca98113c7b7f13782c1574f6746baa838cabf95b,0.08187707097176604,2,4,4,253580,321799,1,1,1,1,1,1,1,1,1
819,162ca64c228768d17d73d357714b9c0e66d092cf88b79eb1467dc6d6532fb6e4,0.08187707097176604,2,4,4,253890,322194,1,1,1,1,1,1,1,1,1
820,398934feb3a81ac01c7fa0b222fa25cc69800ba0a9028b14aa820bfc1e131ac1,0.08187707097176604,2,4,4,254200,322581,1,1,1,1,1,1,1,1,1
821,5f06c9cc0c54d44ee54f9b0306cc9bbfa670d76284a1a373f7179f82b3c879e0,0.08187707097176604,2,4,4,254510,322983,1,1,1,1,1,1,1,1,1
822,bbec7ce9d0152ce5aa27ecfc6120b79d41a29c1abeb413de0880d1ac053083fc,0.08187707097176604,2,4,4,254820,323367,1,1,1,1,1,1,1,1,1
823,27941f5067b92a068f7464b2055bf0af5211ae34c7188097415c04ae766248b6,-0.035898321555202006,2,4,3,255130,323762,1,1,1,1,1,1,1,1,1
824,a7c9a61a32a0067a97b76462aea62771e4562918061eb71ee3dc39f864ee3b41,-0.0713827988179776,2,4,3,255440,324146,1,1,1,1,1,1,1,1,1
825,946eb805cf1d61291c4361669aef26431f75c06c0f3d9c95add9713bdecd60d7,-0.10961965128026348,2,4,3,255750,324524,1,1,1,1,1,1,1,1,1
826,9816dc3dc7ab3086ba44498a3512ff8e56628d2454240873cfafc2dbff6f89e6,-0.10961965128026348,2,4,3,256060,324909,1,1,1,1,1,1,1,1,1
827,0059b999b529d35c167ecb27b3d7cb5eb0b3aab456095f4f45ecc93a0bdb9fd0,-0.07628161834470155,2,4,3,256370,325315,1,1,1,1,1,1,1,1,1
828,52093c0d65f6d850587a4a8a07c067bc1c61d52f37054bd83149634b10430e9f,0.046332858181672446,2,4,4,256680,325691,1,1,1,1,1,1,1,1,1
829,7c431148aa7150a041a8ecf7a5964e7c358e350210d277cd1e876f0af1467e8a,0.046332858181672446,2,4,4,256990,326071,1,1,1,1,1,1,1,1,1
830,a0e172a88c1987aec5a685fccacd207caeb158f8b2ea7677e9ea6e4b7c4453ca,0.046332858181672446,2,4,4,257300,326448,1,1,1,1,1,1,1,1,1
831,931538092187bc18bfd008eadbe1ee20e775ef237549eec0303cc28cfa43e293,0.08665906514533071,2,4,4,257610,326853,1,1,1,1,1,1,1,1,1
832,1b6b3e06205aab1344344faf1e7ed18d4337dd8004ea0802bf1707ab7af9602d,-0.035898321555202006,2,4,3,257920,327246,1,1,1,1,1,1,1,1,1
833,d1772241c1de03604ef68216f86d9f16c83f44500cf621946cdd6114c6497586,-0.035898321555202006,2,4,3,258230,327631,1,1,1,1,1,1,1,1,1
834,43168ac810154ac797fad0a8a7c6b8ce19f3c5a7a72e6a2406bff4b207c39a64,-0.035898321555202006,2,4,3,258540,328010,1,1,1,1,1,1,1,1,1
835,bf7be0fe75c56a3cd6300529a33655026174d327f010cf3459291ed39f6484f1,-0.035898321555202006,2,4,3,258850,328400,1,1,1,1,1,1,1,1,1
836,af3d84324052de68cbf139460d83878af192d6b1e75216aadfa32606fc8a18a9,-0.10961965128026348,2,4,3,259160,328774,1,1,1,1,1,1,1,1,1
837,e47b586b1692989cd17944eb8997b6bd78d28ee7ee8ab2dcbd9e609f9f28fc6a,-0.07628161834470155,2,4,3,259470,329161,1,1,1,1,1,1,1,1,1
838,7c36760a17088c33504a45fe84ebcdd5862a506f4c348fef24163b17db2252bc,-0.07628161834470155,2,4,3,259780,329540,1,1,1,1,1,1,1,1,1
839,9b3c12a21a07c28ecff376ea82c9933bf32e20815ff08e506de0f7f2f23ea32a,-0.07628161834470155,2,4,3,260090,329919,1,1,1,1,1,1,1,1,1
840,d4503abfeade3bc3b3e5c57ad783811939d701aaa927f4c590e617891136c8b2,-0.07628161834470155,2,4,3,260400,330286,1,1,1,1,1,1,1,1,1
841,729eeea9835d3dd5bfab9aa3934738000a27ccc481d55c53b95c989a94f1d0ae,-0.18160623816926652,2,4,3,260710,330656,1,1,1,1,1,1,1,1,1
842,b04c36a46586b0c135525c7f4be0dd9672dbf176ce60db6d1789e7cd3e120127,-0.18160623816926652,2,4,3,261020,331044,1,1,1,1,1,1,1,1,1
843,97fcbb9ec9028342a14f2149f38ccd6c849b64e6ac306e59e076f1539d0f51f8,-0.06257414327115737,2,4,4,261330,331445,1,1,1,1,1,1,1,1,1
844,b67e5c0e2b112c7582dc7cbabe2aa24fda5a3db63fe0e5ab67d09953c4847b3b,0.046332858181672446,2,4,4,261640,331830,1,1,1,1,1,1,1,1,1
845,29ab7a72a7ab4467415622467d650617bf1f939d2a5132fe6589e884df3b9b00,0.046332858181672446,2,4,4,261950,332226,1,1,1,1,1,1,1,1,1
846,4bc3021983c6421cbec18d6f4a7d8e1465de91b5559a1518c26d1515d08994df,-0.0713827988179776,2,4,3,262260,332613,1,1,1,1,1,1,1,1,1
847,2d8143016e7b4da23223d5e078853bd9058426fccb6b2e275ad203459966a155,-0.0713827988179776,2,4,3,262570,332980,1,1,1,1,1,1,1,1,1
848,9cc9172f1d8e36248f67615483ef233c074d0cc165b8c0dca56a241efe2daf73,-0.07628161834470155,2,4,3,262880,333361,1,1,1,1,1,1,1,1,1
849,41b1ebdabecb030434a117672c8e1a80366025ef57da9dfaa5a70ede8fdf3b9d,-0.07628161834470155,2,4,3,263190,333745,1,1,1,1,1,1,1,1,1
850,ba123d291f1453f47bb4ea8260e97cac9db5628fdcd246de880a9b779249fa28,-0.07628161834470155,2,4,3,263500,334110,1,1,1,1,1,1,1,1,1
851,b0dfdea1d10c527ac2e4028a82f0b50d1b8852918019c6a2f0d84734e5e0b3c5,-0.07628161834470155,2,4,3,263810,334488,1,1,1,1,1,1,1,1,1
852,a89c2de242dc8dc2e22be1f8ef97897db4fea332624dfb884927e86345e7eb0d,0.08187707097176604,2,4,4,264120,334866,1,1,1,1,1,1,1,1,1
853,cdc1fb54f9dc48505e36c9ffd40c48a3b3684fd64af6afc2c65d53ffe1b2d73d,0.08187707097176604,2,4,4,264430,335241,1,1,1,1,1,1,1,1,1
854,64daca79b7dab9aab3f52d56b76dd5b6b4d054a8bed2792bd8492c0bda3a7f89,0.08187707097176604,2,4,4,264740,335637,1,1,1,1,1,1,1,1,1
855,813c23cc40cecf4088887e04c2f888f30f082be7435ae9e0ef619ab7336bcf65,0.02513462791227291,2,4,4,265050,336022,1,1,1,1,1,1,1,1,1
856,5ae996cd61c9cf46faa1e727b7eee383dd435c4d670e3133339bae568f98ffae,-0.09464849443531073,2,4,4,265360,336412,1,1,1,1,1,1,1,1,1
857,37e7840d4f34cf4a68a6508d8a42b93570ca82a7351de8d3a5e576fa48485abd,-0.09464849443531073,2,4,4,265670,336807,1,1,1,1,1,1,1,1,1
858,d8e17fcc7ccd1aec676cea9e6469cd4eca9d5ec6ce0c0dd159fd4192dd69bf22,-0.09464849443531073,2,4,4,265980,337163,1,1,1,1,1,1,1,1,1
859,5c777b9ab11702581999112363ffcf42b80903a2a6b84dcd624c630d3d8bb754,-0.09464849443531073,2,4,4,266290,337548,1,1,1,1,1,1,1,1,1
860,b4ec7ff2c9ee16645b39255ad4f4964def0927b9ad838df9cd81bbadccc18c72,-0.09464849443531073,2,4,4,266600,337937,1,1,1,1,1,1,1,1,1
861,b2c53ad7eb17d3b49f43563e80de5157158316ec687fbf10dc88f1ff6cff3203,0.04843794646887939,2,4,3,266910,338334,1,1,1,1,1,1,1,1,1
862,cb42a8b1ef35ba978efd399ecd2512ff7d8a8bd24a54e8a9ec0e4fb97d91ea56,0.08187707097176604,2,4,4,267220,338707,1,1,1,1,1,1,1,1,1
863,2bf77d712b154f10c185026e8757907362796abb6bb327c6f94713fe5c0315ef,-0.0713827988179776,2,4,3,267530,339092,1,1,1,1,1,1,1,1,1
864,16e389c96c2ee871876ddaa0ee985f810c0d5776816cba462eb1250d44b6b54b,-0.09652594991691198,2,4,3,267840,339480,1,1,1,1,1,1,1,1,1
865,26f91fc91c459f3f68a6398a45a206cab0adc3a878ac569b665042e1a9a97469,-0.09652594991691198,2,4,3,268150,339861,1,1,1,1,1,1,1,1,1
866,67b7f35c305eafd2551fed97395bd71b7ba4365cde92dbabe86ef61a0d99756d,-0.035776083431762175,2,4,5,268460,340244,1,1,1,1,1,1,1,1,1
867,1d8ed78f98adad23d30a3601fe5f0d683da11395d72f8860517cbd981935aaeb,-0.011080230402162071,2,4,4,268770,340680,1,1,1,1,1,1,1,1,1
868,b7a042092796e955d474ef5deda323b7494588f921bcbb391a3051d9fb367e44,0.06356553230714031,2,4,4,269080,341074,1,1,1,1,1,1,1,1,1
869,45199e0460e73398701283ac43d1ffecb90e84895d4e6d2b86e82719967ec69a,0.1676322225842888,2,4,4,269390,341450,1,1,1,1,1,1,1,1,1
870,584d5165293a4fcb03d80888e82dbb05a1bf3de653e364bae4bb799f74a598bc,0.1676322225842888,2,4,4,269700,341815,1,1,1,1,1,1,1,1,1
871,06bc609f097d7a930ed60cefa2fed3acd0ad6ce021a16d3bb4b51573c9f5b10c,0.1676322225842888,2,4,4,270010,342191,1,1,1,1,1,1,1,1,1
872,518cdc36bc6df8d5076f108689f3fe6d99e74c29c5239348b9e8dfaa0854d786,0.1676322225842888,2,4,4,270320,342586,1,1,1,1,1,1,1,1,1
873,c1b54ae3d040d3f6666778141109f4f7b8bb16ef2dfa2f8450b6ce94b501f794,0.1676322225842888,2,4,4,270630,342967,1,1,1,1,1,1,1,1,1
874,874480d72824a9738794b2a49ec445745deae72d4289c0db1de6318384f966b4,0.09298645987498642,2,4,4,270940,343348,1,1,1,1,1,1,1,1,1
875,0dbf2d390cf31734aaeaf68e8e70a7aceb1d933b795317382ae0ea481d7dfb00,0.06828654229599594,2,4,5,271250,343793,1,1,1,1,1,1,1,1,1
876,5b0369876018ff9df40147c8e2dcf2bc110b37af8ad058bc1ff23eccb50ea8fb,-0.0028283746026571605,2,4,4,271560,344266,1,1,1,1,1,1,1,1,1
877,5de49f3dd1e0633dbf709636c47adf31635a3b6e941e33d2f1540ef012d3b66e,0.14386242514451064,2,4,5,271870,344744,1,1,1,1,1,1,1,1,1
878,a16069c1812f6cb2de37c4b4080a093f53a1efeebf870d4949bf5fbe22638b6e,0.10476649430254822,2,4,4,272180,345239,1,1,1,1,1,1,1,1,1
879,31742d36e7bb118c8692578cbcace0c5c862c19d75e16a12a374ad65032c48c7,0.010177509522961413,2,4,3,272490,345635,1,1,1,1,1,1,1,1,1
880,989a41878949d6c382ac90659f6845b4e1bb7e0cb8b452a5efa78ea1bd06ec5a,0.010177509522961413,2,4,3,272800,346016,1,1,1,1,1,1,1,1,1
881,e09fde8c48e6dba0f0dc340f2b94f9e09db87e31df0151faf882a54e4a767f4c,0.010177509522961413,2,4,3,273110,346422,1,1,1,1,1,1,1,1,1
882,6dd521ae40b6f519085fd778a625102ea3bd59b2e57475e40dc4e2312c7f9f4c,0.02513462791227291,2,4,4,273420,346803,1,1,1,1,1,1,1,1,1
883,3265ee60aa2cd6b727eee32fd43d021d26126e3c89f12f6a8dea68ae7b369ff5,0.02513462791227291,2,4,4,273730,347201,1,1,1,1,1,1,1,1,1
884,9077b4f1157f7800a945e0cb05f4536cda74bd5b171ba5fcb11bb6bb9b85c34e,0.02513462791227291,2,4,4,274040,347597,1,1,1,1,1,1,1,1,1
885,e575b0d3239cd4ca67174d5964f422b817939116995420942c31ebff6961f2a1,0.02513462791227291,2,4,4,274350,347997,1,1,1,1,1,1,1,1,1
886,561da56605d2841a10af5739ab22f750abcccdbc4fda807aee5363658db14815,0.1189911951793166,2,4,5,274660,348402,1,1,1,1,1,1,1,1,1
887,be29fda0e03d615cabdd5424c8a8c12785a82b3d4336c337913e1f7d366b3648,0.12794750264391358,2,4,4,274970,348831,1,1,1,1,1,1,1,1,1
888,0bd3e9c802954b52bea38d35719f9c6ba047975155fd493d2b3012c27fecf992,0.12794750264391358,2,4,4,275280,349221,1,1,1,1,1,1,1,1,1
889,44ac8e3021ce4c5af73fb581f6f16f255434a2a48083932d62e1aed0cb691087,0.045022484221796326,2,4,3,275590,349614,1,1,1,1,1,1,1,1,1
890,931bcbea18f272f206f9e5f9d856c1081051d8d89bfe2b53cd4c58ab07644991,0.039799799416752546,2,4,5,275900,350070,1,1,1,1,1,1,1,1,1
891,3da456325522a04bb93abbbbb217e590abd35aa39f513521ddcf1f34d25d9a9e,0.06356553230714031,2,4,4,276210,350552,1,1,1,1,1,1,1,1,1
892,3a614320fda5e8530f0e284908777541d3f40671157b95659e87a568a4159860,0.02513462791227291,2,4,4,276520,350934,1,1,1,1,1,1,1,1,1
893,c6ffc9d8500cb6a7ae9f0e5e7caf39932e72f66c3c12fc83e82c5855b07c170d,0.05872522113145897,2,4,4,276830,351314,1,1,1,1,1,1,1,1,1
894,da0001636df8b6ce1fcf0120b7b1a2ac17c57fd0acb14985e7e23fe5e11e4562,0.05872522113145897,2,4,4,277140,351708,1,1,1,1,1,1,1,1,1
895,579ffeb840f1a03a6281cf3f9628cb2e099a351a6e1c8d9571c8fc50a410093c,0.09298645987498642,2,4,4,277450,352098,1,1,1,1,1,1,1,1,1
896,f45fcb851b11406916d87c5284f51376e9cfa5a7a749f80d22ce200e29d4ec10,-0.011080230402162071,2,4,4,277760,352486,1,1,1,1,1,1,1,1,1
897,b8c54b5a78ec68e18540171e573ac3e4d813bb4c9fd433bdddc9ca4412c0a719,-0.011080230402162071,2,4,4,278070,352877,1,1,1,1,1,1,1,1,1
898,9c767b5fe3e7d0e843307b7af5d4471f2f9037a9d9fc0233e79dcb3190fae30e,-0.011080230402162071,2,4,4,278380,353269,1,1,1,1,1,1,1,1,1
899,becd1aaaa13653ee55340d40b3a08ff1d7c2487397374aa9ac8b22cdb96c2f20,0.13272949681747828,2,4,4,278690,353652,1,1,1,1,1,1,1,1,1
900,bb4c71cf3c5a87f845b236f5d7d784b5011acec765ebce7f4c5baa3a2b02e9da,0.09298645987498642,2,4,4,279000,354041,1,1,1,1,1,1,1,1,1
901,b3b0537db0153cf986e454a7f57bfbc9dcb3771d5a36e26ffe925f8976578949,0.09298645987498642,2,4,4,279310,354423,1,1,1,1,1,1,1,1,1
902,c540376048cf817d40a2695d106689cb23d8d1b16c42bbe288b44d9a61a0cecd,-0.011080230402162071,2,4,4,279620,354809,1,1,1,1,1,1,1,1,1
903,d9e40ee6fbf2f61e0144240a25534bf4c6d512b9eb6973794786a029d3ccd136,-0.011080230402162071,2,4,4,279930,355177,1,1,1,1,1,1,1,1,1
904,5983f5d42689897aa6147b0edae4dc7c40518b989650adc6badd32059b86c676,-0.011080230402162071,2,4,4,280240,355546,1,1,1,1,1,1,1,1,1
905,9c2c0e686bfbee94c1e6989906f3b16de0c18581e6c79ab35ab22915b4d7f82e,-0.011080230402162071,2,4,4,280550,355907,1,1,1,1,1,1,1,1,1
906,734ec4638434ca2e983ee125641ba40cbbecf5fdb2fcd9b3f97c175b4c787157,0.06356553230714031,2,4,4,280860,356292,1,1,1,1,1,1,1,1,1
907,49baa0559d5a202c45fcf075b82306e0f8604e4cc10063101e9a309204f684ac,0.06356553230714031,2,4,4,281170,356680,1,1,1,1,1,1,1,1,1
908,9942b00b2c42162670334641aa644698cee548321372c0e6789a7ee06c3927be,0.06356553230714031,2,4,4,281480,357063,1,1,1,1,1,1,1,1,1
909,36fa18ac68885485580254d772add2ca4d28602ee4846448deac24c45843694a,0.06356553230714031,2,4,4,281790,357453,1,1,1,1,1,1,1,1,1
910,cf3ceb514e92a982d4652d0dae4b0f5bd7bbee2938fe0dc714f089e4db4af3fc,0.05872522113145897,2,4,4,282100,357839,1,1,1,1,1,1,1,1,1
911,ac46967e11864f84bb082aa45d4fe1f229aabcfb1a16ae2ed520e419829717ac,0.05872522113145897,2,4,4,282410,358211,1,1,1,1,1,1,1,1,1
912,6fd87c4575260b5005815f1f73ee4284c10e1aac3525afb60dfb2ecb09bd7472,0.05872522113145897,2,4,4,282720,358601,1,1,1,1,1,1,1,1,1
913,61524b620e0f7719e3d69b326005d327d365e7b478b0ef897b10b2ac9bd47ce0,0.05872522113145897,2,4,4,283030,358977,1,1,1,1,1,1,1,1,1
914,b049e05bc2d5c232736998fba07aeabb94913eacf749fb2821f9f0826dfd7b79,0.05872522113145897,2,4,4,283340,359378,1,1,1,1,1,1,1,1,1
915,180195f1ff1a7ef440e8a4042ae4107518361de57cee6b9e7837307329512470,0.03495967728988008,2,4,5,283650,359829,1,1,1,1,1,1,1,1,1
916,52fa614f229b756080fdd04fdda3ca891a64e785bb15eeb7b5973c7d61bad54c,0.03495967728988008,2,4,5,283960,360304,1,1,1,1,1,1,1,1,1
917,8fbe86f5a62eff75b4b4f6672bee11a3bec81f8b935fe329715925c71d7213b3,0.039799799416752546,2,4,5,284270,360810,1,1,1,1,1,1,1,1,1
918,6df9769d3fb343ce6da1e451861f836be2c0085690bd5d2d533781aef47cf732,0.039799799416752546,2,4,5,284580,361267,1,1,1,1,1,1,1,1,1
919,f258921c93a69ae50475314accba762bc5c34c3816875fc37517493edb01e715,-0.0028283746026571605,2,4,4,284890,361783,1,1,1,1,1,1,1,1,1
920,91e7f05e457a9999b925cf63436093d57a55cc0acc8cbe8b3296dbf354dd1ca9,0.039799799416752546,2,4,5,285200,362284,1,1,1,1,1,1,1,1,1
921,2148e9ccc05770d0de9f0e62842f5276434ebce4b2422decf7610a3dd030456a,0.001953619570907523,2,4,4,285510,362800,1,1,1,1,1,1,1,1,1
922,279332a9bdda63163f3cd12a56086c1836448297a3b54d265087997b7f8f3841,-0.035898321555202006,2,4,3,285820,363193,1,1,1,1,1,1,1,1,1
923,cf1af05f1f7822aa464914bb0ac0258857bd185e061e69102086264a4aede0f3,-0.035898321555202006,2,4,3,286130,363571,1,1,1,1,1,1,1,1,1
924,be096f4db6ca99ef1bf6b3cb196a303512ed71dc06376c48620679ea089e5707,-0.18160623816926652,2,4,3,286440,363943,1,1,1,1,1,1,1,1,1
925,10fbc3f0381c15a80308e51fd97caa370a5eb79e80bd430db3cc7da08449f72e,-0.18160623816926652,2,4,3,286750,364322,1,1,1,1,1,1,1,1,1
926,0254285f778f51c0298a2cd9f451a7b4d29bee942b813884949e8577a437c9cb,-0.015920541577843395,2,4,4,287060,364708,1,1,1,1,1,1,1,1,1
927,c0c415ea2198a6e263ed07ebed9a39ac795479e57158ac34d99ffc9e09b711cf,-0.015920541577843395,2,4,4,287370,365088,1,1,1,1,1,1,1,1,1
928,e649953438ef75876afc2efd10b31680d80f5fb7e72e3247bd658339fb2933ee,-0.015920541577843395,2,4,4,287680,365457,1,1,1,1,1,1,1,1,1
929,bf985fa3d3de4be41c6b143cd3b09b583d5ba99d822ba70ee4e552cf1546ee4d,-0.015920541577843395,2,4,4,287990,365813,1,1,1,1,1,1,1,1,1
930,c8567f711349fa86cd88760606c4377575335d55fa8c950bf6e9d9f81b0ad294,-0.015920541577843395,2,4,4,288300,366216,1,1,1,1,1,1,1,1,1
931,f0fec3506566e5b14cf5e24eca97a1ac8b7aa4fa1dffed6a85b74bc745c2fe9f,-0.09464849443531073,2,4,4,288610,366584,1,1,1,1,1,1,1,1,1
932,e034bc1d377c0f1d506b32665226d2b4b113ebcef6a971cb8abb7ec4a872f40e,-0.015920541577843395,2,4,4,288920,366967,1,1,1,1,1,1,1,1,1
933,e0141285c8190b9b316d32616adc902c5ca6bcd794195fe5b60c0a1385ad58a1,-0.015920541577843395,2,4,4,289230,367357,1,1,1,1,1,1,1,1,1
934,b78e90bcfc918002ad0b2d69993d48ae135b21b8a6cc2f7068ca3619b03570fe,-0.015920541577843395,2,4,4,289540,367746,1,1,1,1,1,1,1,1,1
935,52f0b0ec20ff84ce3efe663051389c7a1a7b15483385e9ec64ad5dfadee59cc3,0.008164380296329947,2,4,4,289850,368137,1,1,1,1,1,1,1,1,1
936,d089e223392029e32e53d28c3998811d413fb4755896ed20dc82529cd1bb780c,0.008164380296329947,2,4,4,290160,368526,1,1,1,1,1,1,1,1,1
937,5cf5b8dd77862ff6158c20fa8a76b425120b5514fe0a246f0bf07bff261907ef,0.008164380296329947,2,4,4,290470,368916,1,1,1,1,1,1,1,1,1
938,7f80682aefafce4441724aece5d6876daf1119a6f7f5fa5d3c0a6115efd63b68,0.008164380296329947,2,4,4,290780,369309,1,1,1,1,1,1,1,1,1
939,0d22aba69ae31c966b83770a1f69a471d4a89d9732b408451b86c877a39c30eb,-0.07628161834470155,2,4,3,291090,369683,1,1,1,1,1,1,1,1,1
940,fff6db5a221139d7004b7cbc391fb0ace86deb8400132bd6cdb2d97a174d51d7,0.046332858181672446,2,4,4,291400,370057,1,1,1,1,1,1,1,1,1
941,287fbacd7de3bda5b3cce37599362e499c95a33e9a723fada308cf1580dda3d1,0.08187707097176604,2,4,4,291710,370437,1,1,1,1,1,1,1,1,1
942,078030c11ff0e299bee9d2a7e43eaeeac2a2c5feef019d4c8ed37d3a64c2f854,0.08187707097176604,2,4,4,292020,370826,1,1,1,1,1,1,1,1,1
943,ce4a26eb62cea07ccab6fac8e22b40fa9f78982799fa708beb6f5dc27bd3c84b,0.08187707097176604,2,4,4,292330,371222,1,1,1,1,1,1,1,1,1
944,8689cc4321a4ce4dcb3c01a7051e9710ae81cd391e771b88c221bf67565e9ca3,0.08187707097176604,2,4,4,292640,371594,1,1,1,1,1,1,1,1,1
945,bdcfab5da2cfb283c923adf0723f8ccdbcc7dbc48f04d35731c73017318cbb1d,0.08187707097176604,2,4,4,292950,371977,1,1,1,1,1,1,1,1,1
946,03802e9b00b7a0ead2a79349d3deb4c58f4056a5531ab8e9b0ce3557ce117d67,0.08187707097176604,2,4,4,293260,372349,1,1,1,1,1,1,1,1,1
947,175e8808b902b847b80db3f84a7ce907500cb26c0a4020216d24f86da22b5045,0.08187707097176604,2,4,4,293570,372734,1,1,1,1,1,1,1,1,1
948,702dc91786009172f004ff98cda55c15c595e79979cbcd1260fe430f23f71086,0.08187707097176604,2,4,4,293880,373098,1,1,1,1,1,1,1,1,1
949,18cb8a3820831d708a8758c503179641d2f0aa650e0438b0bb11ff53cce72904,-0.035898321555202006,2,4,3,294190,373477,1,1,1,1,1,1,1,1,1
950,1f1a52cf5a9250458cf4a83a9470768557e8d49f1e2d881b2a77f6b97cf27db7,-0.035898321555202006,2,4,3,294500,373857,1,1,1,1,1,1,1,1,1
951,be8e477e347a76af7f4d5ef87b34a5a618015a3579d0e2cf05545d31b1eb92c5,-0.035898321555202006,2,4,3,294810,374221,1,1,1,1,1,1,1,1,1
952,07b6e8fec685f2753fbe8e071ae952f75cc5ad3da0853b7ebc8f0a056dd5cb99,-0.035898321555202006,2,4,3,295120,374593,1,1,1,1,1,1,1,1,1
953,c38d9f589f2249b884d39623600179280eb9fe8f03232679422ba0751cf700c1,-0.035898321555202006,2,4,3,295430,374989,1,1,1,1,1,1,1,1,1
954,2a4b852d87bfa951ce78e2eac8575088a19956e0aa95d9415a2c0be8f6449e75,-0.035898321555202006,2,4,3,295740,375369,1,1,1,1,1,1,1,1,1
955,42a33b66db8e3b9cc2ae930a1d749a518e3526910428a3803c7769802f55efc8,-0.0713827988179776,2,4,3,296050,375755,1,1,1,1,1,1,1,1,1
956,d985976052652520a6d7f21bd4ce60dc2d2daf5ac5701659eab18af4c8e97492,-0.0713827988179776,2,4,3,296360,376142,1,1,1,1,1,1,1,1,1
957,69e8a2e54f6b0a0dc6c77674b7c6877f29d5e8c271fe9081160df1b064210f17,-0.0713827988179776,2,4,3,296670,376522,1,1,1,1,1,1,1,1,1
958,95e6519453251acc88aed0e7b051d7807fde1ba39258f855d999077bef2f6351,-0.0713827988179776,2,4,3,296980,376899,1,1,1,1,1,1,1,1,1
959,03560bbab847e2bf3ac672c0572a82ebdc87c1ff4aa2ec847cdc21c451ac9c94,-0.0713827988179776,2,4,3,297290,377273,1,1,1,1,1,1,1,1,1
960,b5a4c170dce2dc776f0798e7770d97b1061dbb19629f5429c8c0c53ca88f325e,-0.0713827988179776,2,4,3,297600,377671,1,1,1,1,1,1,1,1,1
961,e3c35a763d200897cac5d694907d9a1012ae896f3bd20d32edd131a160b7b588,-0.10961965128026348,2,4,3,297910,378054,1,1,1,1,1,1,1,1,1
962,1cecc92d2ea06263f745a54a61f4f1e58bbb4fcb4fa98b9b68f9d0fa5566b2d7,-0.18160623816926652,2,4,3,298220,378436,1,1,1,1,1,1,1,1,1
963,cece44c0166c9c2f18e5619182b3e7edc2ce11e1290c71c91323f3fd3087ddd9,-0.18160623816926652,2,4,3,298530,378818,1,1,1,1,1,1,1,1,1
964,992374b4455653b65ed74c866bae5497a1607adef1269a9058e2e48fb7fcd8da,-0.18160623816926652,2,4,3,298840,379194,1,1,1,1,1,1,1,1,1
965,0c7ac0064ce7e0f494dbcd42c8dbeb1e7359d1ab3c3a3d4efd8ed0d4bcff9240,-0.020935803759874652,2,4,4,299150,379575,1,1,1,1,1,1,1,1,1
966,4b1939f2afffdd5898c7521f5ab70b618f4e778e4fd3ed47bb967e856dd041de,-0.060302135602768654,2,4,3,299460,379953,1,1,1,1,1,1,1,1,1
967,bed55075635ac92c70c7e41e39cf75681df8e70c65e24c4671619ab465eed92d,-0.060302135602768654,2,4,3,299770,380338,1,1,1,1,1,1,1,1,1
968,5be171a0ad12a0bc274a85c429aaa4fa170730bab61b45093ba4251936f54d30,-0.09652594991691198,2,4,3,300080,380726,1,1,1,1,1,1,1,1,1
969,6dd816d1adb7fa6869051ba1f25c2832a348031470a684ee5797fdc7d982f043,-0.0713827988179776,2,4,3,300390,381108,1,1,1,1,1,1,1,1,1
970,ae764b8c813da1502f3b045cf4690070c1a7a5461b9ca0f4bddfa448e78eb6fb,0.049921303748520274,2,4,3,300700,381486,1,1,1,1,1,1,1,1,1
971,2d21822faf0c52f494f72fce1ca2ecada54458138796c9f5970b63c9daa6321f,0.14386242514451064,2,4,5,301010,381904,1,1,1,1,1,1,1,1,1
972,8e98def16dc6427b2a1afca2a6ed8fd154fc5ba1f657cec455c6378caca7d5e5,-0.13495081410522886,2,4,3,301320,382329,1,1,1,1,1,1,1,1,1
973,87904d58f065d4f523373858b7823638dbfe6ab2e0bf022e30e7e330e3030506,-0.060302135602768654,2,4,3,301630,382707,1,1,1,1,1,1,1,1,1
974,55bc4234d040d06fe576894c6cc4d9c5d0dc1b52c3b1390e07b814e675b9be74,0.08665906514533071,2,4,4,301940,383086,1,1,1,1,1,1,1,1,1
975,21d829e3d127bd52bacdf1baa0a1fe2f5a596d0bda715a0c42593085fefe8ed2,-0.10961965128026348,2,4,3,302250,383469,1,1,1,1,1,1,1,1,1
976,2c5bbb773efe42a7d3e59d2bcc6646560092c842b79f239c5dfaa7b562886e7b,-0.10961965128026348,2,4,3,302560,383861,1,1,1,1,1,1,1,1,1
977,222e83656c3f9e88a4b3bc9ef9292ad35a166a95511f5c01b6b52d9dadb78067,-0.10961965128026348,2,4,3,302870,384256,1,1,1,1,1,1,1,1,1
978,457a65fe0e4f0d40a0cddb5204c29f3cd6577f8fc5d678a36aa0b76bbd01e458,-0.18160623816926652,2,4,3,303180,384660,1,1,1,1,1,1,1,1,1
979,a325e388218e0c445b1873bf5f34c37d29fa20c8463992c6d5049852ae3c5cbd,-0.18160623816926652,2,4,3,303490,385052,1,1,1,1,1,1,1,1,1
980,404104d1bf547b861e4d05a05dc14ef7579d1de6c1eaf1ebecae64cea2cb6f12,-0.0713827988179776,2,4,3,303800,385444,1,1,1,1,1,1,1,1,1
981,dbcc4fc8fe93ce80e01fe40fe23edc3c8538310953ea753b17a39d561a84917a,-0.0713827988179776,2,4,3,304110,385826,1,1,1,1,1,1,1,1,1
982,1f706b0eeab30de6c0d9e65d4c9aa651e78d2d539eb082dc213965815e834e35,-0.057733832095476056,2,4,4,304420,386206,1,1,1,1,1,1,1,1,1
983,9dd4ef7d942aafb53d0cc440f29c2fb53d5abef22e9dbf46e85b4237172de68c,-0.057733832095476056,2,4,4,304730,386575,1,1,1,1,1,1,1,1,1
984,3a4635b13351bb4de9589eb84caf88479e786707035f71729fdd5b40b5a2355d,-0.057733832095476056,2,4,4,305040,386959,1,1,1,1,1,1,1,1,1
985,6b68b01300827df53eabb1cd03867d79e37b3850ba9f2a82d6a4d6d361bda8cd,-0.0713827988179776,2,4,3,305350,387330,1,1,1,1,1,1,1,1,1
986,d185247760007c48f013f07576ea6cc84cd722cc509916a8de4790bfa90bb623,-0.0713827988179776,2,4,3,305660,387705,1,1,1,1,1,1,1,1,1
987,ab9b8fef666cb8e38d485cbb00f4593a2a5382f99ce5faebcda951f0867d5e41,-0.07628161834470155,2,4,3,305970,388085,1,1,1,1,1,1,1,1,1
988,c02e41159e931e9b87523e488131e8538cd36e020c7699ba0ccbfc860c659e42,-0.07628161834470155,2,4,3,306280,388469,1,1,1,1,1,1,1,1,1
989,304980bf92e0005ab3a8530219c1248c7702a91211eb2ec414dcf8cf7adb2098,-0.07628161834470155,2,4,3,306590,388851,1,1,1,1,1,1,1,1,1
990,c20d03e20b649382a0e9f462f56bcaaf7c6542d0ce10e1d9222bf993a6ac26a4,-0.18160623816926652,2,4,3,306900,389232,1,1,1,1,1,1,1,1,1
991,89a00c2e01794fac0563f7146db857fec028e4be7203da16aadd1ecee5219b8c,-0.057733832095476056,2,4,4,307210,389606,1,1,1,1,1,1,1,1,1
992,8faa704379ab06c19655c0f03129b4b103866e2b5955806c707b08e3bd9756e3,-0.057733832095476056,2,4,4,307520,389997,1,1,1,1,1,1,1,1,1
993,e8532fa885cfe702d6aae657c8ca9b5228b120667bd0795298a60c96e90617cd,0.046332858181672446,2,4,4,307830,390391,1,1,1,1,1,1,1,1,1
994,3d98a7fb503ea7219fe74bc0d465600138c0e73570c5c5093d6c4ab3cbe793f6,0.046332858181672446,2,4,4,308140,390771,1,1,1,1,1,1,1,1,1
995,f1762d44d3d699fd75122737197e0e827742d4952fe8b89158edb98e6b944dfa,0.046332858181672446,2,4,4,308450,391168,1,1,1,1,1,1,1,1,1
996,3845495e9c8670aaa6fa54798243b6a6ee491c22bf47a74ac72055e0383c415e,0.046332858181672446,2,4,4,308760,391548,1,1,1,1,1,1,1,1,1
997,9a0184f7bfe0419e00542981d99acb9c3c1f078525d91079f2eab0c1a2226a26,0.010060861849345808,2,4,3,309070,391926,1,1,1,1,1,1,1,1,1
998,3a7c5bea1db1f67dd204fd40dbf1d559125e2ed93cdb9bf23eb83079bea384a8,0.10476649430254822,2,4,4,309380,392345,1,1,1,1,1,1,1,1,1
999,2ee0629c35cdb77e8c76d467f09aa455dbda0181ffaf306dd305b974a0eeffff,0.10476649430254822,2,4,4,309690,392836,1,1,1,1,1,1,1,1,1
1000,81a315d038e31597de0f6df8afa8aba94c6825cc0cca67667c962ceb553dcaba,0.1095484884761129,2,4,4,310000,393313,1,1,1,1,1,1,1,1,1
