seed,delay,arm,block_start_step,block_end_step,mean_realized_reward
0,1,EXACT_REPLAY,0,500,0.46
0,1,ELIGIBILITY_TRACE_NORM_MATCHED,0,500,0.464
0,1,NO_TRACE,0,500,0.462
0,1,EXACT_REPLAY,500,1000,0.488
0,1,ELIGIBILITY_TRACE_NORM_MATCHED,500,1000,0.488
0,1,NO_TRACE,500,1000,0.488
0,1,EXACT_REPLAY,1000,1500,0.52
0,1,ELIGIBILITY_TRACE_NORM_MATCHED,1000,1500,0.522
0,1,NO_TRACE,1000,1500,0.514
0,1,EXACT_REPLAY,1500,2000,0.488
0,1,ELIGIBILITY_TRACE_NORM_MATCHED,1500,2000,0.48
0,1,NO_TRACE,1500,2000,0.482
0,1,EXACT_REPLAY,2000,2500,0.506
0,1,ELIGIBILITY_TRACE_NORM_MATCHED,2000,2500,0.506
0,1,NO_TRACE,2000,2500,0.504
0,1,EXACT_REPLAY,2500,3000,0.476
0,1,ELIGIBILITY_TRACE_NORM_MATCHED,2500,3000,0.446
0,1,NO_TRACE,2500,3000,0.446
0,1,EXACT_REPLAY,3000,3500,0.482
0,1,ELIGIBILITY_TRACE_NORM_MATCHED,3000,3500,0.46
0,1,NO_TRACE,3000,3500,0.462
0,1,EXACT_REPLAY,3500,4000,0.522
0,1,ELIGIBILITY_TRACE_NORM_MATCHED,3500,4000,0.512
0,1,NO_TRACE,3500,4000,0.514
0,1,EXACT_REPLAY,4000,4500,0.536
0,1,ELIGIBILITY_TRACE_NORM_MATCHED,4000,4500,0.514
0,1,NO_TRACE,4000,4500,0.52
0,1,EXACT_REPLAY,4500,5000,0.528
0,1,ELIGIBILITY_TRACE_NORM_MATCHED,4500,5000,0.494
0,1,NO_TRACE,4500,5000,0.486
0,1,EXACT_REPLAY,5000,5500,0.53
0,1,ELIGIBILITY_TRACE_NORM_MATCHED,5000,5500,0.494
0,1,NO_TRACE,5000,5500,0.49
0,1,EXACT_REPLAY,5500,6000,0.514
0,1,ELIGIBILITY_TRACE_NORM_MATCHED,5500,6000,0.494
0,1,NO_TRACE,5500,6000,0.49
0,4,EXACT_REPLAY,0,500,0.46
0,4,ELIGIBILITY_TRACE_NORM_MATCHED,0,500,0.462
0,4,NO_TRACE,0,500,0.462
0,4,EXACT_REPLAY,500,1000,0.488
0,4,ELIGIBILITY_TRACE_NORM_MATCHED,500,1000,0.488
0,4,NO_TRACE,500,1000,0.488
0,4,EXACT_REPLAY,1000,1500,0.52
0,4,ELIGIBILITY_TRACE_NORM_MATCHED,1000,1500,0.52
0,4,NO_TRACE,1000,1500,0.52
0,4,EXACT_REPLAY,1500,2000,0.488
0,4,ELIGIBILITY_TRACE_NORM_MATCHED,1500,2000,0.478
0,4,NO_TRACE,1500,2000,0.48
0,4,EXACT_REPLAY,2000,2500,0.506
0,4,ELIGIBILITY_TRACE_NORM_MATCHED,2000,2500,0.508
0,4,NO_TRACE,2000,2500,0.508
0,4,EXACT_REPLAY,2500,3000,0.476
0,4,ELIGIBILITY_TRACE_NORM_MATCHED,2500,3000,0.446
0,4,NO_TRACE,2500,3000,0.448
0,4,EXACT_REPLAY,3000,3500,0.484
0,4,ELIGIBILITY_TRACE_NORM_MATCHED,3000,3500,0.462
0,4,NO_TRACE,3000,3500,0.462
0,4,EXACT_REPLAY,3500,4000,0.522
0,4,ELIGIBILITY_TRACE_NORM_MATCHED,3500,4000,0.516
0,4,NO_TRACE,3500,4000,0.514
0,4,EXACT_REPLAY,4000,4500,0.536
0,4,ELIGIBILITY_TRACE_NORM_MATCHED,4000,4500,0.516
0,4,NO_TRACE,4000,4500,0.52
0,4,EXACT_REPLAY,4500,5000,0.528
0,4,ELIGIBILITY_TRACE_NORM_MATCHED,4500,5000,0.492
0,4,NO_TRACE,4500,5000,0.488
0,4,EXACT_REPLAY,5000,5500,0.528
0,4,ELIGIBILITY_TRACE_NORM_MATCHED,5000,5500,0.496
0,4,NO_TRACE,5000,5500,0.498
0,4,EXACT_REPLAY,5500,6000,0.512
0,4,ELIGIBILITY_TRACE_NORM_MATCHED,5500,6000,0.494
0,4,NO_TRACE,5500,6000,0.482
0,16,EXACT_REPLAY,0,500,0.462
0,16,ELIGIBILITY_TRACE_NORM_MATCHED,0,500,0.462
0,16,NO_TRACE,0,500,0.464
0,16,EXACT_REPLAY,500,1000,0.488
0,16,ELIGIBILITY_TRACE_NORM_MATCHED,500,1000,0.49
0,16,NO_TRACE,500,1000,0.488
0,16,EXACT_REPLAY,1000,1500,0.52
0,16,ELIGIBILITY_TRACE_NORM_MATCHED,1000,1500,0.522
0,16,NO_TRACE,1000,1500,0.52
0,16,EXACT_REPLAY,1500,2000,0.488
0,16,ELIGIBILITY_TRACE_NORM_MATCHED,1500,2000,0.482
0,16,NO_TRACE,1500,2000,0.484
0,16,EXACT_REPLAY,2000,2500,0.506
0,16,ELIGIBILITY_TRACE_NORM_MATCHED,2000,2500,0.502
0,16,NO_TRACE,2000,2500,0.508
0,16,EXACT_REPLAY,2500,3000,0.476
0,16,ELIGIBILITY_TRACE_NORM_MATCHED,2500,3000,0.456
0,16,NO_TRACE,2500,3000,0.444
0,16,EXACT_REPLAY,3000,3500,0.484
0,16,ELIGIBILITY_TRACE_NORM_MATCHED,3000,3500,0.466
0,16,NO_TRACE,3000,3500,0.46
0,16,EXACT_REPLAY,3500,4000,0.522
0,16,ELIGIBILITY_TRACE_NORM_MATCHED,3500,4000,0.518
0,16,NO_TRACE,3500,4000,0.518
0,16,EXACT_REPLAY,4000,4500,0.536
0,16,ELIGIBILITY_TRACE_NORM_MATCHED,4000,4500,0.518
0,16,NO_TRACE,4000,4500,0.51
0,16,EXACT_REPLAY,4500,5000,0.528
0,16,ELIGIBILITY_TRACE_NORM_MATCHED,4500,5000,0.492
0,16,NO_TRACE,4500,5000,0.488
0,16,EXACT_REPLAY,5000,5500,0.526
0,16,ELIGIBILITY_TRACE_NORM_MATCHED,5000,5500,0.508
0,16,NO_TRACE,5000,5500,0.502
0,16,EXACT_REPLAY,5500,6000,0.51
0,16,ELIGIBILITY_TRACE_NORM_MATCHED,5500,6000,0.494
0,16,NO_TRACE,5500,6000,0.494
0,64,EXACT_REPLAY,0,500,0.462
0,64,ELIGIBILITY_TRACE_NORM_MATCHED,0,500,0.464
0,64,NO_TRACE,0,500,0.462
0,64,EXACT_REPLAY,500,1000,0.492
0,64,ELIGIBILITY_TRACE_NORM_MATCHED,500,1000,0.488
0,64,NO_TRACE,500,1000,0.488
0,64,EXACT_REPLAY,1000,1500,0.52
0,64,ELIGIBILITY_TRACE_NORM_MATCHED,1000,1500,0.518
0,64,NO_TRACE,1000,1500,0.514
0,64,EXACT_REPLAY,1500,2000,0.486
0,64,ELIGIBILITY_TRACE_NORM_MATCHED,1500,2000,0.492
0,64,NO_TRACE,1500,2000,0.484
0,64,EXACT_REPLAY,2000,2500,0.504
0,64,ELIGIBILITY_TRACE_NORM_MATCHED,2000,2500,0.514
0,64,NO_TRACE,2000,2500,0.512
0,64,EXACT_REPLAY,2500,3000,0.476
0,64,ELIGIBILITY_TRACE_NORM_MATCHED,2500,3000,0.45
0,64,NO_TRACE,2500,3000,0.45
0,64,EXACT_REPLAY,3000,3500,0.482
0,64,ELIGIBILITY_TRACE_NORM_MATCHED,3000,3500,0.466
0,64,NO_TRACE,3000,3500,0.462
0,64,EXACT_REPLAY,3500,4000,0.522
0,64,ELIGIBILITY_TRACE_NORM_MATCHED,3500,4000,0.516
0,64,NO_TRACE,3500,4000,0.514
0,64,EXACT_REPLAY,4000,4500,0.536
0,64,ELIGIBILITY_TRACE_NORM_MATCHED,4000,4500,0.522
0,64,NO_TRACE,4000,4500,0.524
0,64,EXACT_REPLAY,4500,5000,0.526
0,64,ELIGIBILITY_TRACE_NORM_MATCHED,4500,5000,0.49
0,64,NO_TRACE,4500,5000,0.484
0,64,EXACT_REPLAY,5000,5500,0.526
0,64,ELIGIBILITY_TRACE_NORM_MATCHED,5000,5500,0.506
0,64,NO_TRACE,5000,5500,0.5
0,64,EXACT_REPLAY,5500,6000,0.51
0,64,ELIGIBILITY_TRACE_NORM_MATCHED,5500,6000,0.492
0,64,NO_TRACE,5500,6000,0.482
1,1,EXACT_REPLAY,0,500,0.538
1,1,ELIGIBILITY_TRACE_NORM_MATCHED,0,500,0.526
1,1,NO_TRACE,0,500,0.528
1,1,EXACT_REPLAY,500,1000,0.512
1,1,ELIGIBILITY_TRACE_NORM_MATCHED,500,1000,0.506
1,1,NO_TRACE,500,1000,0.506
1,1,EXACT_REPLAY,1000,1500,0.512
1,1,ELIGIBILITY_TRACE_NORM_MATCHED,1000,1500,0.486
1,1,NO_TRACE,1000,1500,0.494
1,1,EXACT_REPLAY,1500,2000,0.524
1,1,ELIGIBILITY_TRACE_NORM_MATCHED,1500,2000,0.524
1,1,NO_TRACE,1500,2000,0.522
1,1,EXACT_REPLAY,2000,2500,0.506
1,1,ELIGIBILITY_TRACE_NORM_MATCHED,2000,2500,0.49
1,1,NO_TRACE,2000,2500,0.49
1,1,EXACT_REPLAY,2500,3000,0.494
1,1,ELIGIBILITY_TRACE_NORM_MATCHED,2500,3000,0.488
1,1,NO_TRACE,2500,3000,0.488
1,1,EXACT_REPLAY,3000,3500,0.54
1,1,ELIGIBILITY_TRACE_NORM_MATCHED,3000,3500,0.512
1,1,NO_TRACE,3000,3500,0.506
1,1,EXACT_REPLAY,3500,4000,0.504
1,1,ELIGIBILITY_TRACE_NORM_MATCHED,3500,4000,0.472
1,1,NO_TRACE,3500,4000,0.474
1,1,EXACT_REPLAY,4000,4500,0.506
1,1,ELIGIBILITY_TRACE_NORM_MATCHED,4000,4500,0.496
1,1,NO_TRACE,4000,4500,0.5
1,1,EXACT_REPLAY,4500,5000,0.546
1,1,ELIGIBILITY_TRACE_NORM_MATCHED,4500,5000,0.524
1,1,NO_TRACE,4500,5000,0.526
1,1,EXACT_REPLAY,5000,5500,0.546
1,1,ELIGIBILITY_TRACE_NORM_MATCHED,5000,5500,0.516
1,1,NO_TRACE,5000,5500,0.516
1,1,EXACT_REPLAY,5500,6000,0.544
1,1,ELIGIBILITY_TRACE_NORM_MATCHED,5500,6000,0.54
1,1,NO_TRACE,5500,6000,0.522
1,4,EXACT_REPLAY,0,500,0.538
1,4,ELIGIBILITY_TRACE_NORM_MATCHED,0,500,0.528
1,4,NO_TRACE,0,500,0.528
1,4,EXACT_REPLAY,500,1000,0.512
1,4,ELIGIBILITY_TRACE_NORM_MATCHED,500,1000,0.504
1,4,NO_TRACE,500,1000,0.508
1,4,EXACT_REPLAY,1000,1500,0.512
1,4,ELIGIBILITY_TRACE_NORM_MATCHED,1000,1500,0.484
1,4,NO_TRACE,1000,1500,0.492
1,4,EXACT_REPLAY,1500,2000,0.524
1,4,ELIGIBILITY_TRACE_NORM_MATCHED,1500,2000,0.522
1,4,NO_TRACE,1500,2000,0.526
1,4,EXACT_REPLAY,2000,2500,0.506
1,4,ELIGIBILITY_TRACE_NORM_MATCHED,2000,2500,0.492
1,4,NO_TRACE,2000,2500,0.488
1,4,EXACT_REPLAY,2500,3000,0.494
1,4,ELIGIBILITY_TRACE_NORM_MATCHED,2500,3000,0.492
1,4,NO_TRACE,2500,3000,0.486
1,4,EXACT_REPLAY,3000,3500,0.538
1,4,ELIGIBILITY_TRACE_NORM_MATCHED,3000,3500,0.51
1,4,NO_TRACE,3000,3500,0.51
1,4,EXACT_REPLAY,3500,4000,0.502
1,4,ELIGIBILITY_TRACE_NORM_MATCHED,3500,4000,0.472
1,4,NO_TRACE,3500,4000,0.464
1,4,EXACT_REPLAY,4000,4500,0.506
1,4,ELIGIBILITY_TRACE_NORM_MATCHED,4000,4500,0.498
1,4,NO_TRACE,4000,4500,0.5
1,4,EXACT_REPLAY,4500,5000,0.544
1,4,ELIGIBILITY_TRACE_NORM_MATCHED,4500,5000,0.528
1,4,NO_TRACE,4500,5000,0.53
1,4,EXACT_REPLAY,5000,5500,0.546
1,4,ELIGIBILITY_TRACE_NORM_MATCHED,5000,5500,0.516
1,4,NO_TRACE,5000,5500,0.51
1,4,EXACT_REPLAY,5500,6000,0.542
1,4,ELIGIBILITY_TRACE_NORM_MATCHED,5500,6000,0.536
1,4,NO_TRACE,5500,6000,0.53
1,16,EXACT_REPLAY,0,500,0.538
1,16,ELIGIBILITY_TRACE_NORM_MATCHED,0,500,0.528
1,16,NO_TRACE,0,500,0.532
1,16,EXACT_REPLAY,500,1000,0.514
1,16,ELIGIBILITY_TRACE_NORM_MATCHED,500,1000,0.502
1,16,NO_TRACE,500,1000,0.508
1,16,EXACT_REPLAY,1000,1500,0.51
1,16,ELIGIBILITY_TRACE_NORM_MATCHED,1000,1500,0.488
1,16,NO_TRACE,1000,1500,0.494
1,16,EXACT_REPLAY,1500,2000,0.524
1,16,ELIGIBILITY_TRACE_NORM_MATCHED,1500,2000,0.52
1,16,NO_TRACE,1500,2000,0.522
1,16,EXACT_REPLAY,2000,2500,0.508
1,16,ELIGIBILITY_TRACE_NORM_MATCHED,2000,2500,0.492
1,16,NO_TRACE,2000,2500,0.488
1,16,EXACT_REPLAY,2500,3000,0.494
1,16,ELIGIBILITY_TRACE_NORM_MATCHED,2500,3000,0.49
1,16,NO_TRACE,2500,3000,0.484
1,16,EXACT_REPLAY,3000,3500,0.538
1,16,ELIGIBILITY_TRACE_NORM_MATCHED,3000,3500,0.508
1,16,NO_TRACE,3000,3500,0.506
1,16,EXACT_REPLAY,3500,4000,0.504
1,16,ELIGIBILITY_TRACE_NORM_MATCHED,3500,4000,0.472
1,16,NO_TRACE,3500,4000,0.468
1,16,EXACT_REPLAY,4000,4500,0.506
1,16,ELIGIBILITY_TRACE_NORM_MATCHED,4000,4500,0.492
1,16,NO_TRACE,4000,4500,0.504
1,16,EXACT_REPLAY,4500,5000,0.546
1,16,ELIGIBILITY_TRACE_NORM_MATCHED,4500,5000,0.53
1,16,NO_TRACE,4500,5000,0.524
1,16,EXACT_REPLAY,5000,5500,0.546
1,16,ELIGIBILITY_TRACE_NORM_MATCHED,5000,5500,0.514
1,16,NO_TRACE,5000,5500,0.518
1,16,EXACT_REPLAY,5500,6000,0.544
1,16,ELIGIBILITY_TRACE_NORM_MATCHED,5500,6000,0.532
1,16,NO_TRACE,5500,6000,0.532
1,64,EXACT_REPLAY,0,500,0.538
1,64,ELIGIBILITY_TRACE_NORM_MATCHED,0,500,0.524
1,64,NO_TRACE,0,500,0.534
1,64,EXACT_REPLAY,500,1000,0.514
1,64,ELIGIBILITY_TRACE_NORM_MATCHED,500,1000,0.506
1,64,NO_TRACE,500,1000,0.508
1,64,EXACT_REPLAY,1000,1500,0.51
1,64,ELIGIBILITY_TRACE_NORM_MATCHED,1000,1500,0.494
1,64,NO_TRACE,1000,1500,0.498
1,64,EXACT_REPLAY,1500,2000,0.524
1,64,ELIGIBILITY_TRACE_NORM_MATCHED,1500,2000,0.522
1,64,NO_TRACE,1500,2000,0.518
1,64,EXACT_REPLAY,2000,2500,0.506
1,64,ELIGIBILITY_TRACE_NORM_MATCHED,2000,2500,0.494
1,64,NO_TRACE,2000,2500,0.496
1,64,EXACT_REPLAY,2500,3000,0.494
1,64,ELIGIBILITY_TRACE_NORM_MATCHED,2500,3000,0.484
1,64,NO_TRACE,2500,3000,0.486
1,64,EXACT_REPLAY,3000,3500,0.536
1,64,ELIGIBILITY_TRACE_NORM_MATCHED,3000,3500,0.512
1,64,NO_TRACE,3000,3500,0.51
1,64,EXACT_REPLAY,3500,4000,0.504
1,64,ELIGIBILITY_TRACE_NORM_MATCHED,3500,4000,0.472
1,64,NO_TRACE,3500,4000,0.468
1,64,EXACT_REPLAY,4000,4500,0.508
1,64,ELIGIBILITY_TRACE_NORM_MATCHED,4000,4500,0.502
1,64,NO_TRACE,4000,4500,0.496
1,64,EXACT_REPLAY,4500,5000,0.546
1,64,ELIGIBILITY_TRACE_NORM_MATCHED,4500,5000,0.524
1,64,NO_TRACE,4500,5000,0.526
1,64,EXACT_REPLAY,5000,5500,0.548
1,64,ELIGIBILITY_TRACE_NORM_MATCHED,5000,5500,0.516
1,64,NO_TRACE,5000,5500,0.516
1,64,EXACT_REPLAY,5500,6000,0.544
1,64,ELIGIBILITY_TRACE_NORM_MATCHED,5500,6000,0.538
1,64,NO_TRACE,5500,6000,0.532
2,1,EXACT_REPLAY,0,500,0.512
2,1,ELIGIBILITY_TRACE_NORM_MATCHED,0,500,0.512
2,1,NO_TRACE,0,500,0.512
2,1,EXACT_REPLAY,500,1000,0.536
2,1,ELIGIBILITY_TRACE_NORM_MATCHED,500,1000,0.54
2,1,NO_TRACE,500,1000,0.536
2,1,EXACT_REPLAY,1000,1500,0.472
2,1,ELIGIBILITY_TRACE_NORM_MATCHED,1000,1500,0.472
2,1,NO_TRACE,1000,1500,0.47
2,1,EXACT_REPLAY,1500,2000,0.49
2,1,ELIGIBILITY_TRACE_NORM_MATCHED,1500,2000,0.492
2,1,NO_TRACE,1500,2000,0.494
2,1,EXACT_REPLAY,2000,2500,0.542
2,1,ELIGIBILITY_TRACE_NORM_MATCHED,2000,2500,0.528
2,1,NO_TRACE,2000,2500,0.526
2,1,EXACT_REPLAY,2500,3000,0.498
2,1,ELIGIBILITY_TRACE_NORM_MATCHED,2500,3000,0.49
2,1,NO_TRACE,2500,3000,0.494
2,1,EXACT_REPLAY,3000,3500,0.538
2,1,ELIGIBILITY_TRACE_NORM_MATCHED,3000,3500,0.512
2,1,NO_TRACE,3000,3500,0.51
2,1,EXACT_REPLAY,3500,4000,0.526
2,1,ELIGIBILITY_TRACE_NORM_MATCHED,3500,4000,0.524
2,1,NO_TRACE,3500,4000,0.524
2,1,EXACT_REPLAY,4000,4500,0.512
2,1,ELIGIBILITY_TRACE_NORM_MATCHED,4000,4500,0.492
2,1,NO_TRACE,4000,4500,0.488
2,1,EXACT_REPLAY,4500,5000,0.528
2,1,ELIGIBILITY_TRACE_NORM_MATCHED,4500,5000,0.504
2,1,NO_TRACE,4500,5000,0.498
2,1,EXACT_REPLAY,5000,5500,0.488
2,1,ELIGIBILITY_TRACE_NORM_MATCHED,5000,5500,0.468
2,1,NO_TRACE,5000,5500,0.462
2,1,EXACT_REPLAY,5500,6000,0.51
2,1,ELIGIBILITY_TRACE_NORM_MATCHED,5500,6000,0.494
2,1,NO_TRACE,5500,6000,0.502
2,4,EXACT_REPLAY,0,500,0.512
2,4,ELIGIBILITY_TRACE_NORM_MATCHED,0,500,0.514
2,4,NO_TRACE,0,500,0.514
2,4,EXACT_REPLAY,500,1000,0.538
2,4,ELIGIBILITY_TRACE_NORM_MATCHED,500,1000,0.54
2,4,NO_TRACE,500,1000,0.538
2,4,EXACT_REPLAY,1000,1500,0.472
2,4,ELIGIBILITY_TRACE_NORM_MATCHED,1000,1500,0.472
2,4,NO_TRACE,1000,1500,0.474
2,4,EXACT_REPLAY,1500,2000,0.49
2,4,ELIGIBILITY_TRACE_NORM_MATCHED,1500,2000,0.496
2,4,NO_TRACE,1500,2000,0.496
2,4,EXACT_REPLAY,2000,2500,0.544
2,4,ELIGIBILITY_TRACE_NORM_MATCHED,2000,2500,0.526
2,4,NO_TRACE,2000,2500,0.528
2,4,EXACT_REPLAY,2500,3000,0.5
2,4,ELIGIBILITY_TRACE_NORM_MATCHED,2500,3000,0.494
2,4,NO_TRACE,2500,3000,0.49
2,4,EXACT_REPLAY,3000,3500,0.538
2,4,ELIGIBILITY_TRACE_NORM_MATCHED,3000,3500,0.522
2,4,NO_TRACE,3000,3500,0.52
2,4,EXACT_REPLAY,3500,4000,0.526
2,4,ELIGIBILITY_TRACE_NORM_MATCHED,3500,4000,0.524
2,4,NO_TRACE,3500,4000,0.532
2,4,EXACT_REPLAY,4000,4500,0.51
2,4,ELIGIBILITY_TRACE_NORM_MATCHED,4000,4500,0.492
2,4,NO_TRACE,4000,4500,0.486
2,4,EXACT_REPLAY,4500,5000,0.528
2,4,ELIGIBILITY_TRACE_NORM_MATCHED,4500,5000,0.504
2,4,NO_TRACE,4500,5000,0.498
2,4,EXACT_REPLAY,5000,5500,0.49
2,4,ELIGIBILITY_TRACE_NORM_MATCHED,5000,5500,0.47
2,4,NO_TRACE,5000,5500,0.47
2,4,EXACT_REPLAY,5500,6000,0.51
2,4,ELIGIBILITY_TRACE_NORM_MATCHED,5500,6000,0.49
2,4,NO_TRACE,5500,6000,0.49
2,16,EXACT_REPLAY,0,500,0.512
2,16,ELIGIBILITY_TRACE_NORM_MATCHED,0,500,0.514
2,16,NO_TRACE,0,500,0.514
2,16,EXACT_REPLAY,500,1000,0.538
2,16,ELIGIBILITY_TRACE_NORM_MATCHED,500,1000,0.54
2,16,NO_TRACE,500,1000,0.534
2,16,EXACT_REPLAY,1000,1500,0.472
2,16,ELIGIBILITY_TRACE_NORM_MATCHED,1000,1500,0.47
2,16,NO_TRACE,1000,1500,0.482
2,16,EXACT_REPLAY,1500,2000,0.49
2,16,ELIGIBILITY_TRACE_NORM_MATCHED,1500,2000,0.494
2,16,NO_TRACE,1500,2000,0.494
2,16,EXACT_REPLAY,2000,2500,0.544
2,16,ELIGIBILITY_TRACE_NORM_MATCHED,2000,2500,0.538
2,16,NO_TRACE,2000,2500,0.528
2,16,EXACT_REPLAY,2500,3000,0.498
2,16,ELIGIBILITY_TRACE_NORM_MATCHED,2500,3000,0.498
2,16,NO_TRACE,2500,3000,0.498
2,16,EXACT_REPLAY,3000,3500,0.538
2,16,ELIGIBILITY_TRACE_NORM_MATCHED,3000,3500,0.524
2,16,NO_TRACE,3000,3500,0.52
2,16,EXACT_REPLAY,3500,4000,0.526
2,16,ELIGIBILITY_TRACE_NORM_MATCHED,3500,4000,0.532
2,16,NO_TRACE,3500,4000,0.528
2,16,EXACT_REPLAY,4000,4500,0.51
2,16,ELIGIBILITY_TRACE_NORM_MATCHED,4000,4500,0.484
2,16,NO_TRACE,4000,4500,0.49
2,16,EXACT_REPLAY,4500,5000,0.528
2,16,ELIGIBILITY_TRACE_NORM_MATCHED,4500,5000,0.498
2,16,NO_TRACE,4500,5000,0.498
2,16,EXACT_REPLAY,5000,5500,0.492
2,16,ELIGIBILITY_TRACE_NORM_MATCHED,5000,5500,0.472
2,16,NO_TRACE,5000,5500,0.462
2,16,EXACT_REPLAY,5500,6000,0.512
2,16,ELIGIBILITY_TRACE_NORM_MATCHED,5500,6000,0.498
2,16,NO_TRACE,5500,6000,0.492
2,64,EXACT_REPLAY,0,500,0.512
2,64,ELIGIBILITY_TRACE_NORM_MATCHED,0,500,0.514
2,64,NO_TRACE,0,500,0.514
2,64,EXACT_REPLAY,500,1000,0.536
2,64,ELIGIBILITY_TRACE_NORM_MATCHED,500,1000,0.538
2,64,NO_TRACE,500,1000,0.536
2,64,EXACT_REPLAY,1000,1500,0.472
2,64,ELIGIBILITY_TRACE_NORM_MATCHED,1000,1500,0.472
2,64,NO_TRACE,1000,1500,0.476
2,64,EXACT_REPLAY,1500,2000,0.49
2,64,ELIGIBILITY_TRACE_NORM_MATCHED,1500,2000,0.49
2,64,NO_TRACE,1500,2000,0.494
2,64,EXACT_REPLAY,2000,2500,0.544
2,64,ELIGIBILITY_TRACE_NORM_MATCHED,2000,2500,0.534
2,64,NO_TRACE,2000,2500,0.536
2,64,EXACT_REPLAY,2500,3000,0.498
2,64,ELIGIBILITY_TRACE_NORM_MATCHED,2500,3000,0.494
2,64,NO_TRACE,2500,3000,0.496
2,64,EXACT_REPLAY,3000,3500,0.536
2,64,ELIGIBILITY_TRACE_NORM_MATCHED,3000,3500,0.512
2,64,NO_TRACE,3000,3500,0.512
2,64,EXACT_REPLAY,3500,4000,0.526
2,64,ELIGIBILITY_TRACE_NORM_MATCHED,3500,4000,0.522
2,64,NO_TRACE,3500,4000,0.534
2,64,EXACT_REPLAY,4000,4500,0.508
2,64,ELIGIBILITY_TRACE_NORM_MATCHED,4000,4500,0.486
2,64,NO_TRACE,4000,4500,0.492
2,64,EXACT_REPLAY,4500,5000,0.526
2,64,ELIGIBILITY_TRACE_NORM_MATCHED,4500,5000,0.504
2,64,NO_TRACE,4500,5000,0.512
2,64,EXACT_REPLAY,5000,5500,0.494
2,64,ELIGIBILITY_TRACE_NORM_MATCHED,5000,5500,0.476
2,64,NO_TRACE,5000,5500,0.476
2,64,EXACT_REPLAY,5500,6000,0.51
2,64,ELIGIBILITY_TRACE_NORM_MATCHED,5500,6000,0.502
2,64,NO_TRACE,5500,6000,0.5
3,1,EXACT_REPLAY,0,500,0.506
3,1,ELIGIBILITY_TRACE_NORM_MATCHED,0,500,0.51
3,1,NO_TRACE,0,500,0.506
3,1,EXACT_REPLAY,500,1000,0.494
3,1,ELIGIBILITY_TRACE_NORM_MATCHED,500,1000,0.484
3,1,NO_TRACE,500,1000,0.484
3,1,EXACT_REPLAY,1000,1500,0.54
3,1,ELIGIBILITY_TRACE_NORM_MATCHED,1000,1500,0.524
3,1,NO_TRACE,1000,1500,0.53
3,1,EXACT_REPLAY,1500,2000,0.5
3,1,ELIGIBILITY_TRACE_NORM_MATCHED,1500,2000,0.5
3,1,NO_TRACE,1500,2000,0.502
3,1,EXACT_REPLAY,2000,2500,0.528
3,1,ELIGIBILITY_TRACE_NORM_MATCHED,2000,2500,0.518
3,1,NO_TRACE,2000,2500,0.518
3,1,EXACT_REPLAY,2500,3000,0.518
3,1,ELIGIBILITY_TRACE_NORM_MATCHED,2500,3000,0.518
3,1,NO_TRACE,2500,3000,0.512
3,1,EXACT_REPLAY,3000,3500,0.462
3,1,ELIGIBILITY_TRACE_NORM_MATCHED,3000,3500,0.46
3,1,NO_TRACE,3000,3500,0.458
3,1,EXACT_REPLAY,3500,4000,0.538
3,1,ELIGIBILITY_TRACE_NORM_MATCHED,3500,4000,0.534
3,1,NO_TRACE,3500,4000,0.536
3,1,EXACT_REPLAY,4000,4500,0.478
3,1,ELIGIBILITY_TRACE_NORM_MATCHED,4000,4500,0.476
3,1,NO_TRACE,4000,4500,0.474
3,1,EXACT_REPLAY,4500,5000,0.482
3,1,ELIGIBILITY_TRACE_NORM_MATCHED,4500,5000,0.482
3,1,NO_TRACE,4500,5000,0.48
3,1,EXACT_REPLAY,5000,5500,0.48
3,1,ELIGIBILITY_TRACE_NORM_MATCHED,5000,5500,0.476
3,1,NO_TRACE,5000,5500,0.474
3,1,EXACT_REPLAY,5500,6000,0.548
3,1,ELIGIBILITY_TRACE_NORM_MATCHED,5500,6000,0.538
3,1,NO_TRACE,5500,6000,0.54
3,4,EXACT_REPLAY,0,500,0.504
3,4,ELIGIBILITY_TRACE_NORM_MATCHED,0,500,0.508
3,4,NO_TRACE,0,500,0.508
3,4,EXACT_REPLAY,500,1000,0.492
3,4,ELIGIBILITY_TRACE_NORM_MATCHED,500,1000,0.48
3,4,NO_TRACE,500,1000,0.482
3,4,EXACT_REPLAY,1000,1500,0.54
3,4,ELIGIBILITY_TRACE_NORM_MATCHED,1000,1500,0.53
3,4,NO_TRACE,1000,1500,0.53
3,4,EXACT_REPLAY,1500,2000,0.5
3,4,ELIGIBILITY_TRACE_NORM_MATCHED,1500,2000,0.504
3,4,NO_TRACE,1500,2000,0.502
3,4,EXACT_REPLAY,2000,2500,0.528
3,4,ELIGIBILITY_TRACE_NORM_MATCHED,2000,2500,0.516
3,4,NO_TRACE,2000,2500,0.512
3,4,EXACT_REPLAY,2500,3000,0.518
3,4,ELIGIBILITY_TRACE_NORM_MATCHED,2500,3000,0.52
3,4,NO_TRACE,2500,3000,0.516
3,4,EXACT_REPLAY,3000,3500,0.462
3,4,ELIGIBILITY_TRACE_NORM_MATCHED,3000,3500,0.458
3,4,NO_TRACE,3000,3500,0.458
3,4,EXACT_REPLAY,3500,4000,0.536
3,4,ELIGIBILITY_TRACE_NORM_MATCHED,3500,4000,0.54
3,4,NO_TRACE,3500,4000,0.534
3,4,EXACT_REPLAY,4000,4500,0.478
3,4,ELIGIBILITY_TRACE_NORM_MATCHED,4000,4500,0.474
3,4,NO_TRACE,4000,4500,0.47
3,4,EXACT_REPLAY,4500,5000,0.48
3,4,ELIGIBILITY_TRACE_NORM_MATCHED,4500,5000,0.486
3,4,NO_TRACE,4500,5000,0.484
3,4,EXACT_REPLAY,5000,5500,0.482
3,4,ELIGIBILITY_TRACE_NORM_MATCHED,5000,5500,0.474
3,4,NO_TRACE,5000,5500,0.47
3,4,EXACT_REPLAY,5500,6000,0.548
3,4,ELIGIBILITY_TRACE_NORM_MATCHED,5500,6000,0.536
3,4,NO_TRACE,5500,6000,0.53
3,16,EXACT_REPLAY,0,500,0.506
3,16,ELIGIBILITY_TRACE_NORM_MATCHED,0,500,0.508
3,16,NO_TRACE,0,500,0.508
3,16,EXACT_REPLAY,500,1000,0.494
3,16,ELIGIBILITY_TRACE_NORM_MATCHED,500,1000,0.48
3,16,NO_TRACE,500,1000,0.48
3,16,EXACT_REPLAY,1000,1500,0.538
3,16,ELIGIBILITY_TRACE_NORM_MATCHED,1000,1500,0.528
3,16,NO_TRACE,1000,1500,0.526
3,16,EXACT_REPLAY,1500,2000,0.496
3,16,ELIGIBILITY_TRACE_NORM_MATCHED,1500,2000,0.498
3,16,NO_TRACE,1500,2000,0.504
3,16,EXACT_REPLAY,2000,2500,0.528
3,16,ELIGIBILITY_TRACE_NORM_MATCHED,2000,2500,0.514
3,16,NO_TRACE,2000,2500,0.508
3,16,EXACT_REPLAY,2500,3000,0.518
3,16,ELIGIBILITY_TRACE_NORM_MATCHED,2500,3000,0.52
3,16,NO_TRACE,2500,3000,0.508
3,16,EXACT_REPLAY,3000,3500,0.462
3,16,ELIGIBILITY_TRACE_NORM_MATCHED,3000,3500,0.454
3,16,NO_TRACE,3000,3500,0.46
3,16,EXACT_REPLAY,3500,4000,0.538
3,16,ELIGIBILITY_TRACE_NORM_MATCHED,3500,4000,0.542
3,16,NO_TRACE,3500,4000,0.534
3,16,EXACT_REPLAY,4000,4500,0.476
3,16,ELIGIBILITY_TRACE_NORM_MATCHED,4000,4500,0.474
3,16,NO_TRACE,4000,4500,0.468
3,16,EXACT_REPLAY,4500,5000,0.48
3,16,ELIGIBILITY_TRACE_NORM_MATCHED,4500,5000,0.484
3,16,NO_TRACE,4500,5000,0.47
3,16,EXACT_REPLAY,5000,5500,0.482
3,16,ELIGIBILITY_TRACE_NORM_MATCHED,5000,5500,0.472
3,16,NO_TRACE,5000,5500,0.468
3,16,EXACT_REPLAY,5500,6000,0.548
3,16,ELIGIBILITY_TRACE_NORM_MATCHED,5500,6000,0.536
3,16,NO_TRACE,5500,6000,0.542
3,64,EXACT_REPLAY,0,500,0.508
3,64,ELIGIBILITY_TRACE_NORM_MATCHED,0,500,0.508
3,64,NO_TRACE,0,500,0.506
3,64,EXACT_REPLAY,500,1000,0.494
3,64,ELIGIBILITY_TRACE_NORM_MATCHED,500,1000,0.482
3,64,NO_TRACE,500,1000,0.49
3,64,EXACT_REPLAY,1000,1500,0.538
3,64,ELIGIBILITY_TRACE_NORM_MATCHED,1000,1500,0.524
3,64,NO_TRACE,1000,1500,0.524
3,64,EXACT_REPLAY,1500,2000,0.498
3,64,ELIGIBILITY_TRACE_NORM_MATCHED,1500,2000,0.506
3,64,NO_TRACE,1500,2000,0.504
3,64,EXACT_REPLAY,2000,2500,0.522
3,64,ELIGIBILITY_TRACE_NORM_MATCHED,2000,2500,0.512
3,64,NO_TRACE,2000,2500,0.512
3,64,EXACT_REPLAY,2500,3000,0.518
3,64,ELIGIBILITY_TRACE_NORM_MATCHED,2500,3000,0.51
3,64,NO_TRACE,2500,3000,0.518
3,64,EXACT_REPLAY,3000,3500,0.462
3,64,ELIGIBILITY_TRACE_NORM_MATCHED,3000,3500,0.458
3,64,NO_TRACE,3000,3500,0.46
3,64,EXACT_REPLAY,3500,4000,0.536
3,64,ELIGIBILITY_TRACE_NORM_MATCHED,3500,4000,0.538
3,64,NO_TRACE,3500,4000,0.53
3,64,EXACT_REPLAY,4000,4500,0.476
3,64,ELIGIBILITY_TRACE_NORM_MATCHED,4000,4500,0.472
3,64,NO_TRACE,4000,4500,0.472
3,64,EXACT_REPLAY,4500,5000,0.48
3,64,ELIGIBILITY_TRACE_NORM_MATCHED,4500,5000,0.482
3,64,NO_TRACE,4500,5000,0.474
3,64,EXACT_REPLAY,5000,5500,0.48
3,64,ELIGIBILITY_TRACE_NORM_MATCHED,5000,5500,0.478
3,64,NO_TRACE,5000,5500,0.482
3,64,EXACT_REPLAY,5500,6000,0.548
3,64,ELIGIBILITY_TRACE_NORM_MATCHED,5500,6000,0.538
3,64,NO_TRACE,5500,6000,0.54
4,1,EXACT_REPLAY,0,500,0.476
4,1,ELIGIBILITY_TRACE_NORM_MATCHED,0,500,0.476
4,1,NO_TRACE,0,500,0.476
4,1,EXACT_REPLAY,500,1000,0.522
4,1,ELIGIBILITY_TRACE_NORM_MATCHED,500,1000,0.524
4,1,NO_TRACE,500,1000,0.524
4,1,EXACT_REPLAY,1000,1500,0.504
4,1,ELIGIBILITY_TRACE_NORM_MATCHED,1000,1500,0.496
4,1,NO_TRACE,1000,1500,0.498
4,1,EXACT_REPLAY,1500,2000,0.504
4,1,ELIGIBILITY_TRACE_NORM_MATCHED,1500,2000,0.51
4,1,NO_TRACE,1500,2000,0.508
4,1,EXACT_REPLAY,2000,2500,0.508
4,1,ELIGIBILITY_TRACE_NORM_MATCHED,2000,2500,0.502
4,1,NO_TRACE,2000,2500,0.5
4,1,EXACT_REPLAY,2500,3000,0.536
4,1,ELIGIBILITY_TRACE_NORM_MATCHED,2500,3000,0.534
4,1,NO_TRACE,2500,3000,0.534
4,1,EXACT_REPLAY,3000,3500,0.498
4,1,ELIGIBILITY_TRACE_NORM_MATCHED,3000,3500,0.488
4,1,NO_TRACE,3000,3500,0.486
4,1,EXACT_REPLAY,3500,4000,0.514
4,1,ELIGIBILITY_TRACE_NORM_MATCHED,3500,4000,0.504
4,1,NO_TRACE,3500,4000,0.5
4,1,EXACT_REPLAY,4000,4500,0.47
4,1,ELIGIBILITY_TRACE_NORM_MATCHED,4000,4500,0.456
4,1,NO_TRACE,4000,4500,0.456
4,1,EXACT_REPLAY,4500,5000,0.51
4,1,ELIGIBILITY_TRACE_NORM_MATCHED,4500,5000,0.502
4,1,NO_TRACE,4500,5000,0.5
4,1,EXACT_REPLAY,5000,5500,0.504
4,1,ELIGIBILITY_TRACE_NORM_MATCHED,5000,5500,0.49
4,1,NO_TRACE,5000,5500,0.488
4,1,EXACT_REPLAY,5500,6000,0.516
4,1,ELIGIBILITY_TRACE_NORM_MATCHED,5500,6000,0.518
4,1,NO_TRACE,5500,6000,0.516
4,4,EXACT_REPLAY,0,500,0.476
4,4,ELIGIBILITY_TRACE_NORM_MATCHED,0,500,0.476
4,4,NO_TRACE,0,500,0.48
4,4,EXACT_REPLAY,500,1000,0.522
4,4,ELIGIBILITY_TRACE_NORM_MATCHED,500,1000,0.522
4,4,NO_TRACE,500,1000,0.526
4,4,EXACT_REPLAY,1000,1500,0.506
4,4,ELIGIBILITY_TRACE_NORM_MATCHED,1000,1500,0.498
4,4,NO_TRACE,1000,1500,0.506
4,4,EXACT_REPLAY,1500,2000,0.504
4,4,ELIGIBILITY_TRACE_NORM_MATCHED,1500,2000,0.506
4,4,NO_TRACE,1500,2000,0.502
4,4,EXACT_REPLAY,2000,2500,0.508
4,4,ELIGIBILITY_TRACE_NORM_MATCHED,2000,2500,0.502
4,4,NO_TRACE,2000,2500,0.5
4,4,EXACT_REPLAY,2500,3000,0.536
4,4,ELIGIBILITY_TRACE_NORM_MATCHED,2500,3000,0.534
4,4,NO_TRACE,2500,3000,0.54
4,4,EXACT_REPLAY,3000,3500,0.498
4,4,ELIGIBILITY_TRACE_NORM_MATCHED,3000,3500,0.486
4,4,NO_TRACE,3000,3500,0.49
4,4,EXACT_REPLAY,3500,4000,0.516
4,4,ELIGIBILITY_TRACE_NORM_MATCHED,3500,4000,0.508
4,4,NO_TRACE,3500,4000,0.498
4,4,EXACT_REPLAY,4000,4500,0.47
4,4,ELIGIBILITY_TRACE_NORM_MATCHED,4000,4500,0.458
4,4,NO_TRACE,4000,4500,0.454
4,4,EXACT_REPLAY,4500,5000,0.51
4,4,ELIGIBILITY_TRACE_NORM_MATCHED,4500,5000,0.506
4,4,NO_TRACE,4500,5000,0.512
4,4,EXACT_REPLAY,5000,5500,0.504
4,4,ELIGIBILITY_TRACE_NORM_MATCHED,5000,5500,0.49
4,4,NO_TRACE,5000,5500,0.49
4,4,EXACT_REPLAY,5500,6000,0.518
4,4,ELIGIBILITY_TRACE_NORM_MATCHED,5500,6000,0.514
4,4,NO_TRACE,5500,6000,0.524
4,16,EXACT_REPLAY,0,500,0.474
4,16,ELIGIBILITY_TRACE_NORM_MATCHED,0,500,0.474
4,16,NO_TRACE,0,500,0.48
4,16,EXACT_REPLAY,500,1000,0.522
4,16,ELIGIBILITY_TRACE_NORM_MATCHED,500,1000,0.528
4,16,NO_TRACE,500,1000,0.528
4,16,EXACT_REPLAY,1000,1500,0.504
4,16,ELIGIBILITY_TRACE_NORM_MATCHED,1000,1500,0.5
4,16,NO_TRACE,1000,1500,0.502
4,16,EXACT_REPLAY,1500,2000,0.502
4,16,ELIGIBILITY_TRACE_NORM_MATCHED,1500,2000,0.508
4,16,NO_TRACE,1500,2000,0.508
4,16,EXACT_REPLAY,2000,2500,0.508
4,16,ELIGIBILITY_TRACE_NORM_MATCHED,2000,2500,0.504
4,16,NO_TRACE,2000,2500,0.498
4,16,EXACT_REPLAY,2500,3000,0.536
4,16,ELIGIBILITY_TRACE_NORM_MATCHED,2500,3000,0.536
4,16,NO_TRACE,2500,3000,0.534
4,16,EXACT_REPLAY,3000,3500,0.498
4,16,ELIGIBILITY_TRACE_NORM_MATCHED,3000,3500,0.486
4,16,NO_TRACE,3000,3500,0.488
4,16,EXACT_REPLAY,3500,4000,0.516
4,16,ELIGIBILITY_TRACE_NORM_MATCHED,3500,4000,0.502
4,16,NO_TRACE,3500,4000,0.5
4,16,EXACT_REPLAY,4000,4500,0.472
4,16,ELIGIBILITY_TRACE_NORM_MATCHED,4000,4500,0.462
4,16,NO_TRACE,4000,4500,0.458
4,16,EXACT_REPLAY,4500,5000,0.51
4,16,ELIGIBILITY_TRACE_NORM_MATCHED,4500,5000,0.502
4,16,NO_TRACE,4500,5000,0.506
4,16,EXACT_REPLAY,5000,5500,0.504
4,16,ELIGIBILITY_TRACE_NORM_MATCHED,5000,5500,0.49
4,16,NO_TRACE,5000,5500,0.488
4,16,EXACT_REPLAY,5500,6000,0.52
4,16,ELIGIBILITY_TRACE_NORM_MATCHED,5500,6000,0.516
4,16,NO_TRACE,5500,6000,0.522
4,64,EXACT_REPLAY,0,500,0.474
4,64,ELIGIBILITY_TRACE_NORM_MATCHED,0,500,0.474
4,64,NO_TRACE,0,500,0.48
4,64,EXACT_REPLAY,500,1000,0.526
4,64,ELIGIBILITY_TRACE_NORM_MATCHED,500,1000,0.526
4,64,NO_TRACE,500,1000,0.524
4,64,EXACT_REPLAY,1000,1500,0.506
4,64,ELIGIBILITY_TRACE_NORM_MATCHED,1000,1500,0.498
4,64,NO_TRACE,1000,1500,0.502
4,64,EXACT_REPLAY,1500,2000,0.504
4,64,ELIGIBILITY_TRACE_NORM_MATCHED,1500,2000,0.504
4,64,NO_TRACE,1500,2000,0.508
4,64,EXACT_REPLAY,2000,2500,0.51
4,64,ELIGIBILITY_TRACE_NORM_MATCHED,2000,2500,0.502
4,64,NO_TRACE,2000,2500,0.496
4,64,EXACT_REPLAY,2500,3000,0.536
4,64,ELIGIBILITY_TRACE_NORM_MATCHED,2500,3000,0.536
4,64,NO_TRACE,2500,3000,0.536
4,64,EXACT_REPLAY,3000,3500,0.498
4,64,ELIGIBILITY_TRACE_NORM_MATCHED,3000,3500,0.49
4,64,NO_TRACE,3000,3500,0.494
4,64,EXACT_REPLAY,3500,4000,0.516
4,64,ELIGIBILITY_TRACE_NORM_MATCHED,3500,4000,0.502
4,64,NO_TRACE,3500,4000,0.498
4,64,EXACT_REPLAY,4000,4500,0.47
4,64,ELIGIBILITY_TRACE_NORM_MATCHED,4000,4500,0.458
4,64,NO_TRACE,4000,4500,0.458
4,64,EXACT_REPLAY,4500,5000,0.51
4,64,ELIGIBILITY_TRACE_NORM_MATCHED,4500,5000,0.502
4,64,NO_TRACE,4500,5000,0.506
4,64,EXACT_REPLAY,5000,5500,0.502
4,64,ELIGIBILITY_TRACE_NORM_MATCHED,5000,5500,0.496
4,64,NO_TRACE,5000,5500,0.49
4,64,EXACT_REPLAY,5500,6000,0.52
4,64,ELIGIBILITY_TRACE_NORM_MATCHED,5500,6000,0.514
4,64,NO_TRACE,5500,6000,0.516
5,1,EXACT_REPLAY,0,500,0.516
5,1,ELIGIBILITY_TRACE_NORM_MATCHED,0,500,0.52
5,1,NO_TRACE,0,500,0.516
5,1,EXACT_REPLAY,500,1000,0.502
5,1,ELIGIBILITY_TRACE_NORM_MATCHED,500,1000,0.504
5,1,NO_TRACE,500,1000,0.504
5,1,EXACT_REPLAY,1000,1500,0.548
5,1,ELIGIBILITY_TRACE_NORM_MATCHED,1000,1500,0.548
5,1,NO_TRACE,1000,1500,0.544
5,1,EXACT_REPLAY,1500,2000,0.518
5,1,ELIGIBILITY_TRACE_NORM_MATCHED,1500,2000,0.516
5,1,NO_TRACE,1500,2000,0.518
5,1,EXACT_REPLAY,2000,2500,0.504
5,1,ELIGIBILITY_TRACE_NORM_MATCHED,2000,2500,0.502
5,1,NO_TRACE,2000,2500,0.494
5,1,EXACT_REPLAY,2500,3000,0.52
5,1,ELIGIBILITY_TRACE_NORM_MATCHED,2500,3000,0.52
5,1,NO_TRACE,2500,3000,0.518
5,1,EXACT_REPLAY,3000,3500,0.526
5,1,ELIGIBILITY_TRACE_NORM_MATCHED,3000,3500,0.516
5,1,NO_TRACE,3000,3500,0.52
5,1,EXACT_REPLAY,3500,4000,0.506
5,1,ELIGIBILITY_TRACE_NORM_MATCHED,3500,4000,0.51
5,1,NO_TRACE,3500,4000,0.516
5,1,EXACT_REPLAY,4000,4500,0.508
5,1,ELIGIBILITY_TRACE_NORM_MATCHED,4000,4500,0.504
5,1,NO_TRACE,4000,4500,0.506
5,1,EXACT_REPLAY,4500,5000,0.486
5,1,ELIGIBILITY_TRACE_NORM_MATCHED,4500,5000,0.466
5,1,NO_TRACE,4500,5000,0.482
5,1,EXACT_REPLAY,5000,5500,0.514
5,1,ELIGIBILITY_TRACE_NORM_MATCHED,5000,5500,0.504
5,1,NO_TRACE,5000,5500,0.502
5,1,EXACT_REPLAY,5500,6000,0.522
5,1,ELIGIBILITY_TRACE_NORM_MATCHED,5500,6000,0.536
5,1,NO_TRACE,5500,6000,0.534
5,4,EXACT_REPLAY,0,500,0.516
5,4,ELIGIBILITY_TRACE_NORM_MATCHED,0,500,0.518
5,4,NO_TRACE,0,500,0.514
5,4,EXACT_REPLAY,500,1000,0.502
5,4,ELIGIBILITY_TRACE_NORM_MATCHED,500,1000,0.5
5,4,NO_TRACE,500,1000,0.502
5,4,EXACT_REPLAY,1000,1500,0.55
5,4,ELIGIBILITY_TRACE_NORM_MATCHED,1000,1500,0.548
5,4,NO_TRACE,1000,1500,0.55
5,4,EXACT_REPLAY,1500,2000,0.518
5,4,ELIGIBILITY_TRACE_NORM_MATCHED,1500,2000,0.516
5,4,NO_TRACE,1500,2000,0.52
5,4,EXACT_REPLAY,2000,2500,0.504
5,4,ELIGIBILITY_TRACE_NORM_MATCHED,2000,2500,0.504
5,4,NO_TRACE,2000,2500,0.49
5,4,EXACT_REPLAY,2500,3000,0.52
5,4,ELIGIBILITY_TRACE_NORM_MATCHED,2500,3000,0.52
5,4,NO_TRACE,2500,3000,0.52
5,4,EXACT_REPLAY,3000,3500,0.524
5,4,ELIGIBILITY_TRACE_NORM_MATCHED,3000,3500,0.514
5,4,NO_TRACE,3000,3500,0.512
5,4,EXACT_REPLAY,3500,4000,0.508
5,4,ELIGIBILITY_TRACE_NORM_MATCHED,3500,4000,0.506
5,4,NO_TRACE,3500,4000,0.516
5,4,EXACT_REPLAY,4000,4500,0.508
5,4,ELIGIBILITY_TRACE_NORM_MATCHED,4000,4500,0.502
5,4,NO_TRACE,4000,4500,0.502
5,4,EXACT_REPLAY,4500,5000,0.486
5,4,ELIGIBILITY_TRACE_NORM_MATCHED,4500,5000,0.466
5,4,NO_TRACE,4500,5000,0.482
5,4,EXACT_REPLAY,5000,5500,0.514
5,4,ELIGIBILITY_TRACE_NORM_MATCHED,5000,5500,0.504
5,4,NO_TRACE,5000,5500,0.49
5,4,EXACT_REPLAY,5500,6000,0.526
5,4,ELIGIBILITY_TRACE_NORM_MATCHED,5500,6000,0.53
5,4,NO_TRACE,5500,6000,0.53
5,16,EXACT_REPLAY,0,500,0.516
5,16,ELIGIBILITY_TRACE_NORM_MATCHED,0,500,0.514
5,16,NO_TRACE,0,500,0.516
5,16,EXACT_REPLAY,500,1000,0.502
5,16,ELIGIBILITY_TRACE_NORM_MATCHED,500,1000,0.502
5,16,NO_TRACE,500,1000,0.506
5,16,EXACT_REPLAY,1000,1500,0.546
5,16,ELIGIBILITY_TRACE_NORM_MATCHED,1000,1500,0.548
5,16,NO_TRACE,1000,1500,0.546
5,16,EXACT_REPLAY,1500,2000,0.518
5,16,ELIGIBILITY_TRACE_NORM_MATCHED,1500,2000,0.516
5,16,NO_TRACE,1500,2000,0.524
5,16,EXACT_REPLAY,2000,2500,0.504
5,16,ELIGIBILITY_TRACE_NORM_MATCHED,2000,2500,0.498
5,16,NO_TRACE,2000,2500,0.494
5,16,EXACT_REPLAY,2500,3000,0.516
5,16,ELIGIBILITY_TRACE_NORM_MATCHED,2500,3000,0.52
5,16,NO_TRACE,2500,3000,0.524
5,16,EXACT_REPLAY,3000,3500,0.526
5,16,ELIGIBILITY_TRACE_NORM_MATCHED,3000,3500,0.524
5,16,NO_TRACE,3000,3500,0.528
5,16,EXACT_REPLAY,3500,4000,0.506
5,16,ELIGIBILITY_TRACE_NORM_MATCHED,3500,4000,0.516
5,16,NO_TRACE,3500,4000,0.518
5,16,EXACT_REPLAY,4000,4500,0.508
5,16,ELIGIBILITY_TRACE_NORM_MATCHED,4000,4500,0.498
5,16,NO_TRACE,4000,4500,0.496
5,16,EXACT_REPLAY,4500,5000,0.486
5,16,ELIGIBILITY_TRACE_NORM_MATCHED,4500,5000,0.474
5,16,NO_TRACE,4500,5000,0.48
5,16,EXACT_REPLAY,5000,5500,0.514
5,16,ELIGIBILITY_TRACE_NORM_MATCHED,5000,5500,0.512
5,16,NO_TRACE,5000,5500,0.504
5,16,EXACT_REPLAY,5500,6000,0.522
5,16,ELIGIBILITY_TRACE_NORM_MATCHED,5500,6000,0.536
5,16,NO_TRACE,5500,6000,0.526
5,64,EXACT_REPLAY,0,500,0.516
5,64,ELIGIBILITY_TRACE_NORM_MATCHED,0,500,0.516
5,64,NO_TRACE,0,500,0.518
5,64,EXACT_REPLAY,500,1000,0.504
5,64,ELIGIBILITY_TRACE_NORM_MATCHED,500,1000,0.502
5,64,NO_TRACE,500,1000,0.506
5,64,EXACT_REPLAY,1000,1500,0.548
5,64,ELIGIBILITY_TRACE_NORM_MATCHED,1000,1500,0.544
5,64,NO_TRACE,1000,1500,0.544
5,64,EXACT_REPLAY,1500,2000,0.518
5,64,ELIGIBILITY_TRACE_NORM_MATCHED,1500,2000,0.524
5,64,NO_TRACE,1500,2000,0.52
5,64,EXACT_REPLAY,2000,2500,0.504
5,64,ELIGIBILITY_TRACE_NORM_MATCHED,2000,2500,0.494
5,64,NO_TRACE,2000,2500,0.486
5,64,EXACT_REPLAY,2500,3000,0.518
5,64,ELIGIBILITY_TRACE_NORM_MATCHED,2500,3000,0.522
5,64,NO_TRACE,2500,3000,0.518
5,64,EXACT_REPLAY,3000,3500,0.522
5,64,ELIGIBILITY_TRACE_NORM_MATCHED,3000,3500,0.52
5,64,NO_TRACE,3000,3500,0.516
5,64,EXACT_REPLAY,3500,4000,0.506
5,64,ELIGIBILITY_TRACE_NORM_MATCHED,3500,4000,0.524
5,64,NO_TRACE,3500,4000,0.516
5,64,EXACT_REPLAY,4000,4500,0.506
5,64,ELIGIBILITY_TRACE_NORM_MATCHED,4000,4500,0.5
5,64,NO_TRACE,4000,4500,0.492
5,64,EXACT_REPLAY,4500,5000,0.486
5,64,ELIGIBILITY_TRACE_NORM_MATCHED,4500,5000,0.482
5,64,NO_TRACE,4500,5000,0.476
5,64,EXACT_REPLAY,5000,5500,0.514
5,64,ELIGIBILITY_TRACE_NORM_MATCHED,5000,5500,0.498
5,64,NO_TRACE,5000,5500,0.498
5,64,EXACT_REPLAY,5500,6000,0.524
5,64,ELIGIBILITY_TRACE_NORM_MATCHED,5500,6000,0.53
5,64,NO_TRACE,5500,6000,0.536
6,1,EXACT_REPLAY,0,500,0.492
6,1,ELIGIBILITY_TRACE_NORM_MATCHED,0,500,0.488
6,1,NO_TRACE,0,500,0.494
6,1,EXACT_REPLAY,500,1000,0.482
6,1,ELIGIBILITY_TRACE_NORM_MATCHED,500,1000,0.476
6,1,NO_TRACE,500,1000,0.478
6,1,EXACT_REPLAY,1000,1500,0.494
6,1,ELIGIBILITY_TRACE_NORM_MATCHED,1000,1500,0.49
6,1,NO_TRACE,1000,1500,0.498
6,1,EXACT_REPLAY,1500,2000,0.542
6,1,ELIGIBILITY_TRACE_NORM_MATCHED,1500,2000,0.528
6,1,NO_TRACE,1500,2000,0.526
6,1,EXACT_REPLAY,2000,2500,0.534
6,1,ELIGIBILITY_TRACE_NORM_MATCHED,2000,2500,0.528
6,1,NO_TRACE,2000,2500,0.53
6,1,EXACT_REPLAY,2500,3000,0.504
6,1,ELIGIBILITY_TRACE_NORM_MATCHED,2500,3000,0.48
6,1,NO_TRACE,2500,3000,0.48
6,1,EXACT_REPLAY,3000,3500,0.526
6,1,ELIGIBILITY_TRACE_NORM_MATCHED,3000,3500,0.522
6,1,NO_TRACE,3000,3500,0.51
6,1,EXACT_REPLAY,3500,4000,0.498
6,1,ELIGIBILITY_TRACE_NORM_MATCHED,3500,4000,0.488
6,1,NO_TRACE,3500,4000,0.498
6,1,EXACT_REPLAY,4000,4500,0.472
6,1,ELIGIBILITY_TRACE_NORM_MATCHED,4000,4500,0.468
6,1,NO_TRACE,4000,4500,0.466
6,1,EXACT_REPLAY,4500,5000,0.522
6,1,ELIGIBILITY_TRACE_NORM_MATCHED,4500,5000,0.514
6,1,NO_TRACE,4500,5000,0.514
6,1,EXACT_REPLAY,5000,5500,0.504
6,1,ELIGIBILITY_TRACE_NORM_MATCHED,5000,5500,0.5
6,1,NO_TRACE,5000,5500,0.506
6,1,EXACT_REPLAY,5500,6000,0.476
6,1,ELIGIBILITY_TRACE_NORM_MATCHED,5500,6000,0.482
6,1,NO_TRACE,5500,6000,0.482
6,4,EXACT_REPLAY,0,500,0.494
6,4,ELIGIBILITY_TRACE_NORM_MATCHED,0,500,0.494
6,4,NO_TRACE,0,500,0.494
6,4,EXACT_REPLAY,500,1000,0.482
6,4,ELIGIBILITY_TRACE_NORM_MATCHED,500,1000,0.476
6,4,NO_TRACE,500,1000,0.478
6,4,EXACT_REPLAY,1000,1500,0.494
6,4,ELIGIBILITY_TRACE_NORM_MATCHED,1000,1500,0.492
6,4,NO_TRACE,1000,1500,0.498
6,4,EXACT_REPLAY,1500,2000,0.542
6,4,ELIGIBILITY_TRACE_NORM_MATCHED,1500,2000,0.526
6,4,NO_TRACE,1500,2000,0.528
6,4,EXACT_REPLAY,2000,2500,0.534
6,4,ELIGIBILITY_TRACE_NORM_MATCHED,2000,2500,0.528
6,4,NO_TRACE,2000,2500,0.528
6,4,EXACT_REPLAY,2500,3000,0.502
6,4,ELIGIBILITY_TRACE_NORM_MATCHED,2500,3000,0.48
6,4,NO_TRACE,2500,3000,0.482
6,4,EXACT_REPLAY,3000,3500,0.528
6,4,ELIGIBILITY_TRACE_NORM_MATCHED,3000,3500,0.52
6,4,NO_TRACE,3000,3500,0.514
6,4,EXACT_REPLAY,3500,4000,0.5
6,4,ELIGIBILITY_TRACE_NORM_MATCHED,3500,4000,0.488
6,4,NO_TRACE,3500,4000,0.488
6,4,EXACT_REPLAY,4000,4500,0.472
6,4,ELIGIBILITY_TRACE_NORM_MATCHED,4000,4500,0.466
6,4,NO_TRACE,4000,4500,0.462
6,4,EXACT_REPLAY,4500,5000,0.522
6,4,ELIGIBILITY_TRACE_NORM_MATCHED,4500,5000,0.512
6,4,NO_TRACE,4500,5000,0.518
6,4,EXACT_REPLAY,5000,5500,0.504
6,4,ELIGIBILITY_TRACE_NORM_MATCHED,5000,5500,0.498
6,4,NO_TRACE,5000,5500,0.504
6,4,EXACT_REPLAY,5500,6000,0.476
6,4,ELIGIBILITY_TRACE_NORM_MATCHED,5500,6000,0.484
6,4,NO_TRACE,5500,6000,0.482
6,16,EXACT_REPLAY,0,500,0.492
6,16,ELIGIBILITY_TRACE_NORM_MATCHED,0,500,0.494
6,16,NO_TRACE,0,500,0.496
6,16,EXACT_REPLAY,500,1000,0.482
6,16,ELIGIBILITY_TRACE_NORM_MATCHED,500,1000,0.478
6,16,NO_TRACE,500,1000,0.474
6,16,EXACT_REPLAY,1000,1500,0.494
6,16,ELIGIBILITY_TRACE_NORM_MATCHED,1000,1500,0.492
6,16,NO_TRACE,1000,1500,0.492
6,16,EXACT_REPLAY,1500,2000,0.542
6,16,ELIGIBILITY_TRACE_NORM_MATCHED,1500,2000,0.528
6,16,NO_TRACE,1500,2000,0.528
6,16,EXACT_REPLAY,2000,2500,0.536
6,16,ELIGIBILITY_TRACE_NORM_MATCHED,2000,2500,0.53
6,16,NO_TRACE,2000,2500,0.53
6,16,EXACT_REPLAY,2500,3000,0.504
6,16,ELIGIBILITY_TRACE_NORM_MATCHED,2500,3000,0.482
6,16,NO_TRACE,2500,3000,0.486
6,16,EXACT_REPLAY,3000,3500,0.526
6,16,ELIGIBILITY_TRACE_NORM_MATCHED,3000,3500,0.522
6,16,NO_TRACE,3000,3500,0.518
6,16,EXACT_REPLAY,3500,4000,0.5
6,16,ELIGIBILITY_TRACE_NORM_MATCHED,3500,4000,0.488
6,16,NO_TRACE,3500,4000,0.492
6,16,EXACT_REPLAY,4000,4500,0.472
6,16,ELIGIBILITY_TRACE_NORM_MATCHED,4000,4500,0.466
6,16,NO_TRACE,4000,4500,0.468
6,16,EXACT_REPLAY,4500,5000,0.522
6,16,ELIGIBILITY_TRACE_NORM_MATCHED,4500,5000,0.512
6,16,NO_TRACE,4500,5000,0.514
6,16,EXACT_REPLAY,5000,5500,0.504
6,16,ELIGIBILITY_TRACE_NORM_MATCHED,5000,5500,0.504
6,16,NO_TRACE,5000,5500,0.502
6,16,EXACT_REPLAY,5500,6000,0.476
6,16,ELIGIBILITY_TRACE_NORM_MATCHED,5500,6000,0.484
6,16,NO_TRACE,5500,6000,0.486
6,64,EXACT_REPLAY,0,500,0.492
6,64,ELIGIBILITY_TRACE_NORM_MATCHED,0,500,0.494
6,64,NO_TRACE,0,500,0.494
6,64,EXACT_REPLAY,500,1000,0.48
6,64,ELIGIBILITY_TRACE_NORM_MATCHED,500,1000,0.478
6,64,NO_TRACE,500,1000,0.48
6,64,EXACT_REPLAY,1000,1500,0.496
6,64,ELIGIBILITY_TRACE_NORM_MATCHED,1000,1500,0.49
6,64,NO_TRACE,1000,1500,0.486
6,64,EXACT_REPLAY,1500,2000,0.544
6,64,ELIGIBILITY_TRACE_NORM_MATCHED,1500,2000,0.532
6,64,NO_TRACE,1500,2000,0.526
6,64,EXACT_REPLAY,2000,2500,0.534
6,64,ELIGIBILITY_TRACE_NORM_MATCHED,2000,2500,0.528
6,64,NO_TRACE,2000,2500,0.528
6,64,EXACT_REPLAY,2500,3000,0.502
6,64,ELIGIBILITY_TRACE_NORM_MATCHED,2500,3000,0.488
6,64,NO_TRACE,2500,3000,0.48
6,64,EXACT_REPLAY,3000,3500,0.526
6,64,ELIGIBILITY_TRACE_NORM_MATCHED,3000,3500,0.514
6,64,NO_TRACE,3000,3500,0.508
6,64,EXACT_REPLAY,3500,4000,0.5
6,64,ELIGIBILITY_TRACE_NORM_MATCHED,3500,4000,0.488
6,64,NO_TRACE,3500,4000,0.488
6,64,EXACT_REPLAY,4000,4500,0.47
6,64,ELIGIBILITY_TRACE_NORM_MATCHED,4000,4500,0.466
6,64,NO_TRACE,4000,4500,0.464
6,64,EXACT_REPLAY,4500,5000,0.522
6,64,ELIGIBILITY_TRACE_NORM_MATCHED,4500,5000,0.51
6,64,NO_TRACE,4500,5000,0.518
6,64,EXACT_REPLAY,5000,5500,0.502
6,64,ELIGIBILITY_TRACE_NORM_MATCHED,5000,5500,0.502
6,64,NO_TRACE,5000,5500,0.5
6,64,EXACT_REPLAY,5500,6000,0.476
6,64,ELIGIBILITY_TRACE_NORM_MATCHED,5500,6000,0.484
6,64,NO_TRACE,5500,6000,0.482
7,1,EXACT_REPLAY,0,500,0.508
7,1,ELIGIBILITY_TRACE_NORM_MATCHED,0,500,0.508
7,1,NO_TRACE,0,500,0.506
7,1,EXACT_REPLAY,500,1000,0.55
7,1,ELIGIBILITY_TRACE_NORM_MATCHED,500,1000,0.546
7,1,NO_TRACE,500,1000,0.536
7,1,EXACT_REPLAY,1000,1500,0.486
7,1,ELIGIBILITY_TRACE_NORM_MATCHED,1000,1500,0.49
7,1,NO_TRACE,1000,1500,0.482
7,1,EXACT_REPLAY,1500,2000,0.514
7,1,ELIGIBILITY_TRACE_NORM_MATCHED,1500,2000,0.516
7,1,NO_TRACE,1500,2000,0.504
7,1,EXACT_REPLAY,2000,2500,0.454
7,1,ELIGIBILITY_TRACE_NORM_MATCHED,2000,2500,0.456
7,1,NO_TRACE,2000,2500,0.456
7,1,EXACT_REPLAY,2500,3000,0.522
7,1,ELIGIBILITY_TRACE_NORM_MATCHED,2500,3000,0.53
7,1,NO_TRACE,2500,3000,0.528
7,1,EXACT_REPLAY,3000,3500,0.542
7,1,ELIGIBILITY_TRACE_NORM_MATCHED,3000,3500,0.536
7,1,NO_TRACE,3000,3500,0.534
7,1,EXACT_REPLAY,3500,4000,0.472
7,1,ELIGIBILITY_TRACE_NORM_MATCHED,3500,4000,0.462
7,1,NO_TRACE,3500,4000,0.46
7,1,EXACT_REPLAY,4000,4500,0.55
7,1,ELIGIBILITY_TRACE_NORM_MATCHED,4000,4500,0.542
7,1,NO_TRACE,4000,4500,0.528
7,1,EXACT_REPLAY,4500,5000,0.55
7,1,ELIGIBILITY_TRACE_NORM_MATCHED,4500,5000,0.536
7,1,NO_TRACE,4500,5000,0.526
7,1,EXACT_REPLAY,5000,5500,0.514
7,1,ELIGIBILITY_TRACE_NORM_MATCHED,5000,5500,0.508
7,1,NO_TRACE,5000,5500,0.496
7,1,EXACT_REPLAY,5500,6000,0.5
7,1,ELIGIBILITY_TRACE_NORM_MATCHED,5500,6000,0.488
7,1,NO_TRACE,5500,6000,0.46
7,4,EXACT_REPLAY,0,500,0.508
7,4,ELIGIBILITY_TRACE_NORM_MATCHED,0,500,0.506
7,4,NO_TRACE,0,500,0.508
7,4,EXACT_REPLAY,500,1000,0.55
7,4,ELIGIBILITY_TRACE_NORM_MATCHED,500,1000,0.546
7,4,NO_TRACE,500,1000,0.546
7,4,EXACT_REPLAY,1000,1500,0.486
7,4,ELIGIBILITY_TRACE_NORM_MATCHED,1000,1500,0.492
7,4,NO_TRACE,1000,1500,0.486
7,4,EXACT_REPLAY,1500,2000,0.516
7,4,ELIGIBILITY_TRACE_NORM_MATCHED,1500,2000,0.512
7,4,NO_TRACE,1500,2000,0.51
7,4,EXACT_REPLAY,2000,2500,0.454
7,4,ELIGIBILITY_TRACE_NORM_MATCHED,2000,2500,0.456
7,4,NO_TRACE,2000,2500,0.456
7,4,EXACT_REPLAY,2500,3000,0.516
7,4,ELIGIBILITY_TRACE_NORM_MATCHED,2500,3000,0.526
7,4,NO_TRACE,2500,3000,0.528
7,4,EXACT_REPLAY,3000,3500,0.542
7,4,ELIGIBILITY_TRACE_NORM_MATCHED,3000,3500,0.538
7,4,NO_TRACE,3000,3500,0.538
7,4,EXACT_REPLAY,3500,4000,0.472
7,4,ELIGIBILITY_TRACE_NORM_MATCHED,3500,4000,0.462
7,4,NO_TRACE,3500,4000,0.46
7,4,EXACT_REPLAY,4000,4500,0.55
7,4,ELIGIBILITY_TRACE_NORM_MATCHED,4000,4500,0.542
7,4,NO_TRACE,4000,4500,0.538
7,4,EXACT_REPLAY,4500,5000,0.55
7,4,ELIGIBILITY_TRACE_NORM_MATCHED,4500,5000,0.54
7,4,NO_TRACE,4500,5000,0.54
7,4,EXACT_REPLAY,5000,5500,0.514
7,4,ELIGIBILITY_TRACE_NORM_MATCHED,5000,5500,0.506
7,4,NO_TRACE,5000,5500,0.506
7,4,EXACT_REPLAY,5500,6000,0.5
7,4,ELIGIBILITY_TRACE_NORM_MATCHED,5500,6000,0.488
7,4,NO_TRACE,5500,6000,0.462
7,16,EXACT_REPLAY,0,500,0.508
7,16,ELIGIBILITY_TRACE_NORM_MATCHED,0,500,0.506
7,16,NO_TRACE,0,500,0.508
7,16,EXACT_REPLAY,500,1000,0.55
7,16,ELIGIBILITY_TRACE_NORM_MATCHED,500,1000,0.542
7,16,NO_TRACE,500,1000,0.538
7,16,EXACT_REPLAY,1000,1500,0.486
7,16,ELIGIBILITY_TRACE_NORM_MATCHED,1000,1500,0.486
7,16,NO_TRACE,1000,1500,0.482
7,16,EXACT_REPLAY,1500,2000,0.512
7,16,ELIGIBILITY_TRACE_NORM_MATCHED,1500,2000,0.51
7,16,NO_TRACE,1500,2000,0.512
7,16,EXACT_REPLAY,2000,2500,0.454
7,16,ELIGIBILITY_TRACE_NORM_MATCHED,2000,2500,0.458
7,16,NO_TRACE,2000,2500,0.46
7,16,EXACT_REPLAY,2500,3000,0.516
7,16,ELIGIBILITY_TRACE_NORM_MATCHED,2500,3000,0.534
7,16,NO_TRACE,2500,3000,0.53
7,16,EXACT_REPLAY,3000,3500,0.542
7,16,ELIGIBILITY_TRACE_NORM_MATCHED,3000,3500,0.54
7,16,NO_TRACE,3000,3500,0.53
7,16,EXACT_REPLAY,3500,4000,0.474
7,16,ELIGIBILITY_TRACE_NORM_MATCHED,3500,4000,0.462
7,16,NO_TRACE,3500,4000,0.46
7,16,EXACT_REPLAY,4000,4500,0.55
7,16,ELIGIBILITY_TRACE_NORM_MATCHED,4000,4500,0.544
7,16,NO_TRACE,4000,4500,0.538
7,16,EXACT_REPLAY,4500,5000,0.55
7,16,ELIGIBILITY_TRACE_NORM_MATCHED,4500,5000,0.532
7,16,NO_TRACE,4500,5000,0.532
7,16,EXACT_REPLAY,5000,5500,0.514
7,16,ELIGIBILITY_TRACE_NORM_MATCHED,5000,5500,0.504
7,16,NO_TRACE,5000,5500,0.506
7,16,EXACT_REPLAY,5500,6000,0.5
7,16,ELIGIBILITY_TRACE_NORM_MATCHED,5500,6000,0.474
7,16,NO_TRACE,5500,6000,0.46
7,64,EXACT_REPLAY,0,500,0.506
7,64,ELIGIBILITY_TRACE_NORM_MATCHED,0,500,0.508
7,64,NO_TRACE,0,500,0.51
7,64,EXACT_REPLAY,500,1000,0.548
7,64,ELIGIBILITY_TRACE_NORM_MATCHED,500,1000,0.544
7,64,NO_TRACE,500,1000,0.54
7,64,EXACT_REPLAY,1000,1500,0.488
7,64,ELIGIBILITY_TRACE_NORM_MATCHED,1000,1500,0.482
7,64,NO_TRACE,1000,1500,0.48
7,64,EXACT_REPLAY,1500,2000,0.512
7,64,ELIGIBILITY_TRACE_NORM_MATCHED,1500,2000,0.51
7,64,NO_TRACE,1500,2000,0.508
7,64,EXACT_REPLAY,2000,2500,0.456
7,64,ELIGIBILITY_TRACE_NORM_MATCHED,2000,2500,0.456
7,64,NO_TRACE,2000,2500,0.468
7,64,EXACT_REPLAY,2500,3000,0.52
7,64,ELIGIBILITY_TRACE_NORM_MATCHED,2500,3000,0.528
7,64,NO_TRACE,2500,3000,0.53
7,64,EXACT_REPLAY,3000,3500,0.544
7,64,ELIGIBILITY_TRACE_NORM_MATCHED,3000,3500,0.534
7,64,NO_TRACE,3000,3500,0.534
7,64,EXACT_REPLAY,3500,4000,0.47
7,64,ELIGIBILITY_TRACE_NORM_MATCHED,3500,4000,0.46
7,64,NO_TRACE,3500,4000,0.456
7,64,EXACT_REPLAY,4000,4500,0.55
7,64,ELIGIBILITY_TRACE_NORM_MATCHED,4000,4500,0.542
7,64,NO_TRACE,4000,4500,0.528
7,64,EXACT_REPLAY,4500,5000,0.55
7,64,ELIGIBILITY_TRACE_NORM_MATCHED,4500,5000,0.534
7,64,NO_TRACE,4500,5000,0.522
7,64,EXACT_REPLAY,5000,5500,0.516
7,64,ELIGIBILITY_TRACE_NORM_MATCHED,5000,5500,0.508
7,64,NO_TRACE,5000,5500,0.5
7,64,EXACT_REPLAY,5500,6000,0.5
7,64,ELIGIBILITY_TRACE_NORM_MATCHED,5500,6000,0.48
7,64,NO_TRACE,5500,6000,0.468
8,1,EXACT_REPLAY,0,500,0.508
8,1,ELIGIBILITY_TRACE_NORM_MATCHED,0,500,0.508
8,1,NO_TRACE,0,500,0.506
8,1,EXACT_REPLAY,500,1000,0.47
8,1,ELIGIBILITY_TRACE_NORM_MATCHED,500,1000,0.476
8,1,NO_TRACE,500,1000,0.466
8,1,EXACT_REPLAY,1000,1500,0.516
8,1,ELIGIBILITY_TRACE_NORM_MATCHED,1000,1500,0.504
8,1,NO_TRACE,1000,1500,0.506
8,1,EXACT_REPLAY,1500,2000,0.494
8,1,ELIGIBILITY_TRACE_NORM_MATCHED,1500,2000,0.492
8,1,NO_TRACE,1500,2000,0.482
8,1,EXACT_REPLAY,2000,2500,0.478
8,1,ELIGIBILITY_TRACE_NORM_MATCHED,2000,2500,0.462
8,1,NO_TRACE,2000,2500,0.46
8,1,EXACT_REPLAY,2500,3000,0.524
8,1,ELIGIBILITY_TRACE_NORM_MATCHED,2500,3000,0.506
8,1,NO_TRACE,2500,3000,0.508
8,1,EXACT_REPLAY,3000,3500,0.526
8,1,ELIGIBILITY_TRACE_NORM_MATCHED,3000,3500,0.522
8,1,NO_TRACE,3000,3500,0.52
8,1,EXACT_REPLAY,3500,4000,0.522
8,1,ELIGIBILITY_TRACE_NORM_MATCHED,3500,4000,0.518
8,1,NO_TRACE,3500,4000,0.514
8,1,EXACT_REPLAY,4000,4500,0.516
8,1,ELIGIBILITY_TRACE_NORM_MATCHED,4000,4500,0.508
8,1,NO_TRACE,4000,4500,0.512
8,1,EXACT_REPLAY,4500,5000,0.512
8,1,ELIGIBILITY_TRACE_NORM_MATCHED,4500,5000,0.506
8,1,NO_TRACE,4500,5000,0.508
8,1,EXACT_REPLAY,5000,5500,0.53
8,1,ELIGIBILITY_TRACE_NORM_MATCHED,5000,5500,0.504
8,1,NO_TRACE,5000,5500,0.506
8,1,EXACT_REPLAY,5500,6000,0.514
8,1,ELIGIBILITY_TRACE_NORM_MATCHED,5500,6000,0.488
8,1,NO_TRACE,5500,6000,0.496
8,4,EXACT_REPLAY,0,500,0.508
8,4,ELIGIBILITY_TRACE_NORM_MATCHED,0,500,0.508
8,4,NO_TRACE,0,500,0.512
8,4,EXACT_REPLAY,500,1000,0.47
8,4,ELIGIBILITY_TRACE_NORM_MATCHED,500,1000,0.472
8,4,NO_TRACE,500,1000,0.476
8,4,EXACT_REPLAY,1000,1500,0.516
8,4,ELIGIBILITY_TRACE_NORM_MATCHED,1000,1500,0.506
8,4,NO_TRACE,1000,1500,0.512
8,4,EXACT_REPLAY,1500,2000,0.494
8,4,ELIGIBILITY_TRACE_NORM_MATCHED,1500,2000,0.49
8,4,NO_TRACE,1500,2000,0.49
8,4,EXACT_REPLAY,2000,2500,0.48
8,4,ELIGIBILITY_TRACE_NORM_MATCHED,2000,2500,0.46
8,4,NO_TRACE,2000,2500,0.464
8,4,EXACT_REPLAY,2500,3000,0.524
8,4,ELIGIBILITY_TRACE_NORM_MATCHED,2500,3000,0.506
8,4,NO_TRACE,2500,3000,0.51
8,4,EXACT_REPLAY,3000,3500,0.526
8,4,ELIGIBILITY_TRACE_NORM_MATCHED,3000,3500,0.522
8,4,NO_TRACE,3000,3500,0.52
8,4,EXACT_REPLAY,3500,4000,0.522
8,4,ELIGIBILITY_TRACE_NORM_MATCHED,3500,4000,0.518
8,4,NO_TRACE,3500,4000,0.512
8,4,EXACT_REPLAY,4000,4500,0.516
8,4,ELIGIBILITY_TRACE_NORM_MATCHED,4000,4500,0.506
8,4,NO_TRACE,4000,4500,0.51
8,4,EXACT_REPLAY,4500,5000,0.512
8,4,ELIGIBILITY_TRACE_NORM_MATCHED,4500,5000,0.504
8,4,NO_TRACE,4500,5000,0.502
8,4,EXACT_REPLAY,5000,5500,0.528
8,4,ELIGIBILITY_TRACE_NORM_MATCHED,5000,5500,0.506
8,4,NO_TRACE,5000,5500,0.498
8,4,EXACT_REPLAY,5500,6000,0.514
8,4,ELIGIBILITY_TRACE_NORM_MATCHED,5500,6000,0.488
8,4,NO_TRACE,5500,6000,0.496
8,16,EXACT_REPLAY,0,500,0.508
8,16,ELIGIBILITY_TRACE_NORM_MATCHED,0,500,0.508
8,16,NO_TRACE,0,500,0.508
8,16,EXACT_REPLAY,500,1000,0.472
8,16,ELIGIBILITY_TRACE_NORM_MATCHED,500,1000,0.478
8,16,NO_TRACE,500,1000,0.47
8,16,EXACT_REPLAY,1000,1500,0.514
8,16,ELIGIBILITY_TRACE_NORM_MATCHED,1000,1500,0.504
8,16,NO_TRACE,1000,1500,0.51
8,16,EXACT_REPLAY,1500,2000,0.494
8,16,ELIGIBILITY_TRACE_NORM_MATCHED,1500,2000,0.492
8,16,NO_TRACE,1500,2000,0.488
8,16,EXACT_REPLAY,2000,2500,0.48
8,16,ELIGIBILITY_TRACE_NORM_MATCHED,2000,2500,0.462
8,16,NO_TRACE,2000,2500,0.462
8,16,EXACT_REPLAY,2500,3000,0.524
8,16,ELIGIBILITY_TRACE_NORM_MATCHED,2500,3000,0.504
8,16,NO_TRACE,2500,3000,0.512
8,16,EXACT_REPLAY,3000,3500,0.526
8,16,ELIGIBILITY_TRACE_NORM_MATCHED,3000,3500,0.52
8,16,NO_TRACE,3000,3500,0.52
8,16,EXACT_REPLAY,3500,4000,0.522
8,16,ELIGIBILITY_TRACE_NORM_MATCHED,3500,4000,0.512
8,16,NO_TRACE,3500,4000,0.506
8,16,EXACT_REPLAY,4000,4500,0.518
8,16,ELIGIBILITY_TRACE_NORM_MATCHED,4000,4500,0.51
8,16,NO_TRACE,4000,4500,0.512
8,16,EXACT_REPLAY,4500,5000,0.51
8,16,ELIGIBILITY_TRACE_NORM_MATCHED,4500,5000,0.508
8,16,NO_TRACE,4500,5000,0.514
8,16,EXACT_REPLAY,5000,5500,0.532
8,16,ELIGIBILITY_TRACE_NORM_MATCHED,5000,5500,0.51
8,16,NO_TRACE,5000,5500,0.504
8,16,EXACT_REPLAY,5500,6000,0.516
8,16,ELIGIBILITY_TRACE_NORM_MATCHED,5500,6000,0.498
8,16,NO_TRACE,5500,6000,0.506
8,64,EXACT_REPLAY,0,500,0.508
8,64,ELIGIBILITY_TRACE_NORM_MATCHED,0,500,0.51
8,64,NO_TRACE,0,500,0.51
8,64,EXACT_REPLAY,500,1000,0.476
8,64,ELIGIBILITY_TRACE_NORM_MATCHED,500,1000,0.478
8,64,NO_TRACE,500,1000,0.472
8,64,EXACT_REPLAY,1000,1500,0.512
8,64,ELIGIBILITY_TRACE_NORM_MATCHED,1000,1500,0.514
8,64,NO_TRACE,1000,1500,0.516
8,64,EXACT_REPLAY,1500,2000,0.494
8,64,ELIGIBILITY_TRACE_NORM_MATCHED,1500,2000,0.492
8,64,NO_TRACE,1500,2000,0.49
8,64,EXACT_REPLAY,2000,2500,0.48
8,64,ELIGIBILITY_TRACE_NORM_MATCHED,2000,2500,0.46
8,64,NO_TRACE,2000,2500,0.462
8,64,EXACT_REPLAY,2500,3000,0.522
8,64,ELIGIBILITY_TRACE_NORM_MATCHED,2500,3000,0.508
8,64,NO_TRACE,2500,3000,0.508
8,64,EXACT_REPLAY,3000,3500,0.526
8,64,ELIGIBILITY_TRACE_NORM_MATCHED,3000,3500,0.522
8,64,NO_TRACE,3000,3500,0.524
8,64,EXACT_REPLAY,3500,4000,0.52
8,64,ELIGIBILITY_TRACE_NORM_MATCHED,3500,4000,0.508
8,64,NO_TRACE,3500,4000,0.508
8,64,EXACT_REPLAY,4000,4500,0.52
8,64,ELIGIBILITY_TRACE_NORM_MATCHED,4000,4500,0.52
8,64,NO_TRACE,4000,4500,0.518
8,64,EXACT_REPLAY,4500,5000,0.51
8,64,ELIGIBILITY_TRACE_NORM_MATCHED,4500,5000,0.516
8,64,NO_TRACE,4500,5000,0.518
8,64,EXACT_REPLAY,5000,5500,0.53
8,64,ELIGIBILITY_TRACE_NORM_MATCHED,5000,5500,0.498
8,64,NO_TRACE,5000,5500,0.5
8,64,EXACT_REPLAY,5500,6000,0.518
8,64,ELIGIBILITY_TRACE_NORM_MATCHED,5500,6000,0.504
8,64,NO_TRACE,5500,6000,0.504
9,1,EXACT_REPLAY,0,500,0.5
9,1,ELIGIBILITY_TRACE_NORM_MATCHED,0,500,0.498
9,1,NO_TRACE,0,500,0.502
9,1,EXACT_REPLAY,500,1000,0.51
9,1,ELIGIBILITY_TRACE_NORM_MATCHED,500,1000,0.512
9,1,NO_TRACE,500,1000,0.516
9,1,EXACT_REPLAY,1000,1500,0.49
9,1,ELIGIBILITY_TRACE_NORM_MATCHED,1000,1500,0.486
9,1,NO_TRACE,1000,1500,0.494
9,1,EXACT_REPLAY,1500,2000,0.5
9,1,ELIGIBILITY_TRACE_NORM_MATCHED,1500,2000,0.486
9,1,NO_TRACE,1500,2000,0.486
9,1,EXACT_REPLAY,2000,2500,0.474
9,1,ELIGIBILITY_TRACE_NORM_MATCHED,2000,2500,0.464
9,1,NO_TRACE,2000,2500,0.464
9,1,EXACT_REPLAY,2500,3000,0.514
9,1,ELIGIBILITY_TRACE_NORM_MATCHED,2500,3000,0.504
9,1,NO_TRACE,2500,3000,0.498
9,1,EXACT_REPLAY,3000,3500,0.542
9,1,ELIGIBILITY_TRACE_NORM_MATCHED,3000,3500,0.526
9,1,NO_TRACE,3000,3500,0.516
9,1,EXACT_REPLAY,3500,4000,0.518
9,1,ELIGIBILITY_TRACE_NORM_MATCHED,3500,4000,0.514
9,1,NO_TRACE,3500,4000,0.518
9,1,EXACT_REPLAY,4000,4500,0.5
9,1,ELIGIBILITY_TRACE_NORM_MATCHED,4000,4500,0.5
9,1,NO_TRACE,4000,4500,0.496
9,1,EXACT_REPLAY,4500,5000,0.524
9,1,ELIGIBILITY_TRACE_NORM_MATCHED,4500,5000,0.522
9,1,NO_TRACE,4500,5000,0.504
9,1,EXACT_REPLAY,5000,5500,0.512
9,1,ELIGIBILITY_TRACE_NORM_MATCHED,5000,5500,0.506
9,1,NO_TRACE,5000,5500,0.496
9,1,EXACT_REPLAY,5500,6000,0.488
9,1,ELIGIBILITY_TRACE_NORM_MATCHED,5500,6000,0.49
9,1,NO_TRACE,5500,6000,0.48
9,4,EXACT_REPLAY,0,500,0.5
9,4,ELIGIBILITY_TRACE_NORM_MATCHED,0,500,0.498
9,4,NO_TRACE,0,500,0.496
9,4,EXACT_REPLAY,500,1000,0.514
9,4,ELIGIBILITY_TRACE_NORM_MATCHED,500,1000,0.514
9,4,NO_TRACE,500,1000,0.51
9,4,EXACT_REPLAY,1000,1500,0.492
9,4,ELIGIBILITY_TRACE_NORM_MATCHED,1000,1500,0.486
9,4,NO_TRACE,1000,1500,0.49
9,4,EXACT_REPLAY,1500,2000,0.5
9,4,ELIGIBILITY_TRACE_NORM_MATCHED,1500,2000,0.488
9,4,NO_TRACE,1500,2000,0.488
9,4,EXACT_REPLAY,2000,2500,0.474
9,4,ELIGIBILITY_TRACE_NORM_MATCHED,2000,2500,0.464
9,4,NO_TRACE,2000,2500,0.47
9,4,EXACT_REPLAY,2500,3000,0.514
9,4,ELIGIBILITY_TRACE_NORM_MATCHED,2500,3000,0.508
9,4,NO_TRACE,2500,3000,0.502
9,4,EXACT_REPLAY,3000,3500,0.542
9,4,ELIGIBILITY_TRACE_NORM_MATCHED,3000,3500,0.528
9,4,NO_TRACE,3000,3500,0.52
9,4,EXACT_REPLAY,3500,4000,0.514
9,4,ELIGIBILITY_TRACE_NORM_MATCHED,3500,4000,0.516
9,4,NO_TRACE,3500,4000,0.518
9,4,EXACT_REPLAY,4000,4500,0.5
9,4,ELIGIBILITY_TRACE_NORM_MATCHED,4000,4500,0.5
9,4,NO_TRACE,4000,4500,0.498
9,4,EXACT_REPLAY,4500,5000,0.524
9,4,ELIGIBILITY_TRACE_NORM_MATCHED,4500,5000,0.524
9,4,NO_TRACE,4500,5000,0.51
9,4,EXACT_REPLAY,5000,5500,0.512
9,4,ELIGIBILITY_TRACE_NORM_MATCHED,5000,5500,0.504
9,4,NO_TRACE,5000,5500,0.498
9,4,EXACT_REPLAY,5500,6000,0.488
9,4,ELIGIBILITY_TRACE_NORM_MATCHED,5500,6000,0.49
9,4,NO_TRACE,5500,6000,0.486
9,16,EXACT_REPLAY,0,500,0.5
9,16,ELIGIBILITY_TRACE_NORM_MATCHED,0,500,0.498
9,16,NO_TRACE,0,500,0.498
9,16,EXACT_REPLAY,500,1000,0.512
9,16,ELIGIBILITY_TRACE_NORM_MATCHED,500,1000,0.514
9,16,NO_TRACE,500,1000,0.514
9,16,EXACT_REPLAY,1000,1500,0.492
9,16,ELIGIBILITY_TRACE_NORM_MATCHED,1000,1500,0.488
9,16,NO_TRACE,1000,1500,0.486
9,16,EXACT_REPLAY,1500,2000,0.5
9,16,ELIGIBILITY_TRACE_NORM_MATCHED,1500,2000,0.492
9,16,NO_TRACE,1500,2000,0.49
9,16,EXACT_REPLAY,2000,2500,0.474
9,16,ELIGIBILITY_TRACE_NORM_MATCHED,2000,2500,0.466
9,16,NO_TRACE,2000,2500,0.466
9,16,EXACT_REPLAY,2500,3000,0.514
9,16,ELIGIBILITY_TRACE_NORM_MATCHED,2500,3000,0.498
9,16,NO_TRACE,2500,3000,0.496
9,16,EXACT_REPLAY,3000,3500,0.542
9,16,ELIGIBILITY_TRACE_NORM_MATCHED,3000,3500,0.526
9,16,NO_TRACE,3000,3500,0.526
9,16,EXACT_REPLAY,3500,4000,0.514
9,16,ELIGIBILITY_TRACE_NORM_MATCHED,3500,4000,0.514
9,16,NO_TRACE,3500,4000,0.516
9,16,EXACT_REPLAY,4000,4500,0.502
9,16,ELIGIBILITY_TRACE_NORM_MATCHED,4000,4500,0.5
9,16,NO_TRACE,4000,4500,0.5
9,16,EXACT_REPLAY,4500,5000,0.524
9,16,ELIGIBILITY_TRACE_NORM_MATCHED,4500,5000,0.516
9,16,NO_TRACE,4500,5000,0.502
9,16,EXACT_REPLAY,5000,5500,0.512
9,16,ELIGIBILITY_TRACE_NORM_MATCHED,5000,5500,0.508
9,16,NO_TRACE,5000,5500,0.494
9,16,EXACT_REPLAY,5500,6000,0.488
9,16,ELIGIBILITY_TRACE_NORM_MATCHED,5500,6000,0.49
9,16,NO_TRACE,5500,6000,0.482
9,64,EXACT_REPLAY,0,500,0.5
9,64,ELIGIBILITY_TRACE_NORM_MATCHED,0,500,0.498
9,64,NO_TRACE,0,500,0.498
9,64,EXACT_REPLAY,500,1000,0.514
9,64,ELIGIBILITY_TRACE_NORM_MATCHED,500,1000,0.516
9,64,NO_TRACE,500,1000,0.508
9,64,EXACT_REPLAY,1000,1500,0.492
9,64,ELIGIBILITY_TRACE_NORM_MATCHED,1000,1500,0.49
9,64,NO_TRACE,1000,1500,0.492
9,64,EXACT_REPLAY,1500,2000,0.5
9,64,ELIGIBILITY_TRACE_NORM_MATCHED,1500,2000,0.49
9,64,NO_TRACE,1500,2000,0.488
9,64,EXACT_REPLAY,2000,2500,0.474
9,64,ELIGIBILITY_TRACE_NORM_MATCHED,2000,2500,0.47
9,64,NO_TRACE,2000,2500,0.46
9,64,EXACT_REPLAY,2500,3000,0.514
9,64,ELIGIBILITY_TRACE_NORM_MATCHED,2500,3000,0.504
9,64,NO_TRACE,2500,3000,0.506
9,64,EXACT_REPLAY,3000,3500,0.542
9,64,ELIGIBILITY_TRACE_NORM_MATCHED,3000,3500,0.526
9,64,NO_TRACE,3000,3500,0.524
9,64,EXACT_REPLAY,3500,4000,0.518
9,64,ELIGIBILITY_TRACE_NORM_MATCHED,3500,4000,0.514
9,64,NO_TRACE,3500,4000,0.522
9,64,EXACT_REPLAY,4000,4500,0.502
9,64,ELIGIBILITY_TRACE_NORM_MATCHED,4000,4500,0.5
9,64,NO_TRACE,4000,4500,0.502
9,64,EXACT_REPLAY,4500,5000,0.524
9,64,ELIGIBILITY_TRACE_NORM_MATCHED,4500,5000,0.502
9,64,NO_TRACE,4500,5000,0.512
9,64,EXACT_REPLAY,5000,5500,0.51
9,64,ELIGIBILITY_TRACE_NORM_MATCHED,5000,5500,0.492
9,64,NO_TRACE,5000,5500,0.498
9,64,EXACT_REPLAY,5500,6000,0.488
9,64,ELIGIBILITY_TRACE_NORM_MATCHED,5500,6000,0.486
9,64,NO_TRACE,5500,6000,0.484
10,1,EXACT_REPLAY,0,500,0.494
10,1,ELIGIBILITY_TRACE_NORM_MATCHED,0,500,0.494
10,1,NO_TRACE,0,500,0.494
10,1,EXACT_REPLAY,500,1000,0.554
10,1,ELIGIBILITY_TRACE_NORM_MATCHED,500,1000,0.554
10,1,NO_TRACE,500,1000,0.56
10,1,EXACT_REPLAY,1000,1500,0.474
10,1,ELIGIBILITY_TRACE_NORM_MATCHED,1000,1500,0.482
10,1,NO_TRACE,1000,1500,0.48
10,1,EXACT_REPLAY,1500,2000,0.52
10,1,ELIGIBILITY_TRACE_NORM_MATCHED,1500,2000,0.52
10,1,NO_TRACE,1500,2000,0.514
10,1,EXACT_REPLAY,2000,2500,0.578
10,1,ELIGIBILITY_TRACE_NORM_MATCHED,2000,2500,0.574
10,1,NO_TRACE,2000,2500,0.568
10,1,EXACT_REPLAY,2500,3000,0.492
10,1,ELIGIBILITY_TRACE_NORM_MATCHED,2500,3000,0.484
10,1,NO_TRACE,2500,3000,0.476
10,1,EXACT_REPLAY,3000,3500,0.542
10,1,ELIGIBILITY_TRACE_NORM_MATCHED,3000,3500,0.534
10,1,NO_TRACE,3000,3500,0.534
10,1,EXACT_REPLAY,3500,4000,0.546
10,1,ELIGIBILITY_TRACE_NORM_MATCHED,3500,4000,0.538
10,1,NO_TRACE,3500,4000,0.534
10,1,EXACT_REPLAY,4000,4500,0.51
10,1,ELIGIBILITY_TRACE_NORM_MATCHED,4000,4500,0.494
10,1,NO_TRACE,4000,4500,0.482
10,1,EXACT_REPLAY,4500,5000,0.514
10,1,ELIGIBILITY_TRACE_NORM_MATCHED,4500,5000,0.502
10,1,NO_TRACE,4500,5000,0.478
10,1,EXACT_REPLAY,5000,5500,0.528
10,1,ELIGIBILITY_TRACE_NORM_MATCHED,5000,5500,0.514
10,1,NO_TRACE,5000,5500,0.518
10,1,EXACT_REPLAY,5500,6000,0.488
10,1,ELIGIBILITY_TRACE_NORM_MATCHED,5500,6000,0.478
10,1,NO_TRACE,5500,6000,0.472
10,4,EXACT_REPLAY,0,500,0.494
10,4,ELIGIBILITY_TRACE_NORM_MATCHED,0,500,0.494
10,4,NO_TRACE,0,500,0.494
10,4,EXACT_REPLAY,500,1000,0.554
10,4,ELIGIBILITY_TRACE_NORM_MATCHED,500,1000,0.556
10,4,NO_TRACE,500,1000,0.558
10,4,EXACT_REPLAY,1000,1500,0.474
10,4,ELIGIBILITY_TRACE_NORM_MATCHED,1000,1500,0.48
10,4,NO_TRACE,1000,1500,0.472
10,4,EXACT_REPLAY,1500,2000,0.522
10,4,ELIGIBILITY_TRACE_NORM_MATCHED,1500,2000,0.52
10,4,NO_TRACE,1500,2000,0.508
10,4,EXACT_REPLAY,2000,2500,0.578
10,4,ELIGIBILITY_TRACE_NORM_MATCHED,2000,2500,0.574
10,4,NO_TRACE,2000,2500,0.57
10,4,EXACT_REPLAY,2500,3000,0.49
10,4,ELIGIBILITY_TRACE_NORM_MATCHED,2500,3000,0.484
10,4,NO_TRACE,2500,3000,0.484
10,4,EXACT_REPLAY,3000,3500,0.54
10,4,ELIGIBILITY_TRACE_NORM_MATCHED,3000,3500,0.542
10,4,NO_TRACE,3000,3500,0.54
10,4,EXACT_REPLAY,3500,4000,0.546
10,4,ELIGIBILITY_TRACE_NORM_MATCHED,3500,4000,0.536
10,4,NO_TRACE,3500,4000,0.53
10,4,EXACT_REPLAY,4000,4500,0.506
10,4,ELIGIBILITY_TRACE_NORM_MATCHED,4000,4500,0.492
10,4,NO_TRACE,4000,4500,0.49
10,4,EXACT_REPLAY,4500,5000,0.514
10,4,ELIGIBILITY_TRACE_NORM_MATCHED,4500,5000,0.496
10,4,NO_TRACE,4500,5000,0.488
10,4,EXACT_REPLAY,5000,5500,0.528
10,4,ELIGIBILITY_TRACE_NORM_MATCHED,5000,5500,0.51
10,4,NO_TRACE,5000,5500,0.51
10,4,EXACT_REPLAY,5500,6000,0.488
10,4,ELIGIBILITY_TRACE_NORM_MATCHED,5500,6000,0.478
10,4,NO_TRACE,5500,6000,0.466
10,16,EXACT_REPLAY,0,500,0.494
10,16,ELIGIBILITY_TRACE_NORM_MATCHED,0,500,0.492
10,16,NO_TRACE,0,500,0.496
10,16,EXACT_REPLAY,500,1000,0.554
10,16,ELIGIBILITY_TRACE_NORM_MATCHED,500,1000,0.554
10,16,NO_TRACE,500,1000,0.554
10,16,EXACT_REPLAY,1000,1500,0.474
10,16,ELIGIBILITY_TRACE_NORM_MATCHED,1000,1500,0.476
10,16,NO_TRACE,1000,1500,0.474
10,16,EXACT_REPLAY,1500,2000,0.52
10,16,ELIGIBILITY_TRACE_NORM_MATCHED,1500,2000,0.518
10,16,NO_TRACE,1500,2000,0.514
10,16,EXACT_REPLAY,2000,2500,0.58
10,16,ELIGIBILITY_TRACE_NORM_MATCHED,2000,2500,0.57
10,16,NO_TRACE,2000,2500,0.568
10,16,EXACT_REPLAY,2500,3000,0.49
10,16,ELIGIBILITY_TRACE_NORM_MATCHED,2500,3000,0.484
10,16,NO_TRACE,2500,3000,0.486
10,16,EXACT_REPLAY,3000,3500,0.542
10,16,ELIGIBILITY_TRACE_NORM_MATCHED,3000,3500,0.534
10,16,NO_TRACE,3000,3500,0.542
10,16,EXACT_REPLAY,3500,4000,0.546
10,16,ELIGIBILITY_TRACE_NORM_MATCHED,3500,4000,0.54
10,16,NO_TRACE,3500,4000,0.53
10,16,EXACT_REPLAY,4000,4500,0.504
10,16,ELIGIBILITY_TRACE_NORM_MATCHED,4000,4500,0.492
10,16,NO_TRACE,4000,4500,0.488
10,16,EXACT_REPLAY,4500,5000,0.514
10,16,ELIGIBILITY_TRACE_NORM_MATCHED,4500,5000,0.49
10,16,NO_TRACE,4500,5000,0.484
10,16,EXACT_REPLAY,5000,5500,0.528
10,16,ELIGIBILITY_TRACE_NORM_MATCHED,5000,5500,0.51
10,16,NO_TRACE,5000,5500,0.51
10,16,EXACT_REPLAY,5500,6000,0.488
10,16,ELIGIBILITY_TRACE_NORM_MATCHED,5500,6000,0.476
10,16,NO_TRACE,5500,6000,0.47
10,64,EXACT_REPLAY,0,500,0.496
10,64,ELIGIBILITY_TRACE_NORM_MATCHED,0,500,0.494
10,64,NO_TRACE,0,500,0.494
10,64,EXACT_REPLAY,500,1000,0.552
10,64,ELIGIBILITY_TRACE_NORM_MATCHED,500,1000,0.556
10,64,NO_TRACE,500,1000,0.554
10,64,EXACT_REPLAY,1000,1500,0.474
10,64,ELIGIBILITY_TRACE_NORM_MATCHED,1000,1500,0.474
10,64,NO_TRACE,1000,1500,0.474
10,64,EXACT_REPLAY,1500,2000,0.518
10,64,ELIGIBILITY_TRACE_NORM_MATCHED,1500,2000,0.512
10,64,NO_TRACE,1500,2000,0.516
10,64,EXACT_REPLAY,2000,2500,0.578
10,64,ELIGIBILITY_TRACE_NORM_MATCHED,2000,2500,0.574
10,64,NO_TRACE,2000,2500,0.572
10,64,EXACT_REPLAY,2500,3000,0.492
10,64,ELIGIBILITY_TRACE_NORM_MATCHED,2500,3000,0.47
10,64,NO_TRACE,2500,3000,0.472
10,64,EXACT_REPLAY,3000,3500,0.542
10,64,ELIGIBILITY_TRACE_NORM_MATCHED,3000,3500,0.538
10,64,NO_TRACE,3000,3500,0.534
10,64,EXACT_REPLAY,3500,4000,0.546
10,64,ELIGIBILITY_TRACE_NORM_MATCHED,3500,4000,0.536
10,64,NO_TRACE,3500,4000,0.528
10,64,EXACT_REPLAY,4000,4500,0.504
10,64,ELIGIBILITY_TRACE_NORM_MATCHED,4000,4500,0.488
10,64,NO_TRACE,4000,4500,0.486
10,64,EXACT_REPLAY,4500,5000,0.514
10,64,ELIGIBILITY_TRACE_NORM_MATCHED,4500,5000,0.486
10,64,NO_TRACE,4500,5000,0.478
10,64,EXACT_REPLAY,5000,5500,0.532
10,64,ELIGIBILITY_TRACE_NORM_MATCHED,5000,5500,0.508
10,64,NO_TRACE,5000,5500,0.502
10,64,EXACT_REPLAY,5500,6000,0.488
10,64,ELIGIBILITY_TRACE_NORM_MATCHED,5500,6000,0.478
10,64,NO_TRACE,5500,6000,0.478
11,1,EXACT_REPLAY,0,500,0.484
11,1,ELIGIBILITY_TRACE_NORM_MATCHED,0,500,0.486
11,1,NO_TRACE,0,500,0.48
11,1,EXACT_REPLAY,500,1000,0.502
11,1,ELIGIBILITY_TRACE_NORM_MATCHED,500,1000,0.498
11,1,NO_TRACE,500,1000,0.5
11,1,EXACT_REPLAY,1000,1500,0.544
11,1,ELIGIBILITY_TRACE_NORM_MATCHED,1000,1500,0.536
11,1,NO_TRACE,1000,1500,0.532
11,1,EXACT_REPLAY,1500,2000,0.566
11,1,ELIGIBILITY_TRACE_NORM_MATCHED,1500,2000,0.566
11,1,NO_TRACE,1500,2000,0.568
11,1,EXACT_REPLAY,2000,2500,0.518
11,1,ELIGIBILITY_TRACE_NORM_MATCHED,2000,2500,0.506
11,1,NO_TRACE,2000,2500,0.506
11,1,EXACT_REPLAY,2500,3000,0.504
11,1,ELIGIBILITY_TRACE_NORM_MATCHED,2500,3000,0.49
11,1,NO_TRACE,2500,3000,0.494
11,1,EXACT_REPLAY,3000,3500,0.516
11,1,ELIGIBILITY_TRACE_NORM_MATCHED,3000,3500,0.508
11,1,NO_TRACE,3000,3500,0.508
11,1,EXACT_REPLAY,3500,4000,0.506
11,1,ELIGIBILITY_TRACE_NORM_MATCHED,3500,4000,0.488
11,1,NO_TRACE,3500,4000,0.478
11,1,EXACT_REPLAY,4000,4500,0.516
11,1,ELIGIBILITY_TRACE_NORM_MATCHED,4000,4500,0.514
11,1,NO_TRACE,4000,4500,0.524
11,1,EXACT_REPLAY,4500,5000,0.53
11,1,ELIGIBILITY_TRACE_NORM_MATCHED,4500,5000,0.506
11,1,NO_TRACE,4500,5000,0.51
11,1,EXACT_REPLAY,5000,5500,0.54
11,1,ELIGIBILITY_TRACE_NORM_MATCHED,5000,5500,0.516
11,1,NO_TRACE,5000,5500,0.514
11,1,EXACT_REPLAY,5500,6000,0.504
11,1,ELIGIBILITY_TRACE_NORM_MATCHED,5500,6000,0.494
11,1,NO_TRACE,5500,6000,0.496
11,4,EXACT_REPLAY,0,500,0.484
11,4,ELIGIBILITY_TRACE_NORM_MATCHED,0,500,0.482
11,4,NO_TRACE,0,500,0.484
11,4,EXACT_REPLAY,500,1000,0.502
11,4,ELIGIBILITY_TRACE_NORM_MATCHED,500,1000,0.502
11,4,NO_TRACE,500,1000,0.502
11,4,EXACT_REPLAY,1000,1500,0.544
11,4,ELIGIBILITY_TRACE_NORM_MATCHED,1000,1500,0.534
11,4,NO_TRACE,1000,1500,0.53
11,4,EXACT_REPLAY,1500,2000,0.566
11,4,ELIGIBILITY_TRACE_NORM_MATCHED,1500,2000,0.57
11,4,NO_TRACE,1500,2000,0.566
11,4,EXACT_REPLAY,2000,2500,0.518
11,4,ELIGIBILITY_TRACE_NORM_MATCHED,2000,2500,0.506
11,4,NO_TRACE,2000,2500,0.51
11,4,EXACT_REPLAY,2500,3000,0.504
11,4,ELIGIBILITY_TRACE_NORM_MATCHED,2500,3000,0.504
11,4,NO_TRACE,2500,3000,0.49
11,4,EXACT_REPLAY,3000,3500,0.516
11,4,ELIGIBILITY_TRACE_NORM_MATCHED,3000,3500,0.506
11,4,NO_TRACE,3000,3500,0.514
11,4,EXACT_REPLAY,3500,4000,0.506
11,4,ELIGIBILITY_TRACE_NORM_MATCHED,3500,4000,0.478
11,4,NO_TRACE,3500,4000,0.488
11,4,EXACT_REPLAY,4000,4500,0.516
11,4,ELIGIBILITY_TRACE_NORM_MATCHED,4000,4500,0.514
11,4,NO_TRACE,4000,4500,0.512
11,4,EXACT_REPLAY,4500,5000,0.53
11,4,ELIGIBILITY_TRACE_NORM_MATCHED,4500,5000,0.508
11,4,NO_TRACE,4500,5000,0.506
11,4,EXACT_REPLAY,5000,5500,0.54
11,4,ELIGIBILITY_TRACE_NORM_MATCHED,5000,5500,0.516
11,4,NO_TRACE,5000,5500,0.51
11,4,EXACT_REPLAY,5500,6000,0.504
11,4,ELIGIBILITY_TRACE_NORM_MATCHED,5500,6000,0.5
11,4,NO_TRACE,5500,6000,0.494
11,16,EXACT_REPLAY,0,500,0.486
11,16,ELIGIBILITY_TRACE_NORM_MATCHED,0,500,0.484
11,16,NO_TRACE,0,500,0.482
11,16,EXACT_REPLAY,500,1000,0.502
11,16,ELIGIBILITY_TRACE_NORM_MATCHED,500,1000,0.506
11,16,NO_TRACE,500,1000,0.504
11,16,EXACT_REPLAY,1000,1500,0.544
11,16,ELIGIBILITY_TRACE_NORM_MATCHED,1000,1500,0.534
11,16,NO_TRACE,1000,1500,0.536
11,16,EXACT_REPLAY,1500,2000,0.566
11,16,ELIGIBILITY_TRACE_NORM_MATCHED,1500,2000,0.568
11,16,NO_TRACE,1500,2000,0.566
11,16,EXACT_REPLAY,2000,2500,0.518
11,16,ELIGIBILITY_TRACE_NORM_MATCHED,2000,2500,0.506
11,16,NO_TRACE,2000,2500,0.506
11,16,EXACT_REPLAY,2500,3000,0.504
11,16,ELIGIBILITY_TRACE_NORM_MATCHED,2500,3000,0.504
11,16,NO_TRACE,2500,3000,0.49
11,16,EXACT_REPLAY,3000,3500,0.516
11,16,ELIGIBILITY_TRACE_NORM_MATCHED,3000,3500,0.508
11,16,NO_TRACE,3000,3500,0.512
11,16,EXACT_REPLAY,3500,4000,0.506
11,16,ELIGIBILITY_TRACE_NORM_MATCHED,3500,4000,0.486
11,16,NO_TRACE,3500,4000,0.488
11,16,EXACT_REPLAY,4000,4500,0.518
11,16,ELIGIBILITY_TRACE_NORM_MATCHED,4000,4500,0.518
11,16,NO_TRACE,4000,4500,0.516
11,16,EXACT_REPLAY,4500,5000,0.53
11,16,ELIGIBILITY_TRACE_NORM_MATCHED,4500,5000,0.506
11,16,NO_TRACE,4500,5000,0.512
11,16,EXACT_REPLAY,5000,5500,0.54
11,16,ELIGIBILITY_TRACE_NORM_MATCHED,5000,5500,0.514
11,16,NO_TRACE,5000,5500,0.52
11,16,EXACT_REPLAY,5500,6000,0.502
11,16,ELIGIBILITY_TRACE_NORM_MATCHED,5500,6000,0.502
11,16,NO_TRACE,5500,6000,0.5
11,64,EXACT_REPLAY,0,500,0.484
11,64,ELIGIBILITY_TRACE_NORM_MATCHED,0,500,0.48
11,64,NO_TRACE,0,500,0.482
11,64,EXACT_REPLAY,500,1000,0.5
11,64,ELIGIBILITY_TRACE_NORM_MATCHED,500,1000,0.496
11,64,NO_TRACE,500,1000,0.506
11,64,EXACT_REPLAY,1000,1500,0.544
11,64,ELIGIBILITY_TRACE_NORM_MATCHED,1000,1500,0.534
11,64,NO_TRACE,1000,1500,0.536
11,64,EXACT_REPLAY,1500,2000,0.566
11,64,ELIGIBILITY_TRACE_NORM_MATCHED,1500,2000,0.562
11,64,NO_TRACE,1500,2000,0.568
11,64,EXACT_REPLAY,2000,2500,0.518
11,64,ELIGIBILITY_TRACE_NORM_MATCHED,2000,2500,0.506
11,64,NO_TRACE,2000,2500,0.506
11,64,EXACT_REPLAY,2500,3000,0.504
11,64,ELIGIBILITY_TRACE_NORM_MATCHED,2500,3000,0.492
11,64,NO_TRACE,2500,3000,0.488
11,64,EXACT_REPLAY,3000,3500,0.518
11,64,ELIGIBILITY_TRACE_NORM_MATCHED,3000,3500,0.502
11,64,NO_TRACE,3000,3500,0.51
11,64,EXACT_REPLAY,3500,4000,0.506
11,64,ELIGIBILITY_TRACE_NORM_MATCHED,3500,4000,0.484
11,64,NO_TRACE,3500,4000,0.486
11,64,EXACT_REPLAY,4000,4500,0.518
11,64,ELIGIBILITY_TRACE_NORM_MATCHED,4000,4500,0.516
11,64,NO_TRACE,4000,4500,0.52
11,64,EXACT_REPLAY,4500,5000,0.528
11,64,ELIGIBILITY_TRACE_NORM_MATCHED,4500,5000,0.502
11,64,NO_TRACE,4500,5000,0.504
11,64,EXACT_REPLAY,5000,5500,0.542
11,64,ELIGIBILITY_TRACE_NORM_MATCHED,5000,5500,0.51
11,64,NO_TRACE,5000,5500,0.512
11,64,EXACT_REPLAY,5500,6000,0.502
11,64,ELIGIBILITY_TRACE_NORM_MATCHED,5500,6000,0.498
11,64,NO_TRACE,5500,6000,0.502
12,1,EXACT_REPLAY,0,500,0.528
12,1,ELIGIBILITY_TRACE_NORM_MATCHED,0,500,0.526
12,1,NO_TRACE,0,500,0.526
12,1,EXACT_REPLAY,500,1000,0.478
12,1,ELIGIBILITY_TRACE_NORM_MATCHED,500,1000,0.48
12,1,NO_TRACE,500,1000,0.476
12,1,EXACT_REPLAY,1000,1500,0.51
12,1,ELIGIBILITY_TRACE_NORM_MATCHED,1000,1500,0.502
12,1,NO_TRACE,1000,1500,0.506
12,1,EXACT_REPLAY,1500,2000,0.48
12,1,ELIGIBILITY_TRACE_NORM_MATCHED,1500,2000,0.466
12,1,NO_TRACE,1500,2000,0.468
12,1,EXACT_REPLAY,2000,2500,0.51
12,1,ELIGIBILITY_TRACE_NORM_MATCHED,2000,2500,0.498
12,1,NO_TRACE,2000,2500,0.5
12,1,EXACT_REPLAY,2500,3000,0.522
12,1,ELIGIBILITY_TRACE_NORM_MATCHED,2500,3000,0.5
12,1,NO_TRACE,2500,3000,0.51
12,1,EXACT_REPLAY,3000,3500,0.502
12,1,ELIGIBILITY_TRACE_NORM_MATCHED,3000,3500,0.486
12,1,NO_TRACE,3000,3500,0.494
12,1,EXACT_REPLAY,3500,4000,0.544
12,1,ELIGIBILITY_TRACE_NORM_MATCHED,3500,4000,0.53
12,1,NO_TRACE,3500,4000,0.52
12,1,EXACT_REPLAY,4000,4500,0.502
12,1,ELIGIBILITY_TRACE_NORM_MATCHED,4000,4500,0.488
12,1,NO_TRACE,4000,4500,0.474
12,1,EXACT_REPLAY,4500,5000,0.48
12,1,ELIGIBILITY_TRACE_NORM_MATCHED,4500,5000,0.468
12,1,NO_TRACE,4500,5000,0.458
12,1,EXACT_REPLAY,5000,5500,0.52
12,1,ELIGIBILITY_TRACE_NORM_MATCHED,5000,5500,0.506
12,1,NO_TRACE,5000,5500,0.49
12,1,EXACT_REPLAY,5500,6000,0.546
12,1,ELIGIBILITY_TRACE_NORM_MATCHED,5500,6000,0.52
12,1,NO_TRACE,5500,6000,0.518
12,4,EXACT_REPLAY,0,500,0.528
12,4,ELIGIBILITY_TRACE_NORM_MATCHED,0,500,0.526
12,4,NO_TRACE,0,500,0.524
12,4,EXACT_REPLAY,500,1000,0.478
12,4,ELIGIBILITY_TRACE_NORM_MATCHED,500,1000,0.48
12,4,NO_TRACE,500,1000,0.476
12,4,EXACT_REPLAY,1000,1500,0.51
12,4,ELIGIBILITY_TRACE_NORM_MATCHED,1000,1500,0.5
12,4,NO_TRACE,1000,1500,0.506
12,4,EXACT_REPLAY,1500,2000,0.488
12,4,ELIGIBILITY_TRACE_NORM_MATCHED,1500,2000,0.464
12,4,NO_TRACE,1500,2000,0.458
12,4,EXACT_REPLAY,2000,2500,0.51
12,4,ELIGIBILITY_TRACE_NORM_MATCHED,2000,2500,0.494
12,4,NO_TRACE,2000,2500,0.494
12,4,EXACT_REPLAY,2500,3000,0.524
12,4,ELIGIBILITY_TRACE_NORM_MATCHED,2500,3000,0.496
12,4,NO_TRACE,2500,3000,0.502
12,4,EXACT_REPLAY,3000,3500,0.498
12,4,ELIGIBILITY_TRACE_NORM_MATCHED,3000,3500,0.488
12,4,NO_TRACE,3000,3500,0.49
12,4,EXACT_REPLAY,3500,4000,0.544
12,4,ELIGIBILITY_TRACE_NORM_MATCHED,3500,4000,0.528
12,4,NO_TRACE,3500,4000,0.53
12,4,EXACT_REPLAY,4000,4500,0.502
12,4,ELIGIBILITY_TRACE_NORM_MATCHED,4000,4500,0.488
12,4,NO_TRACE,4000,4500,0.478
12,4,EXACT_REPLAY,4500,5000,0.482
12,4,ELIGIBILITY_TRACE_NORM_MATCHED,4500,5000,0.47
12,4,NO_TRACE,4500,5000,0.464
12,4,EXACT_REPLAY,5000,5500,0.52
12,4,ELIGIBILITY_TRACE_NORM_MATCHED,5000,5500,0.504
12,4,NO_TRACE,5000,5500,0.494
12,4,EXACT_REPLAY,5500,6000,0.546
12,4,ELIGIBILITY_TRACE_NORM_MATCHED,5500,6000,0.518
12,4,NO_TRACE,5500,6000,0.526
12,16,EXACT_REPLAY,0,500,0.528
12,16,ELIGIBILITY_TRACE_NORM_MATCHED,0,500,0.526
12,16,NO_TRACE,0,500,0.526
12,16,EXACT_REPLAY,500,1000,0.478
12,16,ELIGIBILITY_TRACE_NORM_MATCHED,500,1000,0.48
12,16,NO_TRACE,500,1000,0.478
12,16,EXACT_REPLAY,1000,1500,0.51
12,16,ELIGIBILITY_TRACE_NORM_MATCHED,1000,1500,0.502
12,16,NO_TRACE,1000,1500,0.5
12,16,EXACT_REPLAY,1500,2000,0.486
12,16,ELIGIBILITY_TRACE_NORM_MATCHED,1500,2000,0.464
12,16,NO_TRACE,1500,2000,0.466
12,16,EXACT_REPLAY,2000,2500,0.51
12,16,ELIGIBILITY_TRACE_NORM_MATCHED,2000,2500,0.498
12,16,NO_TRACE,2000,2500,0.506
12,16,EXACT_REPLAY,2500,3000,0.524
12,16,ELIGIBILITY_TRACE_NORM_MATCHED,2500,3000,0.504
12,16,NO_TRACE,2500,3000,0.512
12,16,EXACT_REPLAY,3000,3500,0.498
12,16,ELIGIBILITY_TRACE_NORM_MATCHED,3000,3500,0.496
12,16,NO_TRACE,3000,3500,0.48
12,16,EXACT_REPLAY,3500,4000,0.542
12,16,ELIGIBILITY_TRACE_NORM_MATCHED,3500,4000,0.532
12,16,NO_TRACE,3500,4000,0.524
12,16,EXACT_REPLAY,4000,4500,0.502
12,16,ELIGIBILITY_TRACE_NORM_MATCHED,4000,4500,0.482
12,16,NO_TRACE,4000,4500,0.47
12,16,EXACT_REPLAY,4500,5000,0.482
12,16,ELIGIBILITY_TRACE_NORM_MATCHED,4500,5000,0.46
12,16,NO_TRACE,4500,5000,0.46
12,16,EXACT_REPLAY,5000,5500,0.52
12,16,ELIGIBILITY_TRACE_NORM_MATCHED,5000,5500,0.512
12,16,NO_TRACE,5000,5500,0.506
12,16,EXACT_REPLAY,5500,6000,0.546
12,16,ELIGIBILITY_TRACE_NORM_MATCHED,5500,6000,0.52
12,16,NO_TRACE,5500,6000,0.526
12,64,EXACT_REPLAY,0,500,0.528
12,64,ELIGIBILITY_TRACE_NORM_MATCHED,0,500,0.524
12,64,NO_TRACE,0,500,0.522
12,64,EXACT_REPLAY,500,1000,0.478
12,64,ELIGIBILITY_TRACE_NORM_MATCHED,500,1000,0.482
12,64,NO_TRACE,500,1000,0.484
12,64,EXACT_REPLAY,1000,1500,0.51
12,64,ELIGIBILITY_TRACE_NORM_MATCHED,1000,1500,0.498
12,64,NO_TRACE,1000,1500,0.5
12,64,EXACT_REPLAY,1500,2000,0.49
12,64,ELIGIBILITY_TRACE_NORM_MATCHED,1500,2000,0.464
12,64,NO_TRACE,1500,2000,0.462
12,64,EXACT_REPLAY,2000,2500,0.51
12,64,ELIGIBILITY_TRACE_NORM_MATCHED,2000,2500,0.498
12,64,NO_TRACE,2000,2500,0.496
12,64,EXACT_REPLAY,2500,3000,0.524
12,64,ELIGIBILITY_TRACE_NORM_MATCHED,2500,3000,0.496
12,64,NO_TRACE,2500,3000,0.5
12,64,EXACT_REPLAY,3000,3500,0.494
12,64,ELIGIBILITY_TRACE_NORM_MATCHED,3000,3500,0.496
12,64,NO_TRACE,3000,3500,0.49
12,64,EXACT_REPLAY,3500,4000,0.542
12,64,ELIGIBILITY_TRACE_NORM_MATCHED,3500,4000,0.532
12,64,NO_TRACE,3500,4000,0.534
12,64,EXACT_REPLAY,4000,4500,0.502
12,64,ELIGIBILITY_TRACE_NORM_MATCHED,4000,4500,0.482
12,64,NO_TRACE,4000,4500,0.478
12,64,EXACT_REPLAY,4500,5000,0.476
12,64,ELIGIBILITY_TRACE_NORM_MATCHED,4500,5000,0.456
12,64,NO_TRACE,4500,5000,0.462
12,64,EXACT_REPLAY,5000,5500,0.52
12,64,ELIGIBILITY_TRACE_NORM_MATCHED,5000,5500,0.502
12,64,NO_TRACE,5000,5500,0.506
12,64,EXACT_REPLAY,5500,6000,0.546
12,64,ELIGIBILITY_TRACE_NORM_MATCHED,5500,6000,0.514
12,64,NO_TRACE,5500,6000,0.516
13,1,EXACT_REPLAY,0,500,0.488
13,1,ELIGIBILITY_TRACE_NORM_MATCHED,0,500,0.492
13,1,NO_TRACE,0,500,0.488
13,1,EXACT_REPLAY,500,1000,0.53
13,1,ELIGIBILITY_TRACE_NORM_MATCHED,500,1000,0.528
13,1,NO_TRACE,500,1000,0.52
13,1,EXACT_REPLAY,1000,1500,0.514
13,1,ELIGIBILITY_TRACE_NORM_MATCHED,1000,1500,0.518
13,1,NO_TRACE,1000,1500,0.512
13,1,EXACT_REPLAY,1500,2000,0.5
13,1,ELIGIBILITY_TRACE_NORM_MATCHED,1500,2000,0.494
13,1,NO_TRACE,1500,2000,0.494
13,1,EXACT_REPLAY,2000,2500,0.524
13,1,ELIGIBILITY_TRACE_NORM_MATCHED,2000,2500,0.522
13,1,NO_TRACE,2000,2500,0.52
13,1,EXACT_REPLAY,2500,3000,0.512
13,1,ELIGIBILITY_TRACE_NORM_MATCHED,2500,3000,0.5
13,1,NO_TRACE,2500,3000,0.5
13,1,EXACT_REPLAY,3000,3500,0.522
13,1,ELIGIBILITY_TRACE_NORM_MATCHED,3000,3500,0.494
13,1,NO_TRACE,3000,3500,0.494
13,1,EXACT_REPLAY,3500,4000,0.528
13,1,ELIGIBILITY_TRACE_NORM_MATCHED,3500,4000,0.504
13,1,NO_TRACE,3500,4000,0.506
13,1,EXACT_REPLAY,4000,4500,0.498
13,1,ELIGIBILITY_TRACE_NORM_MATCHED,4000,4500,0.466
13,1,NO_TRACE,4000,4500,0.456
13,1,EXACT_REPLAY,4500,5000,0.516
13,1,ELIGIBILITY_TRACE_NORM_MATCHED,4500,5000,0.494
13,1,NO_TRACE,4500,5000,0.482
13,1,EXACT_REPLAY,5000,5500,0.552
13,1,ELIGIBILITY_TRACE_NORM_MATCHED,5000,5500,0.518
13,1,NO_TRACE,5000,5500,0.508
13,1,EXACT_REPLAY,5500,6000,0.514
13,1,ELIGIBILITY_TRACE_NORM_MATCHED,5500,6000,0.48
13,1,NO_TRACE,5500,6000,0.476
13,4,EXACT_REPLAY,0,500,0.488
13,4,ELIGIBILITY_TRACE_NORM_MATCHED,0,500,0.494
13,4,NO_TRACE,0,500,0.492
13,4,EXACT_REPLAY,500,1000,0.53
13,4,ELIGIBILITY_TRACE_NORM_MATCHED,500,1000,0.528
13,4,NO_TRACE,500,1000,0.522
13,4,EXACT_REPLAY,1000,1500,0.514
13,4,ELIGIBILITY_TRACE_NORM_MATCHED,1000,1500,0.52
13,4,NO_TRACE,1000,1500,0.514
13,4,EXACT_REPLAY,1500,2000,0.5
13,4,ELIGIBILITY_TRACE_NORM_MATCHED,1500,2000,0.494
13,4,NO_TRACE,1500,2000,0.496
13,4,EXACT_REPLAY,2000,2500,0.52
13,4,ELIGIBILITY_TRACE_NORM_MATCHED,2000,2500,0.522
13,4,NO_TRACE,2000,2500,0.518
13,4,EXACT_REPLAY,2500,3000,0.51
13,4,ELIGIBILITY_TRACE_NORM_MATCHED,2500,3000,0.504
13,4,NO_TRACE,2500,3000,0.498
13,4,EXACT_REPLAY,3000,3500,0.522
13,4,ELIGIBILITY_TRACE_NORM_MATCHED,3000,3500,0.492
13,4,NO_TRACE,3000,3500,0.496
13,4,EXACT_REPLAY,3500,4000,0.526
13,4,ELIGIBILITY_TRACE_NORM_MATCHED,3500,4000,0.512
13,4,NO_TRACE,3500,4000,0.512
13,4,EXACT_REPLAY,4000,4500,0.498
13,4,ELIGIBILITY_TRACE_NORM_MATCHED,4000,4500,0.466
13,4,NO_TRACE,4000,4500,0.462
13,4,EXACT_REPLAY,4500,5000,0.518
13,4,ELIGIBILITY_TRACE_NORM_MATCHED,4500,5000,0.494
13,4,NO_TRACE,4500,5000,0.496
13,4,EXACT_REPLAY,5000,5500,0.55
13,4,ELIGIBILITY_TRACE_NORM_MATCHED,5000,5500,0.52
13,4,NO_TRACE,5000,5500,0.51
13,4,EXACT_REPLAY,5500,6000,0.514
13,4,ELIGIBILITY_TRACE_NORM_MATCHED,5500,6000,0.482
13,4,NO_TRACE,5500,6000,0.478
13,16,EXACT_REPLAY,0,500,0.488
13,16,ELIGIBILITY_TRACE_NORM_MATCHED,0,500,0.494
13,16,NO_TRACE,0,500,0.488
13,16,EXACT_REPLAY,500,1000,0.53
13,16,ELIGIBILITY_TRACE_NORM_MATCHED,500,1000,0.53
13,16,NO_TRACE,500,1000,0.518
13,16,EXACT_REPLAY,1000,1500,0.514
13,16,ELIGIBILITY_TRACE_NORM_MATCHED,1000,1500,0.516
13,16,NO_TRACE,1000,1500,0.516
13,16,EXACT_REPLAY,1500,2000,0.5
13,16,ELIGIBILITY_TRACE_NORM_MATCHED,1500,2000,0.494
13,16,NO_TRACE,1500,2000,0.492
13,16,EXACT_REPLAY,2000,2500,0.52
13,16,ELIGIBILITY_TRACE_NORM_MATCHED,2000,2500,0.524
13,16,NO_TRACE,2000,2500,0.518
13,16,EXACT_REPLAY,2500,3000,0.508
13,16,ELIGIBILITY_TRACE_NORM_MATCHED,2500,3000,0.502
13,16,NO_TRACE,2500,3000,0.496
13,16,EXACT_REPLAY,3000,3500,0.522
13,16,ELIGIBILITY_TRACE_NORM_MATCHED,3000,3500,0.498
13,16,NO_TRACE,3000,3500,0.496
13,16,EXACT_REPLAY,3500,4000,0.526
13,16,ELIGIBILITY_TRACE_NORM_MATCHED,3500,4000,0.512
13,16,NO_TRACE,3500,4000,0.508
13,16,EXACT_REPLAY,4000,4500,0.498
13,16,ELIGIBILITY_TRACE_NORM_MATCHED,4000,4500,0.464
13,16,NO_TRACE,4000,4500,0.47
13,16,EXACT_REPLAY,4500,5000,0.518
13,16,ELIGIBILITY_TRACE_NORM_MATCHED,4500,5000,0.49
13,16,NO_TRACE,4500,5000,0.504
13,16,EXACT_REPLAY,5000,5500,0.55
13,16,ELIGIBILITY_TRACE_NORM_MATCHED,5000,5500,0.524
13,16,NO_TRACE,5000,5500,0.52
13,16,EXACT_REPLAY,5500,6000,0.512
13,16,ELIGIBILITY_TRACE_NORM_MATCHED,5500,6000,0.48
13,16,NO_TRACE,5500,6000,0.482
13,64,EXACT_REPLAY,0,500,0.488
13,64,ELIGIBILITY_TRACE_NORM_MATCHED,0,500,0.496
13,64,NO_TRACE,0,500,0.49
13,64,EXACT_REPLAY,500,1000,0.53
13,64,ELIGIBILITY_TRACE_NORM_MATCHED,500,1000,0.528
13,64,NO_TRACE,500,1000,0.524
13,64,EXACT_REPLAY,1000,1500,0.518
13,64,ELIGIBILITY_TRACE_NORM_MATCHED,1000,1500,0.518
13,64,NO_TRACE,1000,1500,0.516
13,64,EXACT_REPLAY,1500,2000,0.5
13,64,ELIGIBILITY_TRACE_NORM_MATCHED,1500,2000,0.492
13,64,NO_TRACE,1500,2000,0.496
13,64,EXACT_REPLAY,2000,2500,0.52
13,64,ELIGIBILITY_TRACE_NORM_MATCHED,2000,2500,0.522
13,64,NO_TRACE,2000,2500,0.52
13,64,EXACT_REPLAY,2500,3000,0.506
13,64,ELIGIBILITY_TRACE_NORM_MATCHED,2500,3000,0.5
13,64,NO_TRACE,2500,3000,0.494
13,64,EXACT_REPLAY,3000,3500,0.522
13,64,ELIGIBILITY_TRACE_NORM_MATCHED,3000,3500,0.496
13,64,NO_TRACE,3000,3500,0.492
13,64,EXACT_REPLAY,3500,4000,0.526
13,64,ELIGIBILITY_TRACE_NORM_MATCHED,3500,4000,0.506
13,64,NO_TRACE,3500,4000,0.512
13,64,EXACT_REPLAY,4000,4500,0.492
13,64,ELIGIBILITY_TRACE_NORM_MATCHED,4000,4500,0.464
13,64,NO_TRACE,4000,4500,0.464
13,64,EXACT_REPLAY,4500,5000,0.522
13,64,ELIGIBILITY_TRACE_NORM_MATCHED,4500,5000,0.486
13,64,NO_TRACE,4500,5000,0.49
13,64,EXACT_REPLAY,5000,5500,0.552
13,64,ELIGIBILITY_TRACE_NORM_MATCHED,5000,5500,0.522
13,64,NO_TRACE,5000,5500,0.52
13,64,EXACT_REPLAY,5500,6000,0.514
13,64,ELIGIBILITY_TRACE_NORM_MATCHED,5500,6000,0.49
13,64,NO_TRACE,5500,6000,0.484
14,1,EXACT_REPLAY,0,500,0.502
14,1,ELIGIBILITY_TRACE_NORM_MATCHED,0,500,0.498
14,1,NO_TRACE,0,500,0.496
14,1,EXACT_REPLAY,500,1000,0.506
14,1,ELIGIBILITY_TRACE_NORM_MATCHED,500,1000,0.504
14,1,NO_TRACE,500,1000,0.502
14,1,EXACT_REPLAY,1000,1500,0.482
14,1,ELIGIBILITY_TRACE_NORM_MATCHED,1000,1500,0.484
14,1,NO_TRACE,1000,1500,0.482
14,1,EXACT_REPLAY,1500,2000,0.534
14,1,ELIGIBILITY_TRACE_NORM_MATCHED,1500,2000,0.53
14,1,NO_TRACE,1500,2000,0.528
14,1,EXACT_REPLAY,2000,2500,0.542
14,1,ELIGIBILITY_TRACE_NORM_MATCHED,2000,2500,0.542
14,1,NO_TRACE,2000,2500,0.538
14,1,EXACT_REPLAY,2500,3000,0.49
14,1,ELIGIBILITY_TRACE_NORM_MATCHED,2500,3000,0.5
14,1,NO_TRACE,2500,3000,0.496
14,1,EXACT_REPLAY,3000,3500,0.544
14,1,ELIGIBILITY_TRACE_NORM_MATCHED,3000,3500,0.54
14,1,NO_TRACE,3000,3500,0.534
14,1,EXACT_REPLAY,3500,4000,0.534
14,1,ELIGIBILITY_TRACE_NORM_MATCHED,3500,4000,0.532
14,1,NO_TRACE,3500,4000,0.532
14,1,EXACT_REPLAY,4000,4500,0.532
14,1,ELIGIBILITY_TRACE_NORM_MATCHED,4000,4500,0.532
14,1,NO_TRACE,4000,4500,0.518
14,1,EXACT_REPLAY,4500,5000,0.506
14,1,ELIGIBILITY_TRACE_NORM_MATCHED,4500,5000,0.49
14,1,NO_TRACE,4500,5000,0.49
14,1,EXACT_REPLAY,5000,5500,0.458
14,1,ELIGIBILITY_TRACE_NORM_MATCHED,5000,5500,0.456
14,1,NO_TRACE,5000,5500,0.446
14,1,EXACT_REPLAY,5500,6000,0.506
14,1,ELIGIBILITY_TRACE_NORM_MATCHED,5500,6000,0.496
14,1,NO_TRACE,5500,6000,0.484
14,4,EXACT_REPLAY,0,500,0.5
14,4,ELIGIBILITY_TRACE_NORM_MATCHED,0,500,0.496
14,4,NO_TRACE,0,500,0.496
14,4,EXACT_REPLAY,500,1000,0.506
14,4,ELIGIBILITY_TRACE_NORM_MATCHED,500,1000,0.506
14,4,NO_TRACE,500,1000,0.498
14,4,EXACT_REPLAY,1000,1500,0.48
14,4,ELIGIBILITY_TRACE_NORM_MATCHED,1000,1500,0.484
14,4,NO_TRACE,1000,1500,0.48
14,4,EXACT_REPLAY,1500,2000,0.534
14,4,ELIGIBILITY_TRACE_NORM_MATCHED,1500,2000,0.526
14,4,NO_TRACE,1500,2000,0.532
14,4,EXACT_REPLAY,2000,2500,0.542
14,4,ELIGIBILITY_TRACE_NORM_MATCHED,2000,2500,0.542
14,4,NO_TRACE,2000,2500,0.536
14,4,EXACT_REPLAY,2500,3000,0.488
14,4,ELIGIBILITY_TRACE_NORM_MATCHED,2500,3000,0.498
14,4,NO_TRACE,2500,3000,0.494
14,4,EXACT_REPLAY,3000,3500,0.542
14,4,ELIGIBILITY_TRACE_NORM_MATCHED,3000,3500,0.54
14,4,NO_TRACE,3000,3500,0.532
14,4,EXACT_REPLAY,3500,4000,0.532
14,4,ELIGIBILITY_TRACE_NORM_MATCHED,3500,4000,0.526
14,4,NO_TRACE,3500,4000,0.534
14,4,EXACT_REPLAY,4000,4500,0.532
14,4,ELIGIBILITY_TRACE_NORM_MATCHED,4000,4500,0.524
14,4,NO_TRACE,4000,4500,0.52
14,4,EXACT_REPLAY,4500,5000,0.504
14,4,ELIGIBILITY_TRACE_NORM_MATCHED,4500,5000,0.492
14,4,NO_TRACE,4500,5000,0.496
14,4,EXACT_REPLAY,5000,5500,0.458
14,4,ELIGIBILITY_TRACE_NORM_MATCHED,5000,5500,0.45
14,4,NO_TRACE,5000,5500,0.442
14,4,EXACT_REPLAY,5500,6000,0.506
14,4,ELIGIBILITY_TRACE_NORM_MATCHED,5500,6000,0.496
14,4,NO_TRACE,5500,6000,0.49
14,16,EXACT_REPLAY,0,500,0.5
14,16,ELIGIBILITY_TRACE_NORM_MATCHED,0,500,0.494
14,16,NO_TRACE,0,500,0.496
14,16,EXACT_REPLAY,500,1000,0.506
14,16,ELIGIBILITY_TRACE_NORM_MATCHED,500,1000,0.504
14,16,NO_TRACE,500,1000,0.506
14,16,EXACT_REPLAY,1000,1500,0.482
14,16,ELIGIBILITY_TRACE_NORM_MATCHED,1000,1500,0.48
14,16,NO_TRACE,1000,1500,0.478
14,16,EXACT_REPLAY,1500,2000,0.538
14,16,ELIGIBILITY_TRACE_NORM_MATCHED,1500,2000,0.532
14,16,NO_TRACE,1500,2000,0.526
14,16,EXACT_REPLAY,2000,2500,0.542
14,16,ELIGIBILITY_TRACE_NORM_MATCHED,2000,2500,0.538
14,16,NO_TRACE,2000,2500,0.534
14,16,EXACT_REPLAY,2500,3000,0.49
14,16,ELIGIBILITY_TRACE_NORM_MATCHED,2500,3000,0.502
14,16,NO_TRACE,2500,3000,0.498
14,16,EXACT_REPLAY,3000,3500,0.544
14,16,ELIGIBILITY_TRACE_NORM_MATCHED,3000,3500,0.538
14,16,NO_TRACE,3000,3500,0.534
14,16,EXACT_REPLAY,3500,4000,0.534
14,16,ELIGIBILITY_TRACE_NORM_MATCHED,3500,4000,0.534
14,16,NO_TRACE,3500,4000,0.534
14,16,EXACT_REPLAY,4000,4500,0.532
14,16,ELIGIBILITY_TRACE_NORM_MATCHED,4000,4500,0.52
14,16,NO_TRACE,4000,4500,0.52
14,16,EXACT_REPLAY,4500,5000,0.504
14,16,ELIGIBILITY_TRACE_NORM_MATCHED,4500,5000,0.492
14,16,NO_TRACE,4500,5000,0.486
14,16,EXACT_REPLAY,5000,5500,0.456
14,16,ELIGIBILITY_TRACE_NORM_MATCHED,5000,5500,0.452
14,16,NO_TRACE,5000,5500,0.444
14,16,EXACT_REPLAY,5500,6000,0.504
14,16,ELIGIBILITY_TRACE_NORM_MATCHED,5500,6000,0.492
14,16,NO_TRACE,5500,6000,0.496
14,64,EXACT_REPLAY,0,500,0.498
14,64,ELIGIBILITY_TRACE_NORM_MATCHED,0,500,0.496
14,64,NO_TRACE,0,500,0.496
14,64,EXACT_REPLAY,500,1000,0.506
14,64,ELIGIBILITY_TRACE_NORM_MATCHED,500,1000,0.504
14,64,NO_TRACE,500,1000,0.5
14,64,EXACT_REPLAY,1000,1500,0.48
14,64,ELIGIBILITY_TRACE_NORM_MATCHED,1000,1500,0.482
14,64,NO_TRACE,1000,1500,0.484
14,64,EXACT_REPLAY,1500,2000,0.53
14,64,ELIGIBILITY_TRACE_NORM_MATCHED,1500,2000,0.53
14,64,NO_TRACE,1500,2000,0.534
14,64,EXACT_REPLAY,2000,2500,0.542
14,64,ELIGIBILITY_TRACE_NORM_MATCHED,2000,2500,0.54
14,64,NO_TRACE,2000,2500,0.538
14,64,EXACT_REPLAY,2500,3000,0.494
14,64,ELIGIBILITY_TRACE_NORM_MATCHED,2500,3000,0.502
14,64,NO_TRACE,2500,3000,0.498
14,64,EXACT_REPLAY,3000,3500,0.544
14,64,ELIGIBILITY_TRACE_NORM_MATCHED,3000,3500,0.534
14,64,NO_TRACE,3000,3500,0.532
14,64,EXACT_REPLAY,3500,4000,0.532
14,64,ELIGIBILITY_TRACE_NORM_MATCHED,3500,4000,0.532
14,64,NO_TRACE,3500,4000,0.534
14,64,EXACT_REPLAY,4000,4500,0.532
14,64,ELIGIBILITY_TRACE_NORM_MATCHED,4000,4500,0.518
14,64,NO_TRACE,4000,4500,0.518
14,64,EXACT_REPLAY,4500,5000,0.506
14,64,ELIGIBILITY_TRACE_NORM_MATCHED,4500,5000,0.488
14,64,NO_TRACE,4500,5000,0.494
14,64,EXACT_REPLAY,5000,5500,0.454
14,64,ELIGIBILITY_TRACE_NORM_MATCHED,5000,5500,0.45
14,64,NO_TRACE,5000,5500,0.436
14,64,EXACT_REPLAY,5500,6000,0.504
14,64,ELIGIBILITY_TRACE_NORM_MATCHED,5500,6000,0.49
14,64,NO_TRACE,5500,6000,0.494
15,1,EXACT_REPLAY,0,500,0.492
15,1,ELIGIBILITY_TRACE_NORM_MATCHED,0,500,0.492
15,1,NO_TRACE,0,500,0.492
15,1,EXACT_REPLAY,500,1000,0.5
15,1,ELIGIBILITY_TRACE_NORM_MATCHED,500,1000,0.5
15,1,NO_TRACE,500,1000,0.5
15,1,EXACT_REPLAY,1000,1500,0.498
15,1,ELIGIBILITY_TRACE_NORM_MATCHED,1000,1500,0.488
15,1,NO_TRACE,1000,1500,0.486
15,1,EXACT_REPLAY,1500,2000,0.526
15,1,ELIGIBILITY_TRACE_NORM_MATCHED,1500,2000,0.516
15,1,NO_TRACE,1500,2000,0.512
15,1,EXACT_REPLAY,2000,2500,0.536
15,1,ELIGIBILITY_TRACE_NORM_MATCHED,2000,2500,0.53
15,1,NO_TRACE,2000,2500,0.53
15,1,EXACT_REPLAY,2500,3000,0.484
15,1,ELIGIBILITY_TRACE_NORM_MATCHED,2500,3000,0.47
15,1,NO_TRACE,2500,3000,0.456
15,1,EXACT_REPLAY,3000,3500,0.562
15,1,ELIGIBILITY_TRACE_NORM_MATCHED,3000,3500,0.554
15,1,NO_TRACE,3000,3500,0.552
15,1,EXACT_REPLAY,3500,4000,0.53
15,1,ELIGIBILITY_TRACE_NORM_MATCHED,3500,4000,0.508
15,1,NO_TRACE,3500,4000,0.504
15,1,EXACT_REPLAY,4000,4500,0.586
15,1,ELIGIBILITY_TRACE_NORM_MATCHED,4000,4500,0.564
15,1,NO_TRACE,4000,4500,0.558
15,1,EXACT_REPLAY,4500,5000,0.55
15,1,ELIGIBILITY_TRACE_NORM_MATCHED,4500,5000,0.54
15,1,NO_TRACE,4500,5000,0.528
15,1,EXACT_REPLAY,5000,5500,0.556
15,1,ELIGIBILITY_TRACE_NORM_MATCHED,5000,5500,0.526
15,1,NO_TRACE,5000,5500,0.5
15,1,EXACT_REPLAY,5500,6000,0.54
15,1,ELIGIBILITY_TRACE_NORM_MATCHED,5500,6000,0.514
15,1,NO_TRACE,5500,6000,0.506
15,4,EXACT_REPLAY,0,500,0.492
15,4,ELIGIBILITY_TRACE_NORM_MATCHED,0,500,0.492
15,4,NO_TRACE,0,500,0.492
15,4,EXACT_REPLAY,500,1000,0.502
15,4,ELIGIBILITY_TRACE_NORM_MATCHED,500,1000,0.5
15,4,NO_TRACE,500,1000,0.494
15,4,EXACT_REPLAY,1000,1500,0.5
15,4,ELIGIBILITY_TRACE_NORM_MATCHED,1000,1500,0.49
15,4,NO_TRACE,1000,1500,0.486
15,4,EXACT_REPLAY,1500,2000,0.526
15,4,ELIGIBILITY_TRACE_NORM_MATCHED,1500,2000,0.516
15,4,NO_TRACE,1500,2000,0.51
15,4,EXACT_REPLAY,2000,2500,0.536
15,4,ELIGIBILITY_TRACE_NORM_MATCHED,2000,2500,0.532
15,4,NO_TRACE,2000,2500,0.536
15,4,EXACT_REPLAY,2500,3000,0.484
15,4,ELIGIBILITY_TRACE_NORM_MATCHED,2500,3000,0.47
15,4,NO_TRACE,2500,3000,0.458
15,4,EXACT_REPLAY,3000,3500,0.562
15,4,ELIGIBILITY_TRACE_NORM_MATCHED,3000,3500,0.548
15,4,NO_TRACE,3000,3500,0.538
15,4,EXACT_REPLAY,3500,4000,0.53
15,4,ELIGIBILITY_TRACE_NORM_MATCHED,3500,4000,0.51
15,4,NO_TRACE,3500,4000,0.504
15,4,EXACT_REPLAY,4000,4500,0.586
15,4,ELIGIBILITY_TRACE_NORM_MATCHED,4000,4500,0.56
15,4,NO_TRACE,4000,4500,0.56
15,4,EXACT_REPLAY,4500,5000,0.548
15,4,ELIGIBILITY_TRACE_NORM_MATCHED,4500,5000,0.538
15,4,NO_TRACE,4500,5000,0.528
15,4,EXACT_REPLAY,5000,5500,0.556
15,4,ELIGIBILITY_TRACE_NORM_MATCHED,5000,5500,0.526
15,4,NO_TRACE,5000,5500,0.5
15,4,EXACT_REPLAY,5500,6000,0.54
15,4,ELIGIBILITY_TRACE_NORM_MATCHED,5500,6000,0.506
15,4,NO_TRACE,5500,6000,0.51
15,16,EXACT_REPLAY,0,500,0.492
15,16,ELIGIBILITY_TRACE_NORM_MATCHED,0,500,0.492
15,16,NO_TRACE,0,500,0.494
15,16,EXACT_REPLAY,500,1000,0.5
15,16,ELIGIBILITY_TRACE_NORM_MATCHED,500,1000,0.502
15,16,NO_TRACE,500,1000,0.496
15,16,EXACT_REPLAY,1000,1500,0.502
15,16,ELIGIBILITY_TRACE_NORM_MATCHED,1000,1500,0.49
15,16,NO_TRACE,1000,1500,0.488
15,16,EXACT_REPLAY,1500,2000,0.526
15,16,ELIGIBILITY_TRACE_NORM_MATCHED,1500,2000,0.514
15,16,NO_TRACE,1500,2000,0.51
15,16,EXACT_REPLAY,2000,2500,0.536
15,16,ELIGIBILITY_TRACE_NORM_MATCHED,2000,2500,0.528
15,16,NO_TRACE,2000,2500,0.528
15,16,EXACT_REPLAY,2500,3000,0.484
15,16,ELIGIBILITY_TRACE_NORM_MATCHED,2500,3000,0.464
15,16,NO_TRACE,2500,3000,0.45
15,16,EXACT_REPLAY,3000,3500,0.562
15,16,ELIGIBILITY_TRACE_NORM_MATCHED,3000,3500,0.548
15,16,NO_TRACE,3000,3500,0.542
15,16,EXACT_REPLAY,3500,4000,0.53
15,16,ELIGIBILITY_TRACE_NORM_MATCHED,3500,4000,0.502
15,16,NO_TRACE,3500,4000,0.496
15,16,EXACT_REPLAY,4000,4500,0.586
15,16,ELIGIBILITY_TRACE_NORM_MATCHED,4000,4500,0.56
15,16,NO_TRACE,4000,4500,0.56
15,16,EXACT_REPLAY,4500,5000,0.55
15,16,ELIGIBILITY_TRACE_NORM_MATCHED,4500,5000,0.536
15,16,NO_TRACE,4500,5000,0.522
15,16,EXACT_REPLAY,5000,5500,0.556
15,16,ELIGIBILITY_TRACE_NORM_MATCHED,5000,5500,0.522
15,16,NO_TRACE,5000,5500,0.506
15,16,EXACT_REPLAY,5500,6000,0.54
15,16,ELIGIBILITY_TRACE_NORM_MATCHED,5500,6000,0.508
15,16,NO_TRACE,5500,6000,0.502
15,64,EXACT_REPLAY,0,500,0.492
15,64,ELIGIBILITY_TRACE_NORM_MATCHED,0,500,0.494
15,64,NO_TRACE,0,500,0.494
15,64,EXACT_REPLAY,500,1000,0.5
15,64,ELIGIBILITY_TRACE_NORM_MATCHED,500,1000,0.5
15,64,NO_TRACE,500,1000,0.498
15,64,EXACT_REPLAY,1000,1500,0.498
15,64,ELIGIBILITY_TRACE_NORM_MATCHED,1000,1500,0.484
15,64,NO_TRACE,1000,1500,0.484
15,64,EXACT_REPLAY,1500,2000,0.526
15,64,ELIGIBILITY_TRACE_NORM_MATCHED,1500,2000,0.518
15,64,NO_TRACE,1500,2000,0.514
15,64,EXACT_REPLAY,2000,2500,0.536
15,64,ELIGIBILITY_TRACE_NORM_MATCHED,2000,2500,0.528
15,64,NO_TRACE,2000,2500,0.538
15,64,EXACT_REPLAY,2500,3000,0.482
15,64,ELIGIBILITY_TRACE_NORM_MATCHED,2500,3000,0.464
15,64,NO_TRACE,2500,3000,0.466
15,64,EXACT_REPLAY,3000,3500,0.562
15,64,ELIGIBILITY_TRACE_NORM_MATCHED,3000,3500,0.542
15,64,NO_TRACE,3000,3500,0.544
15,64,EXACT_REPLAY,3500,4000,0.528
15,64,ELIGIBILITY_TRACE_NORM_MATCHED,3500,4000,0.5
15,64,NO_TRACE,3500,4000,0.504
15,64,EXACT_REPLAY,4000,4500,0.584
15,64,ELIGIBILITY_TRACE_NORM_MATCHED,4000,4500,0.556
15,64,NO_TRACE,4000,4500,0.56
15,64,EXACT_REPLAY,4500,5000,0.55
15,64,ELIGIBILITY_TRACE_NORM_MATCHED,4500,5000,0.534
15,64,NO_TRACE,4500,5000,0.526
15,64,EXACT_REPLAY,5000,5500,0.554
15,64,ELIGIBILITY_TRACE_NORM_MATCHED,5000,5500,0.5
15,64,NO_TRACE,5000,5500,0.5
15,64,EXACT_REPLAY,5500,6000,0.54
15,64,ELIGIBILITY_TRACE_NORM_MATCHED,5500,6000,0.51
15,64,NO_TRACE,5500,6000,0.494
16,1,EXACT_REPLAY,0,500,0.522
16,1,ELIGIBILITY_TRACE_NORM_MATCHED,0,500,0.522
16,1,NO_TRACE,0,500,0.524
16,1,EXACT_REPLAY,500,1000,0.522
16,1,ELIGIBILITY_TRACE_NORM_MATCHED,500,1000,0.52
16,1,NO_TRACE,500,1000,0.522
16,1,EXACT_REPLAY,1000,1500,0.526
16,1,ELIGIBILITY_TRACE_NORM_MATCHED,1000,1500,0.522
16,1,NO_TRACE,1000,1500,0.524
16,1,EXACT_REPLAY,1500,2000,0.486
16,1,ELIGIBILITY_TRACE_NORM_MATCHED,1500,2000,0.488
16,1,NO_TRACE,1500,2000,0.484
16,1,EXACT_REPLAY,2000,2500,0.46
16,1,ELIGIBILITY_TRACE_NORM_MATCHED,2000,2500,0.464
16,1,NO_TRACE,2000,2500,0.458
16,1,EXACT_REPLAY,2500,3000,0.482
16,1,ELIGIBILITY_TRACE_NORM_MATCHED,2500,3000,0.47
16,1,NO_TRACE,2500,3000,0.47
16,1,EXACT_REPLAY,3000,3500,0.54
16,1,ELIGIBILITY_TRACE_NORM_MATCHED,3000,3500,0.54
16,1,NO_TRACE,3000,3500,0.538
16,1,EXACT_REPLAY,3500,4000,0.484
16,1,ELIGIBILITY_TRACE_NORM_MATCHED,3500,4000,0.484
16,1,NO_TRACE,3500,4000,0.48
16,1,EXACT_REPLAY,4000,4500,0.49
16,1,ELIGIBILITY_TRACE_NORM_MATCHED,4000,4500,0.478
16,1,NO_TRACE,4000,4500,0.474
16,1,EXACT_REPLAY,4500,5000,0.554
16,1,ELIGIBILITY_TRACE_NORM_MATCHED,4500,5000,0.546
16,1,NO_TRACE,4500,5000,0.544
16,1,EXACT_REPLAY,5000,5500,0.524
16,1,ELIGIBILITY_TRACE_NORM_MATCHED,5000,5500,0.516
16,1,NO_TRACE,5000,5500,0.5
16,1,EXACT_REPLAY,5500,6000,0.48
16,1,ELIGIBILITY_TRACE_NORM_MATCHED,5500,6000,0.484
16,1,NO_TRACE,5500,6000,0.482
16,4,EXACT_REPLAY,0,500,0.522
16,4,ELIGIBILITY_TRACE_NORM_MATCHED,0,500,0.522
16,4,NO_TRACE,0,500,0.516
16,4,EXACT_REPLAY,500,1000,0.522
16,4,ELIGIBILITY_TRACE_NORM_MATCHED,500,1000,0.52
16,4,NO_TRACE,500,1000,0.516
16,4,EXACT_REPLAY,1000,1500,0.526
16,4,ELIGIBILITY_TRACE_NORM_MATCHED,1000,1500,0.52
16,4,NO_TRACE,1000,1500,0.528
16,4,EXACT_REPLAY,1500,2000,0.486
16,4,ELIGIBILITY_TRACE_NORM_MATCHED,1500,2000,0.482
16,4,NO_TRACE,1500,2000,0.492
16,4,EXACT_REPLAY,2000,2500,0.46
16,4,ELIGIBILITY_TRACE_NORM_MATCHED,2000,2500,0.464
16,4,NO_TRACE,2000,2500,0.464
16,4,EXACT_REPLAY,2500,3000,0.48
16,4,ELIGIBILITY_TRACE_NORM_MATCHED,2500,3000,0.472
16,4,NO_TRACE,2500,3000,0.476
16,4,EXACT_REPLAY,3000,3500,0.54
16,4,ELIGIBILITY_TRACE_NORM_MATCHED,3000,3500,0.54
16,4,NO_TRACE,3000,3500,0.534
16,4,EXACT_REPLAY,3500,4000,0.488
16,4,ELIGIBILITY_TRACE_NORM_MATCHED,3500,4000,0.474
16,4,NO_TRACE,3500,4000,0.466
16,4,EXACT_REPLAY,4000,4500,0.49
16,4,ELIGIBILITY_TRACE_NORM_MATCHED,4000,4500,0.476
16,4,NO_TRACE,4000,4500,0.474
16,4,EXACT_REPLAY,4500,5000,0.554
16,4,ELIGIBILITY_TRACE_NORM_MATCHED,4500,5000,0.538
16,4,NO_TRACE,4500,5000,0.532
16,4,EXACT_REPLAY,5000,5500,0.524
16,4,ELIGIBILITY_TRACE_NORM_MATCHED,5000,5500,0.518
16,4,NO_TRACE,5000,5500,0.512
16,4,EXACT_REPLAY,5500,6000,0.482
16,4,ELIGIBILITY_TRACE_NORM_MATCHED,5500,6000,0.48
16,4,NO_TRACE,5500,6000,0.488
16,16,EXACT_REPLAY,0,500,0.522
16,16,ELIGIBILITY_TRACE_NORM_MATCHED,0,500,0.522
16,16,NO_TRACE,0,500,0.52
16,16,EXACT_REPLAY,500,1000,0.52
16,16,ELIGIBILITY_TRACE_NORM_MATCHED,500,1000,0.52
16,16,NO_TRACE,500,1000,0.522
16,16,EXACT_REPLAY,1000,1500,0.526
16,16,ELIGIBILITY_TRACE_NORM_MATCHED,1000,1500,0.524
16,16,NO_TRACE,1000,1500,0.524
16,16,EXACT_REPLAY,1500,2000,0.486
16,16,ELIGIBILITY_TRACE_NORM_MATCHED,1500,2000,0.484
16,16,NO_TRACE,1500,2000,0.492
16,16,EXACT_REPLAY,2000,2500,0.46
16,16,ELIGIBILITY_TRACE_NORM_MATCHED,2000,2500,0.468
16,16,NO_TRACE,2000,2500,0.456
16,16,EXACT_REPLAY,2500,3000,0.478
16,16,ELIGIBILITY_TRACE_NORM_MATCHED,2500,3000,0.466
16,16,NO_TRACE,2500,3000,0.468
16,16,EXACT_REPLAY,3000,3500,0.542
16,16,ELIGIBILITY_TRACE_NORM_MATCHED,3000,3500,0.542
16,16,NO_TRACE,3000,3500,0.536
16,16,EXACT_REPLAY,3500,4000,0.486
16,16,ELIGIBILITY_TRACE_NORM_MATCHED,3500,4000,0.478
16,16,NO_TRACE,3500,4000,0.482
16,16,EXACT_REPLAY,4000,4500,0.488
16,16,ELIGIBILITY_TRACE_NORM_MATCHED,4000,4500,0.482
16,16,NO_TRACE,4000,4500,0.484
16,16,EXACT_REPLAY,4500,5000,0.554
16,16,ELIGIBILITY_TRACE_NORM_MATCHED,4500,5000,0.544
16,16,NO_TRACE,4500,5000,0.536
16,16,EXACT_REPLAY,5000,5500,0.524
16,16,ELIGIBILITY_TRACE_NORM_MATCHED,5000,5500,0.512
16,16,NO_TRACE,5000,5500,0.504
16,16,EXACT_REPLAY,5500,6000,0.482
16,16,ELIGIBILITY_TRACE_NORM_MATCHED,5500,6000,0.484
16,16,NO_TRACE,5500,6000,0.486
16,64,EXACT_REPLAY,0,500,0.52
16,64,ELIGIBILITY_TRACE_NORM_MATCHED,0,500,0.522
16,64,NO_TRACE,0,500,0.518
16,64,EXACT_REPLAY,500,1000,0.522
16,64,ELIGIBILITY_TRACE_NORM_MATCHED,500,1000,0.528
16,64,NO_TRACE,500,1000,0.524
16,64,EXACT_REPLAY,1000,1500,0.526
16,64,ELIGIBILITY_TRACE_NORM_MATCHED,1000,1500,0.524
16,64,NO_TRACE,1000,1500,0.526
16,64,EXACT_REPLAY,1500,2000,0.486
16,64,ELIGIBILITY_TRACE_NORM_MATCHED,1500,2000,0.482
16,64,NO_TRACE,1500,2000,0.482
16,64,EXACT_REPLAY,2000,2500,0.46
16,64,ELIGIBILITY_TRACE_NORM_MATCHED,2000,2500,0.462
16,64,NO_TRACE,2000,2500,0.464
16,64,EXACT_REPLAY,2500,3000,0.478
16,64,ELIGIBILITY_TRACE_NORM_MATCHED,2500,3000,0.47
16,64,NO_TRACE,2500,3000,0.468
16,64,EXACT_REPLAY,3000,3500,0.54
16,64,ELIGIBILITY_TRACE_NORM_MATCHED,3000,3500,0.538
16,64,NO_TRACE,3000,3500,0.532
16,64,EXACT_REPLAY,3500,4000,0.488
16,64,ELIGIBILITY_TRACE_NORM_MATCHED,3500,4000,0.482
16,64,NO_TRACE,3500,4000,0.478
16,64,EXACT_REPLAY,4000,4500,0.488
16,64,ELIGIBILITY_TRACE_NORM_MATCHED,4000,4500,0.478
16,64,NO_TRACE,4000,4500,0.472
16,64,EXACT_REPLAY,4500,5000,0.554
16,64,ELIGIBILITY_TRACE_NORM_MATCHED,4500,5000,0.538
16,64,NO_TRACE,4500,5000,0.544
16,64,EXACT_REPLAY,5000,5500,0.522
16,64,ELIGIBILITY_TRACE_NORM_MATCHED,5000,5500,0.512
16,64,NO_TRACE,5000,5500,0.502
16,64,EXACT_REPLAY,5500,6000,0.482
16,64,ELIGIBILITY_TRACE_NORM_MATCHED,5500,6000,0.488
16,64,NO_TRACE,5500,6000,0.492
17,1,EXACT_REPLAY,0,500,0.526
17,1,ELIGIBILITY_TRACE_NORM_MATCHED,0,500,0.524
17,1,NO_TRACE,0,500,0.524
17,1,EXACT_REPLAY,500,1000,0.502
17,1,ELIGIBILITY_TRACE_NORM_MATCHED,500,1000,0.502
17,1,NO_TRACE,500,1000,0.504
17,1,EXACT_REPLAY,1000,1500,0.496
17,1,ELIGIBILITY_TRACE_NORM_MATCHED,1000,1500,0.504
17,1,NO_TRACE,1000,1500,0.502
17,1,EXACT_REPLAY,1500,2000,0.532
17,1,ELIGIBILITY_TRACE_NORM_MATCHED,1500,2000,0.528
17,1,NO_TRACE,1500,2000,0.528
17,1,EXACT_REPLAY,2000,2500,0.546
17,1,ELIGIBILITY_TRACE_NORM_MATCHED,2000,2500,0.548
17,1,NO_TRACE,2000,2500,0.544
17,1,EXACT_REPLAY,2500,3000,0.556
17,1,ELIGIBILITY_TRACE_NORM_MATCHED,2500,3000,0.536
17,1,NO_TRACE,2500,3000,0.528
17,1,EXACT_REPLAY,3000,3500,0.524
17,1,ELIGIBILITY_TRACE_NORM_MATCHED,3000,3500,0.52
17,1,NO_TRACE,3000,3500,0.52
17,1,EXACT_REPLAY,3500,4000,0.482
17,1,ELIGIBILITY_TRACE_NORM_MATCHED,3500,4000,0.472
17,1,NO_TRACE,3500,4000,0.47
17,1,EXACT_REPLAY,4000,4500,0.512
17,1,ELIGIBILITY_TRACE_NORM_MATCHED,4000,4500,0.51
17,1,NO_TRACE,4000,4500,0.52
17,1,EXACT_REPLAY,4500,5000,0.486
17,1,ELIGIBILITY_TRACE_NORM_MATCHED,4500,5000,0.5
17,1,NO_TRACE,4500,5000,0.494
17,1,EXACT_REPLAY,5000,5500,0.5
17,1,ELIGIBILITY_TRACE_NORM_MATCHED,5000,5500,0.496
17,1,NO_TRACE,5000,5500,0.474
17,1,EXACT_REPLAY,5500,6000,0.532
17,1,ELIGIBILITY_TRACE_NORM_MATCHED,5500,6000,0.512
17,1,NO_TRACE,5500,6000,0.516
17,4,EXACT_REPLAY,0,500,0.524
17,4,ELIGIBILITY_TRACE_NORM_MATCHED,0,500,0.524
17,4,NO_TRACE,0,500,0.524
17,4,EXACT_REPLAY,500,1000,0.502
17,4,ELIGIBILITY_TRACE_NORM_MATCHED,500,1000,0.506
17,4,NO_TRACE,500,1000,0.51
17,4,EXACT_REPLAY,1000,1500,0.496
17,4,ELIGIBILITY_TRACE_NORM_MATCHED,1000,1500,0.504
17,4,NO_TRACE,1000,1500,0.504
17,4,EXACT_REPLAY,1500,2000,0.532
17,4,ELIGIBILITY_TRACE_NORM_MATCHED,1500,2000,0.528
17,4,NO_TRACE,1500,2000,0.528
17,4,EXACT_REPLAY,2000,2500,0.546
17,4,ELIGIBILITY_TRACE_NORM_MATCHED,2000,2500,0.548
17,4,NO_TRACE,2000,2500,0.54
17,4,EXACT_REPLAY,2500,3000,0.556
17,4,ELIGIBILITY_TRACE_NORM_MATCHED,2500,3000,0.532
17,4,NO_TRACE,2500,3000,0.538
17,4,EXACT_REPLAY,3000,3500,0.524
17,4,ELIGIBILITY_TRACE_NORM_MATCHED,3000,3500,0.522
17,4,NO_TRACE,3000,3500,0.524
17,4,EXACT_REPLAY,3500,4000,0.482
17,4,ELIGIBILITY_TRACE_NORM_MATCHED,3500,4000,0.472
17,4,NO_TRACE,3500,4000,0.472
17,4,EXACT_REPLAY,4000,4500,0.512
17,4,ELIGIBILITY_TRACE_NORM_MATCHED,4000,4500,0.506
17,4,NO_TRACE,4000,4500,0.512
17,4,EXACT_REPLAY,4500,5000,0.486
17,4,ELIGIBILITY_TRACE_NORM_MATCHED,4500,5000,0.5
17,4,NO_TRACE,4500,5000,0.5
17,4,EXACT_REPLAY,5000,5500,0.5
17,4,ELIGIBILITY_TRACE_NORM_MATCHED,5000,5500,0.496
17,4,NO_TRACE,5000,5500,0.484
17,4,EXACT_REPLAY,5500,6000,0.53
17,4,ELIGIBILITY_TRACE_NORM_MATCHED,5500,6000,0.508
17,4,NO_TRACE,5500,6000,0.508
17,16,EXACT_REPLAY,0,500,0.524
17,16,ELIGIBILITY_TRACE_NORM_MATCHED,0,500,0.524
17,16,NO_TRACE,0,500,0.524
17,16,EXACT_REPLAY,500,1000,0.5
17,16,ELIGIBILITY_TRACE_NORM_MATCHED,500,1000,0.502
17,16,NO_TRACE,500,1000,0.506
17,16,EXACT_REPLAY,1000,1500,0.5
17,16,ELIGIBILITY_TRACE_NORM_MATCHED,1000,1500,0.5
17,16,NO_TRACE,1000,1500,0.508
17,16,EXACT_REPLAY,1500,2000,0.53
17,16,ELIGIBILITY_TRACE_NORM_MATCHED,1500,2000,0.524
17,16,NO_TRACE,1500,2000,0.524
17,16,EXACT_REPLAY,2000,2500,0.544
17,16,ELIGIBILITY_TRACE_NORM_MATCHED,2000,2500,0.544
17,16,NO_TRACE,2000,2500,0.544
17,16,EXACT_REPLAY,2500,3000,0.556
17,16,ELIGIBILITY_TRACE_NORM_MATCHED,2500,3000,0.536
17,16,NO_TRACE,2500,3000,0.538
17,16,EXACT_REPLAY,3000,3500,0.524
17,16,ELIGIBILITY_TRACE_NORM_MATCHED,3000,3500,0.524
17,16,NO_TRACE,3000,3500,0.524
17,16,EXACT_REPLAY,3500,4000,0.482
17,16,ELIGIBILITY_TRACE_NORM_MATCHED,3500,4000,0.47
17,16,NO_TRACE,3500,4000,0.47
17,16,EXACT_REPLAY,4000,4500,0.51
17,16,ELIGIBILITY_TRACE_NORM_MATCHED,4000,4500,0.508
17,16,NO_TRACE,4000,4500,0.514
17,16,EXACT_REPLAY,4500,5000,0.486
17,16,ELIGIBILITY_TRACE_NORM_MATCHED,4500,5000,0.496
17,16,NO_TRACE,4500,5000,0.496
17,16,EXACT_REPLAY,5000,5500,0.5
17,16,ELIGIBILITY_TRACE_NORM_MATCHED,5000,5500,0.498
17,16,NO_TRACE,5000,5500,0.478
17,16,EXACT_REPLAY,5500,6000,0.53
17,16,ELIGIBILITY_TRACE_NORM_MATCHED,5500,6000,0.506
17,16,NO_TRACE,5500,6000,0.504
17,64,EXACT_REPLAY,0,500,0.524
17,64,ELIGIBILITY_TRACE_NORM_MATCHED,0,500,0.522
17,64,NO_TRACE,0,500,0.52
17,64,EXACT_REPLAY,500,1000,0.502
17,64,ELIGIBILITY_TRACE_NORM_MATCHED,500,1000,0.504
17,64,NO_TRACE,500,1000,0.504
17,64,EXACT_REPLAY,1000,1500,0.496
17,64,ELIGIBILITY_TRACE_NORM_MATCHED,1000,1500,0.502
17,64,NO_TRACE,1000,1500,0.5
17,64,EXACT_REPLAY,1500,2000,0.532
17,64,ELIGIBILITY_TRACE_NORM_MATCHED,1500,2000,0.526
17,64,NO_TRACE,1500,2000,0.526
17,64,EXACT_REPLAY,2000,2500,0.544
17,64,ELIGIBILITY_TRACE_NORM_MATCHED,2000,2500,0.542
17,64,NO_TRACE,2000,2500,0.544
17,64,EXACT_REPLAY,2500,3000,0.558
17,64,ELIGIBILITY_TRACE_NORM_MATCHED,2500,3000,0.528
17,64,NO_TRACE,2500,3000,0.524
17,64,EXACT_REPLAY,3000,3500,0.524
17,64,ELIGIBILITY_TRACE_NORM_MATCHED,3000,3500,0.52
17,64,NO_TRACE,3000,3500,0.518
17,64,EXACT_REPLAY,3500,4000,0.484
17,64,ELIGIBILITY_TRACE_NORM_MATCHED,3500,4000,0.474
17,64,NO_TRACE,3500,4000,0.472
17,64,EXACT_REPLAY,4000,4500,0.512
17,64,ELIGIBILITY_TRACE_NORM_MATCHED,4000,4500,0.514
17,64,NO_TRACE,4000,4500,0.516
17,64,EXACT_REPLAY,4500,5000,0.486
17,64,ELIGIBILITY_TRACE_NORM_MATCHED,4500,5000,0.496
17,64,NO_TRACE,4500,5000,0.492
17,64,EXACT_REPLAY,5000,5500,0.5
17,64,ELIGIBILITY_TRACE_NORM_MATCHED,5000,5500,0.48
17,64,NO_TRACE,5000,5500,0.466
17,64,EXACT_REPLAY,5500,6000,0.532
17,64,ELIGIBILITY_TRACE_NORM_MATCHED,5500,6000,0.502
17,64,NO_TRACE,5500,6000,0.498
18,1,EXACT_REPLAY,0,500,0.504
18,1,ELIGIBILITY_TRACE_NORM_MATCHED,0,500,0.504
18,1,NO_TRACE,0,500,0.504
18,1,EXACT_REPLAY,500,1000,0.538
18,1,ELIGIBILITY_TRACE_NORM_MATCHED,500,1000,0.542
18,1,NO_TRACE,500,1000,0.54
18,1,EXACT_REPLAY,1000,1500,0.484
18,1,ELIGIBILITY_TRACE_NORM_MATCHED,1000,1500,0.478
18,1,NO_TRACE,1000,1500,0.48
18,1,EXACT_REPLAY,1500,2000,0.52
18,1,ELIGIBILITY_TRACE_NORM_MATCHED,1500,2000,0.516
18,1,NO_TRACE,1500,2000,0.506
18,1,EXACT_REPLAY,2000,2500,0.524
18,1,ELIGIBILITY_TRACE_NORM_MATCHED,2000,2500,0.518
18,1,NO_TRACE,2000,2500,0.526
18,1,EXACT_REPLAY,2500,3000,0.546
18,1,ELIGIBILITY_TRACE_NORM_MATCHED,2500,3000,0.544
18,1,NO_TRACE,2500,3000,0.55
18,1,EXACT_REPLAY,3000,3500,0.492
18,1,ELIGIBILITY_TRACE_NORM_MATCHED,3000,3500,0.476
18,1,NO_TRACE,3000,3500,0.482
18,1,EXACT_REPLAY,3500,4000,0.558
18,1,ELIGIBILITY_TRACE_NORM_MATCHED,3500,4000,0.55
18,1,NO_TRACE,3500,4000,0.55
18,1,EXACT_REPLAY,4000,4500,0.492
18,1,ELIGIBILITY_TRACE_NORM_MATCHED,4000,4500,0.476
18,1,NO_TRACE,4000,4500,0.472
18,1,EXACT_REPLAY,4500,5000,0.522
18,1,ELIGIBILITY_TRACE_NORM_MATCHED,4500,5000,0.502
18,1,NO_TRACE,4500,5000,0.502
18,1,EXACT_REPLAY,5000,5500,0.512
18,1,ELIGIBILITY_TRACE_NORM_MATCHED,5000,5500,0.482
18,1,NO_TRACE,5000,5500,0.486
18,1,EXACT_REPLAY,5500,6000,0.534
18,1,ELIGIBILITY_TRACE_NORM_MATCHED,5500,6000,0.51
18,1,NO_TRACE,5500,6000,0.5
18,4,EXACT_REPLAY,0,500,0.504
18,4,ELIGIBILITY_TRACE_NORM_MATCHED,0,500,0.506
18,4,NO_TRACE,0,500,0.504
18,4,EXACT_REPLAY,500,1000,0.538
18,4,ELIGIBILITY_TRACE_NORM_MATCHED,500,1000,0.542
18,4,NO_TRACE,500,1000,0.54
18,4,EXACT_REPLAY,1000,1500,0.484
18,4,ELIGIBILITY_TRACE_NORM_MATCHED,1000,1500,0.478
18,4,NO_TRACE,1000,1500,0.48
18,4,EXACT_REPLAY,1500,2000,0.52
18,4,ELIGIBILITY_TRACE_NORM_MATCHED,1500,2000,0.51
18,4,NO_TRACE,1500,2000,0.51
18,4,EXACT_REPLAY,2000,2500,0.524
18,4,ELIGIBILITY_TRACE_NORM_MATCHED,2000,2500,0.518
18,4,NO_TRACE,2000,2500,0.518
18,4,EXACT_REPLAY,2500,3000,0.544
18,4,ELIGIBILITY_TRACE_NORM_MATCHED,2500,3000,0.546
18,4,NO_TRACE,2500,3000,0.55
18,4,EXACT_REPLAY,3000,3500,0.492
18,4,ELIGIBILITY_TRACE_NORM_MATCHED,3000,3500,0.47
18,4,NO_TRACE,3000,3500,0.472
18,4,EXACT_REPLAY,3500,4000,0.558
18,4,ELIGIBILITY_TRACE_NORM_MATCHED,3500,4000,0.55
18,4,NO_TRACE,3500,4000,0.55
18,4,EXACT_REPLAY,4000,4500,0.49
18,4,ELIGIBILITY_TRACE_NORM_MATCHED,4000,4500,0.476
18,4,NO_TRACE,4000,4500,0.46
18,4,EXACT_REPLAY,4500,5000,0.522
18,4,ELIGIBILITY_TRACE_NORM_MATCHED,4500,5000,0.498
18,4,NO_TRACE,4500,5000,0.494
18,4,EXACT_REPLAY,5000,5500,0.512
18,4,ELIGIBILITY_TRACE_NORM_MATCHED,5000,5500,0.482
18,4,NO_TRACE,5000,5500,0.484
18,4,EXACT_REPLAY,5500,6000,0.534
18,4,ELIGIBILITY_TRACE_NORM_MATCHED,5500,6000,0.5
18,4,NO_TRACE,5500,6000,0.496
18,16,EXACT_REPLAY,0,500,0.504
18,16,ELIGIBILITY_TRACE_NORM_MATCHED,0,500,0.504
18,16,NO_TRACE,0,500,0.504
18,16,EXACT_REPLAY,500,1000,0.538
18,16,ELIGIBILITY_TRACE_NORM_MATCHED,500,1000,0.54
18,16,NO_TRACE,500,1000,0.532
18,16,EXACT_REPLAY,1000,1500,0.484
18,16,ELIGIBILITY_TRACE_NORM_MATCHED,1000,1500,0.478
18,16,NO_TRACE,1000,1500,0.478
18,16,EXACT_REPLAY,1500,2000,0.518
18,16,ELIGIBILITY_TRACE_NORM_MATCHED,1500,2000,0.508
18,16,NO_TRACE,1500,2000,0.51
18,16,EXACT_REPLAY,2000,2500,0.522
18,16,ELIGIBILITY_TRACE_NORM_MATCHED,2000,2500,0.518
18,16,NO_TRACE,2000,2500,0.524
18,16,EXACT_REPLAY,2500,3000,0.546
18,16,ELIGIBILITY_TRACE_NORM_MATCHED,2500,3000,0.546
18,16,NO_TRACE,2500,3000,0.544
18,16,EXACT_REPLAY,3000,3500,0.492
18,16,ELIGIBILITY_TRACE_NORM_MATCHED,3000,3500,0.47
18,16,NO_TRACE,3000,3500,0.48
18,16,EXACT_REPLAY,3500,4000,0.558
18,16,ELIGIBILITY_TRACE_NORM_MATCHED,3500,4000,0.55
18,16,NO_TRACE,3500,4000,0.55
18,16,EXACT_REPLAY,4000,4500,0.49
18,16,ELIGIBILITY_TRACE_NORM_MATCHED,4000,4500,0.474
18,16,NO_TRACE,4000,4500,0.462
18,16,EXACT_REPLAY,4500,5000,0.522
18,16,ELIGIBILITY_TRACE_NORM_MATCHED,4500,5000,0.5
18,16,NO_TRACE,4500,5000,0.502
18,16,EXACT_REPLAY,5000,5500,0.512
18,16,ELIGIBILITY_TRACE_NORM_MATCHED,5000,5500,0.488
18,16,NO_TRACE,5000,5500,0.486
18,16,EXACT_REPLAY,5500,6000,0.534
18,16,ELIGIBILITY_TRACE_NORM_MATCHED,5500,6000,0.502
18,16,NO_TRACE,5500,6000,0.512
18,64,EXACT_REPLAY,0,500,0.506
18,64,ELIGIBILITY_TRACE_NORM_MATCHED,0,500,0.504
18,64,NO_TRACE,0,500,0.502
18,64,EXACT_REPLAY,500,1000,0.54
18,64,ELIGIBILITY_TRACE_NORM_MATCHED,500,1000,0.542
18,64,NO_TRACE,500,1000,0.536
18,64,EXACT_REPLAY,1000,1500,0.482
18,64,ELIGIBILITY_TRACE_NORM_MATCHED,1000,1500,0.48
18,64,NO_TRACE,1000,1500,0.478
18,64,EXACT_REPLAY,1500,2000,0.518
18,64,ELIGIBILITY_TRACE_NORM_MATCHED,1500,2000,0.51
18,64,NO_TRACE,1500,2000,0.51
18,64,EXACT_REPLAY,2000,2500,0.526
18,64,ELIGIBILITY_TRACE_NORM_MATCHED,2000,2500,0.526
18,64,NO_TRACE,2000,2500,0.524
18,64,EXACT_REPLAY,2500,3000,0.546
18,64,ELIGIBILITY_TRACE_NORM_MATCHED,2500,3000,0.548
18,64,NO_TRACE,2500,3000,0.544
18,64,EXACT_REPLAY,3000,3500,0.494
18,64,ELIGIBILITY_TRACE_NORM_MATCHED,3000,3500,0.48
18,64,NO_TRACE,3000,3500,0.482
18,64,EXACT_REPLAY,3500,4000,0.558
18,64,ELIGIBILITY_TRACE_NORM_MATCHED,3500,4000,0.554
18,64,NO_TRACE,3500,4000,0.55
18,64,EXACT_REPLAY,4000,4500,0.49
18,64,ELIGIBILITY_TRACE_NORM_MATCHED,4000,4500,0.474
18,64,NO_TRACE,4000,4500,0.474
18,64,EXACT_REPLAY,4500,5000,0.522
18,64,ELIGIBILITY_TRACE_NORM_MATCHED,4500,5000,0.5
18,64,NO_TRACE,4500,5000,0.5
18,64,EXACT_REPLAY,5000,5500,0.512
18,64,ELIGIBILITY_TRACE_NORM_MATCHED,5000,5500,0.492
18,64,NO_TRACE,5000,5500,0.488
18,64,EXACT_REPLAY,5500,6000,0.534
18,64,ELIGIBILITY_TRACE_NORM_MATCHED,5500,6000,0.504
18,64,NO_TRACE,5500,6000,0.496
19,1,EXACT_REPLAY,0,500,0.522
19,1,ELIGIBILITY_TRACE_NORM_MATCHED,0,500,0.522
19,1,NO_TRACE,0,500,0.52
19,1,EXACT_REPLAY,500,1000,0.516
19,1,ELIGIBILITY_TRACE_NORM_MATCHED,500,1000,0.516
19,1,NO_TRACE,500,1000,0.518
19,1,EXACT_REPLAY,1000,1500,0.506
19,1,ELIGIBILITY_TRACE_NORM_MATCHED,1000,1500,0.5
19,1,NO_TRACE,1000,1500,0.496
19,1,EXACT_REPLAY,1500,2000,0.536
19,1,ELIGIBILITY_TRACE_NORM_MATCHED,1500,2000,0.54
19,1,NO_TRACE,1500,2000,0.54
19,1,EXACT_REPLAY,2000,2500,0.49
19,1,ELIGIBILITY_TRACE_NORM_MATCHED,2000,2500,0.486
19,1,NO_TRACE,2000,2500,0.48
19,1,EXACT_REPLAY,2500,3000,0.532
19,1,ELIGIBILITY_TRACE_NORM_MATCHED,2500,3000,0.518
19,1,NO_TRACE,2500,3000,0.516
19,1,EXACT_REPLAY,3000,3500,0.5
19,1,ELIGIBILITY_TRACE_NORM_MATCHED,3000,3500,0.5
19,1,NO_TRACE,3000,3500,0.502
19,1,EXACT_REPLAY,3500,4000,0.49
19,1,ELIGIBILITY_TRACE_NORM_MATCHED,3500,4000,0.488
19,1,NO_TRACE,3500,4000,0.48
19,1,EXACT_REPLAY,4000,4500,0.468
19,1,ELIGIBILITY_TRACE_NORM_MATCHED,4000,4500,0.462
19,1,NO_TRACE,4000,4500,0.462
19,1,EXACT_REPLAY,4500,5000,0.53
19,1,ELIGIBILITY_TRACE_NORM_MATCHED,4500,5000,0.516
19,1,NO_TRACE,4500,5000,0.49
19,1,EXACT_REPLAY,5000,5500,0.494
19,1,ELIGIBILITY_TRACE_NORM_MATCHED,5000,5500,0.482
19,1,NO_TRACE,5000,5500,0.478
19,1,EXACT_REPLAY,5500,6000,0.55
19,1,ELIGIBILITY_TRACE_NORM_MATCHED,5500,6000,0.53
19,1,NO_TRACE,5500,6000,0.52
19,4,EXACT_REPLAY,0,500,0.522
19,4,ELIGIBILITY_TRACE_NORM_MATCHED,0,500,0.522
19,4,NO_TRACE,0,500,0.524
19,4,EXACT_REPLAY,500,1000,0.516
19,4,ELIGIBILITY_TRACE_NORM_MATCHED,500,1000,0.518
19,4,NO_TRACE,500,1000,0.518
19,4,EXACT_REPLAY,1000,1500,0.506
19,4,ELIGIBILITY_TRACE_NORM_MATCHED,1000,1500,0.498
19,4,NO_TRACE,1000,1500,0.498
19,4,EXACT_REPLAY,1500,2000,0.538
19,4,ELIGIBILITY_TRACE_NORM_MATCHED,1500,2000,0.542
19,4,NO_TRACE,1500,2000,0.54
19,4,EXACT_REPLAY,2000,2500,0.49
19,4,ELIGIBILITY_TRACE_NORM_MATCHED,2000,2500,0.486
19,4,NO_TRACE,2000,2500,0.48
19,4,EXACT_REPLAY,2500,3000,0.532
19,4,ELIGIBILITY_TRACE_NORM_MATCHED,2500,3000,0.518
19,4,NO_TRACE,2500,3000,0.52
19,4,EXACT_REPLAY,3000,3500,0.5
19,4,ELIGIBILITY_TRACE_NORM_MATCHED,3000,3500,0.498
19,4,NO_TRACE,3000,3500,0.504
19,4,EXACT_REPLAY,3500,4000,0.49
19,4,ELIGIBILITY_TRACE_NORM_MATCHED,3500,4000,0.492
19,4,NO_TRACE,3500,4000,0.476
19,4,EXACT_REPLAY,4000,4500,0.468
19,4,ELIGIBILITY_TRACE_NORM_MATCHED,4000,4500,0.466
19,4,NO_TRACE,4000,4500,0.464
19,4,EXACT_REPLAY,4500,5000,0.53
19,4,ELIGIBILITY_TRACE_NORM_MATCHED,4500,5000,0.512
19,4,NO_TRACE,4500,5000,0.51
19,4,EXACT_REPLAY,5000,5500,0.494
19,4,ELIGIBILITY_TRACE_NORM_MATCHED,5000,5500,0.478
19,4,NO_TRACE,5000,5500,0.472
19,4,EXACT_REPLAY,5500,6000,0.552
19,4,ELIGIBILITY_TRACE_NORM_MATCHED,5500,6000,0.528
19,4,NO_TRACE,5500,6000,0.528
19,16,EXACT_REPLAY,0,500,0.522
19,16,ELIGIBILITY_TRACE_NORM_MATCHED,0,500,0.522
19,16,NO_TRACE,0,500,0.524
19,16,EXACT_REPLAY,500,1000,0.518
19,16,ELIGIBILITY_TRACE_NORM_MATCHED,500,1000,0.52
19,16,NO_TRACE,500,1000,0.524
19,16,EXACT_REPLAY,1000,1500,0.506
19,16,ELIGIBILITY_TRACE_NORM_MATCHED,1000,1500,0.494
19,16,NO_TRACE,1000,1500,0.494
19,16,EXACT_REPLAY,1500,2000,0.536
19,16,ELIGIBILITY_TRACE_NORM_MATCHED,1500,2000,0.544
19,16,NO_TRACE,1500,2000,0.544
19,16,EXACT_REPLAY,2000,2500,0.49
19,16,ELIGIBILITY_TRACE_NORM_MATCHED,2000,2500,0.484
19,16,NO_TRACE,2000,2500,0.476
19,16,EXACT_REPLAY,2500,3000,0.528
19,16,ELIGIBILITY_TRACE_NORM_MATCHED,2500,3000,0.516
19,16,NO_TRACE,2500,3000,0.52
19,16,EXACT_REPLAY,3000,3500,0.5
19,16,ELIGIBILITY_TRACE_NORM_MATCHED,3000,3500,0.5
19,16,NO_TRACE,3000,3500,0.498
19,16,EXACT_REPLAY,3500,4000,0.49
19,16,ELIGIBILITY_TRACE_NORM_MATCHED,3500,4000,0.49
19,16,NO_TRACE,3500,4000,0.472
19,16,EXACT_REPLAY,4000,4500,0.468
19,16,ELIGIBILITY_TRACE_NORM_MATCHED,4000,4500,0.46
19,16,NO_TRACE,4000,4500,0.462
19,16,EXACT_REPLAY,4500,5000,0.53
19,16,ELIGIBILITY_TRACE_NORM_MATCHED,4500,5000,0.516
19,16,NO_TRACE,4500,5000,0.498
19,16,EXACT_REPLAY,5000,5500,0.496
19,16,ELIGIBILITY_TRACE_NORM_MATCHED,5000,5500,0.478
19,16,NO_TRACE,5000,5500,0.478
19,16,EXACT_REPLAY,5500,6000,0.554
19,16,ELIGIBILITY_TRACE_NORM_MATCHED,5500,6000,0.528
19,16,NO_TRACE,5500,6000,0.532
19,64,EXACT_REPLAY,0,500,0.522
19,64,ELIGIBILITY_TRACE_NORM_MATCHED,0,500,0.522
19,64,NO_TRACE,0,500,0.524
19,64,EXACT_REPLAY,500,1000,0.518
19,64,ELIGIBILITY_TRACE_NORM_MATCHED,500,1000,0.52
19,64,NO_TRACE,500,1000,0.516
19,64,EXACT_REPLAY,1000,1500,0.504
19,64,ELIGIBILITY_TRACE_NORM_MATCHED,1000,1500,0.492
19,64,NO_TRACE,1000,1500,0.498
19,64,EXACT_REPLAY,1500,2000,0.536
19,64,ELIGIBILITY_TRACE_NORM_MATCHED,1500,2000,0.544
19,64,NO_TRACE,1500,2000,0.544
19,64,EXACT_REPLAY,2000,2500,0.49
19,64,ELIGIBILITY_TRACE_NORM_MATCHED,2000,2500,0.484
19,64,NO_TRACE,2000,2500,0.48
19,64,EXACT_REPLAY,2500,3000,0.528
19,64,ELIGIBILITY_TRACE_NORM_MATCHED,2500,3000,0.526
19,64,NO_TRACE,2500,3000,0.52
19,64,EXACT_REPLAY,3000,3500,0.498
19,64,ELIGIBILITY_TRACE_NORM_MATCHED,3000,3500,0.496
19,64,NO_TRACE,3000,3500,0.5
19,64,EXACT_REPLAY,3500,4000,0.49
19,64,ELIGIBILITY_TRACE_NORM_MATCHED,3500,4000,0.488
19,64,NO_TRACE,3500,4000,0.482
19,64,EXACT_REPLAY,4000,4500,0.47
19,64,ELIGIBILITY_TRACE_NORM_MATCHED,4000,4500,0.462
19,64,NO_TRACE,4000,4500,0.462
19,64,EXACT_REPLAY,4500,5000,0.53
19,64,ELIGIBILITY_TRACE_NORM_MATCHED,4500,5000,0.514
19,64,NO_TRACE,4500,5000,0.494
19,64,EXACT_REPLAY,5000,5500,0.496
19,64,ELIGIBILITY_TRACE_NORM_MATCHED,5000,5500,0.482
19,64,NO_TRACE,5000,5500,0.476
19,64,EXACT_REPLAY,5500,6000,0.55
19,64,ELIGIBILITY_TRACE_NORM_MATCHED,5500,6000,0.53
19,64,NO_TRACE,5500,6000,0.528
20,1,EXACT_REPLAY,0,500,0.494
20,1,ELIGIBILITY_TRACE_NORM_MATCHED,0,500,0.488
20,1,NO_TRACE,0,500,0.492
20,1,EXACT_REPLAY,500,1000,0.46
20,1,ELIGIBILITY_TRACE_NORM_MATCHED,500,1000,0.462
20,1,NO_TRACE,500,1000,0.462
20,1,EXACT_REPLAY,1000,1500,0.504
20,1,ELIGIBILITY_TRACE_NORM_MATCHED,1000,1500,0.504
20,1,NO_TRACE,1000,1500,0.502
20,1,EXACT_REPLAY,1500,2000,0.496
20,1,ELIGIBILITY_TRACE_NORM_MATCHED,1500,2000,0.498
20,1,NO_TRACE,1500,2000,0.5
20,1,EXACT_REPLAY,2000,2500,0.528
20,1,ELIGIBILITY_TRACE_NORM_MATCHED,2000,2500,0.526
20,1,NO_TRACE,2000,2500,0.526
20,1,EXACT_REPLAY,2500,3000,0.522
20,1,ELIGIBILITY_TRACE_NORM_MATCHED,2500,3000,0.516
20,1,NO_TRACE,2500,3000,0.516
20,1,EXACT_REPLAY,3000,3500,0.48
20,1,ELIGIBILITY_TRACE_NORM_MATCHED,3000,3500,0.47
20,1,NO_TRACE,3000,3500,0.476
20,1,EXACT_REPLAY,3500,4000,0.506
20,1,ELIGIBILITY_TRACE_NORM_MATCHED,3500,4000,0.504
20,1,NO_TRACE,3500,4000,0.506
20,1,EXACT_REPLAY,4000,4500,0.502
20,1,ELIGIBILITY_TRACE_NORM_MATCHED,4000,4500,0.488
20,1,NO_TRACE,4000,4500,0.484
20,1,EXACT_REPLAY,4500,5000,0.524
20,1,ELIGIBILITY_TRACE_NORM_MATCHED,4500,5000,0.532
20,1,NO_TRACE,4500,5000,0.524
20,1,EXACT_REPLAY,5000,5500,0.474
20,1,ELIGIBILITY_TRACE_NORM_MATCHED,5000,5500,0.466
20,1,NO_TRACE,5000,5500,0.462
20,1,EXACT_REPLAY,5500,6000,0.524
20,1,ELIGIBILITY_TRACE_NORM_MATCHED,5500,6000,0.51
20,1,NO_TRACE,5500,6000,0.506
20,4,EXACT_REPLAY,0,500,0.494
20,4,ELIGIBILITY_TRACE_NORM_MATCHED,0,500,0.488
20,4,NO_TRACE,0,500,0.492
20,4,EXACT_REPLAY,500,1000,0.46
20,4,ELIGIBILITY_TRACE_NORM_MATCHED,500,1000,0.462
20,4,NO_TRACE,500,1000,0.454
20,4,EXACT_REPLAY,1000,1500,0.506
20,4,ELIGIBILITY_TRACE_NORM_MATCHED,1000,1500,0.5
20,4,NO_TRACE,1000,1500,0.502
20,4,EXACT_REPLAY,1500,2000,0.496
20,4,ELIGIBILITY_TRACE_NORM_MATCHED,1500,2000,0.498
20,4,NO_TRACE,1500,2000,0.492
20,4,EXACT_REPLAY,2000,2500,0.528
20,4,ELIGIBILITY_TRACE_NORM_MATCHED,2000,2500,0.524
20,4,NO_TRACE,2000,2500,0.532
20,4,EXACT_REPLAY,2500,3000,0.522
20,4,ELIGIBILITY_TRACE_NORM_MATCHED,2500,3000,0.52
20,4,NO_TRACE,2500,3000,0.516
20,4,EXACT_REPLAY,3000,3500,0.48
20,4,ELIGIBILITY_TRACE_NORM_MATCHED,3000,3500,0.47
20,4,NO_TRACE,3000,3500,0.478
20,4,EXACT_REPLAY,3500,4000,0.504
20,4,ELIGIBILITY_TRACE_NORM_MATCHED,3500,4000,0.504
20,4,NO_TRACE,3500,4000,0.5
20,4,EXACT_REPLAY,4000,4500,0.502
20,4,ELIGIBILITY_TRACE_NORM_MATCHED,4000,4500,0.484
20,4,NO_TRACE,4000,4500,0.484
20,4,EXACT_REPLAY,4500,5000,0.524
20,4,ELIGIBILITY_TRACE_NORM_MATCHED,4500,5000,0.532
20,4,NO_TRACE,4500,5000,0.532
20,4,EXACT_REPLAY,5000,5500,0.474
20,4,ELIGIBILITY_TRACE_NORM_MATCHED,5000,5500,0.464
20,4,NO_TRACE,5000,5500,0.458
20,4,EXACT_REPLAY,5500,6000,0.524
20,4,ELIGIBILITY_TRACE_NORM_MATCHED,5500,6000,0.51
20,4,NO_TRACE,5500,6000,0.504
20,16,EXACT_REPLAY,0,500,0.494
20,16,ELIGIBILITY_TRACE_NORM_MATCHED,0,500,0.49
20,16,NO_TRACE,0,500,0.494
20,16,EXACT_REPLAY,500,1000,0.46
20,16,ELIGIBILITY_TRACE_NORM_MATCHED,500,1000,0.462
20,16,NO_TRACE,500,1000,0.46
20,16,EXACT_REPLAY,1000,1500,0.506
20,16,ELIGIBILITY_TRACE_NORM_MATCHED,1000,1500,0.502
20,16,NO_TRACE,1000,1500,0.502
20,16,EXACT_REPLAY,1500,2000,0.496
20,16,ELIGIBILITY_TRACE_NORM_MATCHED,1500,2000,0.498
20,16,NO_TRACE,1500,2000,0.496
20,16,EXACT_REPLAY,2000,2500,0.528
20,16,ELIGIBILITY_TRACE_NORM_MATCHED,2000,2500,0.524
20,16,NO_TRACE,2000,2500,0.528
20,16,EXACT_REPLAY,2500,3000,0.522
20,16,ELIGIBILITY_TRACE_NORM_MATCHED,2500,3000,0.522
20,16,NO_TRACE,2500,3000,0.512
20,16,EXACT_REPLAY,3000,3500,0.48
20,16,ELIGIBILITY_TRACE_NORM_MATCHED,3000,3500,0.47
20,16,NO_TRACE,3000,3500,0.466
20,16,EXACT_REPLAY,3500,4000,0.504
20,16,ELIGIBILITY_TRACE_NORM_MATCHED,3500,4000,0.502
20,16,NO_TRACE,3500,4000,0.508
20,16,EXACT_REPLAY,4000,4500,0.502
20,16,ELIGIBILITY_TRACE_NORM_MATCHED,4000,4500,0.488
20,16,NO_TRACE,4000,4500,0.486
20,16,EXACT_REPLAY,4500,5000,0.524
20,16,ELIGIBILITY_TRACE_NORM_MATCHED,4500,5000,0.532
20,16,NO_TRACE,4500,5000,0.526
20,16,EXACT_REPLAY,5000,5500,0.474
20,16,ELIGIBILITY_TRACE_NORM_MATCHED,5000,5500,0.462
20,16,NO_TRACE,5000,5500,0.464
20,16,EXACT_REPLAY,5500,6000,0.522
20,16,ELIGIBILITY_TRACE_NORM_MATCHED,5500,6000,0.51
20,16,NO_TRACE,5500,6000,0.508
20,64,EXACT_REPLAY,0,500,0.494
20,64,ELIGIBILITY_TRACE_NORM_MATCHED,0,500,0.49
20,64,NO_TRACE,0,500,0.492
20,64,EXACT_REPLAY,500,1000,0.46
20,64,ELIGIBILITY_TRACE_NORM_MATCHED,500,1000,0.46
20,64,NO_TRACE,500,1000,0.458
20,64,EXACT_REPLAY,1000,1500,0.504
20,64,ELIGIBILITY_TRACE_NORM_MATCHED,1000,1500,0.504
20,64,NO_TRACE,1000,1500,0.5
20,64,EXACT_REPLAY,1500,2000,0.498
20,64,ELIGIBILITY_TRACE_NORM_MATCHED,1500,2000,0.498
20,64,NO_TRACE,1500,2000,0.498
20,64,EXACT_REPLAY,2000,2500,0.53
20,64,ELIGIBILITY_TRACE_NORM_MATCHED,2000,2500,0.528
20,64,NO_TRACE,2000,2500,0.522
20,64,EXACT_REPLAY,2500,3000,0.522
20,64,ELIGIBILITY_TRACE_NORM_MATCHED,2500,3000,0.518
20,64,NO_TRACE,2500,3000,0.51
20,64,EXACT_REPLAY,3000,3500,0.478
20,64,ELIGIBILITY_TRACE_NORM_MATCHED,3000,3500,0.47
20,64,NO_TRACE,3000,3500,0.47
20,64,EXACT_REPLAY,3500,4000,0.508
20,64,ELIGIBILITY_TRACE_NORM_MATCHED,3500,4000,0.508
20,64,NO_TRACE,3500,4000,0.51
20,64,EXACT_REPLAY,4000,4500,0.5
20,64,ELIGIBILITY_TRACE_NORM_MATCHED,4000,4500,0.486
20,64,NO_TRACE,4000,4500,0.486
20,64,EXACT_REPLAY,4500,5000,0.526
20,64,ELIGIBILITY_TRACE_NORM_MATCHED,4500,5000,0.53
20,64,NO_TRACE,4500,5000,0.526
20,64,EXACT_REPLAY,5000,5500,0.47
20,64,ELIGIBILITY_TRACE_NORM_MATCHED,5000,5500,0.46
20,64,NO_TRACE,5000,5500,0.468
20,64,EXACT_REPLAY,5500,6000,0.522
20,64,ELIGIBILITY_TRACE_NORM_MATCHED,5500,6000,0.508
20,64,NO_TRACE,5500,6000,0.504
21,1,EXACT_REPLAY,0,500,0.484
21,1,ELIGIBILITY_TRACE_NORM_MATCHED,0,500,0.482
21,1,NO_TRACE,0,500,0.48
21,1,EXACT_REPLAY,500,1000,0.496
21,1,ELIGIBILITY_TRACE_NORM_MATCHED,500,1000,0.492
21,1,NO_TRACE,500,1000,0.496
21,1,EXACT_REPLAY,1000,1500,0.508
21,1,ELIGIBILITY_TRACE_NORM_MATCHED,1000,1500,0.506
21,1,NO_TRACE,1000,1500,0.502
21,1,EXACT_REPLAY,1500,2000,0.512
21,1,ELIGIBILITY_TRACE_NORM_MATCHED,1500,2000,0.5
21,1,NO_TRACE,1500,2000,0.496
21,1,EXACT_REPLAY,2000,2500,0.532
21,1,ELIGIBILITY_TRACE_NORM_MATCHED,2000,2500,0.514
21,1,NO_TRACE,2000,2500,0.516
21,1,EXACT_REPLAY,2500,3000,0.526
21,1,ELIGIBILITY_TRACE_NORM_MATCHED,2500,3000,0.51
21,1,NO_TRACE,2500,3000,0.492
21,1,EXACT_REPLAY,3000,3500,0.516
21,1,ELIGIBILITY_TRACE_NORM_MATCHED,3000,3500,0.49
21,1,NO_TRACE,3000,3500,0.48
21,1,EXACT_REPLAY,3500,4000,0.528
21,1,ELIGIBILITY_TRACE_NORM_MATCHED,3500,4000,0.496
21,1,NO_TRACE,3500,4000,0.486
21,1,EXACT_REPLAY,4000,4500,0.484
21,1,ELIGIBILITY_TRACE_NORM_MATCHED,4000,4500,0.472
21,1,NO_TRACE,4000,4500,0.466
21,1,EXACT_REPLAY,4500,5000,0.526
21,1,ELIGIBILITY_TRACE_NORM_MATCHED,4500,5000,0.504
21,1,NO_TRACE,4500,5000,0.496
21,1,EXACT_REPLAY,5000,5500,0.532
21,1,ELIGIBILITY_TRACE_NORM_MATCHED,5000,5500,0.52
21,1,NO_TRACE,5000,5500,0.51
21,1,EXACT_REPLAY,5500,6000,0.524
21,1,ELIGIBILITY_TRACE_NORM_MATCHED,5500,6000,0.492
21,1,NO_TRACE,5500,6000,0.494
21,4,EXACT_REPLAY,0,500,0.484
21,4,ELIGIBILITY_TRACE_NORM_MATCHED,0,500,0.482
21,4,NO_TRACE,0,500,0.482
21,4,EXACT_REPLAY,500,1000,0.496
21,4,ELIGIBILITY_TRACE_NORM_MATCHED,500,1000,0.49
21,4,NO_TRACE,500,1000,0.494
21,4,EXACT_REPLAY,1000,1500,0.508
21,4,ELIGIBILITY_TRACE_NORM_MATCHED,1000,1500,0.504
21,4,NO_TRACE,1000,1500,0.496
21,4,EXACT_REPLAY,1500,2000,0.51
21,4,ELIGIBILITY_TRACE_NORM_MATCHED,1500,2000,0.5
21,4,NO_TRACE,1500,2000,0.496
21,4,EXACT_REPLAY,2000,2500,0.534
21,4,ELIGIBILITY_TRACE_NORM_MATCHED,2000,2500,0.514
21,4,NO_TRACE,2000,2500,0.508
21,4,EXACT_REPLAY,2500,3000,0.528
21,4,ELIGIBILITY_TRACE_NORM_MATCHED,2500,3000,0.504
21,4,NO_TRACE,2500,3000,0.494
21,4,EXACT_REPLAY,3000,3500,0.516
21,4,ELIGIBILITY_TRACE_NORM_MATCHED,3000,3500,0.486
21,4,NO_TRACE,3000,3500,0.478
21,4,EXACT_REPLAY,3500,4000,0.528
21,4,ELIGIBILITY_TRACE_NORM_MATCHED,3500,4000,0.494
21,4,NO_TRACE,3500,4000,0.488
21,4,EXACT_REPLAY,4000,4500,0.484
21,4,ELIGIBILITY_TRACE_NORM_MATCHED,4000,4500,0.472
21,4,NO_TRACE,4000,4500,0.474
21,4,EXACT_REPLAY,4500,5000,0.524
21,4,ELIGIBILITY_TRACE_NORM_MATCHED,4500,5000,0.506
21,4,NO_TRACE,4500,5000,0.496
21,4,EXACT_REPLAY,5000,5500,0.534
21,4,ELIGIBILITY_TRACE_NORM_MATCHED,5000,5500,0.516
21,4,NO_TRACE,5000,5500,0.512
21,4,EXACT_REPLAY,5500,6000,0.524
21,4,ELIGIBILITY_TRACE_NORM_MATCHED,5500,6000,0.492
21,4,NO_TRACE,5500,6000,0.492
21,16,EXACT_REPLAY,0,500,0.484
21,16,ELIGIBILITY_TRACE_NORM_MATCHED,0,500,0.48
21,16,NO_TRACE,0,500,0.482
21,16,EXACT_REPLAY,500,1000,0.498
21,16,ELIGIBILITY_TRACE_NORM_MATCHED,500,1000,0.492
21,16,NO_TRACE,500,1000,0.494
21,16,EXACT_REPLAY,1000,1500,0.508
21,16,ELIGIBILITY_TRACE_NORM_MATCHED,1000,1500,0.504
21,16,NO_TRACE,1000,1500,0.51
21,16,EXACT_REPLAY,1500,2000,0.51
21,16,ELIGIBILITY_TRACE_NORM_MATCHED,1500,2000,0.498
21,16,NO_TRACE,1500,2000,0.506
21,16,EXACT_REPLAY,2000,2500,0.534
21,16,ELIGIBILITY_TRACE_NORM_MATCHED,2000,2500,0.516
21,16,NO_TRACE,2000,2500,0.514
21,16,EXACT_REPLAY,2500,3000,0.528
21,16,ELIGIBILITY_TRACE_NORM_MATCHED,2500,3000,0.498
21,16,NO_TRACE,2500,3000,0.494
21,16,EXACT_REPLAY,3000,3500,0.516
21,16,ELIGIBILITY_TRACE_NORM_MATCHED,3000,3500,0.482
21,16,NO_TRACE,3000,3500,0.474
21,16,EXACT_REPLAY,3500,4000,0.526
21,16,ELIGIBILITY_TRACE_NORM_MATCHED,3500,4000,0.492
21,16,NO_TRACE,3500,4000,0.482
21,16,EXACT_REPLAY,4000,4500,0.484
21,16,ELIGIBILITY_TRACE_NORM_MATCHED,4000,4500,0.47
21,16,NO_TRACE,4000,4500,0.464
21,16,EXACT_REPLAY,4500,5000,0.526
21,16,ELIGIBILITY_TRACE_NORM_MATCHED,4500,5000,0.508
21,16,NO_TRACE,4500,5000,0.486
21,16,EXACT_REPLAY,5000,5500,0.536
21,16,ELIGIBILITY_TRACE_NORM_MATCHED,5000,5500,0.518
21,16,NO_TRACE,5000,5500,0.502
21,16,EXACT_REPLAY,5500,6000,0.524
21,16,ELIGIBILITY_TRACE_NORM_MATCHED,5500,6000,0.49
21,16,NO_TRACE,5500,6000,0.494
21,64,EXACT_REPLAY,0,500,0.484
21,64,ELIGIBILITY_TRACE_NORM_MATCHED,0,500,0.482
21,64,NO_TRACE,0,500,0.48
21,64,EXACT_REPLAY,500,1000,0.496
21,64,ELIGIBILITY_TRACE_NORM_MATCHED,500,1000,0.494
21,64,NO_TRACE,500,1000,0.498
21,64,EXACT_REPLAY,1000,1500,0.508
21,64,ELIGIBILITY_TRACE_NORM_MATCHED,1000,1500,0.508
21,64,NO_TRACE,1000,1500,0.504
21,64,EXACT_REPLAY,1500,2000,0.508
21,64,ELIGIBILITY_TRACE_NORM_MATCHED,1500,2000,0.498
21,64,NO_TRACE,1500,2000,0.502
21,64,EXACT_REPLAY,2000,2500,0.532
21,64,ELIGIBILITY_TRACE_NORM_MATCHED,2000,2500,0.516
21,64,NO_TRACE,2000,2500,0.516
21,64,EXACT_REPLAY,2500,3000,0.526
21,64,ELIGIBILITY_TRACE_NORM_MATCHED,2500,3000,0.512
21,64,NO_TRACE,2500,3000,0.506
21,64,EXACT_REPLAY,3000,3500,0.516
21,64,ELIGIBILITY_TRACE_NORM_MATCHED,3000,3500,0.484
21,64,NO_TRACE,3000,3500,0.474
21,64,EXACT_REPLAY,3500,4000,0.528
21,64,ELIGIBILITY_TRACE_NORM_MATCHED,3500,4000,0.498
21,64,NO_TRACE,3500,4000,0.486
21,64,EXACT_REPLAY,4000,4500,0.482
21,64,ELIGIBILITY_TRACE_NORM_MATCHED,4000,4500,0.468
21,64,NO_TRACE,4000,4500,0.472
21,64,EXACT_REPLAY,4500,5000,0.526
21,64,ELIGIBILITY_TRACE_NORM_MATCHED,4500,5000,0.514
21,64,NO_TRACE,4500,5000,0.5
21,64,EXACT_REPLAY,5000,5500,0.536
21,64,ELIGIBILITY_TRACE_NORM_MATCHED,5000,5500,0.52
21,64,NO_TRACE,5000,5500,0.506
21,64,EXACT_REPLAY,5500,6000,0.524
21,64,ELIGIBILITY_TRACE_NORM_MATCHED,5500,6000,0.494
21,64,NO_TRACE,5500,6000,0.492
22,1,EXACT_REPLAY,0,500,0.504
22,1,ELIGIBILITY_TRACE_NORM_MATCHED,0,500,0.502
22,1,NO_TRACE,0,500,0.5
22,1,EXACT_REPLAY,500,1000,0.492
22,1,ELIGIBILITY_TRACE_NORM_MATCHED,500,1000,0.494
22,1,NO_TRACE,500,1000,0.49
22,1,EXACT_REPLAY,1000,1500,0.478
22,1,ELIGIBILITY_TRACE_NORM_MATCHED,1000,1500,0.48
22,1,NO_TRACE,1000,1500,0.49
22,1,EXACT_REPLAY,1500,2000,0.45
22,1,ELIGIBILITY_TRACE_NORM_MATCHED,1500,2000,0.454
22,1,NO_TRACE,1500,2000,0.46
22,1,EXACT_REPLAY,2000,2500,0.502
22,1,ELIGIBILITY_TRACE_NORM_MATCHED,2000,2500,0.496
22,1,NO_TRACE,2000,2500,0.494
22,1,EXACT_REPLAY,2500,3000,0.532
22,1,ELIGIBILITY_TRACE_NORM_MATCHED,2500,3000,0.53
22,1,NO_TRACE,2500,3000,0.53
22,1,EXACT_REPLAY,3000,3500,0.532
22,1,ELIGIBILITY_TRACE_NORM_MATCHED,3000,3500,0.514
22,1,NO_TRACE,3000,3500,0.518
22,1,EXACT_REPLAY,3500,4000,0.55
22,1,ELIGIBILITY_TRACE_NORM_MATCHED,3500,4000,0.52
22,1,NO_TRACE,3500,4000,0.52
22,1,EXACT_REPLAY,4000,4500,0.53
22,1,ELIGIBILITY_TRACE_NORM_MATCHED,4000,4500,0.512
22,1,NO_TRACE,4000,4500,0.514
22,1,EXACT_REPLAY,4500,5000,0.542
22,1,ELIGIBILITY_TRACE_NORM_MATCHED,4500,5000,0.516
22,1,NO_TRACE,4500,5000,0.516
22,1,EXACT_REPLAY,5000,5500,0.544
22,1,ELIGIBILITY_TRACE_NORM_MATCHED,5000,5500,0.524
22,1,NO_TRACE,5000,5500,0.526
22,1,EXACT_REPLAY,5500,6000,0.574
22,1,ELIGIBILITY_TRACE_NORM_MATCHED,5500,6000,0.548
22,1,NO_TRACE,5500,6000,0.55
22,4,EXACT_REPLAY,0,500,0.502
22,4,ELIGIBILITY_TRACE_NORM_MATCHED,0,500,0.502
22,4,NO_TRACE,0,500,0.5
22,4,EXACT_REPLAY,500,1000,0.49
22,4,ELIGIBILITY_TRACE_NORM_MATCHED,500,1000,0.492
22,4,NO_TRACE,500,1000,0.494
22,4,EXACT_REPLAY,1000,1500,0.478
22,4,ELIGIBILITY_TRACE_NORM_MATCHED,1000,1500,0.482
22,4,NO_TRACE,1000,1500,0.488
22,4,EXACT_REPLAY,1500,2000,0.452
22,4,ELIGIBILITY_TRACE_NORM_MATCHED,1500,2000,0.454
22,4,NO_TRACE,1500,2000,0.454
22,4,EXACT_REPLAY,2000,2500,0.502
22,4,ELIGIBILITY_TRACE_NORM_MATCHED,2000,2500,0.494
22,4,NO_TRACE,2000,2500,0.496
22,4,EXACT_REPLAY,2500,3000,0.532
22,4,ELIGIBILITY_TRACE_NORM_MATCHED,2500,3000,0.53
22,4,NO_TRACE,2500,3000,0.536
22,4,EXACT_REPLAY,3000,3500,0.532
22,4,ELIGIBILITY_TRACE_NORM_MATCHED,3000,3500,0.514
22,4,NO_TRACE,3000,3500,0.524
22,4,EXACT_REPLAY,3500,4000,0.55
22,4,ELIGIBILITY_TRACE_NORM_MATCHED,3500,4000,0.524
22,4,NO_TRACE,3500,4000,0.538
22,4,EXACT_REPLAY,4000,4500,0.53
22,4,ELIGIBILITY_TRACE_NORM_MATCHED,4000,4500,0.514
22,4,NO_TRACE,4000,4500,0.526
22,4,EXACT_REPLAY,4500,5000,0.54
22,4,ELIGIBILITY_TRACE_NORM_MATCHED,4500,5000,0.518
22,4,NO_TRACE,4500,5000,0.516
22,4,EXACT_REPLAY,5000,5500,0.544
22,4,ELIGIBILITY_TRACE_NORM_MATCHED,5000,5500,0.522
22,4,NO_TRACE,5000,5500,0.53
22,4,EXACT_REPLAY,5500,6000,0.574
22,4,ELIGIBILITY_TRACE_NORM_MATCHED,5500,6000,0.548
22,4,NO_TRACE,5500,6000,0.55
22,16,EXACT_REPLAY,0,500,0.502
22,16,ELIGIBILITY_TRACE_NORM_MATCHED,0,500,0.502
22,16,NO_TRACE,0,500,0.502
22,16,EXACT_REPLAY,500,1000,0.492
22,16,ELIGIBILITY_TRACE_NORM_MATCHED,500,1000,0.492
22,16,NO_TRACE,500,1000,0.494
22,16,EXACT_REPLAY,1000,1500,0.48
22,16,ELIGIBILITY_TRACE_NORM_MATCHED,1000,1500,0.48
22,16,NO_TRACE,1000,1500,0.482
22,16,EXACT_REPLAY,1500,2000,0.452
22,16,ELIGIBILITY_TRACE_NORM_MATCHED,1500,2000,0.45
22,16,NO_TRACE,1500,2000,0.454
22,16,EXACT_REPLAY,2000,2500,0.502
22,16,ELIGIBILITY_TRACE_NORM_MATCHED,2000,2500,0.494
22,16,NO_TRACE,2000,2500,0.494
22,16,EXACT_REPLAY,2500,3000,0.532
22,16,ELIGIBILITY_TRACE_NORM_MATCHED,2500,3000,0.528
22,16,NO_TRACE,2500,3000,0.53
22,16,EXACT_REPLAY,3000,3500,0.532
22,16,ELIGIBILITY_TRACE_NORM_MATCHED,3000,3500,0.516
22,16,NO_TRACE,3000,3500,0.524
22,16,EXACT_REPLAY,3500,4000,0.55
22,16,ELIGIBILITY_TRACE_NORM_MATCHED,3500,4000,0.53
22,16,NO_TRACE,3500,4000,0.52
22,16,EXACT_REPLAY,4000,4500,0.528
22,16,ELIGIBILITY_TRACE_NORM_MATCHED,4000,4500,0.514
22,16,NO_TRACE,4000,4500,0.512
22,16,EXACT_REPLAY,4500,5000,0.54
22,16,ELIGIBILITY_TRACE_NORM_MATCHED,4500,5000,0.512
22,16,NO_TRACE,4500,5000,0.506
22,16,EXACT_REPLAY,5000,5500,0.542
22,16,ELIGIBILITY_TRACE_NORM_MATCHED,5000,5500,0.522
22,16,NO_TRACE,5000,5500,0.526
22,16,EXACT_REPLAY,5500,6000,0.574
22,16,ELIGIBILITY_TRACE_NORM_MATCHED,5500,6000,0.55
22,16,NO_TRACE,5500,6000,0.55
22,64,EXACT_REPLAY,0,500,0.502
22,64,ELIGIBILITY_TRACE_NORM_MATCHED,0,500,0.504
22,64,NO_TRACE,0,500,0.502
22,64,EXACT_REPLAY,500,1000,0.486
22,64,ELIGIBILITY_TRACE_NORM_MATCHED,500,1000,0.494
22,64,NO_TRACE,500,1000,0.488
22,64,EXACT_REPLAY,1000,1500,0.478
22,64,ELIGIBILITY_TRACE_NORM_MATCHED,1000,1500,0.484
22,64,NO_TRACE,1000,1500,0.484
22,64,EXACT_REPLAY,1500,2000,0.452
22,64,ELIGIBILITY_TRACE_NORM_MATCHED,1500,2000,0.452
22,64,NO_TRACE,1500,2000,0.458
22,64,EXACT_REPLAY,2000,2500,0.502
22,64,ELIGIBILITY_TRACE_NORM_MATCHED,2000,2500,0.496
22,64,NO_TRACE,2000,2500,0.492
22,64,EXACT_REPLAY,2500,3000,0.532
22,64,ELIGIBILITY_TRACE_NORM_MATCHED,2500,3000,0.528
22,64,NO_TRACE,2500,3000,0.528
22,64,EXACT_REPLAY,3000,3500,0.532
22,64,ELIGIBILITY_TRACE_NORM_MATCHED,3000,3500,0.524
22,64,NO_TRACE,3000,3500,0.524
22,64,EXACT_REPLAY,3500,4000,0.55
22,64,ELIGIBILITY_TRACE_NORM_MATCHED,3500,4000,0.524
22,64,NO_TRACE,3500,4000,0.524
22,64,EXACT_REPLAY,4000,4500,0.528
22,64,ELIGIBILITY_TRACE_NORM_MATCHED,4000,4500,0.516
22,64,NO_TRACE,4000,4500,0.512
22,64,EXACT_REPLAY,4500,5000,0.542
22,64,ELIGIBILITY_TRACE_NORM_MATCHED,4500,5000,0.518
22,64,NO_TRACE,4500,5000,0.51
22,64,EXACT_REPLAY,5000,5500,0.546
22,64,ELIGIBILITY_TRACE_NORM_MATCHED,5000,5500,0.524
22,64,NO_TRACE,5000,5500,0.53
22,64,EXACT_REPLAY,5500,6000,0.574
22,64,ELIGIBILITY_TRACE_NORM_MATCHED,5500,6000,0.546
22,64,NO_TRACE,5500,6000,0.544
23,1,EXACT_REPLAY,0,500,0.518
23,1,ELIGIBILITY_TRACE_NORM_MATCHED,0,500,0.516
23,1,NO_TRACE,0,500,0.52
23,1,EXACT_REPLAY,500,1000,0.51
23,1,ELIGIBILITY_TRACE_NORM_MATCHED,500,1000,0.51
23,1,NO_TRACE,500,1000,0.508
23,1,EXACT_REPLAY,1000,1500,0.542
23,1,ELIGIBILITY_TRACE_NORM_MATCHED,1000,1500,0.538
23,1,NO_TRACE,1000,1500,0.538
23,1,EXACT_REPLAY,1500,2000,0.47
23,1,ELIGIBILITY_TRACE_NORM_MATCHED,1500,2000,0.466
23,1,NO_TRACE,1500,2000,0.47
23,1,EXACT_REPLAY,2000,2500,0.506
23,1,ELIGIBILITY_TRACE_NORM_MATCHED,2000,2500,0.492
23,1,NO_TRACE,2000,2500,0.494
23,1,EXACT_REPLAY,2500,3000,0.468
23,1,ELIGIBILITY_TRACE_NORM_MATCHED,2500,3000,0.456
23,1,NO_TRACE,2500,3000,0.462
23,1,EXACT_REPLAY,3000,3500,0.536
23,1,ELIGIBILITY_TRACE_NORM_MATCHED,3000,3500,0.526
23,1,NO_TRACE,3000,3500,0.526
23,1,EXACT_REPLAY,3500,4000,0.484
23,1,ELIGIBILITY_TRACE_NORM_MATCHED,3500,4000,0.486
23,1,NO_TRACE,3500,4000,0.492
23,1,EXACT_REPLAY,4000,4500,0.51
23,1,ELIGIBILITY_TRACE_NORM_MATCHED,4000,4500,0.496
23,1,NO_TRACE,4000,4500,0.488
23,1,EXACT_REPLAY,4500,5000,0.54
23,1,ELIGIBILITY_TRACE_NORM_MATCHED,4500,5000,0.528
23,1,NO_TRACE,4500,5000,0.526
23,1,EXACT_REPLAY,5000,5500,0.524
23,1,ELIGIBILITY_TRACE_NORM_MATCHED,5000,5500,0.512
23,1,NO_TRACE,5000,5500,0.512
23,1,EXACT_REPLAY,5500,6000,0.526
23,1,ELIGIBILITY_TRACE_NORM_MATCHED,5500,6000,0.514
23,1,NO_TRACE,5500,6000,0.502
23,4,EXACT_REPLAY,0,500,0.518
23,4,ELIGIBILITY_TRACE_NORM_MATCHED,0,500,0.52
23,4,NO_TRACE,0,500,0.518
23,4,EXACT_REPLAY,500,1000,0.51
23,4,ELIGIBILITY_TRACE_NORM_MATCHED,500,1000,0.508
23,4,NO_TRACE,500,1000,0.508
23,4,EXACT_REPLAY,1000,1500,0.542
23,4,ELIGIBILITY_TRACE_NORM_MATCHED,1000,1500,0.538
23,4,NO_TRACE,1000,1500,0.54
23,4,EXACT_REPLAY,1500,2000,0.472
23,4,ELIGIBILITY_TRACE_NORM_MATCHED,1500,2000,0.46
23,4,NO_TRACE,1500,2000,0.464
23,4,EXACT_REPLAY,2000,2500,0.506
23,4,ELIGIBILITY_TRACE_NORM_MATCHED,2000,2500,0.49
23,4,NO_TRACE,2000,2500,0.486
23,4,EXACT_REPLAY,2500,3000,0.468
23,4,ELIGIBILITY_TRACE_NORM_MATCHED,2500,3000,0.452
23,4,NO_TRACE,2500,3000,0.456
23,4,EXACT_REPLAY,3000,3500,0.534
23,4,ELIGIBILITY_TRACE_NORM_MATCHED,3000,3500,0.526
23,4,NO_TRACE,3000,3500,0.522
23,4,EXACT_REPLAY,3500,4000,0.486
23,4,ELIGIBILITY_TRACE_NORM_MATCHED,3500,4000,0.486
23,4,NO_TRACE,3500,4000,0.478
23,4,EXACT_REPLAY,4000,4500,0.508
23,4,ELIGIBILITY_TRACE_NORM_MATCHED,4000,4500,0.496
23,4,NO_TRACE,4000,4500,0.488
23,4,EXACT_REPLAY,4500,5000,0.538
23,4,ELIGIBILITY_TRACE_NORM_MATCHED,4500,5000,0.526
23,4,NO_TRACE,4500,5000,0.522
23,4,EXACT_REPLAY,5000,5500,0.524
23,4,ELIGIBILITY_TRACE_NORM_MATCHED,5000,5500,0.508
23,4,NO_TRACE,5000,5500,0.516
23,4,EXACT_REPLAY,5500,6000,0.526
23,4,ELIGIBILITY_TRACE_NORM_MATCHED,5500,6000,0.51
23,4,NO_TRACE,5500,6000,0.512
23,16,EXACT_REPLAY,0,500,0.52
23,16,ELIGIBILITY_TRACE_NORM_MATCHED,0,500,0.518
23,16,NO_TRACE,0,500,0.516
23,16,EXACT_REPLAY,500,1000,0.51
23,16,ELIGIBILITY_TRACE_NORM_MATCHED,500,1000,0.51
23,16,NO_TRACE,500,1000,0.508
23,16,EXACT_REPLAY,1000,1500,0.542
23,16,ELIGIBILITY_TRACE_NORM_MATCHED,1000,1500,0.54
23,16,NO_TRACE,1000,1500,0.54
23,16,EXACT_REPLAY,1500,2000,0.474
23,16,ELIGIBILITY_TRACE_NORM_MATCHED,1500,2000,0.46
23,16,NO_TRACE,1500,2000,0.46
23,16,EXACT_REPLAY,2000,2500,0.506
23,16,ELIGIBILITY_TRACE_NORM_MATCHED,2000,2500,0.49
23,16,NO_TRACE,2000,2500,0.492
23,16,EXACT_REPLAY,2500,3000,0.468
23,16,ELIGIBILITY_TRACE_NORM_MATCHED,2500,3000,0.454
23,16,NO_TRACE,2500,3000,0.456
23,16,EXACT_REPLAY,3000,3500,0.534
23,16,ELIGIBILITY_TRACE_NORM_MATCHED,3000,3500,0.526
23,16,NO_TRACE,3000,3500,0.524
23,16,EXACT_REPLAY,3500,4000,0.486
23,16,ELIGIBILITY_TRACE_NORM_MATCHED,3500,4000,0.492
23,16,NO_TRACE,3500,4000,0.48
23,16,EXACT_REPLAY,4000,4500,0.512
23,16,ELIGIBILITY_TRACE_NORM_MATCHED,4000,4500,0.494
23,16,NO_TRACE,4000,4500,0.482
23,16,EXACT_REPLAY,4500,5000,0.536
23,16,ELIGIBILITY_TRACE_NORM_MATCHED,4500,5000,0.524
23,16,NO_TRACE,4500,5000,0.526
23,16,EXACT_REPLAY,5000,5500,0.524
23,16,ELIGIBILITY_TRACE_NORM_MATCHED,5000,5500,0.514
23,16,NO_TRACE,5000,5500,0.528
23,16,EXACT_REPLAY,5500,6000,0.524
23,16,ELIGIBILITY_TRACE_NORM_MATCHED,5500,6000,0.508
23,16,NO_TRACE,5500,6000,0.504
23,64,EXACT_REPLAY,0,500,0.516
23,64,ELIGIBILITY_TRACE_NORM_MATCHED,0,500,0.518
23,64,NO_TRACE,0,500,0.518
23,64,EXACT_REPLAY,500,1000,0.51
23,64,ELIGIBILITY_TRACE_NORM_MATCHED,500,1000,0.51
23,64,NO_TRACE,500,1000,0.508
23,64,EXACT_REPLAY,1000,1500,0.542
23,64,ELIGIBILITY_TRACE_NORM_MATCHED,1000,1500,0.536
23,64,NO_TRACE,1000,1500,0.538
23,64,EXACT_REPLAY,1500,2000,0.474
23,64,ELIGIBILITY_TRACE_NORM_MATCHED,1500,2000,0.462
23,64,NO_TRACE,1500,2000,0.456
23,64,EXACT_REPLAY,2000,2500,0.508
23,64,ELIGIBILITY_TRACE_NORM_MATCHED,2000,2500,0.49
23,64,NO_TRACE,2000,2500,0.49
23,64,EXACT_REPLAY,2500,3000,0.468
23,64,ELIGIBILITY_TRACE_NORM_MATCHED,2500,3000,0.46
23,64,NO_TRACE,2500,3000,0.452
23,64,EXACT_REPLAY,3000,3500,0.534
23,64,ELIGIBILITY_TRACE_NORM_MATCHED,3000,3500,0.526
23,64,NO_TRACE,3000,3500,0.526
23,64,EXACT_REPLAY,3500,4000,0.484
23,64,ELIGIBILITY_TRACE_NORM_MATCHED,3500,4000,0.488
23,64,NO_TRACE,3500,4000,0.482
23,64,EXACT_REPLAY,4000,4500,0.506
23,64,ELIGIBILITY_TRACE_NORM_MATCHED,4000,4500,0.486
23,64,NO_TRACE,4000,4500,0.482
23,64,EXACT_REPLAY,4500,5000,0.538
23,64,ELIGIBILITY_TRACE_NORM_MATCHED,4500,5000,0.524
23,64,NO_TRACE,4500,5000,0.52
23,64,EXACT_REPLAY,5000,5500,0.524
23,64,ELIGIBILITY_TRACE_NORM_MATCHED,5000,5500,0.518
23,64,NO_TRACE,5000,5500,0.514
23,64,EXACT_REPLAY,5500,6000,0.528
23,64,ELIGIBILITY_TRACE_NORM_MATCHED,5500,6000,0.508
23,64,NO_TRACE,5500,6000,0.504
24,1,EXACT_REPLAY,0,500,0.482
24,1,ELIGIBILITY_TRACE_NORM_MATCHED,0,500,0.486
24,1,NO_TRACE,0,500,0.484
24,1,EXACT_REPLAY,500,1000,0.504
24,1,ELIGIBILITY_TRACE_NORM_MATCHED,500,1000,0.494
24,1,NO_TRACE,500,1000,0.494
24,1,EXACT_REPLAY,1000,1500,0.534
24,1,ELIGIBILITY_TRACE_NORM_MATCHED,1000,1500,0.53
24,1,NO_TRACE,1000,1500,0.532
24,1,EXACT_REPLAY,1500,2000,0.486
24,1,ELIGIBILITY_TRACE_NORM_MATCHED,1500,2000,0.478
24,1,NO_TRACE,1500,2000,0.484
24,1,EXACT_REPLAY,2000,2500,0.498
24,1,ELIGIBILITY_TRACE_NORM_MATCHED,2000,2500,0.5
24,1,NO_TRACE,2000,2500,0.492
24,1,EXACT_REPLAY,2500,3000,0.506
24,1,ELIGIBILITY_TRACE_NORM_MATCHED,2500,3000,0.502
24,1,NO_TRACE,2500,3000,0.498
24,1,EXACT_REPLAY,3000,3500,0.518
24,1,ELIGIBILITY_TRACE_NORM_MATCHED,3000,3500,0.508
24,1,NO_TRACE,3000,3500,0.506
24,1,EXACT_REPLAY,3500,4000,0.514
24,1,ELIGIBILITY_TRACE_NORM_MATCHED,3500,4000,0.51
24,1,NO_TRACE,3500,4000,0.492
24,1,EXACT_REPLAY,4000,4500,0.486
24,1,ELIGIBILITY_TRACE_NORM_MATCHED,4000,4500,0.492
24,1,NO_TRACE,4000,4500,0.488
24,1,EXACT_REPLAY,4500,5000,0.502
24,1,ELIGIBILITY_TRACE_NORM_MATCHED,4500,5000,0.49
24,1,NO_TRACE,4500,5000,0.492
24,1,EXACT_REPLAY,5000,5500,0.506
24,1,ELIGIBILITY_TRACE_NORM_MATCHED,5000,5500,0.506
24,1,NO_TRACE,5000,5500,0.494
24,1,EXACT_REPLAY,5500,6000,0.508
24,1,ELIGIBILITY_TRACE_NORM_MATCHED,5500,6000,0.486
24,1,NO_TRACE,5500,6000,0.486
24,4,EXACT_REPLAY,0,500,0.482
24,4,ELIGIBILITY_TRACE_NORM_MATCHED,0,500,0.484
24,4,NO_TRACE,0,500,0.482
24,4,EXACT_REPLAY,500,1000,0.504
24,4,ELIGIBILITY_TRACE_NORM_MATCHED,500,1000,0.498
24,4,NO_TRACE,500,1000,0.496
24,4,EXACT_REPLAY,1000,1500,0.534
24,4,ELIGIBILITY_TRACE_NORM_MATCHED,1000,1500,0.532
24,4,NO_TRACE,1000,1500,0.53
24,4,EXACT_REPLAY,1500,2000,0.486
24,4,ELIGIBILITY_TRACE_NORM_MATCHED,1500,2000,0.48
24,4,NO_TRACE,1500,2000,0.482
24,4,EXACT_REPLAY,2000,2500,0.498
24,4,ELIGIBILITY_TRACE_NORM_MATCHED,2000,2500,0.5
24,4,NO_TRACE,2000,2500,0.488
24,4,EXACT_REPLAY,2500,3000,0.508
24,4,ELIGIBILITY_TRACE_NORM_MATCHED,2500,3000,0.5
24,4,NO_TRACE,2500,3000,0.504
24,4,EXACT_REPLAY,3000,3500,0.516
24,4,ELIGIBILITY_TRACE_NORM_MATCHED,3000,3500,0.504
24,4,NO_TRACE,3000,3500,0.506
24,4,EXACT_REPLAY,3500,4000,0.514
24,4,ELIGIBILITY_TRACE_NORM_MATCHED,3500,4000,0.51
24,4,NO_TRACE,3500,4000,0.51
24,4,EXACT_REPLAY,4000,4500,0.486
24,4,ELIGIBILITY_TRACE_NORM_MATCHED,4000,4500,0.49
24,4,NO_TRACE,4000,4500,0.49
24,4,EXACT_REPLAY,4500,5000,0.502
24,4,ELIGIBILITY_TRACE_NORM_MATCHED,4500,5000,0.488
24,4,NO_TRACE,4500,5000,0.49
24,4,EXACT_REPLAY,5000,5500,0.506
24,4,ELIGIBILITY_TRACE_NORM_MATCHED,5000,5500,0.504
24,4,NO_TRACE,5000,5500,0.508
24,4,EXACT_REPLAY,5500,6000,0.506
24,4,ELIGIBILITY_TRACE_NORM_MATCHED,5500,6000,0.484
24,4,NO_TRACE,5500,6000,0.488
24,16,EXACT_REPLAY,0,500,0.482
24,16,ELIGIBILITY_TRACE_NORM_MATCHED,0,500,0.484
24,16,NO_TRACE,0,500,0.48
24,16,EXACT_REPLAY,500,1000,0.504
24,16,ELIGIBILITY_TRACE_NORM_MATCHED,500,1000,0.496
24,16,NO_TRACE,500,1000,0.494
24,16,EXACT_REPLAY,1000,1500,0.534
24,16,ELIGIBILITY_TRACE_NORM_MATCHED,1000,1500,0.526
24,16,NO_TRACE,1000,1500,0.532
24,16,EXACT_REPLAY,1500,2000,0.486
24,16,ELIGIBILITY_TRACE_NORM_MATCHED,1500,2000,0.474
24,16,NO_TRACE,1500,2000,0.48
24,16,EXACT_REPLAY,2000,2500,0.496
24,16,ELIGIBILITY_TRACE_NORM_MATCHED,2000,2500,0.504
24,16,NO_TRACE,2000,2500,0.486
24,16,EXACT_REPLAY,2500,3000,0.508
24,16,ELIGIBILITY_TRACE_NORM_MATCHED,2500,3000,0.498
24,16,NO_TRACE,2500,3000,0.498
24,16,EXACT_REPLAY,3000,3500,0.516
24,16,ELIGIBILITY_TRACE_NORM_MATCHED,3000,3500,0.5
24,16,NO_TRACE,3000,3500,0.498
24,16,EXACT_REPLAY,3500,4000,0.512
24,16,ELIGIBILITY_TRACE_NORM_MATCHED,3500,4000,0.512
24,16,NO_TRACE,3500,4000,0.504
24,16,EXACT_REPLAY,4000,4500,0.484
24,16,ELIGIBILITY_TRACE_NORM_MATCHED,4000,4500,0.486
24,16,NO_TRACE,4000,4500,0.486
24,16,EXACT_REPLAY,4500,5000,0.502
24,16,ELIGIBILITY_TRACE_NORM_MATCHED,4500,5000,0.496
24,16,NO_TRACE,4500,5000,0.496
24,16,EXACT_REPLAY,5000,5500,0.508
24,16,ELIGIBILITY_TRACE_NORM_MATCHED,5000,5500,0.506
24,16,NO_TRACE,5000,5500,0.502
24,16,EXACT_REPLAY,5500,6000,0.506
24,16,ELIGIBILITY_TRACE_NORM_MATCHED,5500,6000,0.48
24,16,NO_TRACE,5500,6000,0.482
24,64,EXACT_REPLAY,0,500,0.482
24,64,ELIGIBILITY_TRACE_NORM_MATCHED,0,500,0.482
24,64,NO_TRACE,0,500,0.482
24,64,EXACT_REPLAY,500,1000,0.504
24,64,ELIGIBILITY_TRACE_NORM_MATCHED,500,1000,0.498
24,64,NO_TRACE,500,1000,0.5
24,64,EXACT_REPLAY,1000,1500,0.534
24,64,ELIGIBILITY_TRACE_NORM_MATCHED,1000,1500,0.53
24,64,NO_TRACE,1000,1500,0.532
24,64,EXACT_REPLAY,1500,2000,0.486
24,64,ELIGIBILITY_TRACE_NORM_MATCHED,1500,2000,0.482
24,64,NO_TRACE,1500,2000,0.482
24,64,EXACT_REPLAY,2000,2500,0.5
24,64,ELIGIBILITY_TRACE_NORM_MATCHED,2000,2500,0.5
24,64,NO_TRACE,2000,2500,0.492
24,64,EXACT_REPLAY,2500,3000,0.508
24,64,ELIGIBILITY_TRACE_NORM_MATCHED,2500,3000,0.5
24,64,NO_TRACE,2500,3000,0.504
24,64,EXACT_REPLAY,3000,3500,0.516
24,64,ELIGIBILITY_TRACE_NORM_MATCHED,3000,3500,0.504
24,64,NO_TRACE,3000,3500,0.494
24,64,EXACT_REPLAY,3500,4000,0.512
24,64,ELIGIBILITY_TRACE_NORM_MATCHED,3500,4000,0.506
24,64,NO_TRACE,3500,4000,0.508
24,64,EXACT_REPLAY,4000,4500,0.488
24,64,ELIGIBILITY_TRACE_NORM_MATCHED,4000,4500,0.486
24,64,NO_TRACE,4000,4500,0.484
24,64,EXACT_REPLAY,4500,5000,0.498
24,64,ELIGIBILITY_TRACE_NORM_MATCHED,4500,5000,0.49
24,64,NO_TRACE,4500,5000,0.496
24,64,EXACT_REPLAY,5000,5500,0.508
24,64,ELIGIBILITY_TRACE_NORM_MATCHED,5000,5500,0.5
24,64,NO_TRACE,5000,5500,0.502
24,64,EXACT_REPLAY,5500,6000,0.506
24,64,ELIGIBILITY_TRACE_NORM_MATCHED,5500,6000,0.492
24,64,NO_TRACE,5500,6000,0.49
25,1,EXACT_REPLAY,0,500,0.484
25,1,ELIGIBILITY_TRACE_NORM_MATCHED,0,500,0.482
25,1,NO_TRACE,0,500,0.478
25,1,EXACT_REPLAY,500,1000,0.514
25,1,ELIGIBILITY_TRACE_NORM_MATCHED,500,1000,0.506
25,1,NO_TRACE,500,1000,0.508
25,1,EXACT_REPLAY,1000,1500,0.512
25,1,ELIGIBILITY_TRACE_NORM_MATCHED,1000,1500,0.508
25,1,NO_TRACE,1000,1500,0.506
25,1,EXACT_REPLAY,1500,2000,0.488
25,1,ELIGIBILITY_TRACE_NORM_MATCHED,1500,2000,0.468
25,1,NO_TRACE,1500,2000,0.476
25,1,EXACT_REPLAY,2000,2500,0.468
25,1,ELIGIBILITY_TRACE_NORM_MATCHED,2000,2500,0.46
25,1,NO_TRACE,2000,2500,0.46
25,1,EXACT_REPLAY,2500,3000,0.492
25,1,ELIGIBILITY_TRACE_NORM_MATCHED,2500,3000,0.488
25,1,NO_TRACE,2500,3000,0.494
25,1,EXACT_REPLAY,3000,3500,0.484
25,1,ELIGIBILITY_TRACE_NORM_MATCHED,3000,3500,0.478
25,1,NO_TRACE,3000,3500,0.478
25,1,EXACT_REPLAY,3500,4000,0.514
25,1,ELIGIBILITY_TRACE_NORM_MATCHED,3500,4000,0.5
25,1,NO_TRACE,3500,4000,0.482
25,1,EXACT_REPLAY,4000,4500,0.492
25,1,ELIGIBILITY_TRACE_NORM_MATCHED,4000,4500,0.48
25,1,NO_TRACE,4000,4500,0.47
25,1,EXACT_REPLAY,4500,5000,0.49
25,1,ELIGIBILITY_TRACE_NORM_MATCHED,4500,5000,0.484
25,1,NO_TRACE,4500,5000,0.49
25,1,EXACT_REPLAY,5000,5500,0.53
25,1,ELIGIBILITY_TRACE_NORM_MATCHED,5000,5500,0.496
25,1,NO_TRACE,5000,5500,0.496
25,1,EXACT_REPLAY,5500,6000,0.498
25,1,ELIGIBILITY_TRACE_NORM_MATCHED,5500,6000,0.49
25,1,NO_TRACE,5500,6000,0.474
25,4,EXACT_REPLAY,0,500,0.484
25,4,ELIGIBILITY_TRACE_NORM_MATCHED,0,500,0.482
25,4,NO_TRACE,0,500,0.48
25,4,EXACT_REPLAY,500,1000,0.514
25,4,ELIGIBILITY_TRACE_NORM_MATCHED,500,1000,0.504
25,4,NO_TRACE,500,1000,0.512
25,4,EXACT_REPLAY,1000,1500,0.512
25,4,ELIGIBILITY_TRACE_NORM_MATCHED,1000,1500,0.51
25,4,NO_TRACE,1000,1500,0.508
25,4,EXACT_REPLAY,1500,2000,0.49
25,4,ELIGIBILITY_TRACE_NORM_MATCHED,1500,2000,0.468
25,4,NO_TRACE,1500,2000,0.468
25,4,EXACT_REPLAY,2000,2500,0.468
25,4,ELIGIBILITY_TRACE_NORM_MATCHED,2000,2500,0.462
25,4,NO_TRACE,2000,2500,0.458
25,4,EXACT_REPLAY,2500,3000,0.49
25,4,ELIGIBILITY_TRACE_NORM_MATCHED,2500,3000,0.488
25,4,NO_TRACE,2500,3000,0.488
25,4,EXACT_REPLAY,3000,3500,0.486
25,4,ELIGIBILITY_TRACE_NORM_MATCHED,3000,3500,0.48
25,4,NO_TRACE,3000,3500,0.49
25,4,EXACT_REPLAY,3500,4000,0.512
25,4,ELIGIBILITY_TRACE_NORM_MATCHED,3500,4000,0.496
25,4,NO_TRACE,3500,4000,0.494
25,4,EXACT_REPLAY,4000,4500,0.492
25,4,ELIGIBILITY_TRACE_NORM_MATCHED,4000,4500,0.484
25,4,NO_TRACE,4000,4500,0.488
25,4,EXACT_REPLAY,4500,5000,0.49
25,4,ELIGIBILITY_TRACE_NORM_MATCHED,4500,5000,0.484
25,4,NO_TRACE,4500,5000,0.484
25,4,EXACT_REPLAY,5000,5500,0.53
25,4,ELIGIBILITY_TRACE_NORM_MATCHED,5000,5500,0.498
25,4,NO_TRACE,5000,5500,0.508
25,4,EXACT_REPLAY,5500,6000,0.498
25,4,ELIGIBILITY_TRACE_NORM_MATCHED,5500,6000,0.486
25,4,NO_TRACE,5500,6000,0.488
25,16,EXACT_REPLAY,0,500,0.484
25,16,ELIGIBILITY_TRACE_NORM_MATCHED,0,500,0.478
25,16,NO_TRACE,0,500,0.484
25,16,EXACT_REPLAY,500,1000,0.514
25,16,ELIGIBILITY_TRACE_NORM_MATCHED,500,1000,0.508
25,16,NO_TRACE,500,1000,0.51
25,16,EXACT_REPLAY,1000,1500,0.512
25,16,ELIGIBILITY_TRACE_NORM_MATCHED,1000,1500,0.508
25,16,NO_TRACE,1000,1500,0.502
25,16,EXACT_REPLAY,1500,2000,0.486
25,16,ELIGIBILITY_TRACE_NORM_MATCHED,1500,2000,0.466
25,16,NO_TRACE,1500,2000,0.472
25,16,EXACT_REPLAY,2000,2500,0.468
25,16,ELIGIBILITY_TRACE_NORM_MATCHED,2000,2500,0.466
25,16,NO_TRACE,2000,2500,0.46
25,16,EXACT_REPLAY,2500,3000,0.492
25,16,ELIGIBILITY_TRACE_NORM_MATCHED,2500,3000,0.49
25,16,NO_TRACE,2500,3000,0.494
25,16,EXACT_REPLAY,3000,3500,0.488
25,16,ELIGIBILITY_TRACE_NORM_MATCHED,3000,3500,0.474
25,16,NO_TRACE,3000,3500,0.476
25,16,EXACT_REPLAY,3500,4000,0.512
25,16,ELIGIBILITY_TRACE_NORM_MATCHED,3500,4000,0.498
25,16,NO_TRACE,3500,4000,0.486
25,16,EXACT_REPLAY,4000,4500,0.492
25,16,ELIGIBILITY_TRACE_NORM_MATCHED,4000,4500,0.482
25,16,NO_TRACE,4000,4500,0.482
25,16,EXACT_REPLAY,4500,5000,0.49
25,16,ELIGIBILITY_TRACE_NORM_MATCHED,4500,5000,0.476
25,16,NO_TRACE,4500,5000,0.486
25,16,EXACT_REPLAY,5000,5500,0.53
25,16,ELIGIBILITY_TRACE_NORM_MATCHED,5000,5500,0.498
25,16,NO_TRACE,5000,5500,0.494
25,16,EXACT_REPLAY,5500,6000,0.498
25,16,ELIGIBILITY_TRACE_NORM_MATCHED,5500,6000,0.484
25,16,NO_TRACE,5500,6000,0.48
25,64,EXACT_REPLAY,0,500,0.482
25,64,ELIGIBILITY_TRACE_NORM_MATCHED,0,500,0.482
25,64,NO_TRACE,0,500,0.482
25,64,EXACT_REPLAY,500,1000,0.514
25,64,ELIGIBILITY_TRACE_NORM_MATCHED,500,1000,0.508
25,64,NO_TRACE,500,1000,0.514
25,64,EXACT_REPLAY,1000,1500,0.512
25,64,ELIGIBILITY_TRACE_NORM_MATCHED,1000,1500,0.506
25,64,NO_TRACE,1000,1500,0.508
25,64,EXACT_REPLAY,1500,2000,0.49
25,64,ELIGIBILITY_TRACE_NORM_MATCHED,1500,2000,0.466
25,64,NO_TRACE,1500,2000,0.472
25,64,EXACT_REPLAY,2000,2500,0.468
25,64,ELIGIBILITY_TRACE_NORM_MATCHED,2000,2500,0.456
25,64,NO_TRACE,2000,2500,0.462
25,64,EXACT_REPLAY,2500,3000,0.492
25,64,ELIGIBILITY_TRACE_NORM_MATCHED,2500,3000,0.488
25,64,NO_TRACE,2500,3000,0.492
25,64,EXACT_REPLAY,3000,3500,0.486
25,64,ELIGIBILITY_TRACE_NORM_MATCHED,3000,3500,0.476
25,64,NO_TRACE,3000,3500,0.478
25,64,EXACT_REPLAY,3500,4000,0.512
25,64,ELIGIBILITY_TRACE_NORM_MATCHED,3500,4000,0.492
25,64,NO_TRACE,3500,4000,0.486
25,64,EXACT_REPLAY,4000,4500,0.49
25,64,ELIGIBILITY_TRACE_NORM_MATCHED,4000,4500,0.476
25,64,NO_TRACE,4000,4500,0.468
25,64,EXACT_REPLAY,4500,5000,0.486
25,64,ELIGIBILITY_TRACE_NORM_MATCHED,4500,5000,0.48
25,64,NO_TRACE,4500,5000,0.486
25,64,EXACT_REPLAY,5000,5500,0.53
25,64,ELIGIBILITY_TRACE_NORM_MATCHED,5000,5500,0.498
25,64,NO_TRACE,5000,5500,0.5
25,64,EXACT_REPLAY,5500,6000,0.496
25,64,ELIGIBILITY_TRACE_NORM_MATCHED,5500,6000,0.482
25,64,NO_TRACE,5500,6000,0.482
26,1,EXACT_REPLAY,0,500,0.502
26,1,ELIGIBILITY_TRACE_NORM_MATCHED,0,500,0.5
26,1,NO_TRACE,0,500,0.5
26,1,EXACT_REPLAY,500,1000,0.528
26,1,ELIGIBILITY_TRACE_NORM_MATCHED,500,1000,0.532
26,1,NO_TRACE,500,1000,0.526
26,1,EXACT_REPLAY,1000,1500,0.482
26,1,ELIGIBILITY_TRACE_NORM_MATCHED,1000,1500,0.484
26,1,NO_TRACE,1000,1500,0.482
26,1,EXACT_REPLAY,1500,2000,0.524
26,1,ELIGIBILITY_TRACE_NORM_MATCHED,1500,2000,0.526
26,1,NO_TRACE,1500,2000,0.522
26,1,EXACT_REPLAY,2000,2500,0.534
26,1,ELIGIBILITY_TRACE_NORM_MATCHED,2000,2500,0.534
26,1,NO_TRACE,2000,2500,0.532
26,1,EXACT_REPLAY,2500,3000,0.498
26,1,ELIGIBILITY_TRACE_NORM_MATCHED,2500,3000,0.502
26,1,NO_TRACE,2500,3000,0.5
26,1,EXACT_REPLAY,3000,3500,0.516
26,1,ELIGIBILITY_TRACE_NORM_MATCHED,3000,3500,0.512
26,1,NO_TRACE,3000,3500,0.514
26,1,EXACT_REPLAY,3500,4000,0.492
26,1,ELIGIBILITY_TRACE_NORM_MATCHED,3500,4000,0.478
26,1,NO_TRACE,3500,4000,0.48
26,1,EXACT_REPLAY,4000,4500,0.516
26,1,ELIGIBILITY_TRACE_NORM_MATCHED,4000,4500,0.506
26,1,NO_TRACE,4000,4500,0.506
26,1,EXACT_REPLAY,4500,5000,0.488
26,1,ELIGIBILITY_TRACE_NORM_MATCHED,4500,5000,0.48
26,1,NO_TRACE,4500,5000,0.486
26,1,EXACT_REPLAY,5000,5500,0.498
26,1,ELIGIBILITY_TRACE_NORM_MATCHED,5000,5500,0.498
26,1,NO_TRACE,5000,5500,0.488
26,1,EXACT_REPLAY,5500,6000,0.482
26,1,ELIGIBILITY_TRACE_NORM_MATCHED,5500,6000,0.48
26,1,NO_TRACE,5500,6000,0.472
26,4,EXACT_REPLAY,0,500,0.502
26,4,ELIGIBILITY_TRACE_NORM_MATCHED,0,500,0.5
26,4,NO_TRACE,0,500,0.502
26,4,EXACT_REPLAY,500,1000,0.528
26,4,ELIGIBILITY_TRACE_NORM_MATCHED,500,1000,0.534
26,4,NO_TRACE,500,1000,0.528
26,4,EXACT_REPLAY,1000,1500,0.482
26,4,ELIGIBILITY_TRACE_NORM_MATCHED,1000,1500,0.484
26,4,NO_TRACE,1000,1500,0.48
26,4,EXACT_REPLAY,1500,2000,0.524
26,4,ELIGIBILITY_TRACE_NORM_MATCHED,1500,2000,0.52
26,4,NO_TRACE,1500,2000,0.516
26,4,EXACT_REPLAY,2000,2500,0.534
26,4,ELIGIBILITY_TRACE_NORM_MATCHED,2000,2500,0.532
26,4,NO_TRACE,2000,2500,0.532
26,4,EXACT_REPLAY,2500,3000,0.5
26,4,ELIGIBILITY_TRACE_NORM_MATCHED,2500,3000,0.504
26,4,NO_TRACE,2500,3000,0.498
26,4,EXACT_REPLAY,3000,3500,0.514
26,4,ELIGIBILITY_TRACE_NORM_MATCHED,3000,3500,0.512
26,4,NO_TRACE,3000,3500,0.52
26,4,EXACT_REPLAY,3500,4000,0.488
26,4,ELIGIBILITY_TRACE_NORM_MATCHED,3500,4000,0.478
26,4,NO_TRACE,3500,4000,0.482
26,4,EXACT_REPLAY,4000,4500,0.516
26,4,ELIGIBILITY_TRACE_NORM_MATCHED,4000,4500,0.508
26,4,NO_TRACE,4000,4500,0.514
26,4,EXACT_REPLAY,4500,5000,0.488
26,4,ELIGIBILITY_TRACE_NORM_MATCHED,4500,5000,0.476
26,4,NO_TRACE,4500,5000,0.48
26,4,EXACT_REPLAY,5000,5500,0.498
26,4,ELIGIBILITY_TRACE_NORM_MATCHED,5000,5500,0.498
26,4,NO_TRACE,5000,5500,0.486
26,4,EXACT_REPLAY,5500,6000,0.482
26,4,ELIGIBILITY_TRACE_NORM_MATCHED,5500,6000,0.48
26,4,NO_TRACE,5500,6000,0.474
26,16,EXACT_REPLAY,0,500,0.502
26,16,ELIGIBILITY_TRACE_NORM_MATCHED,0,500,0.5
26,16,NO_TRACE,0,500,0.502
26,16,EXACT_REPLAY,500,1000,0.528
26,16,ELIGIBILITY_TRACE_NORM_MATCHED,500,1000,0.534
26,16,NO_TRACE,500,1000,0.532
26,16,EXACT_REPLAY,1000,1500,0.486
26,16,ELIGIBILITY_TRACE_NORM_MATCHED,1000,1500,0.48
26,16,NO_TRACE,1000,1500,0.486
26,16,EXACT_REPLAY,1500,2000,0.524
26,16,ELIGIBILITY_TRACE_NORM_MATCHED,1500,2000,0.526
26,16,NO_TRACE,1500,2000,0.518
26,16,EXACT_REPLAY,2000,2500,0.534
26,16,ELIGIBILITY_TRACE_NORM_MATCHED,2000,2500,0.534
26,16,NO_TRACE,2000,2500,0.528
26,16,EXACT_REPLAY,2500,3000,0.5
26,16,ELIGIBILITY_TRACE_NORM_MATCHED,2500,3000,0.5
26,16,NO_TRACE,2500,3000,0.498
26,16,EXACT_REPLAY,3000,3500,0.516
26,16,ELIGIBILITY_TRACE_NORM_MATCHED,3000,3500,0.516
26,16,NO_TRACE,3000,3500,0.524
26,16,EXACT_REPLAY,3500,4000,0.49
26,16,ELIGIBILITY_TRACE_NORM_MATCHED,3500,4000,0.48
26,16,NO_TRACE,3500,4000,0.478
26,16,EXACT_REPLAY,4000,4500,0.514
26,16,ELIGIBILITY_TRACE_NORM_MATCHED,4000,4500,0.512
26,16,NO_TRACE,4000,4500,0.512
26,16,EXACT_REPLAY,4500,5000,0.488
26,16,ELIGIBILITY_TRACE_NORM_MATCHED,4500,5000,0.476
26,16,NO_TRACE,4500,5000,0.482
26,16,EXACT_REPLAY,5000,5500,0.498
26,16,ELIGIBILITY_TRACE_NORM_MATCHED,5000,5500,0.498
26,16,NO_TRACE,5000,5500,0.5
26,16,EXACT_REPLAY,5500,6000,0.48
26,16,ELIGIBILITY_TRACE_NORM_MATCHED,5500,6000,0.48
26,16,NO_TRACE,5500,6000,0.486
26,64,EXACT_REPLAY,0,500,0.502
26,64,ELIGIBILITY_TRACE_NORM_MATCHED,0,500,0.502
26,64,NO_TRACE,0,500,0.498
26,64,EXACT_REPLAY,500,1000,0.526
26,64,ELIGIBILITY_TRACE_NORM_MATCHED,500,1000,0.528
26,64,NO_TRACE,500,1000,0.528
26,64,EXACT_REPLAY,1000,1500,0.486
26,64,ELIGIBILITY_TRACE_NORM_MATCHED,1000,1500,0.48
26,64,NO_TRACE,1000,1500,0.48
26,64,EXACT_REPLAY,1500,2000,0.524
26,64,ELIGIBILITY_TRACE_NORM_MATCHED,1500,2000,0.52
26,64,NO_TRACE,1500,2000,0.526
26,64,EXACT_REPLAY,2000,2500,0.53
26,64,ELIGIBILITY_TRACE_NORM_MATCHED,2000,2500,0.534
26,64,NO_TRACE,2000,2500,0.534
26,64,EXACT_REPLAY,2500,3000,0.498
26,64,ELIGIBILITY_TRACE_NORM_MATCHED,2500,3000,0.5
26,64,NO_TRACE,2500,3000,0.5
26,64,EXACT_REPLAY,3000,3500,0.516
26,64,ELIGIBILITY_TRACE_NORM_MATCHED,3000,3500,0.516
26,64,NO_TRACE,3000,3500,0.528
26,64,EXACT_REPLAY,3500,4000,0.49
26,64,ELIGIBILITY_TRACE_NORM_MATCHED,3500,4000,0.476
26,64,NO_TRACE,3500,4000,0.476
26,64,EXACT_REPLAY,4000,4500,0.514
26,64,ELIGIBILITY_TRACE_NORM_MATCHED,4000,4500,0.514
26,64,NO_TRACE,4000,4500,0.512
26,64,EXACT_REPLAY,4500,5000,0.488
26,64,ELIGIBILITY_TRACE_NORM_MATCHED,4500,5000,0.476
26,64,NO_TRACE,4500,5000,0.478
26,64,EXACT_REPLAY,5000,5500,0.498
26,64,ELIGIBILITY_TRACE_NORM_MATCHED,5000,5500,0.496
26,64,NO_TRACE,5000,5500,0.494
26,64,EXACT_REPLAY,5500,6000,0.48
26,64,ELIGIBILITY_TRACE_NORM_MATCHED,5500,6000,0.472
26,64,NO_TRACE,5500,6000,0.476
27,1,EXACT_REPLAY,0,500,0.484
27,1,ELIGIBILITY_TRACE_NORM_MATCHED,0,500,0.484
27,1,NO_TRACE,0,500,0.484
27,1,EXACT_REPLAY,500,1000,0.522
27,1,ELIGIBILITY_TRACE_NORM_MATCHED,500,1000,0.522
27,1,NO_TRACE,500,1000,0.52
27,1,EXACT_REPLAY,1000,1500,0.502
27,1,ELIGIBILITY_TRACE_NORM_MATCHED,1000,1500,0.504
27,1,NO_TRACE,1000,1500,0.504
27,1,EXACT_REPLAY,1500,2000,0.522
27,1,ELIGIBILITY_TRACE_NORM_MATCHED,1500,2000,0.514
27,1,NO_TRACE,1500,2000,0.516
27,1,EXACT_REPLAY,2000,2500,0.518
27,1,ELIGIBILITY_TRACE_NORM_MATCHED,2000,2500,0.52
27,1,NO_TRACE,2000,2500,0.516
27,1,EXACT_REPLAY,2500,3000,0.472
27,1,ELIGIBILITY_TRACE_NORM_MATCHED,2500,3000,0.462
27,1,NO_TRACE,2500,3000,0.46
27,1,EXACT_REPLAY,3000,3500,0.554
27,1,ELIGIBILITY_TRACE_NORM_MATCHED,3000,3500,0.556
27,1,NO_TRACE,3000,3500,0.546
27,1,EXACT_REPLAY,3500,4000,0.494
27,1,ELIGIBILITY_TRACE_NORM_MATCHED,3500,4000,0.484
27,1,NO_TRACE,3500,4000,0.482
27,1,EXACT_REPLAY,4000,4500,0.522
27,1,ELIGIBILITY_TRACE_NORM_MATCHED,4000,4500,0.516
27,1,NO_TRACE,4000,4500,0.518
27,1,EXACT_REPLAY,4500,5000,0.5
27,1,ELIGIBILITY_TRACE_NORM_MATCHED,4500,5000,0.5
27,1,NO_TRACE,4500,5000,0.494
27,1,EXACT_REPLAY,5000,5500,0.518
27,1,ELIGIBILITY_TRACE_NORM_MATCHED,5000,5500,0.518
27,1,NO_TRACE,5000,5500,0.524
27,1,EXACT_REPLAY,5500,6000,0.518
27,1,ELIGIBILITY_TRACE_NORM_MATCHED,5500,6000,0.512
27,1,NO_TRACE,5500,6000,0.504
27,4,EXACT_REPLAY,0,500,0.484
27,4,ELIGIBILITY_TRACE_NORM_MATCHED,0,500,0.482
27,4,NO_TRACE,0,500,0.484
27,4,EXACT_REPLAY,500,1000,0.522
27,4,ELIGIBILITY_TRACE_NORM_MATCHED,500,1000,0.522
27,4,NO_TRACE,500,1000,0.522
27,4,EXACT_REPLAY,1000,1500,0.502
27,4,ELIGIBILITY_TRACE_NORM_MATCHED,1000,1500,0.502
27,4,NO_TRACE,1000,1500,0.498
27,4,EXACT_REPLAY,1500,2000,0.522
27,4,ELIGIBILITY_TRACE_NORM_MATCHED,1500,2000,0.514
27,4,NO_TRACE,1500,2000,0.512
27,4,EXACT_REPLAY,2000,2500,0.518
27,4,ELIGIBILITY_TRACE_NORM_MATCHED,2000,2500,0.524
27,4,NO_TRACE,2000,2500,0.514
27,4,EXACT_REPLAY,2500,3000,0.47
27,4,ELIGIBILITY_TRACE_NORM_MATCHED,2500,3000,0.466
27,4,NO_TRACE,2500,3000,0.462
27,4,EXACT_REPLAY,3000,3500,0.554
27,4,ELIGIBILITY_TRACE_NORM_MATCHED,3000,3500,0.554
27,4,NO_TRACE,3000,3500,0.55
27,4,EXACT_REPLAY,3500,4000,0.494
27,4,ELIGIBILITY_TRACE_NORM_MATCHED,3500,4000,0.486
27,4,NO_TRACE,3500,4000,0.49
27,4,EXACT_REPLAY,4000,4500,0.524
27,4,ELIGIBILITY_TRACE_NORM_MATCHED,4000,4500,0.516
27,4,NO_TRACE,4000,4500,0.52
27,4,EXACT_REPLAY,4500,5000,0.498
27,4,ELIGIBILITY_TRACE_NORM_MATCHED,4500,5000,0.498
27,4,NO_TRACE,4500,5000,0.488
27,4,EXACT_REPLAY,5000,5500,0.518
27,4,ELIGIBILITY_TRACE_NORM_MATCHED,5000,5500,0.518
27,4,NO_TRACE,5000,5500,0.518
27,4,EXACT_REPLAY,5500,6000,0.518
27,4,ELIGIBILITY_TRACE_NORM_MATCHED,5500,6000,0.51
27,4,NO_TRACE,5500,6000,0.512
27,16,EXACT_REPLAY,0,500,0.484
27,16,ELIGIBILITY_TRACE_NORM_MATCHED,0,500,0.482
27,16,NO_TRACE,0,500,0.484
27,16,EXACT_REPLAY,500,1000,0.522
27,16,ELIGIBILITY_TRACE_NORM_MATCHED,500,1000,0.522
27,16,NO_TRACE,500,1000,0.524
27,16,EXACT_REPLAY,1000,1500,0.504
27,16,ELIGIBILITY_TRACE_NORM_MATCHED,1000,1500,0.502
27,16,NO_TRACE,1000,1500,0.504
27,16,EXACT_REPLAY,1500,2000,0.522
27,16,ELIGIBILITY_TRACE_NORM_MATCHED,1500,2000,0.512
27,16,NO_TRACE,1500,2000,0.52
27,16,EXACT_REPLAY,2000,2500,0.522
27,16,ELIGIBILITY_TRACE_NORM_MATCHED,2000,2500,0.514
27,16,NO_TRACE,2000,2500,0.52
27,16,EXACT_REPLAY,2500,3000,0.47
27,16,ELIGIBILITY_TRACE_NORM_MATCHED,2500,3000,0.458
27,16,NO_TRACE,2500,3000,0.466
27,16,EXACT_REPLAY,3000,3500,0.554
27,16,ELIGIBILITY_TRACE_NORM_MATCHED,3000,3500,0.55
27,16,NO_TRACE,3000,3500,0.552
27,16,EXACT_REPLAY,3500,4000,0.494
27,16,ELIGIBILITY_TRACE_NORM_MATCHED,3500,4000,0.484
27,16,NO_TRACE,3500,4000,0.484
27,16,EXACT_REPLAY,4000,4500,0.524
27,16,ELIGIBILITY_TRACE_NORM_MATCHED,4000,4500,0.522
27,16,NO_TRACE,4000,4500,0.526
27,16,EXACT_REPLAY,4500,5000,0.498
27,16,ELIGIBILITY_TRACE_NORM_MATCHED,4500,5000,0.49
27,16,NO_TRACE,4500,5000,0.49
27,16,EXACT_REPLAY,5000,5500,0.518
27,16,ELIGIBILITY_TRACE_NORM_MATCHED,5000,5500,0.522
27,16,NO_TRACE,5000,5500,0.516
27,16,EXACT_REPLAY,5500,6000,0.518
27,16,ELIGIBILITY_TRACE_NORM_MATCHED,5500,6000,0.506
27,16,NO_TRACE,5500,6000,0.504
27,64,EXACT_REPLAY,0,500,0.484
27,64,ELIGIBILITY_TRACE_NORM_MATCHED,0,500,0.484
27,64,NO_TRACE,0,500,0.478
27,64,EXACT_REPLAY,500,1000,0.524
27,64,ELIGIBILITY_TRACE_NORM_MATCHED,500,1000,0.524
27,64,NO_TRACE,500,1000,0.522
27,64,EXACT_REPLAY,1000,1500,0.502
27,64,ELIGIBILITY_TRACE_NORM_MATCHED,1000,1500,0.502
27,64,NO_TRACE,1000,1500,0.504
27,64,EXACT_REPLAY,1500,2000,0.522
27,64,ELIGIBILITY_TRACE_NORM_MATCHED,1500,2000,0.514
27,64,NO_TRACE,1500,2000,0.514
27,64,EXACT_REPLAY,2000,2500,0.52
27,64,ELIGIBILITY_TRACE_NORM_MATCHED,2000,2500,0.514
27,64,NO_TRACE,2000,2500,0.516
27,64,EXACT_REPLAY,2500,3000,0.472
27,64,ELIGIBILITY_TRACE_NORM_MATCHED,2500,3000,0.466
27,64,NO_TRACE,2500,3000,0.46
27,64,EXACT_REPLAY,3000,3500,0.554
27,64,ELIGIBILITY_TRACE_NORM_MATCHED,3000,3500,0.548
27,64,NO_TRACE,3000,3500,0.544
27,64,EXACT_REPLAY,3500,4000,0.494
27,64,ELIGIBILITY_TRACE_NORM_MATCHED,3500,4000,0.484
27,64,NO_TRACE,3500,4000,0.482
27,64,EXACT_REPLAY,4000,4500,0.52
27,64,ELIGIBILITY_TRACE_NORM_MATCHED,4000,4500,0.516
27,64,NO_TRACE,4000,4500,0.518
27,64,EXACT_REPLAY,4500,5000,0.498
27,64,ELIGIBILITY_TRACE_NORM_MATCHED,4500,5000,0.496
27,64,NO_TRACE,4500,5000,0.498
27,64,EXACT_REPLAY,5000,5500,0.518
27,64,ELIGIBILITY_TRACE_NORM_MATCHED,5000,5500,0.514
27,64,NO_TRACE,5000,5500,0.518
27,64,EXACT_REPLAY,5500,6000,0.52
27,64,ELIGIBILITY_TRACE_NORM_MATCHED,5500,6000,0.506
27,64,NO_TRACE,5500,6000,0.508
28,1,EXACT_REPLAY,0,500,0.498
28,1,ELIGIBILITY_TRACE_NORM_MATCHED,0,500,0.498
28,1,NO_TRACE,0,500,0.498
28,1,EXACT_REPLAY,500,1000,0.49
28,1,ELIGIBILITY_TRACE_NORM_MATCHED,500,1000,0.486
28,1,NO_TRACE,500,1000,0.486
28,1,EXACT_REPLAY,1000,1500,0.482
28,1,ELIGIBILITY_TRACE_NORM_MATCHED,1000,1500,0.484
28,1,NO_TRACE,1000,1500,0.482
28,1,EXACT_REPLAY,1500,2000,0.51
28,1,ELIGIBILITY_TRACE_NORM_MATCHED,1500,2000,0.5
28,1,NO_TRACE,1500,2000,0.498
28,1,EXACT_REPLAY,2000,2500,0.5
28,1,ELIGIBILITY_TRACE_NORM_MATCHED,2000,2500,0.494
28,1,NO_TRACE,2000,2500,0.496
28,1,EXACT_REPLAY,2500,3000,0.548
28,1,ELIGIBILITY_TRACE_NORM_MATCHED,2500,3000,0.544
28,1,NO_TRACE,2500,3000,0.552
28,1,EXACT_REPLAY,3000,3500,0.53
28,1,ELIGIBILITY_TRACE_NORM_MATCHED,3000,3500,0.536
28,1,NO_TRACE,3000,3500,0.54
28,1,EXACT_REPLAY,3500,4000,0.52
28,1,ELIGIBILITY_TRACE_NORM_MATCHED,3500,4000,0.516
28,1,NO_TRACE,3500,4000,0.512
28,1,EXACT_REPLAY,4000,4500,0.484
28,1,ELIGIBILITY_TRACE_NORM_MATCHED,4000,4500,0.49
28,1,NO_TRACE,4000,4500,0.494
28,1,EXACT_REPLAY,4500,5000,0.522
28,1,ELIGIBILITY_TRACE_NORM_MATCHED,4500,5000,0.52
28,1,NO_TRACE,4500,5000,0.526
28,1,EXACT_REPLAY,5000,5500,0.51
28,1,ELIGIBILITY_TRACE_NORM_MATCHED,5000,5500,0.51
28,1,NO_TRACE,5000,5500,0.512
28,1,EXACT_REPLAY,5500,6000,0.488
28,1,ELIGIBILITY_TRACE_NORM_MATCHED,5500,6000,0.482
28,1,NO_TRACE,5500,6000,0.478
28,4,EXACT_REPLAY,0,500,0.498
28,4,ELIGIBILITY_TRACE_NORM_MATCHED,0,500,0.498
28,4,NO_TRACE,0,500,0.494
28,4,EXACT_REPLAY,500,1000,0.49
28,4,ELIGIBILITY_TRACE_NORM_MATCHED,500,1000,0.486
28,4,NO_TRACE,500,1000,0.484
28,4,EXACT_REPLAY,1000,1500,0.482
28,4,ELIGIBILITY_TRACE_NORM_MATCHED,1000,1500,0.484
28,4,NO_TRACE,1000,1500,0.48
28,4,EXACT_REPLAY,1500,2000,0.506
28,4,ELIGIBILITY_TRACE_NORM_MATCHED,1500,2000,0.502
28,4,NO_TRACE,1500,2000,0.502
28,4,EXACT_REPLAY,2000,2500,0.5
28,4,ELIGIBILITY_TRACE_NORM_MATCHED,2000,2500,0.498
28,4,NO_TRACE,2000,2500,0.494
28,4,EXACT_REPLAY,2500,3000,0.548
28,4,ELIGIBILITY_TRACE_NORM_MATCHED,2500,3000,0.548
28,4,NO_TRACE,2500,3000,0.546
28,4,EXACT_REPLAY,3000,3500,0.532
28,4,ELIGIBILITY_TRACE_NORM_MATCHED,3000,3500,0.542
28,4,NO_TRACE,3000,3500,0.54
28,4,EXACT_REPLAY,3500,4000,0.52
28,4,ELIGIBILITY_TRACE_NORM_MATCHED,3500,4000,0.512
28,4,NO_TRACE,3500,4000,0.514
28,4,EXACT_REPLAY,4000,4500,0.488
28,4,ELIGIBILITY_TRACE_NORM_MATCHED,4000,4500,0.492
28,4,NO_TRACE,4000,4500,0.5
28,4,EXACT_REPLAY,4500,5000,0.522
28,4,ELIGIBILITY_TRACE_NORM_MATCHED,4500,5000,0.522
28,4,NO_TRACE,4500,5000,0.524
28,4,EXACT_REPLAY,5000,5500,0.512
28,4,ELIGIBILITY_TRACE_NORM_MATCHED,5000,5500,0.514
28,4,NO_TRACE,5000,5500,0.51
28,4,EXACT_REPLAY,5500,6000,0.49
28,4,ELIGIBILITY_TRACE_NORM_MATCHED,5500,6000,0.478
28,4,NO_TRACE,5500,6000,0.476
28,16,EXACT_REPLAY,0,500,0.498
28,16,ELIGIBILITY_TRACE_NORM_MATCHED,0,500,0.498
28,16,NO_TRACE,0,500,0.496
28,16,EXACT_REPLAY,500,1000,0.49
28,16,ELIGIBILITY_TRACE_NORM_MATCHED,500,1000,0.484
28,16,NO_TRACE,500,1000,0.484
28,16,EXACT_REPLAY,1000,1500,0.482
28,16,ELIGIBILITY_TRACE_NORM_MATCHED,1000,1500,0.484
28,16,NO_TRACE,1000,1500,0.478
28,16,EXACT_REPLAY,1500,2000,0.506
28,16,ELIGIBILITY_TRACE_NORM_MATCHED,1500,2000,0.502
28,16,NO_TRACE,1500,2000,0.502
28,16,EXACT_REPLAY,2000,2500,0.498
28,16,ELIGIBILITY_TRACE_NORM_MATCHED,2000,2500,0.498
28,16,NO_TRACE,2000,2500,0.5
28,16,EXACT_REPLAY,2500,3000,0.548
28,16,ELIGIBILITY_TRACE_NORM_MATCHED,2500,3000,0.548
28,16,NO_TRACE,2500,3000,0.542
28,16,EXACT_REPLAY,3000,3500,0.53
28,16,ELIGIBILITY_TRACE_NORM_MATCHED,3000,3500,0.54
28,16,NO_TRACE,3000,3500,0.542
28,16,EXACT_REPLAY,3500,4000,0.52
28,16,ELIGIBILITY_TRACE_NORM_MATCHED,3500,4000,0.512
28,16,NO_TRACE,3500,4000,0.514
28,16,EXACT_REPLAY,4000,4500,0.488
28,16,ELIGIBILITY_TRACE_NORM_MATCHED,4000,4500,0.496
28,16,NO_TRACE,4000,4500,0.494
28,16,EXACT_REPLAY,4500,5000,0.522
28,16,ELIGIBILITY_TRACE_NORM_MATCHED,4500,5000,0.52
28,16,NO_TRACE,4500,5000,0.524
28,16,EXACT_REPLAY,5000,5500,0.512
28,16,ELIGIBILITY_TRACE_NORM_MATCHED,5000,5500,0.51
28,16,NO_TRACE,5000,5500,0.508
28,16,EXACT_REPLAY,5500,6000,0.49
28,16,ELIGIBILITY_TRACE_NORM_MATCHED,5500,6000,0.478
28,16,NO_TRACE,5500,6000,0.468
28,64,EXACT_REPLAY,0,500,0.496
28,64,ELIGIBILITY_TRACE_NORM_MATCHED,0,500,0.498
28,64,NO_TRACE,0,500,0.494
28,64,EXACT_REPLAY,500,1000,0.492
28,64,ELIGIBILITY_TRACE_NORM_MATCHED,500,1000,0.482
28,64,NO_TRACE,500,1000,0.486
28,64,EXACT_REPLAY,1000,1500,0.482
28,64,ELIGIBILITY_TRACE_NORM_MATCHED,1000,1500,0.482
28,64,NO_TRACE,1000,1500,0.48
28,64,EXACT_REPLAY,1500,2000,0.51
28,64,ELIGIBILITY_TRACE_NORM_MATCHED,1500,2000,0.506
28,64,NO_TRACE,1500,2000,0.506
28,64,EXACT_REPLAY,2000,2500,0.5
28,64,ELIGIBILITY_TRACE_NORM_MATCHED,2000,2500,0.498
28,64,NO_TRACE,2000,2500,0.498
28,64,EXACT_REPLAY,2500,3000,0.546
28,64,ELIGIBILITY_TRACE_NORM_MATCHED,2500,3000,0.542
28,64,NO_TRACE,2500,3000,0.548
28,64,EXACT_REPLAY,3000,3500,0.53
28,64,ELIGIBILITY_TRACE_NORM_MATCHED,3000,3500,0.538
28,64,NO_TRACE,3000,3500,0.538
28,64,EXACT_REPLAY,3500,4000,0.518
28,64,ELIGIBILITY_TRACE_NORM_MATCHED,3500,4000,0.518
28,64,NO_TRACE,3500,4000,0.514
28,64,EXACT_REPLAY,4000,4500,0.486
28,64,ELIGIBILITY_TRACE_NORM_MATCHED,4000,4500,0.498
28,64,NO_TRACE,4000,4500,0.498
28,64,EXACT_REPLAY,4500,5000,0.522
28,64,ELIGIBILITY_TRACE_NORM_MATCHED,4500,5000,0.522
28,64,NO_TRACE,4500,5000,0.524
28,64,EXACT_REPLAY,5000,5500,0.514
28,64,ELIGIBILITY_TRACE_NORM_MATCHED,5000,5500,0.508
28,64,NO_TRACE,5000,5500,0.514
28,64,EXACT_REPLAY,5500,6000,0.488
28,64,ELIGIBILITY_TRACE_NORM_MATCHED,5500,6000,0.482
28,64,NO_TRACE,5500,6000,0.478
29,1,EXACT_REPLAY,0,500,0.496
29,1,ELIGIBILITY_TRACE_NORM_MATCHED,0,500,0.5
29,1,NO_TRACE,0,500,0.496
29,1,EXACT_REPLAY,500,1000,0.49
29,1,ELIGIBILITY_TRACE_NORM_MATCHED,500,1000,0.486
29,1,NO_TRACE,500,1000,0.49
29,1,EXACT_REPLAY,1000,1500,0.474
29,1,ELIGIBILITY_TRACE_NORM_MATCHED,1000,1500,0.468
29,1,NO_TRACE,1000,1500,0.468
29,1,EXACT_REPLAY,1500,2000,0.512
29,1,ELIGIBILITY_TRACE_NORM_MATCHED,1500,2000,0.514
29,1,NO_TRACE,1500,2000,0.514
29,1,EXACT_REPLAY,2000,2500,0.52
29,1,ELIGIBILITY_TRACE_NORM_MATCHED,2000,2500,0.514
29,1,NO_TRACE,2000,2500,0.52
29,1,EXACT_REPLAY,2500,3000,0.49
29,1,ELIGIBILITY_TRACE_NORM_MATCHED,2500,3000,0.49
29,1,NO_TRACE,2500,3000,0.494
29,1,EXACT_REPLAY,3000,3500,0.496
29,1,ELIGIBILITY_TRACE_NORM_MATCHED,3000,3500,0.49
29,1,NO_TRACE,3000,3500,0.494
29,1,EXACT_REPLAY,3500,4000,0.474
29,1,ELIGIBILITY_TRACE_NORM_MATCHED,3500,4000,0.472
29,1,NO_TRACE,3500,4000,0.47
29,1,EXACT_REPLAY,4000,4500,0.478
29,1,ELIGIBILITY_TRACE_NORM_MATCHED,4000,4500,0.466
29,1,NO_TRACE,4000,4500,0.472
29,1,EXACT_REPLAY,4500,5000,0.516
29,1,ELIGIBILITY_TRACE_NORM_MATCHED,4500,5000,0.5
29,1,NO_TRACE,4500,5000,0.506
29,1,EXACT_REPLAY,5000,5500,0.52
29,1,ELIGIBILITY_TRACE_NORM_MATCHED,5000,5500,0.514
29,1,NO_TRACE,5000,5500,0.506
29,1,EXACT_REPLAY,5500,6000,0.502
29,1,ELIGIBILITY_TRACE_NORM_MATCHED,5500,6000,0.504
29,1,NO_TRACE,5500,6000,0.508
29,4,EXACT_REPLAY,0,500,0.496
29,4,ELIGIBILITY_TRACE_NORM_MATCHED,0,500,0.496
29,4,NO_TRACE,0,500,0.496
29,4,EXACT_REPLAY,500,1000,0.49
29,4,ELIGIBILITY_TRACE_NORM_MATCHED,500,1000,0.488
29,4,NO_TRACE,500,1000,0.49
29,4,EXACT_REPLAY,1000,1500,0.476
29,4,ELIGIBILITY_TRACE_NORM_MATCHED,1000,1500,0.468
29,4,NO_TRACE,1000,1500,0.464
29,4,EXACT_REPLAY,1500,2000,0.512
29,4,ELIGIBILITY_TRACE_NORM_MATCHED,1500,2000,0.516
29,4,NO_TRACE,1500,2000,0.512
29,4,EXACT_REPLAY,2000,2500,0.52
29,4,ELIGIBILITY_TRACE_NORM_MATCHED,2000,2500,0.516
29,4,NO_TRACE,2000,2500,0.516
29,4,EXACT_REPLAY,2500,3000,0.49
29,4,ELIGIBILITY_TRACE_NORM_MATCHED,2500,3000,0.492
29,4,NO_TRACE,2500,3000,0.492
29,4,EXACT_REPLAY,3000,3500,0.494
29,4,ELIGIBILITY_TRACE_NORM_MATCHED,3000,3500,0.49
29,4,NO_TRACE,3000,3500,0.502
29,4,EXACT_REPLAY,3500,4000,0.476
29,4,ELIGIBILITY_TRACE_NORM_MATCHED,3500,4000,0.47
29,4,NO_TRACE,3500,4000,0.474
29,4,EXACT_REPLAY,4000,4500,0.478
29,4,ELIGIBILITY_TRACE_NORM_MATCHED,4000,4500,0.464
29,4,NO_TRACE,4000,4500,0.474
29,4,EXACT_REPLAY,4500,5000,0.516
29,4,ELIGIBILITY_TRACE_NORM_MATCHED,4500,5000,0.502
29,4,NO_TRACE,4500,5000,0.502
29,4,EXACT_REPLAY,5000,5500,0.52
29,4,ELIGIBILITY_TRACE_NORM_MATCHED,5000,5500,0.516
29,4,NO_TRACE,5000,5500,0.506
29,4,EXACT_REPLAY,5500,6000,0.5
29,4,ELIGIBILITY_TRACE_NORM_MATCHED,5500,6000,0.502
29,4,NO_TRACE,5500,6000,0.506
29,16,EXACT_REPLAY,0,500,0.496
29,16,ELIGIBILITY_TRACE_NORM_MATCHED,0,500,0.498
29,16,NO_TRACE,0,500,0.504
29,16,EXACT_REPLAY,500,1000,0.49
29,16,ELIGIBILITY_TRACE_NORM_MATCHED,500,1000,0.49
29,16,NO_TRACE,500,1000,0.484
29,16,EXACT_REPLAY,1000,1500,0.478
29,16,ELIGIBILITY_TRACE_NORM_MATCHED,1000,1500,0.47
29,16,NO_TRACE,1000,1500,0.47
29,16,EXACT_REPLAY,1500,2000,0.514
29,16,ELIGIBILITY_TRACE_NORM_MATCHED,1500,2000,0.512
29,16,NO_TRACE,1500,2000,0.512
29,16,EXACT_REPLAY,2000,2500,0.52
29,16,ELIGIBILITY_TRACE_NORM_MATCHED,2000,2500,0.518
29,16,NO_TRACE,2000,2500,0.52
29,16,EXACT_REPLAY,2500,3000,0.49
29,16,ELIGIBILITY_TRACE_NORM_MATCHED,2500,3000,0.492
29,16,NO_TRACE,2500,3000,0.49
29,16,EXACT_REPLAY,3000,3500,0.496
29,16,ELIGIBILITY_TRACE_NORM_MATCHED,3000,3500,0.498
29,16,NO_TRACE,3000,3500,0.5
29,16,EXACT_REPLAY,3500,4000,0.476
29,16,ELIGIBILITY_TRACE_NORM_MATCHED,3500,4000,0.466
29,16,NO_TRACE,3500,4000,0.476
29,16,EXACT_REPLAY,4000,4500,0.476
29,16,ELIGIBILITY_TRACE_NORM_MATCHED,4000,4500,0.47
29,16,NO_TRACE,4000,4500,0.472
29,16,EXACT_REPLAY,4500,5000,0.514
29,16,ELIGIBILITY_TRACE_NORM_MATCHED,4500,5000,0.504
29,16,NO_TRACE,4500,5000,0.504
29,16,EXACT_REPLAY,5000,5500,0.518
29,16,ELIGIBILITY_TRACE_NORM_MATCHED,5000,5500,0.508
29,16,NO_TRACE,5000,5500,0.508
29,16,EXACT_REPLAY,5500,6000,0.5
29,16,ELIGIBILITY_TRACE_NORM_MATCHED,5500,6000,0.502
29,16,NO_TRACE,5500,6000,0.51
29,64,EXACT_REPLAY,0,500,0.498
29,64,ELIGIBILITY_TRACE_NORM_MATCHED,0,500,0.5
29,64,NO_TRACE,0,500,0.502
29,64,EXACT_REPLAY,500,1000,0.49
29,64,ELIGIBILITY_TRACE_NORM_MATCHED,500,1000,0.486
29,64,NO_TRACE,500,1000,0.488
29,64,EXACT_REPLAY,1000,1500,0.478
29,64,ELIGIBILITY_TRACE_NORM_MATCHED,1000,1500,0.472
29,64,NO_TRACE,1000,1500,0.468
29,64,EXACT_REPLAY,1500,2000,0.514
29,64,ELIGIBILITY_TRACE_NORM_MATCHED,1500,2000,0.516
29,64,NO_TRACE,1500,2000,0.512
29,64,EXACT_REPLAY,2000,2500,0.52
29,64,ELIGIBILITY_TRACE_NORM_MATCHED,2000,2500,0.518
29,64,NO_TRACE,2000,2500,0.518
29,64,EXACT_REPLAY,2500,3000,0.494
29,64,ELIGIBILITY_TRACE_NORM_MATCHED,2500,3000,0.496
29,64,NO_TRACE,2500,3000,0.49
29,64,EXACT_REPLAY,3000,3500,0.496
29,64,ELIGIBILITY_TRACE_NORM_MATCHED,3000,3500,0.5
29,64,NO_TRACE,3000,3500,0.502
29,64,EXACT_REPLAY,3500,4000,0.476
29,64,ELIGIBILITY_TRACE_NORM_MATCHED,3500,4000,0.472
29,64,NO_TRACE,3500,4000,0.468
29,64,EXACT_REPLAY,4000,4500,0.474
29,64,ELIGIBILITY_TRACE_NORM_MATCHED,4000,4500,0.468
29,64,NO_TRACE,4000,4500,0.474
29,64,EXACT_REPLAY,4500,5000,0.516
29,64,ELIGIBILITY_TRACE_NORM_MATCHED,4500,5000,0.504
29,64,NO_TRACE,4500,5000,0.5
29,64,EXACT_REPLAY,5000,5500,0.514
29,64,ELIGIBILITY_TRACE_NORM_MATCHED,5000,5500,0.504
29,64,NO_TRACE,5000,5500,0.504
29,64,EXACT_REPLAY,5500,6000,0.498
29,64,ELIGIBILITY_TRACE_NORM_MATCHED,5500,6000,0.496
29,64,NO_TRACE,5500,6000,0.506
