condition,hazard,noise_sd,episode,alpha,accuracy,switch_rate
1,0.08,0.5,0,0.0,0.8175,0.145
1,0.08,0.5,0,0.25,0.8275,0.125
1,0.08,0.5,0,0.5,0.8225,0.11
1,0.08,0.5,0,0.75,0.81,0.095
1,0.08,0.5,0,1.0,0.825,0.075
1,0.08,0.5,0,-0.5,0.7725,0.32
1,0.08,0.5,1,0.0,0.89,0.1625
1,0.08,0.5,1,0.25,0.8875,0.1375
1,0.08,0.5,1,0.5,0.8775,0.1225
1,0.08,0.5,1,0.75,0.865,0.1125
1,0.08,0.5,1,1.0,0.8475,0.1025
1,0.08,0.5,1,-0.5,0.83,0.3025
1,0.08,0.5,2,0.0,0.8725,0.125
1,0.08,0.5,2,0.25,0.88,0.11
1,0.08,0.5,2,0.5,0.8725,0.1
1,0.08,0.5,2,0.75,0.845,0.09
1,0.08,0.5,2,1.0,0.82,0.085
1,0.08,0.5,2,-0.5,0.81,0.29
1,0.08,0.5,3,0.0,0.83,0.1425
1,0.08,0.5,3,0.25,0.845,0.1075
1,0.08,0.5,3,0.5,0.8525,0.0925
1,0.08,0.5,3,0.75,0.8375,0.0875
1,0.08,0.5,3,1.0,0.8075,0.0825
1,0.08,0.5,3,-0.5,0.76,0.3225
1,0.08,0.5,4,0.0,0.88,0.1275
1,0.08,0.5,4,0.25,0.89,0.0975
1,0.08,0.5,4,0.5,0.8825,0.0875
1,0.08,0.5,4,0.75,0.875,0.075
1,0.08,0.5,4,1.0,0.835,0.065
1,0.08,0.5,4,-0.5,0.8075,0.3025
1,0.08,0.5,5,0.0,0.8775,0.115
1,0.08,0.5,5,0.25,0.8875,0.1
1,0.08,0.5,5,0.5,0.8875,0.075
1,0.08,0.5,5,0.75,0.87,0.07
1,0.08,0.5,5,1.0,0.87,0.055
1,0.08,0.5,5,-0.5,0.8075,0.29
1,0.08,0.5,6,0.0,0.835,0.14
1,0.08,0.5,6,0.25,0.84,0.12
1,0.08,0.5,6,0.5,0.8375,0.12
1,0.08,0.5,6,0.75,0.825,0.115
1,0.08,0.5,6,1.0,0.8075,0.105
1,0.08,0.5,6,-0.5,0.765,0.325
1,0.08,0.5,7,0.0,0.885,0.1375
1,0.08,0.5,7,0.25,0.9,0.1075
1,0.08,0.5,7,0.5,0.9,0.0975
1,0.08,0.5,7,0.75,0.88,0.0975
1,0.08,0.5,7,1.0,0.8825,0.0975
1,0.08,0.5,7,-0.5,0.8075,0.3125
1,0.08,0.5,8,0.0,0.8425,0.155
1,0.08,0.5,8,0.25,0.855,0.135
1,0.08,0.5,8,0.5,0.855,0.12
1,0.08,0.5,8,0.75,0.8375,0.12
1,0.08,0.5,8,1.0,0.78,0.09
1,0.08,0.5,8,-0.5,0.7825,0.315
1,0.08,0.5,9,0.0,0.775,0.13
1,0.08,0.5,9,0.25,0.78,0.12
1,0.08,0.5,9,0.5,0.7625,0.115
1,0.08,0.5,9,0.75,0.745,0.105
1,0.08,0.5,9,1.0,0.7,0.09
1,0.08,0.5,9,-0.5,0.7225,0.335
1,0.08,0.5,10,0.0,0.895,0.12
1,0.08,0.5,10,0.25,0.8975,0.115
1,0.08,0.5,10,0.5,0.9,0.105
1,0.08,0.5,10,0.75,0.8825,0.085
1,0.08,0.5,10,1.0,0.875,0.08
1,0.08,0.5,10,-0.5,0.8,0.295
1,0.08,0.5,11,0.0,0.8275,0.135
1,0.08,0.5,11,0.25,0.8325,0.12
1,0.08,0.5,11,0.5,0.82,0.11
1,0.08,0.5,11,0.75,0.805,0.11
1,0.08,0.5,11,1.0,0.7625,0.095
1,0.08,0.5,11,-0.5,0.7725,0.28
1,0.08,0.5,12,0.0,0.835,0.1575
1,0.08,0.5,12,0.25,0.8525,0.1025
1,0.08,0.5,12,0.5,0.85,0.1025
1,0.08,0.5,12,0.75,0.8375,0.0875
1,0.08,0.5,12,1.0,0.8275,0.0775
1,0.08,0.5,12,-0.5,0.785,0.3175
1,0.08,0.5,13,0.0,0.905,0.13
1,0.08,0.5,13,0.25,0.9025,0.13
1,0.08,0.5,13,0.5,0.9025,0.115
1,0.08,0.5,13,0.75,0.88,0.1
1,0.08,0.5,13,1.0,0.8575,0.09
1,0.08,0.5,13,-0.5,0.8325,0.2975
1,0.08,0.5,14,0.0,0.8675,0.1125
1,0.08,0.5,14,0.25,0.8725,0.1
1,0.08,0.5,14,0.5,0.8775,0.095
1,0.08,0.5,14,0.75,0.875,0.085
1,0.08,0.5,14,1.0,0.855,0.075
1,0.08,0.5,14,-0.5,0.79,0.2975
1,0.08,0.5,15,0.0,0.9,0.1275
1,0.08,0.5,15,0.25,0.91,0.0925
1,0.08,0.5,15,0.5,0.915,0.0775
1,0.08,0.5,15,0.75,0.9025,0.0775
1,0.08,0.5,15,1.0,0.8825,0.0625
1,0.08,0.5,15,-0.5,0.82,0.3075
1,0.08,0.5,16,0.0,0.895,0.1475
1,0.08,0.5,16,0.25,0.92,0.105
1,0.08,0.5,16,0.5,0.9225,0.095
1,0.08,0.5,16,0.75,0.9025,0.085
1,0.08,0.5,16,1.0,0.8675,0.08
1,0.08,0.5,16,-0.5,0.8,0.3375
1,0.08,0.5,17,0.0,0.935,0.1075
1,0.08,0.5,17,0.25,0.9425,0.0875
1,0.08,0.5,17,0.5,0.9475,0.0825
1,0.08,0.5,17,0.75,0.9325,0.0775
1,0.08,0.5,17,1.0,0.905,0.0775
1,0.08,0.5,17,-0.5,0.8525,0.3025
1,0.08,0.5,18,0.0,0.87,0.135
1,0.08,0.5,18,0.25,0.8825,0.1
1,0.08,0.5,18,0.5,0.8875,0.095
1,0.08,0.5,18,0.75,0.875,0.08
1,0.08,0.5,18,1.0,0.855,0.075
1,0.08,0.5,18,-0.5,0.8125,0.27
1,0.08,0.5,19,0.0,0.8425,0.17
1,0.08,0.5,19,0.25,0.86,0.135
1,0.08,0.5,19,0.5,0.8625,0.11
1,0.08,0.5,19,0.75,0.845,0.105
1,0.08,0.5,19,1.0,0.82,0.095
1,0.08,0.5,19,-0.5,0.7625,0.36
1,0.08,0.5,20,0.0,0.845,0.14
1,0.08,0.5,20,0.25,0.85,0.105
1,0.08,0.5,20,0.5,0.8325,0.1
1,0.08,0.5,20,0.75,0.835,0.09
1,0.08,0.5,20,1.0,0.8275,0.085
1,0.08,0.5,20,-0.5,0.785,0.315
1,0.08,0.5,21,0.0,0.8275,0.1325
1,0.08,0.5,21,0.25,0.825,0.1025
1,0.08,0.5,21,0.5,0.825,0.0925
1,0.08,0.5,21,0.75,0.81,0.0875
1,0.08,0.5,21,1.0,0.805,0.0825
1,0.08,0.5,21,-0.5,0.7925,0.2925
1,0.08,0.5,22,0.0,0.8775,0.1525
1,0.08,0.5,22,0.25,0.8925,0.1125
1,0.08,0.5,22,0.5,0.8825,0.1125
1,0.08,0.5,22,0.75,0.875,0.1075
1,0.08,0.5,22,1.0,0.86,0.0875
1,0.08,0.5,22,-0.5,0.8,0.3425
1,0.08,0.5,23,0.0,0.905,0.1275
1,0.08,0.5,23,0.25,0.91,0.1075
1,0.08,0.5,23,0.5,0.9175,0.095
1,0.08,0.5,23,0.75,0.91,0.095
1,0.08,0.5,23,1.0,0.8625,0.08
1,0.08,0.5,23,-0.5,0.8325,0.2625
1,0.08,0.5,24,0.0,0.905,0.1525
1,0.08,0.5,24,0.25,0.91,0.1375
1,0.08,0.5,24,0.5,0.9,0.1275
1,0.08,0.5,24,0.75,0.87,0.1175
1,0.08,0.5,24,1.0,0.8375,0.0925
1,0.08,0.5,24,-0.5,0.8125,0.3425
1,0.08,0.5,25,0.0,0.83,0.12
1,0.08,0.5,25,0.25,0.83,0.115
1,0.08,0.5,25,0.5,0.835,0.105
1,0.08,0.5,25,0.75,0.8225,0.095
1,0.08,0.5,25,1.0,0.8025,0.085
1,0.08,0.5,25,-0.5,0.785,0.27
1,0.08,0.5,26,0.0,0.9175,0.12
1,0.08,0.5,26,0.25,0.9275,0.095
1,0.08,0.5,26,0.5,0.9275,0.08
1,0.08,0.5,26,0.75,0.905,0.08
1,0.08,0.5,26,1.0,0.8725,0.075
1,0.08,0.5,26,-0.5,0.8275,0.3125
1,0.08,0.5,27,0.0,0.8725,0.1275
1,0.08,0.5,27,0.25,0.875,0.0975
1,0.08,0.5,27,0.5,0.865,0.0925
1,0.08,0.5,27,0.75,0.8475,0.0825
1,0.08,0.5,27,1.0,0.8425,0.0725
1,0.08,0.5,27,-0.5,0.8,0.2975
1,0.08,0.5,28,0.0,0.9275,0.14
1,0.08,0.5,28,0.25,0.945,0.105
1,0.08,0.5,28,0.5,0.9425,0.1
1,0.08,0.5,28,0.75,0.9075,0.085
1,0.08,0.5,28,1.0,0.89,0.08
1,0.08,0.5,28,-0.5,0.8575,0.295
1,0.08,0.5,29,0.0,0.8675,0.13
1,0.08,0.5,29,0.25,0.875,0.1
1,0.08,0.5,29,0.5,0.865,0.095
1,0.08,0.5,29,0.75,0.8475,0.095
1,0.08,0.5,29,1.0,0.8225,0.085
1,0.08,0.5,29,-0.5,0.785,0.29
1,0.08,0.5,30,0.0,0.85,0.14
1,0.08,0.5,30,0.25,0.8475,0.12
1,0.08,0.5,30,0.5,0.8475,0.11
1,0.08,0.5,30,0.75,0.83,0.095
1,0.08,0.5,30,1.0,0.805,0.09
1,0.08,0.5,30,-0.5,0.7675,0.335
1,0.08,0.5,31,0.0,0.8825,0.1125
1,0.08,0.5,31,0.25,0.89,0.0875
1,0.08,0.5,31,0.5,0.89,0.0875
1,0.08,0.5,31,0.75,0.8875,0.0825
1,0.08,0.5,31,1.0,0.8525,0.0775
1,0.08,0.5,31,-0.5,0.805,0.2825
1,0.08,0.5,32,0.0,0.84,0.15
1,0.08,0.5,32,0.25,0.8475,0.12
1,0.08,0.5,32,0.5,0.845,0.115
1,0.08,0.5,32,0.75,0.825,0.105
1,0.08,0.5,32,1.0,0.8125,0.095
1,0.08,0.5,32,-0.5,0.7725,0.325
1,0.08,0.5,33,0.0,0.89,0.1175
1,0.08,0.5,33,0.25,0.9025,0.0925
1,0.08,0.5,33,0.5,0.91,0.0775
1,0.08,0.5,33,0.75,0.895,0.0725
1,0.08,0.5,33,1.0,0.8875,0.0725
1,0.08,0.5,33,-0.5,0.82,0.3
1,0.08,0.5,34,0.0,0.8425,0.14
1,0.08,0.5,34,0.25,0.8525,0.1
1,0.08,0.5,34,0.5,0.8575,0.095
1,0.08,0.5,34,0.75,0.8475,0.075
1,0.08,0.5,34,1.0,0.84,0.07
1,0.08,0.5,34,-0.5,0.775,0.3
1,0.08,0.5,35,0.0,0.8875,0.1475
1,0.08,0.5,35,0.25,0.89,0.1175
1,0.08,0.5,35,0.5,0.8825,0.1025
1,0.08,0.5,35,0.75,0.8625,0.0975
1,0.08,0.5,35,1.0,0.835,0.0925
1,0.08,0.5,35,-0.5,0.8325,0.2825
1,0.08,0.5,36,0.0,0.86,0.1475
1,0.08,0.5,36,0.25,0.88,0.1125
1,0.08,0.5,36,0.5,0.8725,0.1025
1,0.08,0.5,36,0.75,0.865,0.0875
1,0.08,0.5,36,1.0,0.8325,0.0775
1,0.08,0.5,36,-0.5,0.7675,0.3275
1,0.08,0.5,37,0.0,0.915,0.125
1,0.08,0.5,37,0.25,0.92,0.1
1,0.08,0.5,37,0.5,0.92,0.1
1,0.08,0.5,37,0.75,0.8925,0.09
1,0.08,0.5,37,1.0,0.8375,0.075
1,0.08,0.5,37,-0.5,0.8475,0.28
1,0.08,0.5,38,0.0,0.8025,0.16
1,0.08,0.5,38,0.25,0.82,0.125
1,0.08,0.5,38,0.5,0.805,0.12
1,0.08,0.5,38,0.75,0.785,0.115
1,0.08,0.5,38,1.0,0.7575,0.105
1,0.08,0.5,38,-0.5,0.75,0.33
1,0.08,0.5,39,0.0,0.8175,0.16
1,0.08,0.5,39,0.25,0.83,0.115
1,0.08,0.5,39,0.5,0.8125,0.11
1,0.08,0.5,39,0.75,0.8125,0.1
1,0.08,0.5,39,1.0,0.775,0.09
1,0.08,0.5,39,-0.5,0.7375,0.34
1,0.08,0.5,40,0.0,0.895,0.12
1,0.08,0.5,40,0.25,0.8975,0.105
1,0.08,0.5,40,0.5,0.885,0.09
1,0.08,0.5,40,0.75,0.87,0.09
1,0.08,0.5,40,1.0,0.855,0.07
1,0.08,0.5,40,-0.5,0.8275,0.275
1,0.08,0.5,41,0.0,0.8725,0.1375
1,0.08,0.5,41,0.25,0.875,0.1125
1,0.08,0.5,41,0.5,0.8775,0.0925
1,0.08,0.5,41,0.75,0.8575,0.0925
1,0.08,0.5,41,1.0,0.8375,0.0725
1,0.08,0.5,41,-0.5,0.775,0.3225
1,0.08,0.5,42,0.0,0.8425,0.1625
1,0.08,0.5,42,0.25,0.8425,0.1375
1,0.08,0.5,42,0.5,0.835,0.1275
1,0.08,0.5,42,0.75,0.825,0.1175
1,0.08,0.5,42,1.0,0.805,0.1025
1,0.08,0.5,42,-0.5,0.7775,0.3525
1,0.08,0.5,43,0.0,0.8525,0.115
1,0.08,0.5,43,0.25,0.86,0.105
1,0.08,0.5,43,0.5,0.865,0.095
1,0.08,0.5,43,0.75,0.8575,0.08
1,0.08,0.5,43,1.0,0.8375,0.08
1,0.08,0.5,43,-0.5,0.78,0.27
1,0.08,0.5,44,0.0,0.8925,0.14
1,0.08,0.5,44,0.25,0.8975,0.125
1,0.08,0.5,44,0.5,0.8975,0.11
1,0.08,0.5,44,0.75,0.875,0.095
1,0.08,0.5,44,1.0,0.86,0.095
1,0.08,0.5,44,-0.5,0.8,0.34
1,0.08,0.5,45,0.0,0.93,0.145
1,0.08,0.5,45,0.25,0.935,0.12
1,0.08,0.5,45,0.5,0.9325,0.1
1,0.08,0.5,45,0.75,0.91,0.085
1,0.08,0.5,45,1.0,0.8925,0.08
1,0.08,0.5,45,-0.5,0.82,0.37
1,0.08,0.5,46,0.0,0.85,0.115
1,0.08,0.5,46,0.25,0.8525,0.11
1,0.08,0.5,46,0.5,0.85,0.095
1,0.08,0.5,46,0.75,0.8425,0.09
1,0.08,0.5,46,1.0,0.84,0.085
1,0.08,0.5,46,-0.5,0.7675,0.3
1,0.08,0.5,47,0.0,0.9,0.1625
1,0.08,0.5,47,0.25,0.9,0.1425
1,0.08,0.5,47,0.5,0.8725,0.1175
1,0.08,0.5,47,0.75,0.8475,0.1075
1,0.08,0.5,47,1.0,0.815,0.0975
1,0.08,0.5,47,-0.5,0.8275,0.3075
1,0.08,0.5,48,0.0,0.9425,0.1275
1,0.08,0.5,48,0.25,0.9525,0.0975
1,0.08,0.5,48,0.5,0.945,0.0925
1,0.08,0.5,48,0.75,0.91,0.0875
1,0.08,0.5,48,1.0,0.875,0.0825
1,0.08,0.5,48,-0.5,0.8625,0.2825
1,0.08,0.5,49,0.0,0.8725,0.1775
1,0.08,0.5,49,0.25,0.895,0.1375
1,0.08,0.5,49,0.5,0.895,0.1275
1,0.08,0.5,49,0.75,0.88,0.1175
1,0.08,0.5,49,1.0,0.85,0.1025
1,0.08,0.5,49,-0.5,0.81,0.3275
1,0.08,0.5,50,0.0,0.8525,0.145
1,0.08,0.5,50,0.25,0.86,0.12
1,0.08,0.5,50,0.5,0.86,0.12
1,0.08,0.5,50,0.75,0.84,0.11
1,0.08,0.5,50,1.0,0.795,0.095
1,0.08,0.5,50,-0.5,0.8,0.31
1,0.08,0.5,51,0.0,0.8625,0.1325
1,0.08,0.5,51,0.25,0.8725,0.1075
1,0.08,0.5,51,0.5,0.875,0.0975
1,0.08,0.5,51,0.75,0.8725,0.0975
1,0.08,0.5,51,1.0,0.82,0.0825
1,0.08,0.5,51,-0.5,0.81,0.3
1,0.08,0.5,52,0.0,0.8075,0.1425
1,0.08,0.5,52,0.25,0.82,0.1175
1,0.08,0.5,52,0.5,0.8425,0.1025
1,0.08,0.5,52,0.75,0.8275,0.0925
1,0.08,0.5,52,1.0,0.8075,0.0925
1,0.08,0.5,52,-0.5,0.79,0.2475
1,0.08,0.5,53,0.0,0.9125,0.1
1,0.08,0.5,53,0.25,0.915,0.08
1,0.08,0.5,53,0.5,0.9175,0.08
1,0.08,0.5,53,0.75,0.915,0.075
1,0.08,0.5,53,1.0,0.895,0.07
1,0.08,0.5,53,-0.5,0.8075,0.315
1,0.08,0.5,54,0.0,0.84,0.1575
1,0.08,0.5,54,0.25,0.8525,0.1325
1,0.08,0.5,54,0.5,0.8375,0.1125
1,0.08,0.5,54,0.75,0.84,0.0975
1,0.08,0.5,54,1.0,0.84,0.0875
1,0.08,0.5,54,-0.5,0.7575,0.3425
1,0.08,0.5,55,0.0,0.87,0.1375
1,0.08,0.5,55,0.25,0.8825,0.1125
1,0.08,0.5,55,0.5,0.89,0.1025
1,0.08,0.5,55,0.75,0.88,0.1025
1,0.08,0.5,55,1.0,0.845,0.0925
1,0.08,0.5,55,-0.5,0.77,0.3575
1,0.08,0.5,56,0.0,0.8925,0.13
1,0.08,0.5,56,0.25,0.9,0.11
1,0.08,0.5,56,0.5,0.9075,0.1
1,0.08,0.5,56,0.75,0.895,0.085
1,0.08,0.5,56,1.0,0.8625,0.075
1,0.08,0.5,56,-0.5,0.8125,0.295
1,0.08,0.5,57,0.0,0.8625,0.1425
1,0.08,0.5,57,0.25,0.8675,0.1075
1,0.08,0.5,57,0.5,0.865,0.0975
1,0.08,0.5,57,0.75,0.85,0.0875
1,0.08,0.5,57,1.0,0.8325,0.0775
1,0.08,0.5,57,-0.5,0.795,0.3025
1,0.08,0.5,58,0.0,0.9075,0.1325
1,0.08,0.5,58,0.25,0.92,0.1075
1,0.08,0.5,58,0.5,0.9225,0.0975
1,0.08,0.5,58,0.75,0.9175,0.0875
1,0.08,0.5,58,1.0,0.875,0.0875
1,0.08,0.5,58,-0.5,0.8275,0.3275
1,0.08,0.5,59,0.0,0.875,0.1175
1,0.08,0.5,59,0.25,0.8725,0.0975
1,0.08,0.5,59,0.5,0.8775,0.0925
1,0.08,0.5,59,0.75,0.87,0.0925
1,0.08,0.5,59,1.0,0.8375,0.0825
1,0.08,0.5,59,-0.5,0.8,0.3075
1,0.08,0.5,60,0.0,0.9025,0.0975
1,0.08,0.5,60,0.25,0.9075,0.0825
1,0.08,0.5,60,0.5,0.9025,0.0825
1,0.08,0.5,60,0.75,0.895,0.0775
1,0.08,0.5,60,1.0,0.8425,0.0725
1,0.08,0.5,60,-0.5,0.8275,0.2575
1,0.08,0.5,61,0.0,0.865,0.1375
1,0.08,0.5,61,0.25,0.885,0.0975
1,0.08,0.5,61,0.5,0.88,0.0875
1,0.08,0.5,61,0.75,0.875,0.0775
1,0.08,0.5,61,1.0,0.84,0.0725
1,0.08,0.5,61,-0.5,0.79,0.3075
1,0.08,0.5,62,0.0,0.925,0.1025
1,0.08,0.5,62,0.25,0.9275,0.0975
1,0.08,0.5,62,0.5,0.9175,0.09
1,0.08,0.5,62,0.75,0.9,0.085
1,0.08,0.5,62,1.0,0.87,0.08
1,0.08,0.5,62,-0.5,0.845,0.2675
1,0.08,0.5,63,0.0,0.8925,0.155
1,0.08,0.5,63,0.25,0.9075,0.11
1,0.08,0.5,63,0.5,0.9075,0.11
1,0.08,0.5,63,0.75,0.895,0.105
1,0.08,0.5,63,1.0,0.865,0.1
1,0.08,0.5,63,-0.5,0.8375,0.29
1,0.08,0.5,64,0.0,0.9,0.1425
1,0.08,0.5,64,0.25,0.8975,0.1275
1,0.08,0.5,64,0.5,0.905,0.1025
1,0.08,0.5,64,0.75,0.9075,0.0925
1,0.08,0.5,64,1.0,0.885,0.0725
1,0.08,0.5,64,-0.5,0.8025,0.3475
1,0.08,0.5,65,0.0,0.89,0.16
1,0.08,0.5,65,0.25,0.9175,0.11
1,0.08,0.5,65,0.5,0.92,0.1
1,0.08,0.5,65,0.75,0.9125,0.0825
1,0.08,0.5,65,1.0,0.8925,0.0725
1,0.08,0.5,65,-0.5,0.8275,0.335
1,0.08,0.5,66,0.0,0.865,0.165
1,0.08,0.5,66,0.25,0.8725,0.135
1,0.08,0.5,66,0.5,0.8575,0.13
1,0.08,0.5,66,0.75,0.85,0.125
1,0.08,0.5,66,1.0,0.8125,0.1025
1,0.08,0.5,66,-0.5,0.77,0.345
1,0.08,0.5,67,0.0,0.8775,0.1475
1,0.08,0.5,67,0.25,0.8875,0.1075
1,0.08,0.5,67,0.5,0.885,0.0975
1,0.08,0.5,67,0.75,0.875,0.0925
1,0.08,0.5,67,1.0,0.8475,0.0825
1,0.08,0.5,67,-0.5,0.8025,0.3025
1,0.08,0.5,68,0.0,0.9,0.1375
1,0.08,0.5,68,0.25,0.9025,0.1375
1,0.08,0.5,68,0.5,0.9125,0.1225
1,0.08,0.5,68,0.75,0.9025,0.1175
1,0.08,0.5,68,1.0,0.875,0.0975
1,0.08,0.5,68,-0.5,0.8175,0.3325
1,0.08,0.5,69,0.0,0.9275,0.1625
1,0.08,0.5,69,0.25,0.9425,0.1325
1,0.08,0.5,69,0.5,0.94,0.1275
1,0.08,0.5,69,0.75,0.9175,0.1125
1,0.08,0.5,69,1.0,0.8925,0.1075
1,0.08,0.5,69,-0.5,0.8625,0.2875
1,0.08,0.5,70,0.0,0.945,0.1275
1,0.08,0.5,70,0.25,0.9525,0.1025
1,0.08,0.5,70,0.5,0.9425,0.1025
1,0.08,0.5,70,0.75,0.915,0.0975
1,0.08,0.5,70,1.0,0.92,0.0925
1,0.08,0.5,70,-0.5,0.8325,0.34
1,0.08,0.5,71,0.0,0.91,0.15
1,0.08,0.5,71,0.25,0.92,0.115
1,0.08,0.5,71,0.5,0.9075,0.1
1,0.08,0.5,71,0.75,0.8975,0.0925
1,0.08,0.5,71,1.0,0.88,0.0825
1,0.08,0.5,71,-0.5,0.8175,0.32
1,0.08,0.5,72,0.0,0.91,0.11
1,0.08,0.5,72,0.25,0.915,0.09
1,0.08,0.5,72,0.5,0.91,0.09
1,0.08,0.5,72,0.75,0.91,0.085
1,0.08,0.5,72,1.0,0.8525,0.07
1,0.08,0.5,72,-0.5,0.8325,0.275
1,0.08,0.5,73,0.0,0.855,0.1525
1,0.08,0.5,73,0.25,0.86,0.1025
1,0.08,0.5,73,0.5,0.8625,0.0725
1,0.08,0.5,73,0.75,0.8525,0.0675
1,0.08,0.5,73,1.0,0.8425,0.0675
1,0.08,0.5,73,-0.5,0.77,0.3775
1,0.08,0.5,74,0.0,0.9025,0.12
1,0.08,0.5,74,0.25,0.9125,0.1
1,0.08,0.5,74,0.5,0.9025,0.09
1,0.08,0.5,74,0.75,0.8875,0.09
1,0.08,0.5,74,1.0,0.875,0.0825
1,0.08,0.5,74,-0.5,0.8575,0.24
1,0.08,0.5,75,0.0,0.8575,0.1625
1,0.08,0.5,75,0.25,0.8725,0.1275
1,0.08,0.5,75,0.5,0.8675,0.1075
1,0.08,0.5,75,0.75,0.8625,0.0975
1,0.08,0.5,75,1.0,0.88,0.0625
1,0.08,0.5,75,-0.5,0.785,0.3225
1,0.08,0.5,76,0.0,0.8625,0.1875
1,0.08,0.5,76,0.25,0.8725,0.1525
1,0.08,0.5,76,0.5,0.88,0.1325
1,0.08,0.5,76,0.75,0.8675,0.1225
1,0.08,0.5,76,1.0,0.8475,0.1025
1,0.08,0.5,76,-0.5,0.8175,0.2925
1,0.08,0.5,77,0.0,0.94,0.125
1,0.08,0.5,77,0.25,0.955,0.09
1,0.08,0.5,77,0.5,0.955,0.08
1,0.08,0.5,77,0.75,0.9275,0.07
1,0.08,0.5,77,1.0,0.8975,0.055
1,0.08,0.5,77,-0.5,0.8475,0.3
1,0.08,0.5,78,0.0,0.8475,0.1175
1,0.08,0.5,78,0.25,0.8525,0.0975
1,0.08,0.5,78,0.5,0.845,0.0925
1,0.08,0.5,78,0.75,0.8425,0.0825
1,0.08,0.5,78,1.0,0.8225,0.0775
1,0.08,0.5,78,-0.5,0.785,0.3275
1,0.08,0.5,79,0.0,0.9025,0.135
1,0.08,0.5,79,0.25,0.92,0.095
1,0.08,0.5,79,0.5,0.9125,0.095
1,0.08,0.5,79,0.75,0.91,0.09
1,0.08,0.5,79,1.0,0.9025,0.075
1,0.08,0.5,79,-0.5,0.8325,0.2975
1,0.08,0.5,80,0.0,0.935,0.115
1,0.08,0.5,80,0.25,0.95,0.09
1,0.08,0.5,80,0.5,0.945,0.085
1,0.08,0.5,80,0.75,0.9475,0.08
1,0.08,0.5,80,1.0,0.925,0.07
1,0.08,0.5,80,-0.5,0.85,0.2925
1,0.08,0.5,81,0.0,0.8825,0.1725
1,0.08,0.5,81,0.25,0.89,0.1325
1,0.08,0.5,81,0.5,0.885,0.1275
1,0.08,0.5,81,0.75,0.8825,0.1175
1,0.08,0.5,81,1.0,0.865,0.1125
1,0.08,0.5,81,-0.5,0.815,0.3225
1,0.08,0.5,82,0.0,0.86,0.1525
1,0.08,0.5,82,0.25,0.8675,0.1325
1,0.08,0.5,82,0.5,0.8675,0.1225
1,0.08,0.5,82,0.75,0.8325,0.1175
1,0.08,0.5,82,1.0,0.8075,0.1125
1,0.08,0.5,82,-0.5,0.78,0.3375
1,0.08,0.5,83,0.0,0.87,0.1
1,0.08,0.5,83,0.25,0.87,0.09
1,0.08,0.5,83,0.5,0.87,0.085
1,0.08,0.5,83,0.75,0.86,0.075
1,0.08,0.5,83,1.0,0.83,0.075
1,0.08,0.5,83,-0.5,0.77,0.335
1,0.08,0.5,84,0.0,0.8975,0.1425
1,0.08,0.5,84,0.25,0.9075,0.1125
1,0.08,0.5,84,0.5,0.915,0.0975
1,0.08,0.5,84,0.75,0.9025,0.0875
1,0.08,0.5,84,1.0,0.8925,0.0775
1,0.08,0.5,84,-0.5,0.8025,0.3575
1,0.08,0.5,85,0.0,0.925,0.12
1,0.08,0.5,85,0.25,0.9325,0.11
1,0.08,0.5,85,0.5,0.9225,0.1
1,0.08,0.5,85,0.75,0.9,0.09
1,0.08,0.5,85,1.0,0.875,0.08
1,0.08,0.5,85,-0.5,0.84,0.2775
1,0.08,0.5,86,0.0,0.875,0.1275
1,0.08,0.5,86,0.25,0.885,0.1175
1,0.08,0.5,86,0.5,0.885,0.1075
1,0.08,0.5,86,0.75,0.8875,0.0875
1,0.08,0.5,86,1.0,0.9025,0.0725
1,0.08,0.5,86,-0.5,0.8075,0.3075
1,0.08,0.5,87,0.0,0.8875,0.155
1,0.08,0.5,87,0.25,0.8925,0.145
1,0.08,0.5,87,0.5,0.875,0.135
1,0.08,0.5,87,0.75,0.87,0.12
1,0.08,0.5,87,1.0,0.8475,0.1
1,0.08,0.5,87,-0.5,0.8225,0.3125
1,0.08,0.5,88,0.0,0.8875,0.1475
1,0.08,0.5,88,0.25,0.9025,0.1175
1,0.08,0.5,88,0.5,0.8775,0.1075
1,0.08,0.5,88,0.75,0.8725,0.1025
1,0.08,0.5,88,1.0,0.84,0.0925
1,0.08,0.5,88,-0.5,0.81,0.3175
1,0.08,0.5,89,0.0,0.88,0.1625
1,0.08,0.5,89,0.25,0.8875,0.1525
1,0.08,0.5,89,0.5,0.885,0.1375
1,0.08,0.5,89,0.75,0.8825,0.1175
1,0.08,0.5,89,1.0,0.82,0.1025
1,0.08,0.5,89,-0.5,0.8025,0.3475
1,0.08,0.5,90,0.0,0.9025,0.15
1,0.08,0.5,90,0.25,0.915,0.125
1,0.08,0.5,90,0.5,0.92,0.12
1,0.08,0.5,90,0.75,0.905,0.12
1,0.08,0.5,90,1.0,0.8375,0.105
1,0.08,0.5,90,-0.5,0.825,0.305
1,0.08,0.5,91,0.0,0.9375,0.1025
1,0.08,0.5,91,0.25,0.9425,0.0775
1,0.08,0.5,91,0.5,0.94,0.0775
1,0.08,0.5,91,0.75,0.92,0.0725
1,0.08,0.5,91,1.0,0.8775,0.0675
1,0.08,0.5,91,-0.5,0.86,0.28
1,0.08,0.5,92,0.0,0.8925,0.1325
1,0.08,0.5,92,0.25,0.895,0.1075
1,0.08,0.5,92,0.5,0.8975,0.1025
1,0.08,0.5,92,0.75,0.8725,0.0975
1,0.08,0.5,92,1.0,0.86,0.0925
1,0.08,0.5,92,-0.5,0.825,0.2875
1,0.08,0.5,93,0.0,0.81,0.1425
1,0.08,0.5,93,0.25,0.81,0.1125
1,0.08,0.5,93,0.5,0.805,0.1075
1,0.08,0.5,93,0.75,0.8,0.1075
1,0.08,0.5,93,1.0,0.7375,0.0925
1,0.08,0.5,93,-0.5,0.755,0.2925
1,0.08,0.5,94,0.0,0.88,0.1625
1,0.08,0.5,94,0.25,0.89,0.1325
1,0.08,0.5,94,0.5,0.8825,0.1125
1,0.08,0.5,94,0.75,0.86,0.1025
1,0.08,0.5,94,1.0,0.825,0.0925
1,0.08,0.5,94,-0.5,0.8125,0.3075
1,0.08,0.5,95,0.0,0.8175,0.135
1,0.08,0.5,95,0.25,0.8225,0.115
1,0.08,0.5,95,0.5,0.815,0.105
1,0.08,0.5,95,0.75,0.8025,0.095
1,0.08,0.5,95,1.0,0.7925,0.075
1,0.08,0.5,95,-0.5,0.77,0.28
1,0.08,0.5,96,0.0,0.8625,0.1225
1,0.08,0.5,96,0.25,0.8675,0.1125
1,0.08,0.5,96,0.5,0.8625,0.1075
1,0.08,0.5,96,0.75,0.835,0.0925
1,0.08,0.5,96,1.0,0.8175,0.0875
1,0.08,0.5,96,-0.5,0.82,0.2625
1,0.08,0.5,97,0.0,0.88,0.135
1,0.08,0.5,97,0.25,0.88,0.115
1,0.08,0.5,97,0.5,0.8775,0.115
1,0.08,0.5,97,0.75,0.8675,0.11
1,0.08,0.5,97,1.0,0.82,0.1
1,0.08,0.5,97,-0.5,0.785,0.35
1,0.08,0.5,98,0.0,0.895,0.1325
1,0.08,0.5,98,0.25,0.9025,0.1175
1,0.08,0.5,98,0.5,0.91,0.1025
1,0.08,0.5,98,0.75,0.9025,0.0925
1,0.08,0.5,98,1.0,0.8675,0.075
1,0.08,0.5,98,-0.5,0.825,0.28
1,0.08,0.5,99,0.0,0.8875,0.1325
1,0.08,0.5,99,0.25,0.89,0.1025
1,0.08,0.5,99,0.5,0.88,0.0975
1,0.08,0.5,99,0.75,0.8675,0.0925
1,0.08,0.5,99,1.0,0.8475,0.0875
1,0.08,0.5,99,-0.5,0.8275,0.2925
2,0.08,1.0,0,0.0,0.7925,0.285
2,0.08,1.0,0,0.25,0.79,0.225
2,0.08,1.0,0,0.5,0.805,0.185
2,0.08,1.0,0,0.75,0.815,0.155
2,0.08,1.0,0,1.0,0.8275,0.115
2,0.08,1.0,0,-0.5,0.7325,0.4775
2,0.08,1.0,1,0.0,0.79,0.2925
2,0.08,1.0,1,0.25,0.8125,0.2425
2,0.08,1.0,1,0.5,0.825,0.1925
2,0.08,1.0,1,0.75,0.8225,0.145
2,0.08,1.0,1,1.0,0.8125,0.115
2,0.08,1.0,1,-0.5,0.7325,0.4675
2,0.08,1.0,2,0.0,0.7325,0.2975
2,0.08,1.0,2,0.25,0.725,0.2325
2,0.08,1.0,2,0.5,0.735,0.1925
2,0.08,1.0,2,0.75,0.735,0.1775
2,0.08,1.0,2,1.0,0.755,0.1275
2,0.08,1.0,2,-0.5,0.68,0.4425
2,0.08,1.0,3,0.0,0.77,0.3175
2,0.08,1.0,3,0.25,0.8,0.2225
2,0.08,1.0,3,0.5,0.82,0.1775
2,0.08,1.0,3,0.75,0.8325,0.1175
2,0.08,1.0,3,1.0,0.8375,0.0975
2,0.08,1.0,3,-0.5,0.73,0.4775
2,0.08,1.0,4,0.0,0.7875,0.28
2,0.08,1.0,4,0.25,0.805,0.225
2,0.08,1.0,4,0.5,0.8325,0.18
2,0.08,1.0,4,0.75,0.8375,0.135
2,0.08,1.0,4,1.0,0.825,0.115
2,0.08,1.0,4,-0.5,0.725,0.415
2,0.08,1.0,5,0.0,0.81,0.2975
2,0.08,1.0,5,0.25,0.825,0.2275
2,0.08,1.0,5,0.5,0.805,0.2025
2,0.08,1.0,5,0.75,0.82,0.1625
2,0.08,1.0,5,1.0,0.805,0.1325
2,0.08,1.0,5,-0.5,0.745,0.4375
2,0.08,1.0,6,0.0,0.7725,0.2425
2,0.08,1.0,6,0.25,0.7775,0.2025
2,0.08,1.0,6,0.5,0.77,0.1625
2,0.08,1.0,6,0.75,0.795,0.1325
2,0.08,1.0,6,1.0,0.81,0.1175
2,0.08,1.0,6,-0.5,0.7475,0.3425
2,0.08,1.0,7,0.0,0.7725,0.2875
2,0.08,1.0,7,0.25,0.805,0.1975
2,0.08,1.0,7,0.5,0.8025,0.1675
2,0.08,1.0,7,0.75,0.81,0.1425
2,0.08,1.0,7,1.0,0.835,0.1075
2,0.08,1.0,7,-0.5,0.7,0.4575
2,0.08,1.0,8,0.0,0.7775,0.26
2,0.08,1.0,8,0.25,0.785,0.195
2,0.08,1.0,8,0.5,0.8025,0.145
2,0.08,1.0,8,0.75,0.8025,0.11
2,0.08,1.0,8,1.0,0.815,0.095
2,0.08,1.0,8,-0.5,0.7325,0.42
2,0.08,1.0,9,0.0,0.7975,0.2925
2,0.08,1.0,9,0.25,0.795,0.2575
2,0.08,1.0,9,0.5,0.8025,0.2125
2,0.08,1.0,9,0.75,0.8225,0.1775
2,0.08,1.0,9,1.0,0.8125,0.1375
2,0.08,1.0,9,-0.5,0.725,0.475
2,0.08,1.0,10,0.0,0.8275,0.245
2,0.08,1.0,10,0.25,0.8375,0.195
2,0.08,1.0,10,0.5,0.8375,0.175
2,0.08,1.0,10,0.75,0.8325,0.14
2,0.08,1.0,10,1.0,0.855,0.11
2,0.08,1.0,10,-0.5,0.755,0.4
2,0.08,1.0,11,0.0,0.765,0.275
2,0.08,1.0,11,0.25,0.765,0.21
2,0.08,1.0,11,0.5,0.7775,0.18
2,0.08,1.0,11,0.75,0.7925,0.155
2,0.08,1.0,11,1.0,0.785,0.14
2,0.08,1.0,11,-0.5,0.71,0.43
2,0.08,1.0,12,0.0,0.8125,0.275
2,0.08,1.0,12,0.25,0.8175,0.225
2,0.08,1.0,12,0.5,0.8475,0.17
2,0.08,1.0,12,0.75,0.835,0.135
2,0.08,1.0,12,1.0,0.815,0.12
2,0.08,1.0,12,-0.5,0.7475,0.445
2,0.08,1.0,13,0.0,0.785,0.3175
2,0.08,1.0,13,0.25,0.7975,0.2625
2,0.08,1.0,13,0.5,0.825,0.2175
2,0.08,1.0,13,0.75,0.845,0.1575
2,0.08,1.0,13,1.0,0.8275,0.1275
2,0.08,1.0,13,-0.5,0.7225,0.49
2,0.08,1.0,14,0.0,0.745,0.3
2,0.08,1.0,14,0.25,0.785,0.19
2,0.08,1.0,14,0.5,0.8025,0.135
2,0.08,1.0,14,0.75,0.81,0.1175
2,0.08,1.0,14,1.0,0.81,0.1025
2,0.08,1.0,14,-0.5,0.685,0.47
2,0.08,1.0,15,0.0,0.785,0.3075
2,0.08,1.0,15,0.25,0.8,0.2125
2,0.08,1.0,15,0.5,0.8175,0.1475
2,0.08,1.0,15,0.75,0.8175,0.1125
2,0.08,1.0,15,1.0,0.8375,0.0825
2,0.08,1.0,15,-0.5,0.725,0.5075
2,0.08,1.0,16,0.0,0.7775,0.295
2,0.08,1.0,16,0.25,0.81,0.22
2,0.08,1.0,16,0.5,0.82,0.185
2,0.08,1.0,16,0.75,0.7925,0.155
2,0.08,1.0,16,1.0,0.8025,0.13
2,0.08,1.0,16,-0.5,0.7225,0.475
2,0.08,1.0,17,0.0,0.78,0.2925
2,0.08,1.0,17,0.25,0.8,0.2275
2,0.08,1.0,17,0.5,0.8025,0.1975
2,0.08,1.0,17,0.75,0.825,0.1575
2,0.08,1.0,17,1.0,0.77,0.1125
2,0.08,1.0,17,-0.5,0.7275,0.4475
2,0.08,1.0,18,0.0,0.8175,0.28
2,0.08,1.0,18,0.25,0.8475,0.21
2,0.08,1.0,18,0.5,0.8575,0.175
2,0.08,1.0,18,0.75,0.865,0.135
2,0.08,1.0,18,1.0,0.8725,0.105
2,0.08,1.0,18,-0.5,0.755,0.46
2,0.08,1.0,19,0.0,0.79,0.3075
2,0.08,1.0,19,0.25,0.795,0.2725
2,0.08,1.0,19,0.5,0.835,0.2175
2,0.08,1.0,19,0.75,0.83,0.1825
2,0.08,1.0,19,1.0,0.825,0.1625
2,0.08,1.0,19,-0.5,0.7325,0.4425
2,0.08,1.0,20,0.0,0.8425,0.24
2,0.08,1.0,20,0.25,0.865,0.185
2,0.08,1.0,20,0.5,0.8775,0.13
2,0.08,1.0,20,0.75,0.8825,0.11
2,0.08,1.0,20,1.0,0.88,0.1
2,0.08,1.0,20,-0.5,0.775,0.42
2,0.08,1.0,21,0.0,0.815,0.255
2,0.08,1.0,21,0.25,0.825,0.205
2,0.08,1.0,21,0.5,0.865,0.15
2,0.08,1.0,21,0.75,0.875,0.12
2,0.08,1.0,21,1.0,0.8975,0.09
2,0.08,1.0,21,-0.5,0.7425,0.42
2,0.08,1.0,22,0.0,0.82,0.305
2,0.08,1.0,22,0.25,0.845,0.2175
2,0.08,1.0,22,0.5,0.885,0.1625
2,0.08,1.0,22,0.75,0.91,0.13
2,0.08,1.0,22,1.0,0.8875,0.105
2,0.08,1.0,22,-0.5,0.75,0.475
2,0.08,1.0,23,0.0,0.7675,0.3325
2,0.08,1.0,23,0.25,0.79,0.2725
2,0.08,1.0,23,0.5,0.8175,0.1975
2,0.08,1.0,23,0.75,0.8525,0.1525
2,0.08,1.0,23,1.0,0.8575,0.1275
2,0.08,1.0,23,-0.5,0.725,0.5025
2,0.08,1.0,24,0.0,0.81,0.255
2,0.08,1.0,24,0.25,0.82,0.185
2,0.08,1.0,24,0.5,0.8375,0.15
2,0.08,1.0,24,0.75,0.835,0.13
2,0.08,1.0,24,1.0,0.8675,0.085
2,0.08,1.0,24,-0.5,0.745,0.425
2,0.08,1.0,25,0.0,0.7925,0.3
2,0.08,1.0,25,0.25,0.815,0.23
2,0.08,1.0,25,0.5,0.825,0.2
2,0.08,1.0,25,0.75,0.8175,0.14
2,0.08,1.0,25,1.0,0.825,0.11
2,0.08,1.0,25,-0.5,0.74,0.425
2,0.08,1.0,26,0.0,0.7625,0.2925
2,0.08,1.0,26,0.25,0.775,0.2425
2,0.08,1.0,26,0.5,0.79,0.1925
2,0.08,1.0,26,0.75,0.8,0.1375
2,0.08,1.0,26,1.0,0.8075,0.1075
2,0.08,1.0,26,-0.5,0.72,0.4125
2,0.08,1.0,27,0.0,0.77,0.2775
2,0.08,1.0,27,0.25,0.785,0.2125
2,0.08,1.0,27,0.5,0.8025,0.1625
2,0.08,1.0,27,0.75,0.81,0.1475
2,0.08,1.0,27,1.0,0.775,0.1175
2,0.08,1.0,27,-0.5,0.715,0.4725
2,0.08,1.0,28,0.0,0.7825,0.2825
2,0.08,1.0,28,0.25,0.795,0.2425
2,0.08,1.0,28,0.5,0.825,0.1775
2,0.08,1.0,28,0.75,0.855,0.1425
2,0.08,1.0,28,1.0,0.8275,0.115
2,0.08,1.0,28,-0.5,0.7175,0.4425
2,0.08,1.0,29,0.0,0.76,0.335
2,0.08,1.0,29,0.25,0.7675,0.24
2,0.08,1.0,29,0.5,0.7725,0.175
2,0.08,1.0,29,0.75,0.78,0.14
2,0.08,1.0,29,1.0,0.7825,0.125
2,0.08,1.0,29,-0.5,0.7,0.495
2,0.08,1.0,30,0.0,0.78,0.3275
2,0.08,1.0,30,0.25,0.795,0.2825
2,0.08,1.0,30,0.5,0.815,0.2375
2,0.08,1.0,30,0.75,0.8125,0.1925
2,0.08,1.0,30,1.0,0.8175,0.1525
2,0.08,1.0,30,-0.5,0.725,0.4625
2,0.08,1.0,31,0.0,0.785,0.305
2,0.08,1.0,31,0.25,0.8275,0.225
2,0.08,1.0,31,0.5,0.8475,0.18
2,0.08,1.0,31,0.75,0.86,0.15
2,0.08,1.0,31,1.0,0.8775,0.12
2,0.08,1.0,31,-0.5,0.7375,0.46
2,0.08,1.0,32,0.0,0.7675,0.2325
2,0.08,1.0,32,0.25,0.785,0.2125
2,0.08,1.0,32,0.5,0.795,0.1775
2,0.08,1.0,32,0.75,0.7975,0.1375
2,0.08,1.0,32,1.0,0.795,0.1025
2,0.08,1.0,32,-0.5,0.7125,0.4225
2,0.08,1.0,33,0.0,0.765,0.295
2,0.08,1.0,33,0.25,0.775,0.245
2,0.08,1.0,33,0.5,0.835,0.175
2,0.08,1.0,33,0.75,0.8375,0.155
2,0.08,1.0,33,1.0,0.835,0.12
2,0.08,1.0,33,-0.5,0.7025,0.46
2,0.08,1.0,34,0.0,0.73,0.325
2,0.08,1.0,34,0.25,0.7675,0.235
2,0.08,1.0,34,0.5,0.78,0.195
2,0.08,1.0,34,0.75,0.7675,0.165
2,0.08,1.0,34,1.0,0.775,0.135
2,0.08,1.0,34,-0.5,0.6775,0.5025
2,0.08,1.0,35,0.0,0.7575,0.315
2,0.08,1.0,35,0.25,0.7975,0.245
2,0.08,1.0,35,0.5,0.81,0.195
2,0.08,1.0,35,0.75,0.8075,0.145
2,0.08,1.0,35,1.0,0.7825,0.12
2,0.08,1.0,35,-0.5,0.7025,0.48
2,0.08,1.0,36,0.0,0.82,0.26
2,0.08,1.0,36,0.25,0.83,0.22
2,0.08,1.0,36,0.5,0.82,0.175
2,0.08,1.0,36,0.75,0.865,0.1225
2,0.08,1.0,36,1.0,0.835,0.1175
2,0.08,1.0,36,-0.5,0.725,0.495
2,0.08,1.0,37,0.0,0.795,0.315
2,0.08,1.0,37,0.25,0.81,0.25
2,0.08,1.0,37,0.5,0.855,0.185
2,0.08,1.0,37,0.75,0.86,0.16
2,0.08,1.0,37,1.0,0.865,0.1175
2,0.08,1.0,37,-0.5,0.76,0.445
2,0.08,1.0,38,0.0,0.825,0.26
2,0.08,1.0,38,0.25,0.85,0.205
2,0.08,1.0,38,0.5,0.8875,0.135
2,0.08,1.0,38,0.75,0.8825,0.115
2,0.08,1.0,38,1.0,0.8675,0.1
2,0.08,1.0,38,-0.5,0.755,0.425
2,0.08,1.0,39,0.0,0.735,0.32
2,0.08,1.0,39,0.25,0.78,0.225
2,0.08,1.0,39,0.5,0.795,0.185
2,0.08,1.0,39,0.75,0.805,0.17
2,0.08,1.0,39,1.0,0.7625,0.15
2,0.08,1.0,39,-0.5,0.6875,0.495
2,0.08,1.0,40,0.0,0.7875,0.255
2,0.08,1.0,40,0.25,0.785,0.205
2,0.08,1.0,40,0.5,0.7825,0.165
2,0.08,1.0,40,0.75,0.805,0.12
2,0.08,1.0,40,1.0,0.7975,0.11
2,0.08,1.0,40,-0.5,0.725,0.405
2,0.08,1.0,41,0.0,0.7425,0.2925
2,0.08,1.0,41,0.25,0.7825,0.2375
2,0.08,1.0,41,0.5,0.795,0.1875
2,0.08,1.0,41,0.75,0.795,0.1675
2,0.08,1.0,41,1.0,0.79,0.1425
2,0.08,1.0,41,-0.5,0.7025,0.4175
2,0.08,1.0,42,0.0,0.7925,0.34
2,0.08,1.0,42,0.25,0.8125,0.255
2,0.08,1.0,42,0.5,0.8225,0.21
2,0.08,1.0,42,0.75,0.835,0.145
2,0.08,1.0,42,1.0,0.8025,0.125
2,0.08,1.0,42,-0.5,0.73,0.505
2,0.08,1.0,43,0.0,0.8,0.2975
2,0.08,1.0,43,0.25,0.8125,0.2325
2,0.08,1.0,43,0.5,0.8475,0.1625
2,0.08,1.0,43,0.75,0.845,0.1375
2,0.08,1.0,43,1.0,0.835,0.1125
2,0.08,1.0,43,-0.5,0.7625,0.4325
2,0.08,1.0,44,0.0,0.775,0.32
2,0.08,1.0,44,0.25,0.81,0.245
2,0.08,1.0,44,0.5,0.835,0.165
2,0.08,1.0,44,0.75,0.83,0.13
2,0.08,1.0,44,1.0,0.8225,0.12
2,0.08,1.0,44,-0.5,0.7025,0.52
2,0.08,1.0,45,0.0,0.7475,0.31
2,0.08,1.0,45,0.25,0.765,0.255
2,0.08,1.0,45,0.5,0.765,0.1875
2,0.08,1.0,45,0.75,0.7575,0.1725
2,0.08,1.0,45,1.0,0.78,0.1425
2,0.08,1.0,45,-0.5,0.7175,0.455
2,0.08,1.0,46,0.0,0.8025,0.29
2,0.08,1.0,46,0.25,0.8425,0.225
2,0.08,1.0,46,0.5,0.84,0.195
2,0.08,1.0,46,0.75,0.8175,0.16
2,0.08,1.0,46,1.0,0.845,0.115
2,0.08,1.0,46,-0.5,0.74,0.485
2,0.08,1.0,47,0.0,0.75,0.3025
2,0.08,1.0,47,0.25,0.76,0.2525
2,0.08,1.0,47,0.5,0.795,0.1975
2,0.08,1.0,47,0.75,0.815,0.1475
2,0.08,1.0,47,1.0,0.7975,0.1125
2,0.08,1.0,47,-0.5,0.7025,0.45
2,0.08,1.0,48,0.0,0.775,0.295
2,0.08,1.0,48,0.25,0.79,0.24
2,0.08,1.0,48,0.5,0.7875,0.21
2,0.08,1.0,48,0.75,0.7925,0.175
2,0.08,1.0,48,1.0,0.8075,0.135
2,0.08,1.0,48,-0.5,0.715,0.4625
2,0.08,1.0,49,0.0,0.755,0.3075
2,0.08,1.0,49,0.25,0.7775,0.2275
2,0.08,1.0,49,0.5,0.8025,0.1675
2,0.08,1.0,49,0.75,0.7975,0.1475
2,0.08,1.0,49,1.0,0.8075,0.1325
2,0.08,1.0,49,-0.5,0.7225,0.4675
2,0.08,1.0,50,0.0,0.765,0.28
2,0.08,1.0,50,0.25,0.795,0.21
2,0.08,1.0,50,0.5,0.825,0.17
2,0.08,1.0,50,0.75,0.825,0.13
2,0.08,1.0,50,1.0,0.825,0.11
2,0.08,1.0,50,-0.5,0.7225,0.42
2,0.08,1.0,51,0.0,0.845,0.2375
2,0.08,1.0,51,0.25,0.845,0.2025
2,0.08,1.0,51,0.5,0.88,0.1475
2,0.08,1.0,51,0.75,0.8875,0.1275
2,0.08,1.0,51,1.0,0.8825,0.1175
2,0.08,1.0,51,-0.5,0.7825,0.4225
2,0.08,1.0,52,0.0,0.775,0.3025
2,0.08,1.0,52,0.25,0.8325,0.2125
2,0.08,1.0,52,0.5,0.85,0.1625
2,0.08,1.0,52,0.75,0.845,0.1325
2,0.08,1.0,52,1.0,0.83,0.1125
2,0.08,1.0,52,-0.5,0.7275,0.4725
2,0.08,1.0,53,0.0,0.77,0.2975
2,0.08,1.0,53,0.25,0.805,0.2225
2,0.08,1.0,53,0.5,0.825,0.1725
2,0.08,1.0,53,0.75,0.855,0.1375
2,0.08,1.0,53,1.0,0.845,0.1275
2,0.08,1.0,53,-0.5,0.74,0.4525
2,0.08,1.0,54,0.0,0.825,0.2875
2,0.08,1.0,54,0.25,0.8475,0.2125
2,0.08,1.0,54,0.5,0.8425,0.1625
2,0.08,1.0,54,0.75,0.8275,0.1525
2,0.08,1.0,54,1.0,0.8125,0.1175
2,0.08,1.0,54,-0.5,0.7625,0.4725
2,0.08,1.0,55,0.0,0.8425,0.2525
2,0.08,1.0,55,0.25,0.8875,0.1775
2,0.08,1.0,55,0.5,0.9225,0.1225
2,0.08,1.0,55,0.75,0.915,0.1225
2,0.08,1.0,55,1.0,0.895,0.1075
2,0.08,1.0,55,-0.5,0.765,0.4225
2,0.08,1.0,56,0.0,0.7875,0.3175
2,0.08,1.0,56,0.25,0.8225,0.2425
2,0.08,1.0,56,0.5,0.85,0.2025
2,0.08,1.0,56,0.75,0.855,0.1425
2,0.08,1.0,56,1.0,0.8725,0.1025
2,0.08,1.0,56,-0.5,0.7375,0.4675
2,0.08,1.0,57,0.0,0.7525,0.29
2,0.08,1.0,57,0.25,0.765,0.22
2,0.08,1.0,57,0.5,0.765,0.195
2,0.08,1.0,57,0.75,0.7725,0.155
2,0.08,1.0,57,1.0,0.78,0.125
2,0.08,1.0,57,-0.5,0.73,0.39
2,0.08,1.0,58,0.0,0.7825,0.2775
2,0.08,1.0,58,0.25,0.785,0.2125
2,0.08,1.0,58,0.5,0.8275,0.1625
2,0.08,1.0,58,0.75,0.8325,0.1275
2,0.08,1.0,58,1.0,0.795,0.1075
2,0.08,1.0,58,-0.5,0.7275,0.4275
2,0.08,1.0,59,0.0,0.7925,0.315
2,0.08,1.0,59,0.25,0.82,0.27
2,0.08,1.0,59,0.5,0.8375,0.18
2,0.08,1.0,59,0.75,0.8375,0.13
2,0.08,1.0,59,1.0,0.8475,0.095
2,0.08,1.0,59,-0.5,0.72,0.495
2,0.08,1.0,60,0.0,0.795,0.2625
2,0.08,1.0,60,0.25,0.8225,0.21
2,0.08,1.0,60,0.5,0.85,0.17
2,0.08,1.0,60,0.75,0.865,0.13
2,0.08,1.0,60,1.0,0.875,0.115
2,0.08,1.0,60,-0.5,0.7525,0.4225
2,0.08,1.0,61,0.0,0.7975,0.305
2,0.08,1.0,61,0.25,0.8125,0.22
2,0.08,1.0,61,0.5,0.8225,0.16
2,0.08,1.0,61,0.75,0.8225,0.135
2,0.08,1.0,61,1.0,0.7875,0.12
2,0.08,1.0,61,-0.5,0.7325,0.43
2,0.08,1.0,62,0.0,0.8125,0.2425
2,0.08,1.0,62,0.25,0.8425,0.1775
2,0.08,1.0,62,0.5,0.845,0.1525
2,0.08,1.0,62,0.75,0.8525,0.1275
2,0.08,1.0,62,1.0,0.8375,0.1125
2,0.08,1.0,62,-0.5,0.765,0.3525
2,0.08,1.0,63,0.0,0.755,0.285
2,0.08,1.0,63,0.25,0.7875,0.2125
2,0.08,1.0,63,0.5,0.8075,0.1575
2,0.08,1.0,63,0.75,0.8225,0.1375
2,0.08,1.0,63,1.0,0.8025,0.1075
2,0.08,1.0,63,-0.5,0.7175,0.43
2,0.08,1.0,64,0.0,0.7725,0.3825
2,0.08,1.0,64,0.25,0.8075,0.2775
2,0.08,1.0,64,0.5,0.815,0.2025
2,0.08,1.0,64,0.75,0.8325,0.1625
2,0.08,1.0,64,1.0,0.7925,0.1275
2,0.08,1.0,64,-0.5,0.73,0.4975
2,0.08,1.0,65,0.0,0.795,0.28
2,0.08,1.0,65,0.25,0.815,0.205
2,0.08,1.0,65,0.5,0.8075,0.17
2,0.08,1.0,65,0.75,0.825,0.11
2,0.08,1.0,65,1.0,0.8275,0.1
2,0.08,1.0,65,-0.5,0.735,0.475
2,0.08,1.0,66,0.0,0.805,0.3375
2,0.08,1.0,66,0.25,0.84,0.2675
2,0.08,1.0,66,0.5,0.85,0.2175
2,0.08,1.0,66,0.75,0.885,0.1475
2,0.08,1.0,66,1.0,0.8725,0.1075
2,0.08,1.0,66,-0.5,0.745,0.4525
2,0.08,1.0,67,0.0,0.78,0.27
2,0.08,1.0,67,0.25,0.7925,0.22
2,0.08,1.0,67,0.5,0.8175,0.15
2,0.08,1.0,67,0.75,0.8025,0.135
2,0.08,1.0,67,1.0,0.7875,0.12
2,0.08,1.0,67,-0.5,0.7425,0.405
2,0.08,1.0,68,0.0,0.7775,0.245
2,0.08,1.0,68,0.25,0.7775,0.21
2,0.08,1.0,68,0.5,0.7775,0.18
2,0.08,1.0,68,0.75,0.775,0.14
2,0.08,1.0,68,1.0,0.7475,0.085
2,0.08,1.0,68,-0.5,0.735,0.42
2,0.08,1.0,69,0.0,0.765,0.3
2,0.08,1.0,69,0.25,0.7925,0.245
2,0.08,1.0,69,0.5,0.8275,0.18
2,0.08,1.0,69,0.75,0.8275,0.13
2,0.08,1.0,69,1.0,0.7975,0.105
2,0.08,1.0,69,-0.5,0.7025,0.5
2,0.08,1.0,70,0.0,0.815,0.2975
2,0.08,1.0,70,0.25,0.8525,0.2125
2,0.08,1.0,70,0.5,0.8725,0.1525
2,0.08,1.0,70,0.75,0.875,0.1025
2,0.08,1.0,70,1.0,0.87,0.0975
2,0.08,1.0,70,-0.5,0.7225,0.4825
2,0.08,1.0,71,0.0,0.725,0.2875
2,0.08,1.0,71,0.25,0.7475,0.2325
2,0.08,1.0,71,0.5,0.7475,0.1575
2,0.08,1.0,71,0.75,0.7675,0.1225
2,0.08,1.0,71,1.0,0.7575,0.0925
2,0.08,1.0,71,-0.5,0.6575,0.4875
2,0.08,1.0,72,0.0,0.795,0.245
2,0.08,1.0,72,0.25,0.8275,0.1775
2,0.08,1.0,72,0.5,0.8275,0.1525
2,0.08,1.0,72,0.75,0.8325,0.125
2,0.08,1.0,72,1.0,0.845,0.1075
2,0.08,1.0,72,-0.5,0.74,0.4
2,0.08,1.0,73,0.0,0.815,0.3125
2,0.08,1.0,73,0.25,0.815,0.2525
2,0.08,1.0,73,0.5,0.84,0.1875
2,0.08,1.0,73,0.75,0.8525,0.1475
2,0.08,1.0,73,1.0,0.8425,0.1175
2,0.08,1.0,73,-0.5,0.7575,0.4525
2,0.08,1.0,74,0.0,0.775,0.335
2,0.08,1.0,74,0.25,0.7975,0.25
2,0.08,1.0,74,0.5,0.8325,0.18
2,0.08,1.0,74,0.75,0.825,0.155
2,0.08,1.0,74,1.0,0.835,0.12
2,0.08,1.0,74,-0.5,0.7225,0.495
2,0.08,1.0,75,0.0,0.78,0.295
2,0.08,1.0,75,0.25,0.8075,0.24
2,0.08,1.0,75,0.5,0.8025,0.21
2,0.08,1.0,75,0.75,0.825,0.145
2,0.08,1.0,75,1.0,0.8425,0.11
2,0.08,1.0,75,-0.5,0.705,0.52
2,0.08,1.0,76,0.0,0.7975,0.2675
2,0.08,1.0,76,0.25,0.8025,0.2225
2,0.08,1.0,76,0.5,0.795,0.1775
2,0.08,1.0,76,0.75,0.7975,0.1475
2,0.08,1.0,76,1.0,0.78,0.1125
2,0.08,1.0,76,-0.5,0.7375,0.43
2,0.08,1.0,77,0.0,0.7775,0.2825
2,0.08,1.0,77,0.25,0.81,0.2175
2,0.08,1.0,77,0.5,0.83,0.1725
2,0.08,1.0,77,0.75,0.845,0.1175
2,0.08,1.0,77,1.0,0.845,0.1025
2,0.08,1.0,77,-0.5,0.75,0.4325
2,0.08,1.0,78,0.0,0.84,0.2325
2,0.08,1.0,78,0.25,0.85,0.1925
2,0.08,1.0,78,0.5,0.86,0.1575
2,0.08,1.0,78,0.75,0.8525,0.1375
2,0.08,1.0,78,1.0,0.8575,0.1075
2,0.08,1.0,78,-0.5,0.7575,0.4125
2,0.08,1.0,79,0.0,0.8075,0.3275
2,0.08,1.0,79,0.25,0.8375,0.2425
2,0.08,1.0,79,0.5,0.85,0.1925
2,0.08,1.0,79,0.75,0.845,0.1325
2,0.08,1.0,79,1.0,0.84,0.1075
2,0.08,1.0,79,-0.5,0.7525,0.4375
2,0.08,1.0,80,0.0,0.775,0.305
2,0.08,1.0,80,0.25,0.8025,0.195
2,0.08,1.0,80,0.5,0.8175,0.16
2,0.08,1.0,80,0.75,0.82,0.12
2,0.08,1.0,80,1.0,0.81,0.08
2,0.08,1.0,80,-0.5,0.7275,0.445
2,0.08,1.0,81,0.0,0.74,0.2575
2,0.08,1.0,81,0.25,0.765,0.1925
2,0.08,1.0,81,0.5,0.77,0.1375
2,0.08,1.0,81,0.75,0.755,0.1225
2,0.08,1.0,81,1.0,0.7525,0.1075
2,0.08,1.0,81,-0.5,0.6975,0.4125
2,0.08,1.0,82,0.0,0.745,0.2825
2,0.08,1.0,82,0.25,0.755,0.2175
2,0.08,1.0,82,0.5,0.7675,0.1725
2,0.08,1.0,82,0.75,0.7775,0.1125
2,0.08,1.0,82,1.0,0.78,0.1025
2,0.08,1.0,82,-0.5,0.6875,0.4575
2,0.08,1.0,83,0.0,0.7825,0.2675
2,0.08,1.0,83,0.25,0.775,0.2325
2,0.08,1.0,83,0.5,0.8,0.1625
2,0.08,1.0,83,0.75,0.81,0.1275
2,0.08,1.0,83,1.0,0.7875,0.1175
2,0.08,1.0,83,-0.5,0.7525,0.4075
2,0.08,1.0,84,0.0,0.8525,0.2225
2,0.08,1.0,84,0.25,0.8675,0.1725
2,0.08,1.0,84,0.5,0.88,0.1425
2,0.08,1.0,84,0.75,0.8925,0.1125
2,0.08,1.0,84,1.0,0.8925,0.1075
2,0.08,1.0,84,-0.5,0.775,0.4175
2,0.08,1.0,85,0.0,0.75,0.3125
2,0.08,1.0,85,0.25,0.745,0.2425
2,0.08,1.0,85,0.5,0.78,0.1925
2,0.08,1.0,85,0.75,0.785,0.1625
2,0.08,1.0,85,1.0,0.765,0.1475
2,0.08,1.0,85,-0.5,0.7075,0.4625
2,0.08,1.0,86,0.0,0.8025,0.2775
2,0.08,1.0,86,0.25,0.83,0.2125
2,0.08,1.0,86,0.5,0.8525,0.1575
2,0.08,1.0,86,0.75,0.87,0.1225
2,0.08,1.0,86,1.0,0.8675,0.1025
2,0.08,1.0,86,-0.5,0.7375,0.41
2,0.08,1.0,87,0.0,0.775,0.2775
2,0.08,1.0,87,0.25,0.79,0.2125
2,0.08,1.0,87,0.5,0.81,0.1725
2,0.08,1.0,87,0.75,0.8275,0.1475
2,0.08,1.0,87,1.0,0.8175,0.1375
2,0.08,1.0,87,-0.5,0.7,0.4775
2,0.08,1.0,88,0.0,0.79,0.27
2,0.08,1.0,88,0.25,0.8125,0.23
2,0.08,1.0,88,0.5,0.8475,0.165
2,0.08,1.0,88,0.75,0.835,0.14
2,0.08,1.0,88,1.0,0.83,0.11
2,0.08,1.0,88,-0.5,0.725,0.435
2,0.08,1.0,89,0.0,0.7975,0.26
2,0.08,1.0,89,0.25,0.835,0.1825
2,0.08,1.0,89,0.5,0.85,0.1575
2,0.08,1.0,89,0.75,0.84,0.1375
2,0.08,1.0,89,1.0,0.83,0.1125
2,0.08,1.0,89,-0.5,0.7475,0.44
2,0.08,1.0,90,0.0,0.765,0.36
2,0.08,1.0,90,0.25,0.8025,0.26
2,0.08,1.0,90,0.5,0.815,0.205
2,0.08,1.0,90,0.75,0.82,0.14
2,0.08,1.0,90,1.0,0.8175,0.095
2,0.08,1.0,90,-0.5,0.695,0.5
2,0.08,1.0,91,0.0,0.775,0.2775
2,0.08,1.0,91,0.25,0.805,0.2175
2,0.08,1.0,91,0.5,0.825,0.1625
2,0.08,1.0,91,0.75,0.8,0.1475
2,0.08,1.0,91,1.0,0.8225,0.1025
2,0.08,1.0,91,-0.5,0.74,0.4025
2,0.08,1.0,92,0.0,0.785,0.25
2,0.08,1.0,92,0.25,0.8,0.205
2,0.08,1.0,92,0.5,0.8275,0.145
2,0.08,1.0,92,0.75,0.8525,0.105
2,0.08,1.0,92,1.0,0.8475,0.095
2,0.08,1.0,92,-0.5,0.735,0.425
2,0.08,1.0,93,0.0,0.785,0.29
2,0.08,1.0,93,0.25,0.8,0.23
2,0.08,1.0,93,0.5,0.82,0.18
2,0.08,1.0,93,0.75,0.8325,0.145
2,0.08,1.0,93,1.0,0.8375,0.12
2,0.08,1.0,93,-0.5,0.735,0.46
2,0.08,1.0,94,0.0,0.79,0.2875
2,0.08,1.0,94,0.25,0.8125,0.2325
2,0.08,1.0,94,0.5,0.8325,0.2025
2,0.08,1.0,94,0.75,0.84,0.1425
2,0.08,1.0,94,1.0,0.845,0.1175
2,0.08,1.0,94,-0.5,0.735,0.46
2,0.08,1.0,95,0.0,0.77,0.295
2,0.08,1.0,95,0.25,0.7925,0.24
2,0.08,1.0,95,0.5,0.7975,0.165
2,0.08,1.0,95,0.75,0.795,0.13
2,0.08,1.0,95,1.0,0.79,0.105
2,0.08,1.0,95,-0.5,0.7175,0.42
2,0.08,1.0,96,0.0,0.76,0.2975
2,0.08,1.0,96,0.25,0.7825,0.2375
2,0.08,1.0,96,0.5,0.8025,0.185
2,0.08,1.0,96,0.75,0.815,0.145
2,0.08,1.0,96,1.0,0.82,0.125
2,0.08,1.0,96,-0.5,0.6925,0.4575
2,0.08,1.0,97,0.0,0.72,0.295
2,0.08,1.0,97,0.25,0.7525,0.225
2,0.08,1.0,97,0.5,0.76,0.195
2,0.08,1.0,97,0.75,0.775,0.16
2,0.08,1.0,97,1.0,0.7725,0.125
2,0.08,1.0,97,-0.5,0.6825,0.4525
2,0.08,1.0,98,0.0,0.815,0.2575
2,0.08,1.0,98,0.25,0.825,0.2075
2,0.08,1.0,98,0.5,0.825,0.1725
2,0.08,1.0,98,0.75,0.815,0.1525
2,0.08,1.0,98,1.0,0.8,0.1325
2,0.08,1.0,98,-0.5,0.765,0.415
2,0.08,1.0,99,0.0,0.7875,0.2975
2,0.08,1.0,99,0.25,0.83,0.2225
2,0.08,1.0,99,0.5,0.8325,0.1925
2,0.08,1.0,99,0.75,0.8625,0.1475
2,0.08,1.0,99,1.0,0.8725,0.1125
2,0.08,1.0,99,-0.5,0.74,0.4675
3,0.08,1.5,0,0.0,0.7125,0.3325
3,0.08,1.5,0,0.25,0.7375,0.2925
3,0.08,1.5,0,0.5,0.7475,0.2675
3,0.08,1.5,0,0.75,0.765,0.2225
3,0.08,1.5,0,1.0,0.7725,0.1825
3,0.08,1.5,0,-0.5,0.6825,0.4425
3,0.08,1.5,1,0.0,0.7,0.34
3,0.08,1.5,1,0.25,0.6925,0.32
3,0.08,1.5,1,0.5,0.7175,0.275
3,0.08,1.5,1,0.75,0.765,0.22
3,0.08,1.5,1,1.0,0.745,0.16
3,0.08,1.5,1,-0.5,0.6875,0.41
3,0.08,1.5,2,0.0,0.7475,0.365
3,0.08,1.5,2,0.25,0.755,0.305
3,0.08,1.5,2,0.5,0.7825,0.245
3,0.08,1.5,2,0.75,0.8025,0.205
3,0.08,1.5,2,1.0,0.825,0.18
3,0.08,1.5,2,-0.5,0.72,0.475
3,0.08,1.5,3,0.0,0.665,0.435
3,0.08,1.5,3,0.25,0.67,0.38
3,0.08,1.5,3,0.5,0.6925,0.335
3,0.08,1.5,3,0.75,0.7,0.285
3,0.08,1.5,3,1.0,0.69,0.25
3,0.08,1.5,3,-0.5,0.6275,0.5425
3,0.08,1.5,4,0.0,0.6925,0.43
3,0.08,1.5,4,0.25,0.7,0.35
3,0.08,1.5,4,0.5,0.7275,0.305
3,0.08,1.5,4,0.75,0.755,0.26
3,0.08,1.5,4,1.0,0.745,0.215
3,0.08,1.5,4,-0.5,0.665,0.53
3,0.08,1.5,5,0.0,0.655,0.4075
3,0.08,1.5,5,0.25,0.66,0.3475
3,0.08,1.5,5,0.5,0.6675,0.3025
3,0.08,1.5,5,0.75,0.7025,0.2475
3,0.08,1.5,5,1.0,0.7125,0.2075
3,0.08,1.5,5,-0.5,0.645,0.5175
3,0.08,1.5,6,0.0,0.755,0.36
3,0.08,1.5,6,0.25,0.765,0.335
3,0.08,1.5,6,0.5,0.79,0.265
3,0.08,1.5,6,0.75,0.805,0.215
3,0.08,1.5,6,1.0,0.8125,0.175
3,0.08,1.5,6,-0.5,0.7125,0.48
3,0.08,1.5,7,0.0,0.725,0.405
3,0.08,1.5,7,0.25,0.735,0.3525
3,0.08,1.5,7,0.5,0.745,0.2975
3,0.08,1.5,7,0.75,0.745,0.2675
3,0.08,1.5,7,1.0,0.7425,0.2225
3,0.08,1.5,7,-0.5,0.675,0.525
3,0.08,1.5,8,0.0,0.71,0.3825
3,0.08,1.5,8,0.25,0.7275,0.3225
3,0.08,1.5,8,0.5,0.7375,0.2725
3,0.08,1.5,8,0.75,0.7425,0.2175
3,0.08,1.5,8,1.0,0.7625,0.1775
3,0.08,1.5,8,-0.5,0.6925,0.5125
3,0.08,1.5,9,0.0,0.715,0.3525
3,0.08,1.5,9,0.25,0.715,0.2925
3,0.08,1.5,9,0.5,0.735,0.2625
3,0.08,1.5,9,0.75,0.765,0.2025
3,0.08,1.5,9,1.0,0.78,0.1775
3,0.08,1.5,9,-0.5,0.7,0.4525
3,0.08,1.5,10,0.0,0.705,0.43
3,0.08,1.5,10,0.25,0.7125,0.36
3,0.08,1.5,10,0.5,0.73,0.305
3,0.08,1.5,10,0.75,0.745,0.265
3,0.08,1.5,10,1.0,0.7575,0.23
3,0.08,1.5,10,-0.5,0.7,0.51
3,0.08,1.5,11,0.0,0.695,0.3875
3,0.08,1.5,11,0.25,0.7075,0.3175
3,0.08,1.5,11,0.5,0.72,0.2775
3,0.08,1.5,11,0.75,0.755,0.1975
3,0.08,1.5,11,1.0,0.7575,0.1625
3,0.08,1.5,11,-0.5,0.6525,0.505
3,0.08,1.5,12,0.0,0.7275,0.43
3,0.08,1.5,12,0.25,0.7575,0.34
3,0.08,1.5,12,0.5,0.7725,0.295
3,0.08,1.5,12,0.75,0.7825,0.23
3,0.08,1.5,12,1.0,0.81,0.1925
3,0.08,1.5,12,-0.5,0.695,0.5275
3,0.08,1.5,13,0.0,0.755,0.3475
3,0.08,1.5,13,0.25,0.7625,0.3125
3,0.08,1.5,13,0.5,0.755,0.2875
3,0.08,1.5,13,0.75,0.76,0.2375
3,0.08,1.5,13,1.0,0.78,0.1925
3,0.08,1.5,13,-0.5,0.6975,0.5025
3,0.08,1.5,14,0.0,0.7,0.4025
3,0.08,1.5,14,0.25,0.7175,0.3375
3,0.08,1.5,14,0.5,0.725,0.3075
3,0.08,1.5,14,0.75,0.7525,0.2425
3,0.08,1.5,14,1.0,0.7575,0.2075
3,0.08,1.5,14,-0.5,0.685,0.5175
3,0.08,1.5,15,0.0,0.745,0.38
3,0.08,1.5,15,0.25,0.7525,0.325
3,0.08,1.5,15,0.5,0.7825,0.255
3,0.08,1.5,15,0.75,0.7825,0.22
3,0.08,1.5,15,1.0,0.795,0.185
3,0.08,1.5,15,-0.5,0.7075,0.51
3,0.08,1.5,16,0.0,0.7525,0.33
3,0.08,1.5,16,0.25,0.7725,0.29
3,0.08,1.5,16,0.5,0.7975,0.24
3,0.08,1.5,16,0.75,0.8,0.22
3,0.08,1.5,16,1.0,0.82,0.175
3,0.08,1.5,16,-0.5,0.7125,0.455
3,0.08,1.5,17,0.0,0.685,0.41
3,0.08,1.5,17,0.25,0.715,0.35
3,0.08,1.5,17,0.5,0.7425,0.29
3,0.08,1.5,17,0.75,0.7575,0.265
3,0.08,1.5,17,1.0,0.7575,0.205
3,0.08,1.5,17,-0.5,0.6725,0.5175
3,0.08,1.5,18,0.0,0.7275,0.4425
3,0.08,1.5,18,0.25,0.75,0.3925
3,0.08,1.5,18,0.5,0.755,0.3125
3,0.08,1.5,18,0.75,0.745,0.2475
3,0.08,1.5,18,1.0,0.76,0.1925
3,0.08,1.5,18,-0.5,0.67,0.5375
3,0.08,1.5,19,0.0,0.7125,0.33
3,0.08,1.5,19,0.25,0.745,0.28
3,0.08,1.5,19,0.5,0.7625,0.235
3,0.08,1.5,19,0.75,0.77,0.19
3,0.08,1.5,19,1.0,0.78,0.155
3,0.08,1.5,19,-0.5,0.68,0.45
3,0.08,1.5,20,0.0,0.695,0.3975
3,0.08,1.5,20,0.25,0.72,0.3625
3,0.08,1.5,20,0.5,0.73,0.3075
3,0.08,1.5,20,0.75,0.78,0.2325
3,0.08,1.5,20,1.0,0.7625,0.2025
3,0.08,1.5,20,-0.5,0.6525,0.5175
3,0.08,1.5,21,0.0,0.7225,0.3775
3,0.08,1.5,21,0.25,0.7325,0.3375
3,0.08,1.5,21,0.5,0.7425,0.2925
3,0.08,1.5,21,0.75,0.7725,0.2375
3,0.08,1.5,21,1.0,0.79,0.1925
3,0.08,1.5,21,-0.5,0.675,0.4975
3,0.08,1.5,22,0.0,0.7125,0.355
3,0.08,1.5,22,0.25,0.73,0.31
3,0.08,1.5,22,0.5,0.7425,0.2575
3,0.08,1.5,22,0.75,0.7425,0.2225
3,0.08,1.5,22,1.0,0.765,0.1825
3,0.08,1.5,22,-0.5,0.6875,0.46
3,0.08,1.5,23,0.0,0.6975,0.3625
3,0.08,1.5,23,0.25,0.7,0.3225
3,0.08,1.5,23,0.5,0.7075,0.2875
3,0.08,1.5,23,0.75,0.7125,0.2275
3,0.08,1.5,23,1.0,0.7325,0.195
3,0.08,1.5,23,-0.5,0.67,0.4725
3,0.08,1.5,24,0.0,0.7375,0.3425
3,0.08,1.5,24,0.25,0.755,0.2975
3,0.08,1.5,24,0.5,0.755,0.2725
3,0.08,1.5,24,0.75,0.7675,0.2075
3,0.08,1.5,24,1.0,0.79,0.1725
3,0.08,1.5,24,-0.5,0.69,0.4775
3,0.08,1.5,25,0.0,0.7125,0.3625
3,0.08,1.5,25,0.25,0.75,0.2875
3,0.08,1.5,25,0.5,0.7425,0.2475
3,0.08,1.5,25,0.75,0.7525,0.2075
3,0.08,1.5,25,1.0,0.75,0.1825
3,0.08,1.5,25,-0.5,0.6825,0.4975
3,0.08,1.5,26,0.0,0.775,0.3525
3,0.08,1.5,26,0.25,0.7825,0.305
3,0.08,1.5,26,0.5,0.79,0.255
3,0.08,1.5,26,0.75,0.78,0.22
3,0.08,1.5,26,1.0,0.78,0.165
3,0.08,1.5,26,-0.5,0.74,0.4725
3,0.08,1.5,27,0.0,0.71,0.43
3,0.08,1.5,27,0.25,0.735,0.355
3,0.08,1.5,27,0.5,0.7675,0.2975
3,0.08,1.5,27,0.75,0.7675,0.2525
3,0.08,1.5,27,1.0,0.7975,0.1875
3,0.08,1.5,27,-0.5,0.6825,0.5
3,0.08,1.5,28,0.0,0.7025,0.3625
3,0.08,1.5,28,0.25,0.715,0.3025
3,0.08,1.5,28,0.5,0.7425,0.24
3,0.08,1.5,28,0.75,0.75,0.22
3,0.08,1.5,28,1.0,0.755,0.165
3,0.08,1.5,28,-0.5,0.6575,0.4925
3,0.08,1.5,29,0.0,0.7475,0.3475
3,0.08,1.5,29,0.25,0.7525,0.3175
3,0.08,1.5,29,0.5,0.7725,0.2775
3,0.08,1.5,29,0.75,0.7875,0.2325
3,0.08,1.5,29,1.0,0.7875,0.1775
3,0.08,1.5,29,-0.5,0.7125,0.465
3,0.08,1.5,30,0.0,0.7475,0.3325
3,0.08,1.5,30,0.25,0.78,0.2725
3,0.08,1.5,30,0.5,0.8025,0.2325
3,0.08,1.5,30,0.75,0.8025,0.1925
3,0.08,1.5,30,1.0,0.7925,0.1575
3,0.08,1.5,30,-0.5,0.71,0.4425
3,0.08,1.5,31,0.0,0.7625,0.3375
3,0.08,1.5,31,0.25,0.7725,0.3125
3,0.08,1.5,31,0.5,0.785,0.2775
3,0.08,1.5,31,0.75,0.81,0.2575
3,0.08,1.5,31,1.0,0.8625,0.1875
3,0.08,1.5,31,-0.5,0.7075,0.4825
3,0.08,1.5,32,0.0,0.7125,0.3775
3,0.08,1.5,32,0.25,0.725,0.3275
3,0.08,1.5,32,0.5,0.755,0.2825
3,0.08,1.5,32,0.75,0.7475,0.2725
3,0.08,1.5,32,1.0,0.74,0.2375
3,0.08,1.5,32,-0.5,0.6925,0.5025
3,0.08,1.5,33,0.0,0.74,0.3525
3,0.08,1.5,33,0.25,0.7575,0.3225
3,0.08,1.5,33,0.5,0.7725,0.2725
3,0.08,1.5,33,0.75,0.8025,0.2175
3,0.08,1.5,33,1.0,0.805,0.1675
3,0.08,1.5,33,-0.5,0.685,0.5075
3,0.08,1.5,34,0.0,0.695,0.3625
3,0.08,1.5,34,0.25,0.7075,0.3175
3,0.08,1.5,34,0.5,0.725,0.2625
3,0.08,1.5,34,0.75,0.7175,0.2325
3,0.08,1.5,34,1.0,0.7575,0.1925
3,0.08,1.5,34,-0.5,0.67,0.4525
3,0.08,1.5,35,0.0,0.7225,0.3875
3,0.08,1.5,35,0.25,0.735,0.3275
3,0.08,1.5,35,0.5,0.7675,0.2725
3,0.08,1.5,35,0.75,0.77,0.2125
3,0.08,1.5,35,1.0,0.785,0.1775
3,0.08,1.5,35,-0.5,0.6775,0.5075
3,0.08,1.5,36,0.0,0.7275,0.415
3,0.08,1.5,36,0.25,0.75,0.33
3,0.08,1.5,36,0.5,0.76,0.285
3,0.08,1.5,36,0.75,0.7625,0.25
3,0.08,1.5,36,1.0,0.765,0.2125
3,0.08,1.5,36,-0.5,0.69,0.52
3,0.08,1.5,37,0.0,0.7125,0.4025
3,0.08,1.5,37,0.25,0.745,0.3275
3,0.08,1.5,37,0.5,0.755,0.2775
3,0.08,1.5,37,0.75,0.7725,0.2325
3,0.08,1.5,37,1.0,0.8025,0.1825
3,0.08,1.5,37,-0.5,0.685,0.5075
3,0.08,1.5,38,0.0,0.725,0.3725
3,0.08,1.5,38,0.25,0.74,0.3225
3,0.08,1.5,38,0.5,0.7725,0.2475
3,0.08,1.5,38,0.75,0.795,0.1975
3,0.08,1.5,38,1.0,0.815,0.17
3,0.08,1.5,38,-0.5,0.7,0.4475
3,0.08,1.5,39,0.0,0.7275,0.395
3,0.08,1.5,39,0.25,0.7475,0.355
3,0.08,1.5,39,0.5,0.7475,0.285
3,0.08,1.5,39,0.75,0.7475,0.25
3,0.08,1.5,39,1.0,0.7525,0.22
3,0.08,1.5,39,-0.5,0.6925,0.49
3,0.08,1.5,40,0.0,0.72,0.4325
3,0.08,1.5,40,0.25,0.735,0.3475
3,0.08,1.5,40,0.5,0.7675,0.2725
3,0.08,1.5,40,0.75,0.77,0.2325
3,0.08,1.5,40,1.0,0.775,0.1975
3,0.08,1.5,40,-0.5,0.6875,0.5425
3,0.08,1.5,41,0.0,0.675,0.3975
3,0.08,1.5,41,0.25,0.685,0.3475
3,0.08,1.5,41,0.5,0.6975,0.2725
3,0.08,1.5,41,0.75,0.71,0.2125
3,0.08,1.5,41,1.0,0.7175,0.1675
3,0.08,1.5,41,-0.5,0.645,0.5075
3,0.08,1.5,42,0.0,0.7025,0.3625
3,0.08,1.5,42,0.25,0.6875,0.3075
3,0.08,1.5,42,0.5,0.7175,0.2525
3,0.08,1.5,42,0.75,0.74,0.1975
3,0.08,1.5,42,1.0,0.7525,0.1625
3,0.08,1.5,42,-0.5,0.69,0.4475
3,0.08,1.5,43,0.0,0.7175,0.39
3,0.08,1.5,43,0.25,0.7575,0.31
3,0.08,1.5,43,0.5,0.77,0.265
3,0.08,1.5,43,0.75,0.755,0.22
3,0.08,1.5,43,1.0,0.745,0.165
3,0.08,1.5,43,-0.5,0.6675,0.5
3,0.08,1.5,44,0.0,0.695,0.4125
3,0.08,1.5,44,0.25,0.72,0.3275
3,0.08,1.5,44,0.5,0.7325,0.2725
3,0.08,1.5,44,0.75,0.7575,0.2175
3,0.08,1.5,44,1.0,0.7475,0.1825
3,0.08,1.5,44,-0.5,0.665,0.495
3,0.08,1.5,45,0.0,0.69,0.3975
3,0.08,1.5,45,0.25,0.7025,0.3325
3,0.08,1.5,45,0.5,0.72,0.2725
3,0.08,1.5,45,0.75,0.7325,0.2075
3,0.08,1.5,45,1.0,0.7475,0.16
3,0.08,1.5,45,-0.5,0.66,0.48
3,0.08,1.5,46,0.0,0.73,0.395
3,0.08,1.5,46,0.25,0.7425,0.34
3,0.08,1.5,46,0.5,0.745,0.285
3,0.08,1.5,46,0.75,0.7325,0.255
3,0.08,1.5,46,1.0,0.74,0.205
3,0.08,1.5,46,-0.5,0.6725,0.54
3,0.08,1.5,47,0.0,0.7475,0.3625
3,0.08,1.5,47,0.25,0.765,0.3175
3,0.08,1.5,47,0.5,0.785,0.2625
3,0.08,1.5,47,0.75,0.775,0.2475
3,0.08,1.5,47,1.0,0.7875,0.1975
3,0.08,1.5,47,-0.5,0.72,0.4725
3,0.08,1.5,48,0.0,0.755,0.35
3,0.08,1.5,48,0.25,0.7625,0.295
3,0.08,1.5,48,0.5,0.78,0.23
3,0.08,1.5,48,0.75,0.79,0.2
3,0.08,1.5,48,1.0,0.7975,0.16
3,0.08,1.5,48,-0.5,0.7125,0.48
3,0.08,1.5,49,0.0,0.7075,0.385
3,0.08,1.5,49,0.25,0.7075,0.36
3,0.08,1.5,49,0.5,0.73,0.315
3,0.08,1.5,49,0.75,0.76,0.245
3,0.08,1.5,49,1.0,0.78,0.185
3,0.08,1.5,49,-0.5,0.665,0.495
3,0.08,1.5,50,0.0,0.705,0.38
3,0.08,1.5,50,0.25,0.7025,0.32
3,0.08,1.5,50,0.5,0.725,0.27
3,0.08,1.5,50,0.75,0.7525,0.24
3,0.08,1.5,50,1.0,0.7525,0.19
3,0.08,1.5,50,-0.5,0.67,0.51
3,0.08,1.5,51,0.0,0.735,0.3525
3,0.08,1.5,51,0.25,0.75,0.2875
3,0.08,1.5,51,0.5,0.735,0.2425
3,0.08,1.5,51,0.75,0.7525,0.1925
3,0.08,1.5,51,1.0,0.7775,0.1475
3,0.08,1.5,51,-0.5,0.7025,0.4975
3,0.08,1.5,52,0.0,0.7175,0.425
3,0.08,1.5,52,0.25,0.7275,0.3975
3,0.08,1.5,52,0.5,0.745,0.3275
3,0.08,1.5,52,0.75,0.7425,0.2775
3,0.08,1.5,52,1.0,0.755,0.225
3,0.08,1.5,52,-0.5,0.6825,0.51
3,0.08,1.5,53,0.0,0.735,0.3675
3,0.08,1.5,53,0.25,0.7575,0.3125
3,0.08,1.5,53,0.5,0.76,0.3025
3,0.08,1.5,53,0.75,0.745,0.2675
3,0.08,1.5,53,1.0,0.765,0.2275
3,0.08,1.5,53,-0.5,0.6975,0.5125
3,0.08,1.5,54,0.0,0.7375,0.32
3,0.08,1.5,54,0.25,0.755,0.275
3,0.08,1.5,54,0.5,0.7675,0.235
3,0.08,1.5,54,0.75,0.77,0.195
3,0.08,1.5,54,1.0,0.775,0.18
3,0.08,1.5,54,-0.5,0.68,0.5
3,0.08,1.5,55,0.0,0.7,0.38
3,0.08,1.5,55,0.25,0.7175,0.33
3,0.08,1.5,55,0.5,0.7175,0.305
3,0.08,1.5,55,0.75,0.71,0.25
3,0.08,1.5,55,1.0,0.7,0.2
3,0.08,1.5,55,-0.5,0.6425,0.5325
3,0.08,1.5,56,0.0,0.6875,0.43
3,0.08,1.5,56,0.25,0.73,0.345
3,0.08,1.5,56,0.5,0.75,0.29
3,0.08,1.5,56,0.75,0.7575,0.23
3,0.08,1.5,56,1.0,0.7575,0.18
3,0.08,1.5,56,-0.5,0.6525,0.515
3,0.08,1.5,57,0.0,0.7825,0.3475
3,0.08,1.5,57,0.25,0.815,0.2875
3,0.08,1.5,57,0.5,0.8275,0.2525
3,0.08,1.5,57,0.75,0.8475,0.1975
3,0.08,1.5,57,1.0,0.8425,0.1775
3,0.08,1.5,57,-0.5,0.7425,0.4525
3,0.08,1.5,58,0.0,0.745,0.3625
3,0.08,1.5,58,0.25,0.7725,0.2925
3,0.08,1.5,58,0.5,0.785,0.2525
3,0.08,1.5,58,0.75,0.7925,0.22
3,0.08,1.5,58,1.0,0.81,0.18
3,0.08,1.5,58,-0.5,0.705,0.4575
3,0.08,1.5,59,0.0,0.725,0.3875
3,0.08,1.5,59,0.25,0.725,0.3425
3,0.08,1.5,59,0.5,0.75,0.2925
3,0.08,1.5,59,0.75,0.7575,0.2575
3,0.08,1.5,59,1.0,0.7625,0.2125
3,0.08,1.5,59,-0.5,0.68,0.4975
3,0.08,1.5,60,0.0,0.67,0.4025
3,0.08,1.5,60,0.25,0.7,0.3325
3,0.08,1.5,60,0.5,0.6975,0.2825
3,0.08,1.5,60,0.75,0.72,0.2275
3,0.08,1.5,60,1.0,0.7175,0.195
3,0.08,1.5,60,-0.5,0.65,0.4825
3,0.08,1.5,61,0.0,0.7425,0.3525
3,0.08,1.5,61,0.25,0.7625,0.2875
3,0.08,1.5,61,0.5,0.7875,0.2375
3,0.08,1.5,61,0.75,0.8,0.1975
3,0.08,1.5,61,1.0,0.8225,0.1525
3,0.08,1.5,61,-0.5,0.705,0.4475
3,0.08,1.5,62,0.0,0.7175,0.395
3,0.08,1.5,62,0.25,0.735,0.335
3,0.08,1.5,62,0.5,0.745,0.27
3,0.08,1.5,62,0.75,0.7625,0.215
3,0.08,1.5,62,1.0,0.7725,0.155
3,0.08,1.5,62,-0.5,0.67,0.505
3,0.08,1.5,63,0.0,0.7375,0.3375
3,0.08,1.5,63,0.25,0.7525,0.2775
3,0.08,1.5,63,0.5,0.78,0.1975
3,0.08,1.5,63,0.75,0.7825,0.1775
3,0.08,1.5,63,1.0,0.79,0.1525
3,0.08,1.5,63,-0.5,0.68,0.5025
3,0.08,1.5,64,0.0,0.71,0.3675
3,0.08,1.5,64,0.25,0.7325,0.3375
3,0.08,1.5,64,0.5,0.73,0.2925
3,0.08,1.5,64,0.75,0.76,0.2375
3,0.08,1.5,64,1.0,0.7925,0.1725
3,0.08,1.5,64,-0.5,0.6775,0.4825
3,0.08,1.5,65,0.0,0.7275,0.405
3,0.08,1.5,65,0.25,0.7375,0.335
3,0.08,1.5,65,0.5,0.74,0.3
3,0.08,1.5,65,0.75,0.74,0.28
3,0.08,1.5,65,1.0,0.75,0.235
3,0.08,1.5,65,-0.5,0.67,0.52
3,0.08,1.5,66,0.0,0.6975,0.3775
3,0.08,1.5,66,0.25,0.7,0.3325
3,0.08,1.5,66,0.5,0.6875,0.2925
3,0.08,1.5,66,0.75,0.7225,0.2075
3,0.08,1.5,66,1.0,0.735,0.2025
3,0.08,1.5,66,-0.5,0.68,0.4725
3,0.08,1.5,67,0.0,0.7475,0.3275
3,0.08,1.5,67,0.25,0.76,0.2925
3,0.08,1.5,67,0.5,0.7825,0.2425
3,0.08,1.5,67,0.75,0.785,0.2075
3,0.08,1.5,67,1.0,0.8025,0.175
3,0.08,1.5,67,-0.5,0.695,0.4225
3,0.08,1.5,68,0.0,0.695,0.4175
3,0.08,1.5,68,0.25,0.7175,0.3625
3,0.08,1.5,68,0.5,0.7275,0.2925
3,0.08,1.5,68,0.75,0.74,0.2775
3,0.08,1.5,68,1.0,0.755,0.2225
3,0.08,1.5,68,-0.5,0.6625,0.5025
3,0.08,1.5,69,0.0,0.7225,0.365
3,0.08,1.5,69,0.25,0.715,0.34
3,0.08,1.5,69,0.5,0.7325,0.285
3,0.08,1.5,69,0.75,0.75,0.2325
3,0.08,1.5,69,1.0,0.76,0.2
3,0.08,1.5,69,-0.5,0.7,0.47
3,0.08,1.5,70,0.0,0.755,0.3725
3,0.08,1.5,70,0.25,0.775,0.3125
3,0.08,1.5,70,0.5,0.7825,0.2725
3,0.08,1.5,70,0.75,0.8,0.2325
3,0.08,1.5,70,1.0,0.8375,0.1775
3,0.08,1.5,70,-0.5,0.7075,0.48
3,0.08,1.5,71,0.0,0.7225,0.425
3,0.08,1.5,71,0.25,0.73,0.355
3,0.08,1.5,71,0.5,0.7375,0.32
3,0.08,1.5,71,0.75,0.765,0.25
3,0.08,1.5,71,1.0,0.7425,0.21
3,0.08,1.5,71,-0.5,0.685,0.5525
3,0.08,1.5,72,0.0,0.7325,0.3975
3,0.08,1.5,72,0.25,0.745,0.3275
3,0.08,1.5,72,0.5,0.7525,0.2825
3,0.08,1.5,72,0.75,0.7425,0.2275
3,0.08,1.5,72,1.0,0.7625,0.1775
3,0.08,1.5,72,-0.5,0.6825,0.5375
3,0.08,1.5,73,0.0,0.7225,0.38
3,0.08,1.5,73,0.25,0.71,0.355
3,0.08,1.5,73,0.5,0.705,0.315
3,0.08,1.5,73,0.75,0.7275,0.2625
3,0.08,1.5,73,1.0,0.7275,0.2275
3,0.08,1.5,73,-0.5,0.6775,0.525
3,0.08,1.5,74,0.0,0.6775,0.33
3,0.08,1.5,74,0.25,0.6775,0.31
3,0.08,1.5,74,0.5,0.6925,0.27
3,0.08,1.5,74,0.75,0.7025,0.215
3,0.08,1.5,74,1.0,0.7275,0.165
3,0.08,1.5,74,-0.5,0.6875,0.425
3,0.08,1.5,75,0.0,0.75,0.3825
3,0.08,1.5,75,0.25,0.7675,0.3425
3,0.08,1.5,75,0.5,0.8025,0.2825
3,0.08,1.5,75,0.75,0.8025,0.2275
3,0.08,1.5,75,1.0,0.805,0.1775
3,0.08,1.5,75,-0.5,0.71,0.48
3,0.08,1.5,76,0.0,0.7425,0.3425
3,0.08,1.5,76,0.25,0.76,0.2725
3,0.08,1.5,76,0.5,0.79,0.2425
3,0.08,1.5,76,0.75,0.805,0.2075
3,0.08,1.5,76,1.0,0.7975,0.1725
3,0.08,1.5,76,-0.5,0.705,0.4575
3,0.08,1.5,77,0.0,0.6775,0.3975
3,0.08,1.5,77,0.25,0.7,0.3475
3,0.08,1.5,77,0.5,0.7,0.3025
3,0.08,1.5,77,0.75,0.6825,0.2775
3,0.08,1.5,77,1.0,0.68,0.2225
3,0.08,1.5,77,-0.5,0.6325,0.53
3,0.08,1.5,78,0.0,0.72,0.3925
3,0.08,1.5,78,0.25,0.7425,0.3275
3,0.08,1.5,78,0.5,0.75,0.285
3,0.08,1.5,78,0.75,0.765,0.25
3,0.08,1.5,78,1.0,0.785,0.2
3,0.08,1.5,78,-0.5,0.66,0.5375
3,0.08,1.5,79,0.0,0.71,0.375
3,0.08,1.5,79,0.25,0.735,0.32
3,0.08,1.5,79,0.5,0.7625,0.28
3,0.08,1.5,79,0.75,0.775,0.25
3,0.08,1.5,79,1.0,0.78,0.185
3,0.08,1.5,79,-0.5,0.67,0.515
3,0.08,1.5,80,0.0,0.695,0.405
3,0.08,1.5,80,0.25,0.6925,0.34
3,0.08,1.5,80,0.5,0.7025,0.275
3,0.08,1.5,80,0.75,0.72,0.235
3,0.08,1.5,80,1.0,0.74,0.185
3,0.08,1.5,80,-0.5,0.6475,0.535
3,0.08,1.5,81,0.0,0.7475,0.38
3,0.08,1.5,81,0.25,0.7675,0.33
3,0.08,1.5,81,0.5,0.785,0.265
3,0.08,1.5,81,0.75,0.8025,0.23
3,0.08,1.5,81,1.0,0.8125,0.175
3,0.08,1.5,81,-0.5,0.695,0.475
3,0.08,1.5,82,0.0,0.7075,0.37
3,0.08,1.5,82,0.25,0.745,0.29
3,0.08,1.5,82,0.5,0.745,0.255
3,0.08,1.5,82,0.75,0.7475,0.235
3,0.08,1.5,82,1.0,0.7625,0.205
3,0.08,1.5,82,-0.5,0.6725,0.46
3,0.08,1.5,83,0.0,0.6925,0.4
3,0.08,1.5,83,0.25,0.73,0.325
3,0.08,1.5,83,0.5,0.765,0.285
3,0.08,1.5,83,0.75,0.7725,0.255
3,0.08,1.5,83,1.0,0.805,0.2
3,0.08,1.5,83,-0.5,0.6875,0.51
3,0.08,1.5,84,0.0,0.705,0.375
3,0.08,1.5,84,0.25,0.715,0.3
3,0.08,1.5,84,0.5,0.7425,0.255
3,0.08,1.5,84,0.75,0.765,0.22
3,0.08,1.5,84,1.0,0.7475,0.175
3,0.08,1.5,84,-0.5,0.685,0.455
3,0.08,1.5,85,0.0,0.765,0.375
3,0.08,1.5,85,0.25,0.78,0.325
3,0.08,1.5,85,0.5,0.7875,0.26
3,0.08,1.5,85,0.75,0.7825,0.205
3,0.08,1.5,85,1.0,0.765,0.15
3,0.08,1.5,85,-0.5,0.7175,0.505
3,0.08,1.5,86,0.0,0.73,0.4
3,0.08,1.5,86,0.25,0.735,0.365
3,0.08,1.5,86,0.5,0.7575,0.31
3,0.08,1.5,86,0.75,0.7625,0.25
3,0.08,1.5,86,1.0,0.7825,0.19
3,0.08,1.5,86,-0.5,0.6975,0.52
3,0.08,1.5,87,0.0,0.72,0.375
3,0.08,1.5,87,0.25,0.7275,0.315
3,0.08,1.5,87,0.5,0.74,0.26
3,0.08,1.5,87,0.75,0.7525,0.235
3,0.08,1.5,87,1.0,0.7425,0.205
3,0.08,1.5,87,-0.5,0.7025,0.45
3,0.08,1.5,88,0.0,0.71,0.3725
3,0.08,1.5,88,0.25,0.7375,0.3275
3,0.08,1.5,88,0.5,0.745,0.2825
3,0.08,1.5,88,0.75,0.76,0.2425
3,0.08,1.5,88,1.0,0.745,0.1925
3,0.08,1.5,88,-0.5,0.675,0.5425
3,0.08,1.5,89,0.0,0.7,0.365
3,0.08,1.5,89,0.25,0.7075,0.32
3,0.08,1.5,89,0.5,0.7325,0.25
3,0.08,1.5,89,0.75,0.745,0.19
3,0.08,1.5,89,1.0,0.7325,0.1725
3,0.08,1.5,89,-0.5,0.665,0.53
3,0.08,1.5,90,0.0,0.66,0.355
3,0.08,1.5,90,0.25,0.6725,0.31
3,0.08,1.5,90,0.5,0.68,0.2525
3,0.08,1.5,90,0.75,0.6875,0.2025
3,0.08,1.5,90,1.0,0.685,0.1875
3,0.08,1.5,90,-0.5,0.6225,0.48
3,0.08,1.5,91,0.0,0.72,0.34
3,0.08,1.5,91,0.25,0.735,0.285
3,0.08,1.5,91,0.5,0.7575,0.215
3,0.08,1.5,91,0.75,0.7625,0.185
3,0.08,1.5,91,1.0,0.735,0.16
3,0.08,1.5,91,-0.5,0.67,0.46
3,0.08,1.5,92,0.0,0.7325,0.3675
3,0.08,1.5,92,0.25,0.76,0.2725
3,0.08,1.5,92,0.5,0.7725,0.2325
3,0.08,1.5,92,0.75,0.78,0.2025
3,0.08,1.5,92,1.0,0.7875,0.1775
3,0.08,1.5,92,-0.5,0.6875,0.4975
3,0.08,1.5,93,0.0,0.745,0.355
3,0.08,1.5,93,0.25,0.75,0.29
3,0.08,1.5,93,0.5,0.775,0.23
3,0.08,1.5,93,0.75,0.7925,0.185
3,0.08,1.5,93,1.0,0.7725,0.1425
3,0.08,1.5,93,-0.5,0.72,0.46
3,0.08,1.5,94,0.0,0.66,0.3875
3,0.08,1.5,94,0.25,0.68,0.3125
3,0.08,1.5,94,0.5,0.6825,0.2675
3,0.08,1.5,94,0.75,0.6925,0.2025
3,0.08,1.5,94,1.0,0.72,0.1625
3,0.08,1.5,94,-0.5,0.645,0.4875
3,0.08,1.5,95,0.0,0.7275,0.36
3,0.08,1.5,95,0.25,0.7425,0.295
3,0.08,1.5,95,0.5,0.74,0.25
3,0.08,1.5,95,0.75,0.73,0.225
3,0.08,1.5,95,1.0,0.7325,0.205
3,0.08,1.5,95,-0.5,0.6725,0.4725
3,0.08,1.5,96,0.0,0.7225,0.3875
3,0.08,1.5,96,0.25,0.7475,0.3075
3,0.08,1.5,96,0.5,0.7575,0.2725
3,0.08,1.5,96,0.75,0.7675,0.2275
3,0.08,1.5,96,1.0,0.7675,0.2025
3,0.08,1.5,96,-0.5,0.6975,0.4725
3,0.08,1.5,97,0.0,0.7575,0.385
3,0.08,1.5,97,0.25,0.7775,0.325
3,0.08,1.5,97,0.5,0.785,0.275
3,0.08,1.5,97,0.75,0.7875,0.225
3,0.08,1.5,97,1.0,0.7825,0.18
3,0.08,1.5,97,-0.5,0.7225,0.49
3,0.08,1.5,98,0.0,0.775,0.3175
3,0.08,1.5,98,0.25,0.7825,0.2775
3,0.08,1.5,98,0.5,0.8025,0.2325
3,0.08,1.5,98,0.75,0.825,0.1975
3,0.08,1.5,98,1.0,0.8175,0.1525
3,0.08,1.5,98,-0.5,0.745,0.3975
3,0.08,1.5,99,0.0,0.7575,0.365
3,0.08,1.5,99,0.25,0.7925,0.3075
3,0.08,1.5,99,0.5,0.8175,0.2475
3,0.08,1.5,99,0.75,0.835,0.1925
3,0.08,1.5,99,1.0,0.85,0.1575
3,0.08,1.5,99,-0.5,0.715,0.455
4,0.16,0.5,0,0.0,0.8675,0.195
4,0.16,0.5,0,0.25,0.865,0.18
4,0.16,0.5,0,0.5,0.8625,0.175
4,0.16,0.5,0,0.75,0.8275,0.17
4,0.16,0.5,0,1.0,0.8,0.165
4,0.16,0.5,0,-0.5,0.795,0.355
4,0.16,0.5,1,0.0,0.8625,0.1925
4,0.16,0.5,1,0.25,0.8725,0.1775
4,0.16,0.5,1,0.5,0.865,0.1775
4,0.16,0.5,1,0.75,0.83,0.1675
4,0.16,0.5,1,1.0,0.7825,0.1425
4,0.16,0.5,1,-0.5,0.7875,0.3525
4,0.16,0.5,2,0.0,0.8425,0.1775
4,0.16,0.5,2,0.25,0.84,0.1625
4,0.16,0.5,2,0.5,0.8175,0.1575
4,0.16,0.5,2,0.75,0.7975,0.1475
4,0.16,0.5,2,1.0,0.76,0.1275
4,0.16,0.5,2,-0.5,0.79,0.3175
4,0.16,0.5,3,0.0,0.91,0.2075
4,0.16,0.5,3,0.25,0.9025,0.1875
4,0.16,0.5,3,0.5,0.885,0.1725
4,0.16,0.5,3,0.75,0.8725,0.1525
4,0.16,0.5,3,1.0,0.8275,0.1175
4,0.16,0.5,3,-0.5,0.815,0.4025
4,0.16,0.5,4,0.0,0.8175,0.2
4,0.16,0.5,4,0.25,0.82,0.185
4,0.16,0.5,4,0.5,0.795,0.175
4,0.16,0.5,4,0.75,0.7975,0.15
4,0.16,0.5,4,1.0,0.77,0.125
4,0.16,0.5,4,-0.5,0.73,0.4
4,0.16,0.5,5,0.0,0.84,0.1575
4,0.16,0.5,5,0.25,0.85,0.1325
4,0.16,0.5,5,0.5,0.845,0.1275
4,0.16,0.5,5,0.75,0.8225,0.1225
4,0.16,0.5,5,1.0,0.7725,0.1025
4,0.16,0.5,5,-0.5,0.7925,0.3125
4,0.16,0.5,6,0.0,0.8625,0.21
4,0.16,0.5,6,0.25,0.8775,0.185
4,0.16,0.5,6,0.5,0.8775,0.18
4,0.16,0.5,6,0.75,0.8475,0.16
4,0.16,0.5,6,1.0,0.8325,0.135
4,0.16,0.5,6,-0.5,0.815,0.3325
4,0.16,0.5,7,0.0,0.92,0.1725
4,0.16,0.5,7,0.25,0.92,0.1625
4,0.16,0.5,7,0.5,0.905,0.1575
4,0.16,0.5,7,0.75,0.8675,0.1425
4,0.16,0.5,7,1.0,0.8125,0.1325
4,0.16,0.5,7,-0.5,0.8475,0.34
4,0.16,0.5,8,0.0,0.8775,0.2
4,0.16,0.5,8,0.25,0.89,0.17
4,0.16,0.5,8,0.5,0.88,0.16
4,0.16,0.5,8,0.75,0.8525,0.15
4,0.16,0.5,8,1.0,0.825,0.145
4,0.16,0.5,8,-0.5,0.815,0.33
4,0.16,0.5,9,0.0,0.8925,0.205
4,0.16,0.5,9,0.25,0.9,0.17
4,0.16,0.5,9,0.5,0.895,0.16
4,0.16,0.5,9,0.75,0.8425,0.155
4,0.16,0.5,9,1.0,0.8175,0.145
4,0.16,0.5,9,-0.5,0.7925,0.395
4,0.16,0.5,10,0.0,0.86,0.175
4,0.16,0.5,10,0.25,0.8675,0.155
4,0.16,0.5,10,0.5,0.8625,0.1425
4,0.16,0.5,10,0.75,0.825,0.1325
4,0.16,0.5,10,1.0,0.7975,0.1275
4,0.16,0.5,10,-0.5,0.82,0.2775
4,0.16,0.5,11,0.0,0.82,0.165
4,0.16,0.5,11,0.25,0.81,0.165
4,0.16,0.5,11,0.5,0.7925,0.155
4,0.16,0.5,11,0.75,0.78,0.135
4,0.16,0.5,11,1.0,0.73,0.115
4,0.16,0.5,11,-0.5,0.795,0.3175
4,0.16,0.5,12,0.0,0.7875,0.1375
4,0.16,0.5,12,0.25,0.79,0.1225
4,0.16,0.5,12,0.5,0.7925,0.1125
4,0.16,0.5,12,0.75,0.7725,0.1075
4,0.16,0.5,12,1.0,0.7275,0.0925
4,0.16,0.5,12,-0.5,0.7225,0.3025
4,0.16,0.5,13,0.0,0.9375,0.175
4,0.16,0.5,13,0.25,0.94,0.145
4,0.16,0.5,13,0.5,0.9325,0.13
4,0.16,0.5,13,0.75,0.92,0.13
4,0.16,0.5,13,1.0,0.895,0.105
4,0.16,0.5,13,-0.5,0.855,0.325
4,0.16,0.5,14,0.0,0.8875,0.195
4,0.16,0.5,14,0.25,0.89,0.175
4,0.16,0.5,14,0.5,0.87,0.165
4,0.16,0.5,14,0.75,0.8525,0.145
4,0.16,0.5,14,1.0,0.8225,0.135
4,0.16,0.5,14,-0.5,0.83,0.36
4,0.16,0.5,15,0.0,0.88,0.2225
4,0.16,0.5,15,0.25,0.8775,0.2175
4,0.16,0.5,15,0.5,0.87,0.1975
4,0.16,0.5,15,0.75,0.845,0.1575
4,0.16,0.5,15,1.0,0.805,0.1275
4,0.16,0.5,15,-0.5,0.8225,0.3525
4,0.16,0.5,16,0.0,0.9,0.1725
4,0.16,0.5,16,0.25,0.9,0.1525
4,0.16,0.5,16,0.5,0.8825,0.1375
4,0.16,0.5,16,0.75,0.8525,0.1325
4,0.16,0.5,16,1.0,0.805,0.1125
4,0.16,0.5,16,-0.5,0.8525,0.3025
4,0.16,0.5,17,0.0,0.91,0.21
4,0.16,0.5,17,0.25,0.9225,0.18
4,0.16,0.5,17,0.5,0.9225,0.165
4,0.16,0.5,17,0.75,0.9175,0.16
4,0.16,0.5,17,1.0,0.865,0.135
4,0.16,0.5,17,-0.5,0.85,0.34
4,0.16,0.5,18,0.0,0.935,0.15
4,0.16,0.5,18,0.25,0.945,0.125
4,0.16,0.5,18,0.5,0.915,0.115
4,0.16,0.5,18,0.75,0.905,0.115
4,0.16,0.5,18,1.0,0.8425,0.09
4,0.16,0.5,18,-0.5,0.8325,0.35
4,0.16,0.5,19,0.0,0.8725,0.1675
4,0.16,0.5,19,0.25,0.8775,0.1525
4,0.16,0.5,19,0.5,0.8675,0.1475
4,0.16,0.5,19,0.75,0.85,0.1375
4,0.16,0.5,19,1.0,0.815,0.1225
4,0.16,0.5,19,-0.5,0.8075,0.2975
4,0.16,0.5,20,0.0,0.88,0.2
4,0.16,0.5,20,0.25,0.8875,0.18
4,0.16,0.5,20,0.5,0.885,0.165
4,0.16,0.5,20,0.75,0.8675,0.16
4,0.16,0.5,20,1.0,0.7775,0.13
4,0.16,0.5,20,-0.5,0.8175,0.31
4,0.16,0.5,21,0.0,0.8375,0.1525
4,0.16,0.5,21,0.25,0.845,0.1375
4,0.16,0.5,21,0.5,0.8375,0.1275
4,0.16,0.5,21,0.75,0.825,0.1175
4,0.16,0.5,21,1.0,0.8175,0.1125
4,0.16,0.5,21,-0.5,0.7425,0.3625
4,0.16,0.5,22,0.0,0.8825,0.2025
4,0.16,0.5,22,0.25,0.8875,0.1825
4,0.16,0.5,22,0.5,0.88,0.1675
4,0.16,0.5,22,0.75,0.875,0.1625
4,0.16,0.5,22,1.0,0.8325,0.1225
4,0.16,0.5,22,-0.5,0.8425,0.2825
4,0.16,0.5,23,0.0,0.885,0.21
4,0.16,0.5,23,0.25,0.9,0.17
4,0.16,0.5,23,0.5,0.8875,0.165
4,0.16,0.5,23,0.75,0.8625,0.14
4,0.16,0.5,23,1.0,0.825,0.12
4,0.16,0.5,23,-0.5,0.8125,0.355
4,0.16,0.5,24,0.0,0.8775,0.17
4,0.16,0.5,24,0.25,0.875,0.15
4,0.16,0.5,24,0.5,0.87,0.14
4,0.16,0.5,24,0.75,0.86,0.135
4,0.16,0.5,24,1.0,0.8275,0.11
4,0.16,0.5,24,-0.5,0.8225,0.32
4,0.16,0.5,25,0.0,0.84,0.195
4,0.16,0.5,25,0.25,0.84,0.185
4,0.16,0.5,25,0.5,0.8375,0.16
4,0.16,0.5,25,0.75,0.8225,0.15
4,0.16,0.5,25,1.0,0.7675,0.145
4,0.16,0.5,25,-0.5,0.795,0.34
4,0.16,0.5,26,0.0,0.885,0.2225
4,0.16,0.5,26,0.25,0.8925,0.2025
4,0.16,0.5,26,0.5,0.8875,0.1975
4,0.16,0.5,26,0.75,0.8625,0.1725
4,0.16,0.5,26,1.0,0.81,0.1575
4,0.16,0.5,26,-0.5,0.83,0.3275
4,0.16,0.5,27,0.0,0.87,0.2275
4,0.16,0.5,27,0.25,0.89,0.1775
4,0.16,0.5,27,0.5,0.8775,0.1625
4,0.16,0.5,27,0.75,0.855,0.1625
4,0.16,0.5,27,1.0,0.8025,0.1375
4,0.16,0.5,27,-0.5,0.845,0.3525
4,0.16,0.5,28,0.0,0.93,0.18
4,0.16,0.5,28,0.25,0.925,0.16
4,0.16,0.5,28,0.5,0.905,0.15
4,0.16,0.5,28,0.75,0.8925,0.13
4,0.16,0.5,28,1.0,0.8875,0.105
4,0.16,0.5,28,-0.5,0.8675,0.31
4,0.16,0.5,29,0.0,0.9175,0.1825
4,0.16,0.5,29,0.25,0.93,0.1525
4,0.16,0.5,29,0.5,0.9325,0.1425
4,0.16,0.5,29,0.75,0.9025,0.1275
4,0.16,0.5,29,1.0,0.88,0.1225
4,0.16,0.5,29,-0.5,0.865,0.2975
4,0.16,0.5,30,0.0,0.8675,0.195
4,0.16,0.5,30,0.25,0.8625,0.17
4,0.16,0.5,30,0.5,0.86,0.16
4,0.16,0.5,30,0.75,0.8425,0.15
4,0.16,0.5,30,1.0,0.81,0.135
4,0.16,0.5,30,-0.5,0.7925,0.3575
4,0.16,0.5,31,0.0,0.9275,0.185
4,0.16,0.5,31,0.25,0.93,0.16
4,0.16,0.5,31,0.5,0.9175,0.16
4,0.16,0.5,31,0.75,0.8875,0.145
4,0.16,0.5,31,1.0,0.8375,0.14
4,0.16,0.5,31,-0.5,0.84,0.355
4,0.16,0.5,32,0.0,0.925,0.1725
4,0.16,0.5,32,0.25,0.93,0.1675
4,0.16,0.5,32,0.5,0.9125,0.1475
4,0.16,0.5,32,0.75,0.8775,0.1425
4,0.16,0.5,32,1.0,0.8225,0.1225
4,0.16,0.5,32,-0.5,0.845,0.3125
4,0.16,0.5,33,0.0,0.895,0.195
4,0.16,0.5,33,0.25,0.905,0.17
4,0.16,0.5,33,0.5,0.9,0.155
4,0.16,0.5,33,0.75,0.8625,0.155
4,0.16,0.5,33,1.0,0.8375,0.135
4,0.16,0.5,33,-0.5,0.815,0.37
4,0.16,0.5,34,0.0,0.89,0.1825
4,0.16,0.5,34,0.25,0.9,0.1625
4,0.16,0.5,34,0.5,0.89,0.1575
4,0.16,0.5,34,0.75,0.8675,0.1525
4,0.16,0.5,34,1.0,0.845,0.1275
4,0.16,0.5,34,-0.5,0.81,0.3525
4,0.16,0.5,35,0.0,0.91,0.205
4,0.16,0.5,35,0.25,0.9225,0.17
4,0.16,0.5,35,0.5,0.92,0.16
4,0.16,0.5,35,0.75,0.885,0.14
4,0.16,0.5,35,1.0,0.8375,0.13
4,0.16,0.5,35,-0.5,0.8225,0.38
4,0.16,0.5,36,0.0,0.935,0.1775
4,0.16,0.5,36,0.25,0.9275,0.16
4,0.16,0.5,36,0.5,0.9225,0.155
4,0.16,0.5,36,0.75,0.8925,0.15
4,0.16,0.5,36,1.0,0.8475,0.14
4,0.16,0.5,36,-0.5,0.855,0.3275
4,0.16,0.5,37,0.0,0.8925,0.1775
4,0.16,0.5,37,0.25,0.8875,0.1625
4,0.16,0.5,37,0.5,0.89,0.1525
4,0.16,0.5,37,0.75,0.8625,0.1475
4,0.16,0.5,37,1.0,0.8,0.1325
4,0.16,0.5,37,-0.5,0.84,0.2975
4,0.16,0.5,38,0.0,0.935,0.18
4,0.16,0.5,38,0.25,0.9375,0.15
4,0.16,0.5,38,0.5,0.9325,0.14
4,0.16,0.5,38,0.75,0.8925,0.14
4,0.16,0.5,38,1.0,0.8575,0.135
4,0.16,0.5,38,-0.5,0.835,0.375
4,0.16,0.5,39,0.0,0.905,0.16
4,0.16,0.5,39,0.25,0.9025,0.16
4,0.16,0.5,39,0.5,0.8975,0.155
4,0.16,0.5,39,0.75,0.87,0.1425
4,0.16,0.5,39,1.0,0.8375,0.1275
4,0.16,0.5,39,-0.5,0.8275,0.28
4,0.16,0.5,40,0.0,0.8875,0.165
4,0.16,0.5,40,0.25,0.8925,0.14
4,0.16,0.5,40,0.5,0.895,0.125
4,0.16,0.5,40,0.75,0.8775,0.115
4,0.16,0.5,40,1.0,0.8125,0.105
4,0.16,0.5,40,-0.5,0.825,0.31
4,0.16,0.5,41,0.0,0.915,0.1725
4,0.16,0.5,41,0.25,0.925,0.1425
4,0.16,0.5,41,0.5,0.9225,0.1375
4,0.16,0.5,41,0.75,0.895,0.1275
4,0.16,0.5,41,1.0,0.85,0.1125
4,0.16,0.5,41,-0.5,0.8225,0.3575
4,0.16,0.5,42,0.0,0.855,0.1925
4,0.16,0.5,42,0.25,0.8525,0.1775
4,0.16,0.5,42,0.5,0.845,0.1675
4,0.16,0.5,42,0.75,0.815,0.1575
4,0.16,0.5,42,1.0,0.79,0.1275
4,0.16,0.5,42,-0.5,0.7925,0.3675
4,0.16,0.5,43,0.0,0.8625,0.185
4,0.16,0.5,43,0.25,0.87,0.16
4,0.16,0.5,43,0.5,0.8625,0.15
4,0.16,0.5,43,0.75,0.855,0.14
4,0.16,0.5,43,1.0,0.83,0.12
4,0.16,0.5,43,-0.5,0.8175,0.325
4,0.16,0.5,44,0.0,0.8525,0.2025
4,0.16,0.5,44,0.25,0.855,0.1675
4,0.16,0.5,44,0.5,0.84,0.1375
4,0.16,0.5,44,0.75,0.815,0.1225
4,0.16,0.5,44,1.0,0.77,0.095
4,0.16,0.5,44,-0.5,0.785,0.3425
4,0.16,0.5,45,0.0,0.8875,0.2275
4,0.16,0.5,45,0.25,0.88,0.2125
4,0.16,0.5,45,0.5,0.8725,0.1875
4,0.16,0.5,45,0.75,0.88,0.1825
4,0.16,0.5,45,1.0,0.815,0.1425
4,0.16,0.5,45,-0.5,0.8325,0.3475
4,0.16,0.5,46,0.0,0.85,0.1425
4,0.16,0.5,46,0.25,0.8525,0.1075
4,0.16,0.5,46,0.5,0.8425,0.1025
4,0.16,0.5,46,0.75,0.8325,0.0975
4,0.16,0.5,46,1.0,0.79,0.0825
4,0.16,0.5,46,-0.5,0.775,0.3075
4,0.16,0.5,47,0.0,0.89,0.2275
4,0.16,0.5,47,0.25,0.905,0.1975
4,0.16,0.5,47,0.5,0.8925,0.1775
4,0.16,0.5,47,0.75,0.87,0.1675
4,0.16,0.5,47,1.0,0.795,0.1375
4,0.16,0.5,47,-0.5,0.8525,0.3225
4,0.16,0.5,48,0.0,0.9075,0.225
4,0.16,0.5,48,0.25,0.9175,0.205
4,0.16,0.5,48,0.5,0.91,0.185
4,0.16,0.5,48,0.75,0.8875,0.165
4,0.16,0.5,48,1.0,0.8525,0.14
4,0.16,0.5,48,-0.5,0.835,0.355
4,0.16,0.5,49,0.0,0.8925,0.1875
4,0.16,0.5,49,0.25,0.8925,0.1775
4,0.16,0.5,49,0.5,0.8725,0.1675
4,0.16,0.5,49,0.75,0.835,0.1425
4,0.16,0.5,49,1.0,0.7475,0.115
4,0.16,0.5,49,-0.5,0.8125,0.3325
4,0.16,0.5,50,0.0,0.8825,0.2275
4,0.16,0.5,50,0.25,0.905,0.1825
4,0.16,0.5,50,0.5,0.8975,0.1675
4,0.16,0.5,50,0.75,0.8625,0.1525
4,0.16,0.5,50,1.0,0.81,0.1225
4,0.16,0.5,50,-0.5,0.805,0.3425
4,0.16,0.5,51,0.0,0.87,0.17
4,0.16,0.5,51,0.25,0.875,0.155
4,0.16,0.5,51,0.5,0.8725,0.155
4,0.16,0.5,51,0.75,0.8375,0.145
4,0.16,0.5,51,1.0,0.7975,0.12
4,0.16,0.5,51,-0.5,0.795,0.37
4,0.16,0.5,52,0.0,0.9325,0.2125
4,0.16,0.5,52,0.25,0.9325,0.1775
4,0.16,0.5,52,0.5,0.925,0.1575
4,0.16,0.5,52,0.75,0.8675,0.1375
4,0.16,0.5,52,1.0,0.8075,0.1225
4,0.16,0.5,52,-0.5,0.8425,0.3475
4,0.16,0.5,53,0.0,0.89,0.2125
4,0.16,0.5,53,0.25,0.8975,0.1825
4,0.16,0.5,53,0.5,0.8775,0.1825
4,0.16,0.5,53,0.75,0.8375,0.1625
4,0.16,0.5,53,1.0,0.81,0.1425
4,0.16,0.5,53,-0.5,0.8225,0.3475
4,0.16,0.5,54,0.0,0.89,0.235
4,0.16,0.5,54,0.25,0.8975,0.2
4,0.16,0.5,54,0.5,0.8825,0.185
4,0.16,0.5,54,0.75,0.865,0.18
4,0.16,0.5,54,1.0,0.82,0.145
4,0.16,0.5,54,-0.5,0.8175,0.375
4,0.16,0.5,55,0.0,0.8725,0.1825
4,0.16,0.5,55,0.25,0.8725,0.1675
4,0.16,0.5,55,0.5,0.8675,0.1625
4,0.16,0.5,55,0.75,0.855,0.1475
4,0.16,0.5,55,1.0,0.805,0.1375
4,0.16,0.5,55,-0.5,0.815,0.3075
4,0.16,0.5,56,0.0,0.92,0.1975
4,0.16,0.5,56,0.25,0.9225,0.1725
4,0.16,0.5,56,0.5,0.925,0.1625
4,0.16,0.5,56,0.75,0.8925,0.1375
4,0.16,0.5,56,1.0,0.8475,0.1175
4,0.16,0.5,56,-0.5,0.8425,0.3675
4,0.16,0.5,57,0.0,0.85,0.1975
4,0.16,0.5,57,0.25,0.855,0.1775
4,0.16,0.5,57,0.5,0.845,0.1625
4,0.16,0.5,57,0.75,0.805,0.1425
4,0.16,0.5,57,1.0,0.765,0.1325
4,0.16,0.5,57,-0.5,0.8,0.3125
4,0.16,0.5,58,0.0,0.88,0.165
4,0.16,0.5,58,0.25,0.8775,0.16
4,0.16,0.5,58,0.5,0.865,0.15
4,0.16,0.5,58,0.75,0.8475,0.145
4,0.16,0.5,58,1.0,0.81,0.1275
4,0.16,0.5,58,-0.5,0.81,0.35
4,0.16,0.5,59,0.0,0.8975,0.2125
4,0.16,0.5,59,0.25,0.895,0.2025
4,0.16,0.5,59,0.5,0.8825,0.1975
4,0.16,0.5,59,0.75,0.85,0.1725
4,0.16,0.5,59,1.0,0.7975,0.1275
4,0.16,0.5,59,-0.5,0.8,0.3925
4,0.16,0.5,60,0.0,0.9025,0.1675
4,0.16,0.5,60,0.25,0.915,0.1275
4,0.16,0.5,60,0.5,0.9175,0.1275
4,0.16,0.5,60,0.75,0.8925,0.1175
4,0.16,0.5,60,1.0,0.865,0.0925
4,0.16,0.5,60,-0.5,0.84,0.2925
4,0.16,0.5,61,0.0,0.8625,0.19
4,0.16,0.5,61,0.25,0.8675,0.155
4,0.16,0.5,61,0.5,0.8525,0.155
4,0.16,0.5,61,0.75,0.83,0.155
4,0.16,0.5,61,1.0,0.7925,0.15
4,0.16,0.5,61,-0.5,0.8025,0.365
4,0.16,0.5,62,0.0,0.855,0.175
4,0.16,0.5,62,0.25,0.8775,0.13
4,0.16,0.5,62,0.5,0.87,0.12
4,0.16,0.5,62,0.75,0.85,0.11
4,0.16,0.5,62,1.0,0.8075,0.105
4,0.16,0.5,62,-0.5,0.7875,0.35
4,0.16,0.5,63,0.0,0.9,0.165
4,0.16,0.5,63,0.25,0.9125,0.13
4,0.16,0.5,63,0.5,0.895,0.12
4,0.16,0.5,63,0.75,0.8775,0.115
4,0.16,0.5,63,1.0,0.8425,0.1
4,0.16,0.5,63,-0.5,0.8475,0.295
4,0.16,0.5,64,0.0,0.8825,0.195
4,0.16,0.5,64,0.25,0.88,0.18
4,0.16,0.5,64,0.5,0.865,0.165
4,0.16,0.5,64,0.75,0.845,0.15
4,0.16,0.5,64,1.0,0.805,0.125
4,0.16,0.5,64,-0.5,0.8125,0.35
4,0.16,0.5,65,0.0,0.9175,0.1425
4,0.16,0.5,65,0.25,0.925,0.1275
4,0.16,0.5,65,0.5,0.9175,0.1275
4,0.16,0.5,65,0.75,0.8975,0.1125
4,0.16,0.5,65,1.0,0.86,0.1075
4,0.16,0.5,65,-0.5,0.85,0.2825
4,0.16,0.5,66,0.0,0.9175,0.19
4,0.16,0.5,66,0.25,0.9325,0.15
4,0.16,0.5,66,0.5,0.92,0.14
4,0.16,0.5,66,0.75,0.8975,0.12
4,0.16,0.5,66,1.0,0.84,0.11
4,0.16,0.5,66,-0.5,0.845,0.33
4,0.16,0.5,67,0.0,0.88,0.2
4,0.16,0.5,67,0.25,0.89,0.175
4,0.16,0.5,67,0.5,0.8725,0.175
4,0.16,0.5,67,0.75,0.8325,0.17
4,0.16,0.5,67,1.0,0.7975,0.145
4,0.16,0.5,67,-0.5,0.8175,0.335
4,0.16,0.5,68,0.0,0.8925,0.1825
4,0.16,0.5,68,0.25,0.895,0.1725
4,0.16,0.5,68,0.5,0.8825,0.1575
4,0.16,0.5,68,0.75,0.8475,0.1475
4,0.16,0.5,68,1.0,0.815,0.1375
4,0.16,0.5,68,-0.5,0.8325,0.3225
4,0.16,0.5,69,0.0,0.845,0.22
4,0.16,0.5,69,0.25,0.865,0.175
4,0.16,0.5,69,0.5,0.855,0.17
4,0.16,0.5,69,0.75,0.825,0.16
4,0.16,0.5,69,1.0,0.7725,0.15
4,0.16,0.5,69,-0.5,0.7925,0.37
4,0.16,0.5,70,0.0,0.9,0.145
4,0.16,0.5,70,0.25,0.91,0.115
4,0.16,0.5,70,0.5,0.905,0.115
4,0.16,0.5,70,0.75,0.8625,0.1
4,0.16,0.5,70,1.0,0.84,0.085
4,0.16,0.5,70,-0.5,0.8375,0.285
4,0.16,0.5,71,0.0,0.8525,0.2075
4,0.16,0.5,71,0.25,0.8625,0.1675
4,0.16,0.5,71,0.5,0.8525,0.1475
4,0.16,0.5,71,0.75,0.82,0.1425
4,0.16,0.5,71,1.0,0.785,0.1275
4,0.16,0.5,71,-0.5,0.8175,0.3425
4,0.16,0.5,72,0.0,0.94,0.18
4,0.16,0.5,72,0.25,0.945,0.15
4,0.16,0.5,72,0.5,0.93,0.145
4,0.16,0.5,72,0.75,0.87,0.125
4,0.16,0.5,72,1.0,0.8,0.1
4,0.16,0.5,72,-0.5,0.845,0.36
4,0.16,0.5,73,0.0,0.855,0.2
4,0.16,0.5,73,0.25,0.86,0.185
4,0.16,0.5,73,0.5,0.855,0.175
4,0.16,0.5,73,0.75,0.8275,0.15
4,0.16,0.5,73,1.0,0.815,0.125
4,0.16,0.5,73,-0.5,0.8025,0.335
4,0.16,0.5,74,0.0,0.9375,0.18
4,0.16,0.5,74,0.25,0.925,0.165
4,0.16,0.5,74,0.5,0.9225,0.14
4,0.16,0.5,74,0.75,0.905,0.12
4,0.16,0.5,74,1.0,0.85,0.085
4,0.16,0.5,74,-0.5,0.845,0.335
4,0.16,0.5,75,0.0,0.8975,0.205
4,0.16,0.5,75,0.25,0.9025,0.185
4,0.16,0.5,75,0.5,0.9,0.17
4,0.16,0.5,75,0.75,0.875,0.155
4,0.16,0.5,75,1.0,0.805,0.13
4,0.16,0.5,75,-0.5,0.8175,0.3625
4,0.16,0.5,76,0.0,0.92,0.1825
4,0.16,0.5,76,0.25,0.9325,0.1525
4,0.16,0.5,76,0.5,0.9225,0.1375
4,0.16,0.5,76,0.75,0.8925,0.1225
4,0.16,0.5,76,1.0,0.84,0.1075
4,0.16,0.5,76,-0.5,0.8325,0.3525
4,0.16,0.5,77,0.0,0.8675,0.21
4,0.16,0.5,77,0.25,0.8725,0.19
4,0.16,0.5,77,0.5,0.8675,0.17
4,0.16,0.5,77,0.75,0.8275,0.15
4,0.16,0.5,77,1.0,0.79,0.13
4,0.16,0.5,77,-0.5,0.7975,0.355
4,0.16,0.5,78,0.0,0.885,0.2
4,0.16,0.5,78,0.25,0.905,0.165
4,0.16,0.5,78,0.5,0.8775,0.16
4,0.16,0.5,78,0.75,0.865,0.14
4,0.16,0.5,78,1.0,0.8125,0.115
4,0.16,0.5,78,-0.5,0.82,0.355
4,0.16,0.5,79,0.0,0.9125,0.2375
4,0.16,0.5,79,0.25,0.925,0.1925
4,0.16,0.5,79,0.5,0.9225,0.1725
4,0.16,0.5,79,0.75,0.9125,0.1625
4,0.16,0.5,79,1.0,0.8475,0.1375
4,0.16,0.5,79,-0.5,0.84,0.3775
4,0.16,0.5,80,0.0,0.8675,0.17
4,0.16,0.5,80,0.25,0.875,0.155
4,0.16,0.5,80,0.5,0.8575,0.155
4,0.16,0.5,80,0.75,0.8375,0.145
4,0.16,0.5,80,1.0,0.8025,0.12
4,0.16,0.5,80,-0.5,0.7925,0.355
4,0.16,0.5,81,0.0,0.9025,0.1975
4,0.16,0.5,81,0.25,0.9,0.1725
4,0.16,0.5,81,0.5,0.9025,0.1625
4,0.16,0.5,81,0.75,0.875,0.1575
4,0.16,0.5,81,1.0,0.785,0.1125
4,0.16,0.5,81,-0.5,0.83,0.335
4,0.16,0.5,82,0.0,0.89,0.175
4,0.16,0.5,82,0.25,0.8975,0.155
4,0.16,0.5,82,0.5,0.8975,0.135
4,0.16,0.5,82,0.75,0.8825,0.13
4,0.16,0.5,82,1.0,0.855,0.13
4,0.16,0.5,82,-0.5,0.805,0.365
4,0.16,0.5,83,0.0,0.86,0.215
4,0.16,0.5,83,0.25,0.8625,0.185
4,0.16,0.5,83,0.5,0.865,0.175
4,0.16,0.5,83,0.75,0.8125,0.135
4,0.16,0.5,83,1.0,0.7825,0.12
4,0.16,0.5,83,-0.5,0.765,0.415
4,0.16,0.5,84,0.0,0.875,0.205
4,0.16,0.5,84,0.25,0.8725,0.185
4,0.16,0.5,84,0.5,0.8525,0.165
4,0.16,0.5,84,0.75,0.81,0.155
4,0.16,0.5,84,1.0,0.7825,0.13
4,0.16,0.5,84,-0.5,0.8275,0.335
4,0.16,0.5,85,0.0,0.85,0.1975
4,0.16,0.5,85,0.25,0.8475,0.1675
4,0.16,0.5,85,0.5,0.835,0.1575
4,0.16,0.5,85,0.75,0.8075,0.1375
4,0.16,0.5,85,1.0,0.76,0.1175
4,0.16,0.5,85,-0.5,0.7925,0.3275
4,0.16,0.5,86,0.0,0.8725,0.195
4,0.16,0.5,86,0.25,0.8725,0.165
4,0.16,0.5,86,0.5,0.86,0.16
4,0.16,0.5,86,0.75,0.8425,0.15
4,0.16,0.5,86,1.0,0.795,0.135
4,0.16,0.5,86,-0.5,0.7925,0.355
4,0.16,0.5,87,0.0,0.8275,0.19
4,0.16,0.5,87,0.25,0.81,0.18
4,0.16,0.5,87,0.5,0.8025,0.165
4,0.16,0.5,87,0.75,0.7625,0.15
4,0.16,0.5,87,1.0,0.7075,0.125
4,0.16,0.5,87,-0.5,0.775,0.35
4,0.16,0.5,88,0.0,0.86,0.17
4,0.16,0.5,88,0.25,0.8575,0.165
4,0.16,0.5,88,0.5,0.84,0.155
4,0.16,0.5,88,0.75,0.8325,0.15
4,0.16,0.5,88,1.0,0.7575,0.13
4,0.16,0.5,88,-0.5,0.7975,0.315
4,0.16,0.5,89,0.0,0.9225,0.185
4,0.16,0.5,89,0.25,0.9325,0.165
4,0.16,0.5,89,0.5,0.9225,0.15
4,0.16,0.5,89,0.75,0.91,0.14
4,0.16,0.5,89,1.0,0.8425,0.125
4,0.16,0.5,89,-0.5,0.83,0.38
4,0.16,0.5,90,0.0,0.9075,0.1775
4,0.16,0.5,90,0.25,0.9075,0.1575
4,0.16,0.5,90,0.5,0.89,0.14
4,0.16,0.5,90,0.75,0.8925,0.135
4,0.16,0.5,90,1.0,0.84,0.12
4,0.16,0.5,90,-0.5,0.8325,0.3375
4,0.16,0.5,91,0.0,0.8725,0.1775
4,0.16,0.5,91,0.25,0.8775,0.1675
4,0.16,0.5,91,0.5,0.875,0.1625
4,0.16,0.5,91,0.75,0.84,0.1425
4,0.16,0.5,91,1.0,0.7575,0.1125
4,0.16,0.5,91,-0.5,0.7825,0.3775
4,0.16,0.5,92,0.0,0.8625,0.2
4,0.16,0.5,92,0.25,0.87,0.17
4,0.16,0.5,92,0.5,0.8675,0.16
4,0.16,0.5,92,0.75,0.8575,0.13
4,0.16,0.5,92,1.0,0.8225,0.115
4,0.16,0.5,92,-0.5,0.7975,0.345
4,0.16,0.5,93,0.0,0.915,0.1675
4,0.16,0.5,93,0.25,0.9175,0.1575
4,0.16,0.5,93,0.5,0.895,0.1575
4,0.16,0.5,93,0.75,0.865,0.1375
4,0.16,0.5,93,1.0,0.8275,0.1175
4,0.16,0.5,93,-0.5,0.8275,0.3575
4,0.16,0.5,94,0.0,0.85,0.21
4,0.16,0.5,94,0.25,0.86,0.17
4,0.16,0.5,94,0.5,0.86,0.17
4,0.16,0.5,94,0.75,0.8525,0.17
4,0.16,0.5,94,1.0,0.7875,0.15
4,0.16,0.5,94,-0.5,0.775,0.3675
4,0.16,0.5,95,0.0,0.92,0.15
4,0.16,0.5,95,0.25,0.9225,0.14
4,0.16,0.5,95,0.5,0.915,0.1275
4,0.16,0.5,95,0.75,0.895,0.1125
4,0.16,0.5,95,1.0,0.855,0.0875
4,0.16,0.5,95,-0.5,0.8575,0.32
4,0.16,0.5,96,0.0,0.9025,0.1625
4,0.16,0.5,96,0.25,0.91,0.1325
4,0.16,0.5,96,0.5,0.9025,0.1275
4,0.16,0.5,96,0.75,0.885,0.1175
4,0.16,0.5,96,1.0,0.835,0.0975
4,0.16,0.5,96,-0.5,0.8075,0.3475
4,0.16,0.5,97,0.0,0.88,0.1325
4,0.16,0.5,97,0.25,0.88,0.1175
4,0.16,0.5,97,0.5,0.8725,0.1125
4,0.16,0.5,97,0.75,0.8625,0.1075
4,0.16,0.5,97,1.0,0.84,0.1025
4,0.16,0.5,97,-0.5,0.82,0.2675
4,0.16,0.5,98,0.0,0.8075,0.1925
4,0.16,0.5,98,0.25,0.815,0.1675
4,0.16,0.5,98,0.5,0.8025,0.1575
4,0.16,0.5,98,0.75,0.7925,0.1525
4,0.16,0.5,98,1.0,0.76,0.1375
4,0.16,0.5,98,-0.5,0.755,0.3375
4,0.16,0.5,99,0.0,0.8475,0.1575
4,0.16,0.5,99,0.25,0.85,0.1325
4,0.16,0.5,99,0.5,0.8575,0.1325
4,0.16,0.5,99,0.75,0.845,0.1075
4,0.16,0.5,99,1.0,0.8425,0.1025
4,0.16,0.5,99,-0.5,0.7925,0.2875
5,0.16,1.0,0,0.0,0.7975,0.305
5,0.16,1.0,0,0.25,0.7975,0.26
5,0.16,1.0,0,0.5,0.815,0.185
5,0.16,1.0,0,0.75,0.815,0.16
5,0.16,1.0,0,1.0,0.7875,0.135
5,0.16,1.0,0,-0.5,0.7325,0.485
5,0.16,1.0,1,0.0,0.7825,0.3675
5,0.16,1.0,1,0.25,0.7925,0.3125
5,0.16,1.0,1,0.5,0.805,0.2675
5,0.16,1.0,1,0.75,0.82,0.2075
5,0.16,1.0,1,1.0,0.7925,0.1725
5,0.16,1.0,1,-0.5,0.72,0.5275
5,0.16,1.0,2,0.0,0.8025,0.335
5,0.16,1.0,2,0.25,0.82,0.285
5,0.16,1.0,2,0.5,0.825,0.225
5,0.16,1.0,2,0.75,0.8225,0.195
5,0.16,1.0,2,1.0,0.795,0.165
5,0.16,1.0,2,-0.5,0.7475,0.47
5,0.16,1.0,3,0.0,0.78,0.3175
5,0.16,1.0,3,0.25,0.8025,0.2475
5,0.16,1.0,3,0.5,0.81,0.1925
5,0.16,1.0,3,0.75,0.7975,0.1425
5,0.16,1.0,3,1.0,0.805,0.1175
5,0.16,1.0,3,-0.5,0.7325,0.4625
5,0.16,1.0,4,0.0,0.7725,0.26
5,0.16,1.0,4,0.25,0.7775,0.235
5,0.16,1.0,4,0.5,0.795,0.185
5,0.16,1.0,4,0.75,0.81,0.14
5,0.16,1.0,4,1.0,0.79,0.1125
5,0.16,1.0,4,-0.5,0.7325,0.41
5,0.16,1.0,5,0.0,0.77,0.3825
5,0.16,1.0,5,0.25,0.795,0.2975
5,0.16,1.0,5,0.5,0.8,0.2475
5,0.16,1.0,5,0.75,0.8075,0.2025
5,0.16,1.0,5,1.0,0.79,0.1775
5,0.16,1.0,5,-0.5,0.745,0.4875
5,0.16,1.0,6,0.0,0.79,0.315
5,0.16,1.0,6,0.25,0.775,0.2425
5,0.16,1.0,6,0.5,0.79,0.1925
5,0.16,1.0,6,0.75,0.7925,0.1575
5,0.16,1.0,6,1.0,0.7875,0.1325
5,0.16,1.0,6,-0.5,0.735,0.4725
5,0.16,1.0,7,0.0,0.755,0.3125
5,0.16,1.0,7,0.25,0.78,0.2475
5,0.16,1.0,7,0.5,0.77,0.2225
5,0.16,1.0,7,0.75,0.7725,0.1525
5,0.16,1.0,7,1.0,0.7675,0.1425
5,0.16,1.0,7,-0.5,0.715,0.4575
5,0.16,1.0,8,0.0,0.8175,0.3375
5,0.16,1.0,8,0.25,0.84,0.285
5,0.16,1.0,8,0.5,0.825,0.245
5,0.16,1.0,8,0.75,0.805,0.22
5,0.16,1.0,8,1.0,0.77,0.205
5,0.16,1.0,8,-0.5,0.785,0.4675
5,0.16,1.0,9,0.0,0.76,0.315
5,0.16,1.0,9,0.25,0.7825,0.26
5,0.16,1.0,9,0.5,0.79,0.235
5,0.16,1.0,9,0.75,0.7775,0.2
5,0.16,1.0,9,1.0,0.7525,0.15
5,0.16,1.0,9,-0.5,0.715,0.49
5,0.16,1.0,10,0.0,0.7525,0.32
5,0.16,1.0,10,0.25,0.785,0.2625
5,0.16,1.0,10,0.5,0.7825,0.2225
5,0.16,1.0,10,0.75,0.7675,0.1875
5,0.16,1.0,10,1.0,0.7725,0.1575
5,0.16,1.0,10,-0.5,0.71,0.47
5,0.16,1.0,11,0.0,0.805,0.32
5,0.16,1.0,11,0.25,0.835,0.25
5,0.16,1.0,11,0.5,0.8325,0.205
5,0.16,1.0,11,0.75,0.83,0.1675
5,0.16,1.0,11,1.0,0.8125,0.1475
5,0.16,1.0,11,-0.5,0.755,0.485
5,0.16,1.0,12,0.0,0.7825,0.2875
5,0.16,1.0,12,0.25,0.7975,0.2425
5,0.16,1.0,12,0.5,0.785,0.2225
5,0.16,1.0,12,0.75,0.765,0.1775
5,0.16,1.0,12,1.0,0.77,0.1625
5,0.16,1.0,12,-0.5,0.7175,0.4575
5,0.16,1.0,13,0.0,0.835,0.3475
5,0.16,1.0,13,0.25,0.845,0.2975
5,0.16,1.0,13,0.5,0.8475,0.235
5,0.16,1.0,13,0.75,0.8375,0.2
5,0.16,1.0,13,1.0,0.8375,0.15
5,0.16,1.0,13,-0.5,0.7775,0.475
5,0.16,1.0,14,0.0,0.82,0.3275
5,0.16,1.0,14,0.25,0.825,0.2825
5,0.16,1.0,14,0.5,0.83,0.2225
5,0.16,1.0,14,0.75,0.8425,0.1875
5,0.16,1.0,14,1.0,0.8175,0.1525
5,0.16,1.0,14,-0.5,0.75,0.4775
5,0.16,1.0,15,0.0,0.8025,0.3175
5,0.16,1.0,15,0.25,0.805,0.2725
5,0.16,1.0,15,0.5,0.8,0.2325
5,0.16,1.0,15,0.75,0.8275,0.1925
5,0.16,1.0,15,1.0,0.81,0.1525
5,0.16,1.0,15,-0.5,0.775,0.4425
5,0.16,1.0,16,0.0,0.7575,0.34
5,0.16,1.0,16,0.25,0.7875,0.27
5,0.16,1.0,16,0.5,0.8075,0.19
5,0.16,1.0,16,0.75,0.8125,0.17
5,0.16,1.0,16,1.0,0.8175,0.135
5,0.16,1.0,16,-0.5,0.72,0.515
5,0.16,1.0,17,0.0,0.7925,0.3125
5,0.16,1.0,17,0.25,0.815,0.2625
5,0.16,1.0,17,0.5,0.8425,0.2325
5,0.16,1.0,17,0.75,0.8375,0.1925
5,0.16,1.0,17,1.0,0.825,0.1725
5,0.16,1.0,17,-0.5,0.75,0.4725
5,0.16,1.0,18,0.0,0.7225,0.315
5,0.16,1.0,18,0.25,0.7375,0.275
5,0.16,1.0,18,0.5,0.7575,0.22
5,0.16,1.0,18,0.75,0.755,0.165
5,0.16,1.0,18,1.0,0.7225,0.125
5,0.16,1.0,18,-0.5,0.7025,0.495
5,0.16,1.0,19,0.0,0.825,0.275
5,0.16,1.0,19,0.25,0.865,0.21
5,0.16,1.0,19,0.5,0.865,0.1625
5,0.16,1.0,19,0.75,0.8425,0.1425
5,0.16,1.0,19,1.0,0.8275,0.1275
5,0.16,1.0,19,-0.5,0.7575,0.455
5,0.16,1.0,20,0.0,0.73,0.33
5,0.16,1.0,20,0.25,0.755,0.2525
5,0.16,1.0,20,0.5,0.76,0.2225
5,0.16,1.0,20,0.75,0.735,0.1825
5,0.16,1.0,20,1.0,0.715,0.1375
5,0.16,1.0,20,-0.5,0.6975,0.455
5,0.16,1.0,21,0.0,0.7525,0.295
5,0.16,1.0,21,0.25,0.765,0.245
5,0.16,1.0,21,0.5,0.775,0.2
5,0.16,1.0,21,0.75,0.795,0.15
5,0.16,1.0,21,1.0,0.7875,0.14
5,0.16,1.0,21,-0.5,0.7125,0.425
5,0.16,1.0,22,0.0,0.82,0.29
5,0.16,1.0,22,0.25,0.8275,0.225
5,0.16,1.0,22,0.5,0.83,0.2
5,0.16,1.0,22,0.75,0.8175,0.16
5,0.16,1.0,22,1.0,0.78,0.145
5,0.16,1.0,22,-0.5,0.74,0.48
5,0.16,1.0,23,0.0,0.7975,0.34
5,0.16,1.0,23,0.25,0.825,0.26
5,0.16,1.0,23,0.5,0.8325,0.215
5,0.16,1.0,23,0.75,0.84,0.17
5,0.16,1.0,23,1.0,0.8225,0.15
5,0.16,1.0,23,-0.5,0.75,0.475
5,0.16,1.0,24,0.0,0.77,0.355
5,0.16,1.0,24,0.25,0.79,0.29
5,0.16,1.0,24,0.5,0.785,0.18
5,0.16,1.0,24,0.75,0.79,0.15
5,0.16,1.0,24,1.0,0.7725,0.135
5,0.16,1.0,24,-0.5,0.7275,0.515
5,0.16,1.0,25,0.0,0.7575,0.3075
5,0.16,1.0,25,0.25,0.7725,0.2325
5,0.16,1.0,25,0.5,0.7725,0.2175
5,0.16,1.0,25,0.75,0.765,0.1875
5,0.16,1.0,25,1.0,0.765,0.1525
5,0.16,1.0,25,-0.5,0.69,0.4925
5,0.16,1.0,26,0.0,0.7725,0.35
5,0.16,1.0,26,0.25,0.7825,0.295
5,0.16,1.0,26,0.5,0.805,0.23
5,0.16,1.0,26,0.75,0.8175,0.185
5,0.16,1.0,26,1.0,0.785,0.155
5,0.16,1.0,26,-0.5,0.74,0.5
5,0.16,1.0,27,0.0,0.7525,0.3225
5,0.16,1.0,27,0.25,0.775,0.2525
5,0.16,1.0,27,0.5,0.785,0.22
5,0.16,1.0,27,0.75,0.79,0.185
5,0.16,1.0,27,1.0,0.785,0.165
5,0.16,1.0,27,-0.5,0.7075,0.4775
5,0.16,1.0,28,0.0,0.7525,0.3
5,0.16,1.0,28,0.25,0.77,0.255
5,0.16,1.0,28,0.5,0.77,0.205
5,0.16,1.0,28,0.75,0.7475,0.17
5,0.16,1.0,28,1.0,0.745,0.135
5,0.16,1.0,28,-0.5,0.7175,0.435
5,0.16,1.0,29,0.0,0.7475,0.3025
5,0.16,1.0,29,0.25,0.7725,0.2325
5,0.16,1.0,29,0.5,0.79,0.1875
5,0.16,1.0,29,0.75,0.7925,0.1475
5,0.16,1.0,29,1.0,0.795,0.1275
5,0.16,1.0,29,-0.5,0.705,0.4475
5,0.16,1.0,30,0.0,0.7875,0.3925
5,0.16,1.0,30,0.25,0.8025,0.3325
5,0.16,1.0,30,0.5,0.8075,0.2625
5,0.16,1.0,30,0.75,0.805,0.2075
5,0.16,1.0,30,1.0,0.7625,0.1725
5,0.16,1.0,30,-0.5,0.7125,0.5475
5,0.16,1.0,31,0.0,0.8275,0.32
5,0.16,1.0,31,0.25,0.84,0.26
5,0.16,1.0,31,0.5,0.845,0.215
5,0.16,1.0,31,0.75,0.86,0.175
5,0.16,1.0,31,1.0,0.855,0.15
5,0.16,1.0,31,-0.5,0.7975,0.455
5,0.16,1.0,32,0.0,0.8,0.2725
5,0.16,1.0,32,0.25,0.8125,0.2225
5,0.16,1.0,32,0.5,0.81,0.2075
5,0.16,1.0,32,0.75,0.7975,0.1775
5,0.16,1.0,32,1.0,0.8075,0.1525
5,0.16,1.0,32,-0.5,0.7275,0.4425
5,0.16,1.0,33,0.0,0.7875,0.3325
5,0.16,1.0,33,0.25,0.7925,0.2725
5,0.16,1.0,33,0.5,0.8,0.2225
5,0.16,1.0,33,0.75,0.7625,0.1725
5,0.16,1.0,33,1.0,0.7775,0.1325
5,0.16,1.0,33,-0.5,0.7275,0.4575
5,0.16,1.0,34,0.0,0.795,0.335
5,0.16,1.0,34,0.25,0.7775,0.27
5,0.16,1.0,34,0.5,0.775,0.22
5,0.16,1.0,34,0.75,0.785,0.17
5,0.16,1.0,34,1.0,0.7925,0.14
5,0.16,1.0,34,-0.5,0.7525,0.45
5,0.16,1.0,35,0.0,0.7225,0.335
5,0.16,1.0,35,0.25,0.73,0.3
5,0.16,1.0,35,0.5,0.75,0.25
5,0.16,1.0,35,0.75,0.745,0.205
5,0.16,1.0,35,1.0,0.75,0.18
5,0.16,1.0,35,-0.5,0.6925,0.475
5,0.16,1.0,36,0.0,0.7975,0.3425
5,0.16,1.0,36,0.25,0.81,0.2875
5,0.16,1.0,36,0.5,0.8175,0.2625
5,0.16,1.0,36,0.75,0.8125,0.2225
5,0.16,1.0,36,1.0,0.7825,0.1875
5,0.16,1.0,36,-0.5,0.74,0.5225
5,0.16,1.0,37,0.0,0.81,0.3175
5,0.16,1.0,37,0.25,0.815,0.2575
5,0.16,1.0,37,0.5,0.815,0.2025
5,0.16,1.0,37,0.75,0.8125,0.1575
5,0.16,1.0,37,1.0,0.7825,0.1425
5,0.16,1.0,37,-0.5,0.765,0.4475
5,0.16,1.0,38,0.0,0.8275,0.2525
5,0.16,1.0,38,0.25,0.84,0.2025
5,0.16,1.0,38,0.5,0.8275,0.1725
5,0.16,1.0,38,0.75,0.8225,0.1325
5,0.16,1.0,38,1.0,0.825,0.0975
5,0.16,1.0,38,-0.5,0.745,0.4425
5,0.16,1.0,39,0.0,0.8025,0.3225
5,0.16,1.0,39,0.25,0.83,0.2525
5,0.16,1.0,39,0.5,0.845,0.2175
5,0.16,1.0,39,0.75,0.83,0.1725
5,0.16,1.0,39,1.0,0.795,0.1425
5,0.16,1.0,39,-0.5,0.7375,0.4975
5,0.16,1.0,40,0.0,0.83,0.3
5,0.16,1.0,40,0.25,0.865,0.25
5,0.16,1.0,40,0.5,0.8775,0.19
5,0.16,1.0,40,0.75,0.87,0.17
5,0.16,1.0,40,1.0,0.855,0.155
5,0.16,1.0,40,-0.5,0.78,0.4625
5,0.16,1.0,41,0.0,0.7725,0.355
5,0.16,1.0,41,0.25,0.7925,0.285
5,0.16,1.0,41,0.5,0.82,0.22
5,0.16,1.0,41,0.75,0.835,0.175
5,0.16,1.0,41,1.0,0.83,0.14
5,0.16,1.0,41,-0.5,0.7225,0.515
5,0.16,1.0,42,0.0,0.7825,0.37
5,0.16,1.0,42,0.25,0.7925,0.295
5,0.16,1.0,42,0.5,0.7925,0.25
5,0.16,1.0,42,0.75,0.7975,0.215
5,0.16,1.0,42,1.0,0.7875,0.175
5,0.16,1.0,42,-0.5,0.725,0.505
5,0.16,1.0,43,0.0,0.7475,0.37
5,0.16,1.0,43,0.25,0.7775,0.305
5,0.16,1.0,43,0.5,0.79,0.24
5,0.16,1.0,43,0.75,0.79,0.18
5,0.16,1.0,43,1.0,0.7825,0.14
5,0.16,1.0,43,-0.5,0.7475,0.49
5,0.16,1.0,44,0.0,0.7575,0.295
5,0.16,1.0,44,0.25,0.7775,0.245
5,0.16,1.0,44,0.5,0.7925,0.185
5,0.16,1.0,44,0.75,0.7975,0.17
5,0.16,1.0,44,1.0,0.7675,0.145
5,0.16,1.0,44,-0.5,0.675,0.4925
5,0.16,1.0,45,0.0,0.765,0.335
5,0.16,1.0,45,0.25,0.7875,0.275
5,0.16,1.0,45,0.5,0.8025,0.205
5,0.16,1.0,45,0.75,0.8,0.175
5,0.16,1.0,45,1.0,0.7875,0.145
5,0.16,1.0,45,-0.5,0.705,0.465
5,0.16,1.0,46,0.0,0.78,0.3325
5,0.16,1.0,46,0.25,0.7925,0.2675
5,0.16,1.0,46,0.5,0.81,0.2275
5,0.16,1.0,46,0.75,0.8,0.1925
5,0.16,1.0,46,1.0,0.7925,0.1475
5,0.16,1.0,46,-0.5,0.73,0.4775
5,0.16,1.0,47,0.0,0.7975,0.2875
5,0.16,1.0,47,0.25,0.825,0.22
5,0.16,1.0,47,0.5,0.8125,0.175
5,0.16,1.0,47,0.75,0.795,0.15
5,0.16,1.0,47,1.0,0.775,0.125
5,0.16,1.0,47,-0.5,0.7575,0.3825
5,0.16,1.0,48,0.0,0.765,0.2925
5,0.16,1.0,48,0.25,0.7575,0.2625
5,0.16,1.0,48,0.5,0.77,0.2025
5,0.16,1.0,48,0.75,0.785,0.1625
5,0.16,1.0,48,1.0,0.785,0.1375
5,0.16,1.0,48,-0.5,0.735,0.4525
5,0.16,1.0,49,0.0,0.8125,0.3075
5,0.16,1.0,49,0.25,0.82,0.2575
5,0.16,1.0,49,0.5,0.8425,0.1925
5,0.16,1.0,49,0.75,0.835,0.1725
5,0.16,1.0,49,1.0,0.8275,0.1425
5,0.16,1.0,49,-0.5,0.7475,0.46
5,0.16,1.0,50,0.0,0.8025,0.3075
5,0.16,1.0,50,0.25,0.8325,0.2425
5,0.16,1.0,50,0.5,0.8425,0.195
5,0.16,1.0,50,0.75,0.85,0.13
5,0.16,1.0,50,1.0,0.83,0.12
5,0.16,1.0,50,-0.5,0.7625,0.4475
5,0.16,1.0,51,0.0,0.7925,0.33
5,0.16,1.0,51,0.25,0.7875,0.265
5,0.16,1.0,51,0.5,0.8075,0.21
5,0.16,1.0,51,0.75,0.815,0.17
5,0.16,1.0,51,1.0,0.8025,0.13
5,0.16,1.0,51,-0.5,0.75,0.485
5,0.16,1.0,52,0.0,0.78,0.3425
5,0.16,1.0,52,0.25,0.81,0.2375
5,0.16,1.0,52,0.5,0.82,0.1925
5,0.16,1.0,52,0.75,0.825,0.1825
5,0.16,1.0,52,1.0,0.785,0.1475
5,0.16,1.0,52,-0.5,0.7475,0.4375
5,0.16,1.0,53,0.0,0.8,0.3325
5,0.16,1.0,53,0.25,0.8075,0.2975
5,0.16,1.0,53,0.5,0.7975,0.2425
5,0.16,1.0,53,0.75,0.7875,0.1975
5,0.16,1.0,53,1.0,0.785,0.1675
5,0.16,1.0,53,-0.5,0.7375,0.4725
5,0.16,1.0,54,0.0,0.7625,0.3775
5,0.16,1.0,54,0.25,0.775,0.3375
5,0.16,1.0,54,0.5,0.7825,0.2675
5,0.16,1.0,54,0.75,0.7425,0.2075
5,0.16,1.0,54,1.0,0.735,0.1775
5,0.16,1.0,54,-0.5,0.735,0.4925
5,0.16,1.0,55,0.0,0.7425,0.2675
5,0.16,1.0,55,0.25,0.7475,0.2175
5,0.16,1.0,55,0.5,0.735,0.1875
5,0.16,1.0,55,0.75,0.705,0.1725
5,0.16,1.0,55,1.0,0.69,0.1225
5,0.16,1.0,55,-0.5,0.7,0.4425
5,0.16,1.0,56,0.0,0.76,0.3175
5,0.16,1.0,56,0.25,0.76,0.2525
5,0.16,1.0,56,0.5,0.77,0.2075
5,0.16,1.0,56,0.75,0.7825,0.1475
5,0.16,1.0,56,1.0,0.785,0.1275
5,0.16,1.0,56,-0.5,0.7375,0.4325
5,0.16,1.0,57,0.0,0.7925,0.3025
5,0.16,1.0,57,0.25,0.8125,0.2325
5,0.16,1.0,57,0.5,0.82,0.1875
5,0.16,1.0,57,0.75,0.805,0.1475
5,0.16,1.0,57,1.0,0.775,0.1375
5,0.16,1.0,57,-0.5,0.745,0.4475
5,0.16,1.0,58,0.0,0.765,0.3875
5,0.16,1.0,58,0.25,0.7825,0.2875
5,0.16,1.0,58,0.5,0.805,0.2125
5,0.16,1.0,58,0.75,0.81,0.1725
5,0.16,1.0,58,1.0,0.7725,0.1425
5,0.16,1.0,58,-0.5,0.695,0.54
5,0.16,1.0,59,0.0,0.7875,0.35
5,0.16,1.0,59,0.25,0.79,0.3
5,0.16,1.0,59,0.5,0.8125,0.22
5,0.16,1.0,59,0.75,0.8225,0.19
5,0.16,1.0,59,1.0,0.7875,0.145
5,0.16,1.0,59,-0.5,0.7425,0.475
5,0.16,1.0,60,0.0,0.805,0.255
5,0.16,1.0,60,0.25,0.83,0.195
5,0.16,1.0,60,0.5,0.82,0.185
5,0.16,1.0,60,0.75,0.795,0.145
5,0.16,1.0,60,1.0,0.77,0.13
5,0.16,1.0,60,-0.5,0.73,0.455
5,0.16,1.0,61,0.0,0.7875,0.2925
5,0.16,1.0,61,0.25,0.785,0.2475
5,0.16,1.0,61,0.5,0.7875,0.2125
5,0.16,1.0,61,0.75,0.765,0.1875
5,0.16,1.0,61,1.0,0.7425,0.1325
5,0.16,1.0,61,-0.5,0.75,0.4275
5,0.16,1.0,62,0.0,0.74,0.3775
5,0.16,1.0,62,0.25,0.7775,0.305
5,0.16,1.0,62,0.5,0.775,0.245
5,0.16,1.0,62,0.75,0.78,0.18
5,0.16,1.0,62,1.0,0.7725,0.14
5,0.16,1.0,62,-0.5,0.695,0.4625
5,0.16,1.0,63,0.0,0.785,0.3475
5,0.16,1.0,63,0.25,0.8175,0.2675
5,0.16,1.0,63,0.5,0.8175,0.2175
5,0.16,1.0,63,0.75,0.8025,0.1675
5,0.16,1.0,63,1.0,0.7975,0.1325
5,0.16,1.0,63,-0.5,0.7575,0.5075
5,0.16,1.0,64,0.0,0.7875,0.325
5,0.16,1.0,64,0.25,0.8175,0.275
5,0.16,1.0,64,0.5,0.825,0.235
5,0.16,1.0,64,0.75,0.8225,0.205
5,0.16,1.0,64,1.0,0.82,0.175
5,0.16,1.0,64,-0.5,0.7425,0.495
5,0.16,1.0,65,0.0,0.7675,0.2975
5,0.16,1.0,65,0.25,0.7825,0.2675
5,0.16,1.0,65,0.5,0.785,0.2275
5,0.16,1.0,65,0.75,0.78,0.1725
5,0.16,1.0,65,1.0,0.76,0.1375
5,0.16,1.0,65,-0.5,0.715,0.4675
5,0.16,1.0,66,0.0,0.8225,0.3275
5,0.16,1.0,66,0.25,0.8425,0.2675
5,0.16,1.0,66,0.5,0.865,0.2025
5,0.16,1.0,66,0.75,0.87,0.1625
5,0.16,1.0,66,1.0,0.8425,0.1375
5,0.16,1.0,66,-0.5,0.7725,0.4525
5,0.16,1.0,67,0.0,0.78,0.2875
5,0.16,1.0,67,0.25,0.7775,0.2575
5,0.16,1.0,67,0.5,0.785,0.1875
5,0.16,1.0,67,0.75,0.775,0.1375
5,0.16,1.0,67,1.0,0.7675,0.1175
5,0.16,1.0,67,-0.5,0.71,0.475
5,0.16,1.0,68,0.0,0.8225,0.2975
5,0.16,1.0,68,0.25,0.84,0.2425
5,0.16,1.0,68,0.5,0.835,0.2075
5,0.16,1.0,68,0.75,0.85,0.1725
5,0.16,1.0,68,1.0,0.8425,0.1425
5,0.16,1.0,68,-0.5,0.78,0.4025
5,0.16,1.0,69,0.0,0.805,0.385
5,0.16,1.0,69,0.25,0.8275,0.305
5,0.16,1.0,69,0.5,0.8425,0.27
5,0.16,1.0,69,0.75,0.8375,0.2225
5,0.16,1.0,69,1.0,0.82,0.1875
5,0.16,1.0,69,-0.5,0.755,0.515
5,0.16,1.0,70,0.0,0.8025,0.3
5,0.16,1.0,70,0.25,0.8075,0.25
5,0.16,1.0,70,0.5,0.81,0.2
5,0.16,1.0,70,0.75,0.8425,0.135
5,0.16,1.0,70,1.0,0.8225,0.11
5,0.16,1.0,70,-0.5,0.76,0.465
5,0.16,1.0,71,0.0,0.8025,0.3625
5,0.16,1.0,71,0.25,0.825,0.2975
5,0.16,1.0,71,0.5,0.83,0.2375
5,0.16,1.0,71,0.75,0.8325,0.1525
5,0.16,1.0,71,1.0,0.82,0.1175
5,0.16,1.0,71,-0.5,0.7175,0.5275
5,0.16,1.0,72,0.0,0.7175,0.3475
5,0.16,1.0,72,0.25,0.735,0.3075
5,0.16,1.0,72,0.5,0.725,0.2575
5,0.16,1.0,72,0.75,0.73,0.2275
5,0.16,1.0,72,1.0,0.74,0.1925
5,0.16,1.0,72,-0.5,0.6925,0.4725
5,0.16,1.0,73,0.0,0.7925,0.3275
5,0.16,1.0,73,0.25,0.7875,0.2725
5,0.16,1.0,73,0.5,0.77,0.2425
5,0.16,1.0,73,0.75,0.755,0.1975
5,0.16,1.0,73,1.0,0.745,0.1675
5,0.16,1.0,73,-0.5,0.755,0.4625
5,0.16,1.0,74,0.0,0.775,0.365
5,0.16,1.0,74,0.25,0.7975,0.285
5,0.16,1.0,74,0.5,0.79,0.22
5,0.16,1.0,74,0.75,0.7725,0.195
5,0.16,1.0,74,1.0,0.7425,0.165
5,0.16,1.0,74,-0.5,0.73,0.485
5,0.16,1.0,75,0.0,0.825,0.285
5,0.16,1.0,75,0.25,0.8425,0.225
5,0.16,1.0,75,0.5,0.8475,0.21
5,0.16,1.0,75,0.75,0.85,0.17
5,0.16,1.0,75,1.0,0.8375,0.145
5,0.16,1.0,75,-0.5,0.75,0.415
5,0.16,1.0,76,0.0,0.8,0.33
5,0.16,1.0,76,0.25,0.8,0.27
5,0.16,1.0,76,0.5,0.8275,0.22
5,0.16,1.0,76,0.75,0.8175,0.19
5,0.16,1.0,76,1.0,0.7875,0.15
5,0.16,1.0,76,-0.5,0.73,0.515
5,0.16,1.0,77,0.0,0.7575,0.3
5,0.16,1.0,77,0.25,0.7775,0.245
5,0.16,1.0,77,0.5,0.7975,0.19
5,0.16,1.0,77,0.75,0.7875,0.155
5,0.16,1.0,77,1.0,0.765,0.145
5,0.16,1.0,77,-0.5,0.7275,0.425
5,0.16,1.0,78,0.0,0.75,0.275
5,0.16,1.0,78,0.25,0.7575,0.235
5,0.16,1.0,78,0.5,0.75,0.2
5,0.16,1.0,78,0.75,0.765,0.15
5,0.16,1.0,78,1.0,0.7525,0.11
5,0.16,1.0,78,-0.5,0.7175,0.42
5,0.16,1.0,79,0.0,0.7275,0.31
5,0.16,1.0,79,0.25,0.7325,0.25
5,0.16,1.0,79,0.5,0.7375,0.2075
5,0.16,1.0,79,0.75,0.7175,0.1625
5,0.16,1.0,79,1.0,0.7125,0.1375
5,0.16,1.0,79,-0.5,0.6975,0.46
5,0.16,1.0,80,0.0,0.8,0.3175
5,0.16,1.0,80,0.25,0.815,0.2525
5,0.16,1.0,80,0.5,0.83,0.2175
5,0.16,1.0,80,0.75,0.84,0.1725
5,0.16,1.0,80,1.0,0.85,0.1375
5,0.16,1.0,80,-0.5,0.755,0.4775
5,0.16,1.0,81,0.0,0.7975,0.3275
5,0.16,1.0,81,0.25,0.8325,0.2475
5,0.16,1.0,81,0.5,0.8075,0.2025
5,0.16,1.0,81,0.75,0.8025,0.1475
5,0.16,1.0,81,1.0,0.76,0.1175
5,0.16,1.0,81,-0.5,0.73,0.5025
5,0.16,1.0,82,0.0,0.765,0.315
5,0.16,1.0,82,0.25,0.805,0.25
5,0.16,1.0,82,0.5,0.8125,0.205
5,0.16,1.0,82,0.75,0.805,0.17
5,0.16,1.0,82,1.0,0.795,0.15
5,0.16,1.0,82,-0.5,0.715,0.43
5,0.16,1.0,83,0.0,0.7525,0.3075
5,0.16,1.0,83,0.25,0.765,0.2575
5,0.16,1.0,83,0.5,0.77,0.2125
5,0.16,1.0,83,0.75,0.76,0.1825
5,0.16,1.0,83,1.0,0.7275,0.1475
5,0.16,1.0,83,-0.5,0.7275,0.4425
5,0.16,1.0,84,0.0,0.835,0.3675
5,0.16,1.0,84,0.25,0.86,0.3175
5,0.16,1.0,84,0.5,0.885,0.2425
5,0.16,1.0,84,0.75,0.8775,0.2
5,0.16,1.0,84,1.0,0.8625,0.165
5,0.16,1.0,84,-0.5,0.7925,0.4925
5,0.16,1.0,85,0.0,0.7375,0.34
5,0.16,1.0,85,0.25,0.7625,0.295
5,0.16,1.0,85,0.5,0.7575,0.255
5,0.16,1.0,85,0.75,0.76,0.19
5,0.16,1.0,85,1.0,0.765,0.14
5,0.16,1.0,85,-0.5,0.68,0.495
5,0.16,1.0,86,0.0,0.8525,0.31
5,0.16,1.0,86,0.25,0.86,0.27
5,0.16,1.0,86,0.5,0.8425,0.215
5,0.16,1.0,86,0.75,0.85,0.175
5,0.16,1.0,86,1.0,0.825,0.14
5,0.16,1.0,86,-0.5,0.78,0.455
5,0.16,1.0,87,0.0,0.7875,0.3
5,0.16,1.0,87,0.25,0.8075,0.225
5,0.16,1.0,87,0.5,0.8025,0.19
5,0.16,1.0,87,0.75,0.82,0.145
5,0.16,1.0,87,1.0,0.8075,0.125
5,0.16,1.0,87,-0.5,0.735,0.43
5,0.16,1.0,88,0.0,0.7625,0.3325
5,0.16,1.0,88,0.25,0.7675,0.3075
5,0.16,1.0,88,0.5,0.785,0.2375
5,0.16,1.0,88,0.75,0.775,0.1875
5,0.16,1.0,88,1.0,0.78,0.1475
5,0.16,1.0,88,-0.5,0.7125,0.4875
5,0.16,1.0,89,0.0,0.8,0.325
5,0.16,1.0,89,0.25,0.805,0.29
5,0.16,1.0,89,0.5,0.8225,0.215
5,0.16,1.0,89,0.75,0.835,0.165
5,0.16,1.0,89,1.0,0.8275,0.14
5,0.16,1.0,89,-0.5,0.745,0.4725
5,0.16,1.0,90,0.0,0.81,0.3175
5,0.16,1.0,90,0.25,0.825,0.2575
5,0.16,1.0,90,0.5,0.8275,0.2325
5,0.16,1.0,90,0.75,0.8125,0.1925
5,0.16,1.0,90,1.0,0.805,0.1625
5,0.16,1.0,90,-0.5,0.7475,0.46
5,0.16,1.0,91,0.0,0.785,0.315
5,0.16,1.0,91,0.25,0.805,0.245
5,0.16,1.0,91,0.5,0.8125,0.1875
5,0.16,1.0,91,0.75,0.825,0.1575
5,0.16,1.0,91,1.0,0.7925,0.1325
5,0.16,1.0,91,-0.5,0.74,0.485
5,0.16,1.0,92,0.0,0.82,0.2975
5,0.16,1.0,92,0.25,0.83,0.2675
5,0.16,1.0,92,0.5,0.815,0.2375
5,0.16,1.0,92,0.75,0.805,0.2225
5,0.16,1.0,92,1.0,0.795,0.1625
5,0.16,1.0,92,-0.5,0.78,0.395
5,0.16,1.0,93,0.0,0.815,0.275
5,0.16,1.0,93,0.25,0.825,0.225
5,0.16,1.0,93,0.5,0.8275,0.18
5,0.16,1.0,93,0.75,0.8125,0.165
5,0.16,1.0,93,1.0,0.7875,0.13
5,0.16,1.0,93,-0.5,0.755,0.45
5,0.16,1.0,94,0.0,0.7975,0.28
5,0.16,1.0,94,0.25,0.8075,0.2275
5,0.16,1.0,94,0.5,0.805,0.2025
5,0.16,1.0,94,0.75,0.7775,0.1775
5,0.16,1.0,94,1.0,0.77,0.1375
5,0.16,1.0,94,-0.5,0.73,0.425
5,0.16,1.0,95,0.0,0.7925,0.3275
5,0.16,1.0,95,0.25,0.79,0.2675
5,0.16,1.0,95,0.5,0.7925,0.2075
5,0.16,1.0,95,0.75,0.76,0.1825
5,0.16,1.0,95,1.0,0.7575,0.1525
5,0.16,1.0,95,-0.5,0.7175,0.5
5,0.16,1.0,96,0.0,0.7725,0.3
5,0.16,1.0,96,0.25,0.7925,0.25
5,0.16,1.0,96,0.5,0.7925,0.21
5,0.16,1.0,96,0.75,0.7875,0.16
5,0.16,1.0,96,1.0,0.765,0.135
5,0.16,1.0,96,-0.5,0.725,0.44
5,0.16,1.0,97,0.0,0.75,0.3525
5,0.16,1.0,97,0.25,0.7775,0.2775
5,0.16,1.0,97,0.5,0.7825,0.2225
5,0.16,1.0,97,0.75,0.7625,0.1575
5,0.16,1.0,97,1.0,0.7775,0.1225
5,0.16,1.0,97,-0.5,0.715,0.4975
5,0.16,1.0,98,0.0,0.765,0.34
5,0.16,1.0,98,0.25,0.7975,0.255
5,0.16,1.0,98,0.5,0.7825,0.21
5,0.16,1.0,98,0.75,0.8,0.165
5,0.16,1.0,98,1.0,0.8175,0.145
5,0.16,1.0,98,-0.5,0.7375,0.485
5,0.16,1.0,99,0.0,0.7575,0.2825
5,0.16,1.0,99,0.25,0.7675,0.2425
5,0.16,1.0,99,0.5,0.78,0.2125
5,0.16,1.0,99,0.75,0.765,0.1825
5,0.16,1.0,99,1.0,0.775,0.1575
5,0.16,1.0,99,-0.5,0.7225,0.4425
6,0.16,1.5,0,0.0,0.7,0.42
6,0.16,1.5,0,0.25,0.6975,0.375
6,0.16,1.5,0,0.5,0.705,0.315
6,0.16,1.5,0,0.75,0.7175,0.265
6,0.16,1.5,0,1.0,0.69,0.225
6,0.16,1.5,0,-0.5,0.6725,0.485
6,0.16,1.5,1,0.0,0.745,0.39
6,0.16,1.5,1,0.25,0.76,0.315
6,0.16,1.5,1,0.5,0.77,0.265
6,0.16,1.5,1,0.75,0.775,0.235
6,0.16,1.5,1,1.0,0.78,0.185
6,0.16,1.5,1,-0.5,0.7125,0.4875
6,0.16,1.5,2,0.0,0.68,0.445
6,0.16,1.5,2,0.25,0.6925,0.3725
6,0.16,1.5,2,0.5,0.7125,0.3175
6,0.16,1.5,2,0.75,0.705,0.2525
6,0.16,1.5,2,1.0,0.705,0.1975
6,0.16,1.5,2,-0.5,0.655,0.58
6,0.16,1.5,3,0.0,0.7225,0.405
6,0.16,1.5,3,0.25,0.7575,0.355
6,0.16,1.5,3,0.5,0.76,0.31
6,0.16,1.5,3,0.75,0.78,0.24
6,0.16,1.5,3,1.0,0.7675,0.215
6,0.16,1.5,3,-0.5,0.69,0.505
6,0.16,1.5,4,0.0,0.7675,0.3675
6,0.16,1.5,4,0.25,0.785,0.3075
6,0.16,1.5,4,0.5,0.795,0.2725
6,0.16,1.5,4,0.75,0.7875,0.2125
6,0.16,1.5,4,1.0,0.78,0.1925
6,0.16,1.5,4,-0.5,0.715,0.4975
6,0.16,1.5,5,0.0,0.7175,0.365
6,0.16,1.5,5,0.25,0.725,0.335
6,0.16,1.5,5,0.5,0.7125,0.305
6,0.16,1.5,5,0.75,0.7175,0.28
6,0.16,1.5,5,1.0,0.725,0.22
6,0.16,1.5,5,-0.5,0.7075,0.445
6,0.16,1.5,6,0.0,0.7475,0.365
6,0.16,1.5,6,0.25,0.7625,0.3325
6,0.16,1.5,6,0.5,0.7775,0.2725
6,0.16,1.5,6,0.75,0.805,0.2075
6,0.16,1.5,6,1.0,0.7925,0.1875
6,0.16,1.5,6,-0.5,0.73,0.455
6,0.16,1.5,7,0.0,0.735,0.375
6,0.16,1.5,7,0.25,0.7325,0.325
6,0.16,1.5,7,0.5,0.7225,0.28
6,0.16,1.5,7,0.75,0.7325,0.24
6,0.16,1.5,7,1.0,0.7325,0.175
6,0.16,1.5,7,-0.5,0.72,0.49
6,0.16,1.5,8,0.0,0.6875,0.42
6,0.16,1.5,8,0.25,0.6975,0.37
6,0.16,1.5,8,0.5,0.7175,0.335
6,0.16,1.5,8,0.75,0.7475,0.27
6,0.16,1.5,8,1.0,0.7625,0.21
6,0.16,1.5,8,-0.5,0.6825,0.52
6,0.16,1.5,9,0.0,0.7,0.4175
6,0.16,1.5,9,0.25,0.72,0.3525
6,0.16,1.5,9,0.5,0.7525,0.2875
6,0.16,1.5,9,0.75,0.765,0.2575
6,0.16,1.5,9,1.0,0.7875,0.2375
6,0.16,1.5,9,-0.5,0.6925,0.5225
6,0.16,1.5,10,0.0,0.7425,0.375
6,0.16,1.5,10,0.25,0.765,0.33
6,0.16,1.5,10,0.5,0.76,0.31
6,0.16,1.5,10,0.75,0.755,0.285
6,0.16,1.5,10,1.0,0.7375,0.265
6,0.16,1.5,10,-0.5,0.69,0.52
6,0.16,1.5,11,0.0,0.6625,0.4075
6,0.16,1.5,11,0.25,0.6775,0.355
6,0.16,1.5,11,0.5,0.6875,0.315
6,0.16,1.5,11,0.75,0.665,0.265
6,0.16,1.5,11,1.0,0.6875,0.2325
6,0.16,1.5,11,-0.5,0.665,0.5025
6,0.16,1.5,12,0.0,0.705,0.42
6,0.16,1.5,12,0.25,0.7225,0.37
6,0.16,1.5,12,0.5,0.7275,0.305
6,0.16,1.5,12,0.75,0.71,0.27
6,0.16,1.5,12,1.0,0.7,0.235
6,0.16,1.5,12,-0.5,0.67,0.52
6,0.16,1.5,13,0.0,0.74,0.3875
6,0.16,1.5,13,0.25,0.7725,0.3275
6,0.16,1.5,13,0.5,0.795,0.2925
6,0.16,1.5,13,0.75,0.7975,0.2575
6,0.16,1.5,13,1.0,0.7875,0.2125
6,0.16,1.5,13,-0.5,0.705,0.4775
6,0.16,1.5,14,0.0,0.7625,0.35
6,0.16,1.5,14,0.25,0.7825,0.295
6,0.16,1.5,14,0.5,0.7825,0.255
6,0.16,1.5,14,0.75,0.7825,0.235
6,0.16,1.5,14,1.0,0.7825,0.195
6,0.16,1.5,14,-0.5,0.7075,0.465
6,0.16,1.5,15,0.0,0.715,0.3375
6,0.16,1.5,15,0.25,0.71,0.2825
6,0.16,1.5,15,0.5,0.725,0.2725
6,0.16,1.5,15,0.75,0.7125,0.2525
6,0.16,1.5,15,1.0,0.7225,0.2075
6,0.16,1.5,15,-0.5,0.665,0.4825
6,0.16,1.5,16,0.0,0.72,0.375
6,0.16,1.5,16,0.25,0.7375,0.32
6,0.16,1.5,16,0.5,0.7475,0.27
6,0.16,1.5,16,0.75,0.77,0.225
6,0.16,1.5,16,1.0,0.78,0.185
6,0.16,1.5,16,-0.5,0.6925,0.485
6,0.16,1.5,17,0.0,0.715,0.39
6,0.16,1.5,17,0.25,0.7225,0.32
6,0.16,1.5,17,0.5,0.7375,0.29
6,0.16,1.5,17,0.75,0.745,0.255
6,0.16,1.5,17,1.0,0.745,0.185
6,0.16,1.5,17,-0.5,0.6975,0.48
6,0.16,1.5,18,0.0,0.73,0.4375
6,0.16,1.5,18,0.25,0.7575,0.3425
6,0.16,1.5,18,0.5,0.7725,0.3125
6,0.16,1.5,18,0.75,0.77,0.2675
6,0.16,1.5,18,1.0,0.7575,0.2375
6,0.16,1.5,18,-0.5,0.72,0.5075
6,0.16,1.5,19,0.0,0.69,0.355
6,0.16,1.5,19,0.25,0.715,0.3
6,0.16,1.5,19,0.5,0.735,0.265
6,0.16,1.5,19,0.75,0.745,0.235
6,0.16,1.5,19,1.0,0.7375,0.195
6,0.16,1.5,19,-0.5,0.6775,0.435
6,0.16,1.5,20,0.0,0.7,0.3925
6,0.16,1.5,20,0.25,0.7,0.3525
6,0.16,1.5,20,0.5,0.715,0.2975
6,0.16,1.5,20,0.75,0.72,0.2625
6,0.16,1.5,20,1.0,0.7225,0.2175
6,0.16,1.5,20,-0.5,0.6875,0.47
6,0.16,1.5,21,0.0,0.68,0.4325
6,0.16,1.5,21,0.25,0.7075,0.3775
6,0.16,1.5,21,0.5,0.7175,0.3025
6,0.16,1.5,21,0.75,0.7325,0.2525
6,0.16,1.5,21,1.0,0.7275,0.2175
6,0.16,1.5,21,-0.5,0.6425,0.4975
6,0.16,1.5,22,0.0,0.7325,0.3925
6,0.16,1.5,22,0.25,0.7325,0.3675
6,0.16,1.5,22,0.5,0.7375,0.3125
6,0.16,1.5,22,0.75,0.725,0.2575
6,0.16,1.5,22,1.0,0.71,0.2275
6,0.16,1.5,22,-0.5,0.69,0.5175
6,0.16,1.5,23,0.0,0.69,0.3625
6,0.16,1.5,23,0.25,0.695,0.33
6,0.16,1.5,23,0.5,0.7075,0.3
6,0.16,1.5,23,0.75,0.735,0.23
6,0.16,1.5,23,1.0,0.7475,0.19
6,0.16,1.5,23,-0.5,0.67,0.485
6,0.16,1.5,24,0.0,0.7275,0.43
6,0.16,1.5,24,0.25,0.745,0.355
6,0.16,1.5,24,0.5,0.725,0.295
6,0.16,1.5,24,0.75,0.7375,0.245
6,0.16,1.5,24,1.0,0.745,0.21
6,0.16,1.5,24,-0.5,0.705,0.505
6,0.16,1.5,25,0.0,0.7175,0.3725
6,0.16,1.5,25,0.25,0.7225,0.3125
6,0.16,1.5,25,0.5,0.7225,0.2625
6,0.16,1.5,25,0.75,0.7275,0.2375
6,0.16,1.5,25,1.0,0.7475,0.2125
6,0.16,1.5,25,-0.5,0.6775,0.5225
6,0.16,1.5,26,0.0,0.73,0.3575
6,0.16,1.5,26,0.25,0.735,0.2925
6,0.16,1.5,26,0.5,0.73,0.2525
6,0.16,1.5,26,0.75,0.7125,0.2325
6,0.16,1.5,26,1.0,0.7,0.1875
6,0.16,1.5,26,-0.5,0.695,0.4675
6,0.16,1.5,27,0.0,0.7525,0.37
6,0.16,1.5,27,0.25,0.755,0.325
6,0.16,1.5,27,0.5,0.77,0.29
6,0.16,1.5,27,0.75,0.765,0.225
6,0.16,1.5,27,1.0,0.77,0.21
6,0.16,1.5,27,-0.5,0.7325,0.455
6,0.16,1.5,28,0.0,0.72,0.3725
6,0.16,1.5,28,0.25,0.7425,0.29
6,0.16,1.5,28,0.5,0.7225,0.26
6,0.16,1.5,28,0.75,0.7375,0.22
6,0.16,1.5,28,1.0,0.765,0.185
6,0.16,1.5,28,-0.5,0.6825,0.4925
6,0.16,1.5,29,0.0,0.715,0.3975
6,0.16,1.5,29,0.25,0.725,0.3325
6,0.16,1.5,29,0.5,0.74,0.2875
6,0.16,1.5,29,0.75,0.7475,0.2375
6,0.16,1.5,29,1.0,0.74,0.2075
6,0.16,1.5,29,-0.5,0.6825,0.5225
6,0.16,1.5,30,0.0,0.7225,0.375
6,0.16,1.5,30,0.25,0.74,0.315
6,0.16,1.5,30,0.5,0.7625,0.255
6,0.16,1.5,30,0.75,0.785,0.215
6,0.16,1.5,30,1.0,0.7775,0.19
6,0.16,1.5,30,-0.5,0.7075,0.475
6,0.16,1.5,31,0.0,0.725,0.3825
6,0.16,1.5,31,0.25,0.74,0.3425
6,0.16,1.5,31,0.5,0.75,0.3025
6,0.16,1.5,31,0.75,0.76,0.2725
6,0.16,1.5,31,1.0,0.75,0.2275
6,0.16,1.5,31,-0.5,0.725,0.4525
6,0.16,1.5,32,0.0,0.7175,0.415
6,0.16,1.5,32,0.25,0.7225,0.37
6,0.16,1.5,32,0.5,0.71,0.315
6,0.16,1.5,32,0.75,0.6975,0.265
6,0.16,1.5,32,1.0,0.705,0.21
6,0.16,1.5,32,-0.5,0.69,0.485
6,0.16,1.5,33,0.0,0.735,0.4
6,0.16,1.5,33,0.25,0.7425,0.35
6,0.16,1.5,33,0.5,0.765,0.305
6,0.16,1.5,33,0.75,0.77,0.275
6,0.16,1.5,33,1.0,0.8025,0.215
6,0.16,1.5,33,-0.5,0.71,0.5
6,0.16,1.5,34,0.0,0.72,0.3775
6,0.16,1.5,34,0.25,0.7275,0.3425
6,0.16,1.5,34,0.5,0.745,0.3125
6,0.16,1.5,34,0.75,0.7225,0.2775
6,0.16,1.5,34,1.0,0.7325,0.2125
6,0.16,1.5,34,-0.5,0.71,0.4725
6,0.16,1.5,35,0.0,0.7625,0.37
6,0.16,1.5,35,0.25,0.7675,0.33
6,0.16,1.5,35,0.5,0.7675,0.275
6,0.16,1.5,35,0.75,0.79,0.245
6,0.16,1.5,35,1.0,0.81,0.1825
6,0.16,1.5,35,-0.5,0.735,0.505
6,0.16,1.5,36,0.0,0.715,0.355
6,0.16,1.5,36,0.25,0.7275,0.315
6,0.16,1.5,36,0.5,0.74,0.25
6,0.16,1.5,36,0.75,0.735,0.22
6,0.16,1.5,36,1.0,0.7275,0.175
6,0.16,1.5,36,-0.5,0.6775,0.495
6,0.16,1.5,37,0.0,0.7475,0.405
6,0.16,1.5,37,0.25,0.76,0.33
6,0.16,1.5,37,0.5,0.7725,0.28
6,0.16,1.5,37,0.75,0.77,0.225
6,0.16,1.5,37,1.0,0.7675,0.195
6,0.16,1.5,37,-0.5,0.6975,0.515
6,0.16,1.5,38,0.0,0.685,0.4
6,0.16,1.5,38,0.25,0.7,0.33
6,0.16,1.5,38,0.5,0.705,0.3
6,0.16,1.5,38,0.75,0.7125,0.24
6,0.16,1.5,38,1.0,0.7,0.225
6,0.16,1.5,38,-0.5,0.67,0.51
6,0.16,1.5,39,0.0,0.705,0.3575
6,0.16,1.5,39,0.25,0.725,0.3075
6,0.16,1.5,39,0.5,0.725,0.2775
6,0.16,1.5,39,0.75,0.75,0.2475
6,0.16,1.5,39,1.0,0.735,0.21
6,0.16,1.5,39,-0.5,0.71,0.4575
6,0.16,1.5,40,0.0,0.73,0.36
6,0.16,1.5,40,0.25,0.7575,0.3
6,0.16,1.5,40,0.5,0.7625,0.27
6,0.16,1.5,40,0.75,0.7625,0.24
6,0.16,1.5,40,1.0,0.7525,0.23
6,0.16,1.5,40,-0.5,0.6975,0.475
6,0.16,1.5,41,0.0,0.6825,0.4325
6,0.16,1.5,41,0.25,0.6925,0.3525
6,0.16,1.5,41,0.5,0.7,0.3125
6,0.16,1.5,41,0.75,0.705,0.2475
6,0.16,1.5,41,1.0,0.735,0.2025
6,0.16,1.5,41,-0.5,0.66,0.5275
6,0.16,1.5,42,0.0,0.7325,0.4325
6,0.16,1.5,42,0.25,0.7475,0.3525
6,0.16,1.5,42,0.5,0.7575,0.2825
6,0.16,1.5,42,0.75,0.7575,0.2375
6,0.16,1.5,42,1.0,0.7375,0.2025
6,0.16,1.5,42,-0.5,0.6725,0.5425
6,0.16,1.5,43,0.0,0.71,0.43
6,0.16,1.5,43,0.25,0.7225,0.39
6,0.16,1.5,43,0.5,0.725,0.3275
6,0.16,1.5,43,0.75,0.72,0.2875
6,0.16,1.5,43,1.0,0.6875,0.2525
6,0.16,1.5,43,-0.5,0.6725,0.53
6,0.16,1.5,44,0.0,0.6775,0.39
6,0.16,1.5,44,0.25,0.6825,0.315
6,0.16,1.5,44,0.5,0.7,0.285
6,0.16,1.5,44,0.75,0.7175,0.24
6,0.16,1.5,44,1.0,0.69,0.195
6,0.16,1.5,44,-0.5,0.6525,0.5475
6,0.16,1.5,45,0.0,0.65,0.4575
6,0.16,1.5,45,0.25,0.6475,0.4175
6,0.16,1.5,45,0.5,0.67,0.3225
6,0.16,1.5,45,0.75,0.655,0.2875
6,0.16,1.5,45,1.0,0.6825,0.2025
6,0.16,1.5,45,-0.5,0.65,0.5425
6,0.16,1.5,46,0.0,0.69,0.4475
6,0.16,1.5,46,0.25,0.7075,0.3775
6,0.16,1.5,46,0.5,0.7425,0.3175
6,0.16,1.5,46,0.75,0.75,0.2475
6,0.16,1.5,46,1.0,0.745,0.2075
6,0.16,1.5,46,-0.5,0.6625,0.5625
6,0.16,1.5,47,0.0,0.68,0.4175
6,0.16,1.5,47,0.25,0.6875,0.3525
6,0.16,1.5,47,0.5,0.71,0.3225
6,0.16,1.5,47,0.75,0.72,0.27
6,0.16,1.5,47,1.0,0.7275,0.225
6,0.16,1.5,47,-0.5,0.6625,0.4875
6,0.16,1.5,48,0.0,0.7125,0.375
6,0.16,1.5,48,0.25,0.725,0.3
6,0.16,1.5,48,0.5,0.7275,0.26
6,0.16,1.5,48,0.75,0.7675,0.2
6,0.16,1.5,48,1.0,0.7675,0.1625
6,0.16,1.5,48,-0.5,0.69,0.47
6,0.16,1.5,49,0.0,0.7375,0.4125
6,0.16,1.5,49,0.25,0.7525,0.3575
6,0.16,1.5,49,0.5,0.75,0.2975
6,0.16,1.5,49,0.75,0.7475,0.2525
6,0.16,1.5,49,1.0,0.76,0.2025
6,0.16,1.5,49,-0.5,0.67,0.5325
6,0.16,1.5,50,0.0,0.725,0.365
6,0.16,1.5,50,0.25,0.7375,0.335
6,0.16,1.5,50,0.5,0.7225,0.295
6,0.16,1.5,50,0.75,0.7075,0.26
6,0.16,1.5,50,1.0,0.7275,0.22
6,0.16,1.5,50,-0.5,0.6975,0.505
6,0.16,1.5,51,0.0,0.715,0.375
6,0.16,1.5,51,0.25,0.7225,0.33
6,0.16,1.5,51,0.5,0.72,0.28
6,0.16,1.5,51,0.75,0.6975,0.235
6,0.16,1.5,51,1.0,0.7,0.205
6,0.16,1.5,51,-0.5,0.66,0.5075
6,0.16,1.5,52,0.0,0.7525,0.375
6,0.16,1.5,52,0.25,0.785,0.325
6,0.16,1.5,52,0.5,0.7775,0.3
6,0.16,1.5,52,0.75,0.795,0.2375
6,0.16,1.5,52,1.0,0.8125,0.1725
6,0.16,1.5,52,-0.5,0.7225,0.4925
6,0.16,1.5,53,0.0,0.69,0.3925
6,0.16,1.5,53,0.25,0.71,0.3475
6,0.16,1.5,53,0.5,0.7225,0.3025
6,0.16,1.5,53,0.75,0.725,0.2725
6,0.16,1.5,53,1.0,0.72,0.24
6,0.16,1.5,53,-0.5,0.67,0.5375
6,0.16,1.5,54,0.0,0.7525,0.3875
6,0.16,1.5,54,0.25,0.77,0.3325
6,0.16,1.5,54,0.5,0.7775,0.2775
6,0.16,1.5,54,0.75,0.805,0.2125
6,0.16,1.5,54,1.0,0.8075,0.1875
6,0.16,1.5,54,-0.5,0.715,0.4975
6,0.16,1.5,55,0.0,0.7,0.415
6,0.16,1.5,55,0.25,0.7075,0.39
6,0.16,1.5,55,0.5,0.71,0.32
6,0.16,1.5,55,0.75,0.705,0.265
6,0.16,1.5,55,1.0,0.6875,0.24
6,0.16,1.5,55,-0.5,0.65,0.555
6,0.16,1.5,56,0.0,0.735,0.3125
6,0.16,1.5,56,0.25,0.7475,0.2825
6,0.16,1.5,56,0.5,0.7425,0.2175
6,0.16,1.5,56,0.75,0.755,0.1725
6,0.16,1.5,56,1.0,0.7725,0.1375
6,0.16,1.5,56,-0.5,0.675,0.4525
6,0.16,1.5,57,0.0,0.7,0.4275
6,0.16,1.5,57,0.25,0.7075,0.3725
6,0.16,1.5,57,0.5,0.7025,0.3275
6,0.16,1.5,57,0.75,0.72,0.275
6,0.16,1.5,57,1.0,0.7475,0.22
6,0.16,1.5,57,-0.5,0.675,0.5675
6,0.16,1.5,58,0.0,0.7225,0.355
6,0.16,1.5,58,0.25,0.7275,0.305
6,0.16,1.5,58,0.5,0.725,0.24
6,0.16,1.5,58,0.75,0.7175,0.2
6,0.16,1.5,58,1.0,0.74,0.165
6,0.16,1.5,58,-0.5,0.6675,0.505
6,0.16,1.5,59,0.0,0.6875,0.345
6,0.16,1.5,59,0.25,0.695,0.295
6,0.16,1.5,59,0.5,0.6875,0.24
6,0.16,1.5,59,0.75,0.7075,0.215
6,0.16,1.5,59,1.0,0.7,0.19
6,0.16,1.5,59,-0.5,0.6575,0.465
6,0.16,1.5,60,0.0,0.7225,0.445
6,0.16,1.5,60,0.25,0.72,0.395
6,0.16,1.5,60,0.5,0.74,0.345
6,0.16,1.5,60,0.75,0.735,0.31
6,0.16,1.5,60,1.0,0.7275,0.245
6,0.16,1.5,60,-0.5,0.7,0.535
6,0.16,1.5,61,0.0,0.6875,0.3875
6,0.16,1.5,61,0.25,0.6925,0.3425
6,0.16,1.5,61,0.5,0.6975,0.2875
6,0.16,1.5,61,0.75,0.6925,0.2325
6,0.16,1.5,61,1.0,0.675,0.1925
6,0.16,1.5,61,-0.5,0.69,0.4925
6,0.16,1.5,62,0.0,0.7325,0.33
6,0.16,1.5,62,0.25,0.7625,0.29
6,0.16,1.5,62,0.5,0.7675,0.26
6,0.16,1.5,62,0.75,0.775,0.235
6,0.16,1.5,62,1.0,0.7725,0.195
6,0.16,1.5,62,-0.5,0.7,0.46
6,0.16,1.5,63,0.0,0.7325,0.3775
6,0.16,1.5,63,0.25,0.7475,0.3125
6,0.16,1.5,63,0.5,0.75,0.2925
6,0.16,1.5,63,0.75,0.7275,0.2525
6,0.16,1.5,63,1.0,0.7225,0.2075
6,0.16,1.5,63,-0.5,0.6925,0.4525
6,0.16,1.5,64,0.0,0.7025,0.385
6,0.16,1.5,64,0.25,0.705,0.35
6,0.16,1.5,64,0.5,0.725,0.295
6,0.16,1.5,64,0.75,0.7225,0.265
6,0.16,1.5,64,1.0,0.7375,0.215
6,0.16,1.5,64,-0.5,0.685,0.47
6,0.16,1.5,65,0.0,0.7075,0.395
6,0.16,1.5,65,0.25,0.7275,0.325
6,0.16,1.5,65,0.5,0.7175,0.2875
6,0.16,1.5,65,0.75,0.73,0.2175
6,0.16,1.5,65,1.0,0.74,0.1725
6,0.16,1.5,65,-0.5,0.6825,0.5275
6,0.16,1.5,66,0.0,0.7325,0.4275
6,0.16,1.5,66,0.25,0.745,0.3425
6,0.16,1.5,66,0.5,0.78,0.2825
6,0.16,1.5,66,0.75,0.7875,0.2275
6,0.16,1.5,66,1.0,0.7925,0.2025
6,0.16,1.5,66,-0.5,0.6725,0.5375
6,0.16,1.5,67,0.0,0.76,0.405
6,0.16,1.5,67,0.25,0.785,0.335
6,0.16,1.5,67,0.5,0.7775,0.295
6,0.16,1.5,67,0.75,0.775,0.225
6,0.16,1.5,67,1.0,0.7775,0.185
6,0.16,1.5,67,-0.5,0.725,0.53
6,0.16,1.5,68,0.0,0.76,0.3625
6,0.16,1.5,68,0.25,0.77,0.3075
6,0.16,1.5,68,0.5,0.76,0.2775
6,0.16,1.5,68,0.75,0.755,0.2325
6,0.16,1.5,68,1.0,0.7325,0.2025
6,0.16,1.5,68,-0.5,0.7325,0.4475
6,0.16,1.5,69,0.0,0.715,0.43
6,0.16,1.5,69,0.25,0.7375,0.38
6,0.16,1.5,69,0.5,0.76,0.335
6,0.16,1.5,69,0.75,0.765,0.28
6,0.16,1.5,69,1.0,0.765,0.23
6,0.16,1.5,69,-0.5,0.6825,0.525
6,0.16,1.5,70,0.0,0.72,0.3925
6,0.16,1.5,70,0.25,0.74,0.3425
6,0.16,1.5,70,0.5,0.75,0.2825
6,0.16,1.5,70,0.75,0.77,0.2475
6,0.16,1.5,70,1.0,0.765,0.21
6,0.16,1.5,70,-0.5,0.685,0.5275
6,0.16,1.5,71,0.0,0.7475,0.365
6,0.16,1.5,71,0.25,0.7675,0.3
6,0.16,1.5,71,0.5,0.7925,0.255
6,0.16,1.5,71,0.75,0.775,0.225
6,0.16,1.5,71,1.0,0.7625,0.2075
6,0.16,1.5,71,-0.5,0.6975,0.505
6,0.16,1.5,72,0.0,0.7175,0.4325
6,0.16,1.5,72,0.25,0.735,0.3775
6,0.16,1.5,72,0.5,0.755,0.3275
6,0.16,1.5,72,0.75,0.775,0.2625
6,0.16,1.5,72,1.0,0.7925,0.2075
6,0.16,1.5,72,-0.5,0.6975,0.5375
6,0.16,1.5,73,0.0,0.7175,0.4225
6,0.16,1.5,73,0.25,0.7175,0.3825
6,0.16,1.5,73,0.5,0.7325,0.3375
6,0.16,1.5,73,0.75,0.7475,0.2825
6,0.16,1.5,73,1.0,0.7575,0.23
6,0.16,1.5,73,-0.5,0.6825,0.5225
6,0.16,1.5,74,0.0,0.72,0.36
6,0.16,1.5,74,0.25,0.735,0.295
6,0.16,1.5,74,0.5,0.7525,0.25
6,0.16,1.5,74,0.75,0.7525,0.21
6,0.16,1.5,74,1.0,0.765,0.18
6,0.16,1.5,74,-0.5,0.6875,0.44
6,0.16,1.5,75,0.0,0.7375,0.4025
6,0.16,1.5,75,0.25,0.7325,0.3475
6,0.16,1.5,75,0.5,0.7575,0.28
6,0.16,1.5,75,0.75,0.7575,0.25
6,0.16,1.5,75,1.0,0.7775,0.195
6,0.16,1.5,75,-0.5,0.705,0.5275
6,0.16,1.5,76,0.0,0.7225,0.3875
6,0.16,1.5,76,0.25,0.715,0.3375
6,0.16,1.5,76,0.5,0.7175,0.2725
6,0.16,1.5,76,0.75,0.735,0.24
6,0.16,1.5,76,1.0,0.7375,0.205
6,0.16,1.5,76,-0.5,0.6825,0.545
6,0.16,1.5,77,0.0,0.7725,0.36
6,0.16,1.5,77,0.25,0.7825,0.3175
6,0.16,1.5,77,0.5,0.78,0.2775
6,0.16,1.5,77,0.75,0.7975,0.2275
6,0.16,1.5,77,1.0,0.815,0.1825
6,0.16,1.5,77,-0.5,0.725,0.475
6,0.16,1.5,78,0.0,0.76,0.35
6,0.16,1.5,78,0.25,0.765,0.315
6,0.16,1.5,78,0.5,0.7625,0.275
6,0.16,1.5,78,0.75,0.765,0.23
6,0.16,1.5,78,1.0,0.735,0.21
6,0.16,1.5,78,-0.5,0.74,0.455
6,0.16,1.5,79,0.0,0.74,0.41
6,0.16,1.5,79,0.25,0.7275,0.365
6,0.16,1.5,79,0.5,0.7475,0.32
6,0.16,1.5,79,0.75,0.7725,0.24
6,0.16,1.5,79,1.0,0.7475,0.215
6,0.16,1.5,79,-0.5,0.71,0.515
6,0.16,1.5,80,0.0,0.73,0.3925
6,0.16,1.5,80,0.25,0.7575,0.3325
6,0.16,1.5,80,0.5,0.7525,0.2975
6,0.16,1.5,80,0.75,0.75,0.2825
6,0.16,1.5,80,1.0,0.745,0.2625
6,0.16,1.5,80,-0.5,0.6975,0.4925
6,0.16,1.5,81,0.0,0.715,0.4225
6,0.16,1.5,81,0.25,0.715,0.3575
6,0.16,1.5,81,0.5,0.73,0.2825
6,0.16,1.5,81,0.75,0.7475,0.2425
6,0.16,1.5,81,1.0,0.725,0.2025
6,0.16,1.5,81,-0.5,0.6875,0.5075
6,0.16,1.5,82,0.0,0.75,0.4075
6,0.16,1.5,82,0.25,0.7625,0.3725
6,0.16,1.5,82,0.5,0.7625,0.3275
6,0.16,1.5,82,0.75,0.7525,0.2875
6,0.16,1.5,82,1.0,0.7525,0.2525
6,0.16,1.5,82,-0.5,0.71,0.5575
6,0.16,1.5,83,0.0,0.73,0.3725
6,0.16,1.5,83,0.25,0.71,0.3075
6,0.16,1.5,83,0.5,0.7375,0.2525
6,0.16,1.5,83,0.75,0.7375,0.2075
6,0.16,1.5,83,1.0,0.7375,0.1925
6,0.16,1.5,83,-0.5,0.69,0.4625
6,0.16,1.5,84,0.0,0.685,0.425
6,0.16,1.5,84,0.25,0.7025,0.365
6,0.16,1.5,84,0.5,0.72,0.3
6,0.16,1.5,84,0.75,0.72,0.2625
6,0.16,1.5,84,1.0,0.715,0.2325
6,0.16,1.5,84,-0.5,0.6825,0.525
6,0.16,1.5,85,0.0,0.69,0.405
6,0.16,1.5,85,0.25,0.6825,0.375
6,0.16,1.5,85,0.5,0.675,0.335
6,0.16,1.5,85,0.75,0.6725,0.25
6,0.16,1.5,85,1.0,0.675,0.23
6,0.16,1.5,85,-0.5,0.67,0.505
6,0.16,1.5,86,0.0,0.705,0.4125
6,0.16,1.5,86,0.25,0.73,0.3625
6,0.16,1.5,86,0.5,0.7225,0.3025
6,0.16,1.5,86,0.75,0.7225,0.2625
6,0.16,1.5,86,1.0,0.715,0.2125
6,0.16,1.5,86,-0.5,0.6925,0.5225
6,0.16,1.5,87,0.0,0.7475,0.3925
6,0.16,1.5,87,0.25,0.75,0.3275
6,0.16,1.5,87,0.5,0.7575,0.2825
6,0.16,1.5,87,0.75,0.755,0.2375
6,0.16,1.5,87,1.0,0.745,0.1975
6,0.16,1.5,87,-0.5,0.67,0.5525
6,0.16,1.5,88,0.0,0.7525,0.395
6,0.16,1.5,88,0.25,0.7625,0.36
6,0.16,1.5,88,0.5,0.765,0.315
6,0.16,1.5,88,0.75,0.7875,0.245
6,0.16,1.5,88,1.0,0.805,0.205
6,0.16,1.5,88,-0.5,0.735,0.505
6,0.16,1.5,89,0.0,0.7275,0.3575
6,0.16,1.5,89,0.25,0.735,0.3025
6,0.16,1.5,89,0.5,0.7175,0.2675
6,0.16,1.5,89,0.75,0.7175,0.2375
6,0.16,1.5,89,1.0,0.735,0.1925
6,0.16,1.5,89,-0.5,0.6725,0.485
6,0.16,1.5,90,0.0,0.6875,0.3775
6,0.16,1.5,90,0.25,0.685,0.3275
6,0.16,1.5,90,0.5,0.6775,0.2925
6,0.16,1.5,90,0.75,0.6925,0.2475
6,0.16,1.5,90,1.0,0.6875,0.22
6,0.16,1.5,90,-0.5,0.67,0.5075
6,0.16,1.5,91,0.0,0.6775,0.3875
6,0.16,1.5,91,0.25,0.695,0.31
6,0.16,1.5,91,0.5,0.6925,0.26
6,0.16,1.5,91,0.75,0.695,0.225
6,0.16,1.5,91,1.0,0.725,0.2
6,0.16,1.5,91,-0.5,0.6575,0.4875
6,0.16,1.5,92,0.0,0.7,0.365
6,0.16,1.5,92,0.25,0.7125,0.315
6,0.16,1.5,92,0.5,0.7125,0.28
6,0.16,1.5,92,0.75,0.72,0.235
6,0.16,1.5,92,1.0,0.725,0.19
6,0.16,1.5,92,-0.5,0.665,0.475
6,0.16,1.5,93,0.0,0.74,0.3425
6,0.16,1.5,93,0.25,0.7475,0.3
6,0.16,1.5,93,0.5,0.735,0.26
6,0.16,1.5,93,0.75,0.7375,0.24
6,0.16,1.5,93,1.0,0.73,0.2
6,0.16,1.5,93,-0.5,0.695,0.4675
6,0.16,1.5,94,0.0,0.7225,0.3975
6,0.16,1.5,94,0.25,0.75,0.3625
6,0.16,1.5,94,0.5,0.7325,0.3275
6,0.16,1.5,94,0.75,0.73,0.2825
6,0.16,1.5,94,1.0,0.74,0.2475
6,0.16,1.5,94,-0.5,0.71,0.5175
6,0.16,1.5,95,0.0,0.6975,0.415
6,0.16,1.5,95,0.25,0.6875,0.37
6,0.16,1.5,95,0.5,0.685,0.325
6,0.16,1.5,95,0.75,0.715,0.275
6,0.16,1.5,95,1.0,0.7225,0.23
6,0.16,1.5,95,-0.5,0.68,0.54
6,0.16,1.5,96,0.0,0.7075,0.415
6,0.16,1.5,96,0.25,0.71,0.35
6,0.16,1.5,96,0.5,0.725,0.305
6,0.16,1.5,96,0.75,0.73,0.235
6,0.16,1.5,96,1.0,0.73,0.21
6,0.16,1.5,96,-0.5,0.675,0.515
6,0.16,1.5,97,0.0,0.7425,0.3925
6,0.16,1.5,97,0.25,0.7475,0.3425
6,0.16,1.5,97,0.5,0.765,0.2775
6,0.16,1.5,97,0.75,0.795,0.2225
6,0.16,1.5,97,1.0,0.7875,0.1925
6,0.16,1.5,97,-0.5,0.6925,0.5075
6,0.16,1.5,98,0.0,0.765,0.43
6,0.16,1.5,98,0.25,0.7925,0.365
6,0.16,1.5,98,0.5,0.815,0.26
6,0.16,1.5,98,0.75,0.805,0.22
6,0.16,1.5,98,1.0,0.8025,0.195
6,0.16,1.5,98,-0.5,0.73,0.51
6,0.16,1.5,99,0.0,0.72,0.4225
6,0.16,1.5,99,0.25,0.73,0.3425
6,0.16,1.5,99,0.5,0.7625,0.2775
6,0.16,1.5,99,0.75,0.7625,0.2325
6,0.16,1.5,99,1.0,0.75,0.2075
6,0.16,1.5,99,-0.5,0.695,0.5425
7,0.32,0.5,0,0.0,0.92,0.3225
7,0.32,0.5,0,0.25,0.9175,0.2975
7,0.32,0.5,0,0.5,0.8975,0.2825
7,0.32,0.5,0,0.75,0.855,0.245
7,0.32,0.5,0,1.0,0.795,0.2025
7,0.32,0.5,0,-0.5,0.85,0.4475
7,0.32,0.5,1,0.0,0.8375,0.275
7,0.32,0.5,1,0.25,0.8325,0.26
7,0.32,0.5,1,0.5,0.83,0.255
7,0.32,0.5,1,0.75,0.735,0.215
7,0.32,0.5,1,1.0,0.68,0.195
7,0.32,0.5,1,-0.5,0.8025,0.39
7,0.32,0.5,2,0.0,0.8725,0.3125
7,0.32,0.5,2,0.25,0.865,0.305
7,0.32,0.5,2,0.5,0.83,0.28
7,0.32,0.5,2,0.75,0.7875,0.25
7,0.32,0.5,2,1.0,0.7325,0.205
7,0.32,0.5,2,-0.5,0.8425,0.4425
7,0.32,0.5,3,0.0,0.93,0.285
7,0.32,0.5,3,0.25,0.9325,0.275
7,0.32,0.5,3,0.5,0.8975,0.24
7,0.32,0.5,3,0.75,0.8725,0.21
7,0.32,0.5,3,1.0,0.8075,0.16
7,0.32,0.5,3,-0.5,0.8575,0.44
7,0.32,0.5,4,0.0,0.87,0.32
7,0.32,0.5,4,0.25,0.8575,0.3
7,0.32,0.5,4,0.5,0.8475,0.29
7,0.32,0.5,4,0.75,0.8025,0.245
7,0.32,0.5,4,1.0,0.745,0.17
7,0.32,0.5,4,-0.5,0.8225,0.435
7,0.32,0.5,5,0.0,0.935,0.325
7,0.32,0.5,5,0.25,0.9275,0.305
7,0.32,0.5,5,0.5,0.8925,0.29
7,0.32,0.5,5,0.75,0.855,0.265
7,0.32,0.5,5,1.0,0.7775,0.205
7,0.32,0.5,5,-0.5,0.8425,0.455
7,0.32,0.5,6,0.0,0.9175,0.2975
7,0.32,0.5,6,0.25,0.92,0.2875
7,0.32,0.5,6,0.5,0.9,0.2625
7,0.32,0.5,6,0.75,0.8575,0.2275
7,0.32,0.5,6,1.0,0.765,0.1875
7,0.32,0.5,6,-0.5,0.8425,0.4
7,0.32,0.5,7,0.0,0.895,0.3375
7,0.32,0.5,7,0.25,0.9,0.3225
7,0.32,0.5,7,0.5,0.8675,0.3025
7,0.32,0.5,7,0.75,0.8325,0.2575
7,0.32,0.5,7,1.0,0.7575,0.1775
7,0.32,0.5,7,-0.5,0.8375,0.4625
7,0.32,0.5,8,0.0,0.8875,0.305
7,0.32,0.5,8,0.25,0.8925,0.265
7,0.32,0.5,8,0.5,0.8625,0.225
7,0.32,0.5,8,0.75,0.8075,0.18
7,0.32,0.5,8,1.0,0.7725,0.155
7,0.32,0.5,8,-0.5,0.8075,0.455
7,0.32,0.5,9,0.0,0.9,0.2975
7,0.32,0.5,9,0.25,0.885,0.2625
7,0.32,0.5,9,0.5,0.8725,0.2425
7,0.32,0.5,9,0.75,0.835,0.2125
7,0.32,0.5,9,1.0,0.7425,0.1775
7,0.32,0.5,9,-0.5,0.8375,0.4175
7,0.32,0.5,10,0.0,0.9025,0.29
7,0.32,0.5,10,0.25,0.89,0.27
7,0.32,0.5,10,0.5,0.8775,0.25
7,0.32,0.5,10,0.75,0.845,0.225
7,0.32,0.5,10,1.0,0.7975,0.195
7,0.32,0.5,10,-0.5,0.845,0.435
7,0.32,0.5,11,0.0,0.865,0.2975
7,0.32,0.5,11,0.25,0.8625,0.2725
7,0.32,0.5,11,0.5,0.82,0.2375
7,0.32,0.5,11,0.75,0.765,0.2025
7,0.32,0.5,11,1.0,0.7425,0.1675
7,0.32,0.5,11,-0.5,0.81,0.4125
7,0.32,0.5,12,0.0,0.935,0.2975
7,0.32,0.5,12,0.25,0.945,0.2775
7,0.32,0.5,12,0.5,0.925,0.2725
7,0.32,0.5,12,0.75,0.8575,0.2225
7,0.32,0.5,12,1.0,0.8225,0.1725
7,0.32,0.5,12,-0.5,0.8675,0.4225
7,0.32,0.5,13,0.0,0.895,0.285
7,0.32,0.5,13,0.25,0.89,0.27
7,0.32,0.5,13,0.5,0.8625,0.2375
7,0.32,0.5,13,0.75,0.8175,0.2075
7,0.32,0.5,13,1.0,0.755,0.1625
7,0.32,0.5,13,-0.5,0.815,0.43
7,0.32,0.5,14,0.0,0.875,0.265
7,0.32,0.5,14,0.25,0.86,0.26
7,0.32,0.5,14,0.5,0.835,0.245
7,0.32,0.5,14,0.75,0.7925,0.2
7,0.32,0.5,14,1.0,0.725,0.145
7,0.32,0.5,14,-0.5,0.8375,0.35
7,0.32,0.5,15,0.0,0.82,0.28
7,0.32,0.5,15,0.25,0.8325,0.255
7,0.32,0.5,15,0.5,0.8225,0.245
7,0.32,0.5,15,0.75,0.77,0.21
7,0.32,0.5,15,1.0,0.705,0.155
7,0.32,0.5,15,-0.5,0.77,0.415
7,0.32,0.5,16,0.0,0.9125,0.3
7,0.32,0.5,16,0.25,0.91,0.285
7,0.32,0.5,16,0.5,0.895,0.275
7,0.32,0.5,16,0.75,0.8575,0.235
7,0.32,0.5,16,1.0,0.7725,0.17
7,0.32,0.5,16,-0.5,0.855,0.4
7,0.32,0.5,17,0.0,0.9275,0.3475
7,0.32,0.5,17,0.25,0.9125,0.3225
7,0.32,0.5,17,0.5,0.89,0.2975
7,0.32,0.5,17,0.75,0.8375,0.2675
7,0.32,0.5,17,1.0,0.7,0.2025
7,0.32,0.5,17,-0.5,0.8425,0.4725
7,0.32,0.5,18,0.0,0.895,0.285
7,0.32,0.5,18,0.25,0.895,0.26
7,0.32,0.5,18,0.5,0.8875,0.25
7,0.32,0.5,18,0.75,0.8475,0.235
7,0.32,0.5,18,1.0,0.7975,0.195
7,0.32,0.5,18,-0.5,0.8425,0.405
7,0.32,0.5,19,0.0,0.8925,0.2675
7,0.32,0.5,19,0.25,0.8825,0.2675
7,0.32,0.5,19,0.5,0.865,0.2375
7,0.32,0.5,19,0.75,0.8475,0.2125
7,0.32,0.5,19,1.0,0.7825,0.1775
7,0.32,0.5,19,-0.5,0.86,0.3525
7,0.32,0.5,20,0.0,0.8675,0.2825
7,0.32,0.5,20,0.25,0.85,0.2675
7,0.32,0.5,20,0.5,0.835,0.2425
7,0.32,0.5,20,0.75,0.8075,0.2075
7,0.32,0.5,20,1.0,0.725,0.1525
7,0.32,0.5,20,-0.5,0.83,0.395
7,0.32,0.5,21,0.0,0.8975,0.3525
7,0.32,0.5,21,0.25,0.89,0.3225
7,0.32,0.5,21,0.5,0.875,0.2875
7,0.32,0.5,21,0.75,0.82,0.2525
7,0.32,0.5,21,1.0,0.755,0.1925
7,0.32,0.5,21,-0.5,0.8475,0.4325
7,0.32,0.5,22,0.0,0.9325,0.3
7,0.32,0.5,22,0.25,0.9275,0.29
7,0.32,0.5,22,0.5,0.8875,0.265
7,0.32,0.5,22,0.75,0.85,0.23
7,0.32,0.5,22,1.0,0.7775,0.19
7,0.32,0.5,22,-0.5,0.86,0.415
7,0.32,0.5,23,0.0,0.8875,0.33
7,0.32,0.5,23,0.25,0.875,0.305
7,0.32,0.5,23,0.5,0.8525,0.3
7,0.32,0.5,23,0.75,0.7925,0.24
7,0.32,0.5,23,1.0,0.7275,0.2
7,0.32,0.5,23,-0.5,0.835,0.46
7,0.32,0.5,24,0.0,0.8925,0.32
7,0.32,0.5,24,0.25,0.895,0.28
7,0.32,0.5,24,0.5,0.8775,0.265
7,0.32,0.5,24,0.75,0.8325,0.23
7,0.32,0.5,24,1.0,0.765,0.17
7,0.32,0.5,24,-0.5,0.86,0.45
7,0.32,0.5,25,0.0,0.865,0.255
7,0.32,0.5,25,0.25,0.87,0.255
7,0.32,0.5,25,0.5,0.8475,0.245
7,0.32,0.5,25,0.75,0.81,0.23
7,0.32,0.5,25,1.0,0.7725,0.17
7,0.32,0.5,25,-0.5,0.8125,0.37
7,0.32,0.5,26,0.0,0.855,0.3125
7,0.32,0.5,26,0.25,0.845,0.2775
7,0.32,0.5,26,0.5,0.8325,0.2575
7,0.32,0.5,26,0.75,0.815,0.2325
7,0.32,0.5,26,1.0,0.76,0.1925
7,0.32,0.5,26,-0.5,0.805,0.4025
7,0.32,0.5,27,0.0,0.905,0.265
7,0.32,0.5,27,0.25,0.8975,0.255
7,0.32,0.5,27,0.5,0.89,0.255
7,0.32,0.5,27,0.75,0.8475,0.195
7,0.32,0.5,27,1.0,0.79,0.165
7,0.32,0.5,27,-0.5,0.8375,0.41
7,0.32,0.5,28,0.0,0.9025,0.305
7,0.32,0.5,28,0.25,0.91,0.29
7,0.32,0.5,28,0.5,0.89,0.275
7,0.32,0.5,28,0.75,0.835,0.245
7,0.32,0.5,28,1.0,0.7775,0.2
7,0.32,0.5,28,-0.5,0.875,0.39
7,0.32,0.5,29,0.0,0.9075,0.3
7,0.32,0.5,29,0.25,0.905,0.285
7,0.32,0.5,29,0.5,0.8575,0.235
7,0.32,0.5,29,0.75,0.835,0.215
7,0.32,0.5,29,1.0,0.7975,0.18
7,0.32,0.5,29,-0.5,0.8275,0.42
7,0.32,0.5,30,0.0,0.855,0.3325
7,0.32,0.5,30,0.25,0.8525,0.2975
7,0.32,0.5,30,0.5,0.8225,0.2725
7,0.32,0.5,30,0.75,0.785,0.2175
7,0.32,0.5,30,1.0,0.7125,0.1775
7,0.32,0.5,30,-0.5,0.785,0.4325
7,0.32,0.5,31,0.0,0.92,0.3425
7,0.32,0.5,31,0.25,0.9275,0.3275
7,0.32,0.5,31,0.5,0.9025,0.2975
7,0.32,0.5,31,0.75,0.8375,0.2525
7,0.32,0.5,31,1.0,0.77,0.1925
7,0.32,0.5,31,-0.5,0.8675,0.4425
7,0.32,0.5,32,0.0,0.89,0.3625
7,0.32,0.5,32,0.25,0.88,0.3325
7,0.32,0.5,32,0.5,0.8525,0.3025
7,0.32,0.5,32,0.75,0.8,0.2675
7,0.32,0.5,32,1.0,0.74,0.1975
7,0.32,0.5,32,-0.5,0.825,0.4525
7,0.32,0.5,33,0.0,0.8525,0.31
7,0.32,0.5,33,0.25,0.845,0.26
7,0.32,0.5,33,0.5,0.825,0.23
7,0.32,0.5,33,0.75,0.79,0.1975
7,0.32,0.5,33,1.0,0.75,0.1625
7,0.32,0.5,33,-0.5,0.83,0.4
7,0.32,0.5,34,0.0,0.83,0.2775
7,0.32,0.5,34,0.25,0.835,0.2525
7,0.32,0.5,34,0.5,0.81,0.2375
7,0.32,0.5,34,0.75,0.7725,0.2175
7,0.32,0.5,34,1.0,0.7125,0.1625
7,0.32,0.5,34,-0.5,0.79,0.4125
7,0.32,0.5,35,0.0,0.88,0.2975
7,0.32,0.5,35,0.25,0.885,0.2375
7,0.32,0.5,35,0.5,0.8675,0.2225
7,0.32,0.5,35,0.75,0.8175,0.1925
7,0.32,0.5,35,1.0,0.775,0.1575
7,0.32,0.5,35,-0.5,0.825,0.4
7,0.32,0.5,36,0.0,0.8925,0.3325
7,0.32,0.5,36,0.25,0.8975,0.3175
7,0.32,0.5,36,0.5,0.855,0.2825
7,0.32,0.5,36,0.75,0.8075,0.2075
7,0.32,0.5,36,1.0,0.7625,0.1825
7,0.32,0.5,36,-0.5,0.83,0.4525
7,0.32,0.5,37,0.0,0.81,0.2725
7,0.32,0.5,37,0.25,0.795,0.2425
7,0.32,0.5,37,0.5,0.7925,0.2325
7,0.32,0.5,37,0.75,0.7525,0.2025
7,0.32,0.5,37,1.0,0.68,0.1575
7,0.32,0.5,37,-0.5,0.7675,0.3925
7,0.32,0.5,38,0.0,0.9225,0.3275
7,0.32,0.5,38,0.25,0.92,0.3025
7,0.32,0.5,38,0.5,0.895,0.2925
7,0.32,0.5,38,0.75,0.8525,0.2675
7,0.32,0.5,38,1.0,0.785,0.2225
7,0.32,0.5,38,-0.5,0.8525,0.4725
7,0.32,0.5,39,0.0,0.875,0.345
7,0.32,0.5,39,0.25,0.8875,0.3
7,0.32,0.5,39,0.5,0.88,0.28
7,0.32,0.5,39,0.75,0.845,0.24
7,0.32,0.5,39,1.0,0.76,0.185
7,0.32,0.5,39,-0.5,0.845,0.45
7,0.32,0.5,40,0.0,0.89,0.29
7,0.32,0.5,40,0.25,0.88,0.265
7,0.32,0.5,40,0.5,0.8625,0.25
7,0.32,0.5,40,0.75,0.8175,0.215
7,0.32,0.5,40,1.0,0.7575,0.17
7,0.32,0.5,40,-0.5,0.835,0.405
7,0.32,0.5,41,0.0,0.875,0.3025
7,0.32,0.5,41,0.25,0.8525,0.2825
7,0.32,0.5,41,0.5,0.8175,0.2625
7,0.32,0.5,41,0.75,0.7675,0.2375
7,0.32,0.5,41,1.0,0.72,0.1775
7,0.32,0.5,41,-0.5,0.8475,0.3975
7,0.32,0.5,42,0.0,0.8475,0.255
7,0.32,0.5,42,0.25,0.835,0.22
7,0.32,0.5,42,0.5,0.83,0.21
7,0.32,0.5,42,0.75,0.805,0.185
7,0.32,0.5,42,1.0,0.7225,0.165
7,0.32,0.5,42,-0.5,0.805,0.38
7,0.32,0.5,43,0.0,0.8925,0.335
7,0.32,0.5,43,0.25,0.9025,0.29
7,0.32,0.5,43,0.5,0.8775,0.255
7,0.32,0.5,43,0.75,0.835,0.225
7,0.32,0.5,43,1.0,0.7775,0.175
7,0.32,0.5,43,-0.5,0.8125,0.465
7,0.32,0.5,44,0.0,0.85,0.2975
7,0.32,0.5,44,0.25,0.8425,0.2775
7,0.32,0.5,44,0.5,0.83,0.2725
7,0.32,0.5,44,0.75,0.7975,0.2325
7,0.32,0.5,44,1.0,0.725,0.1725
7,0.32,0.5,44,-0.5,0.8275,0.3625
7,0.32,0.5,45,0.0,0.8225,0.2925
7,0.32,0.5,45,0.25,0.825,0.2525
7,0.32,0.5,45,0.5,0.8025,0.2275
7,0.32,0.5,45,0.75,0.785,0.1975
7,0.32,0.5,45,1.0,0.7325,0.1675
7,0.32,0.5,45,-0.5,0.7725,0.4175
7,0.32,0.5,46,0.0,0.8625,0.2975
7,0.32,0.5,46,0.25,0.85,0.2625
7,0.32,0.5,46,0.5,0.84,0.2575
7,0.32,0.5,46,0.75,0.825,0.2325
7,0.32,0.5,46,1.0,0.74,0.1775
7,0.32,0.5,46,-0.5,0.82,0.4325
7,0.32,0.5,47,0.0,0.84,0.3175
7,0.32,0.5,47,0.25,0.835,0.2775
7,0.32,0.5,47,0.5,0.81,0.2525
7,0.32,0.5,47,0.75,0.7725,0.2075
7,0.32,0.5,47,1.0,0.7425,0.1825
7,0.32,0.5,47,-0.5,0.805,0.4375
7,0.32,0.5,48,0.0,0.91,0.32
7,0.32,0.5,48,0.25,0.9025,0.285
7,0.32,0.5,48,0.5,0.8975,0.25
7,0.32,0.5,48,0.75,0.8175,0.215
7,0.32,0.5,48,1.0,0.7425,0.175
7,0.32,0.5,48,-0.5,0.8375,0.44
7,0.32,0.5,49,0.0,0.885,0.3475
7,0.32,0.5,49,0.25,0.885,0.3025
7,0.32,0.5,49,0.5,0.85,0.2575
7,0.32,0.5,49,0.75,0.78,0.2125
7,0.32,0.5,49,1.0,0.69,0.1675
7,0.32,0.5,49,-0.5,0.81,0.4925
7,0.32,0.5,50,0.0,0.845,0.2825
7,0.32,0.5,50,0.25,0.8175,0.2725
7,0.32,0.5,50,0.5,0.795,0.2425
7,0.32,0.5,50,0.75,0.76,0.2075
7,0.32,0.5,50,1.0,0.715,0.1625
7,0.32,0.5,50,-0.5,0.795,0.4075
7,0.32,0.5,51,0.0,0.9,0.33
7,0.32,0.5,51,0.25,0.885,0.3
7,0.32,0.5,51,0.5,0.875,0.265
7,0.32,0.5,51,0.75,0.81,0.235
7,0.32,0.5,51,1.0,0.76,0.22
7,0.32,0.5,51,-0.5,0.835,0.445
7,0.32,0.5,52,0.0,0.8825,0.2875
7,0.32,0.5,52,0.25,0.8725,0.2675
7,0.32,0.5,52,0.5,0.845,0.2525
7,0.32,0.5,52,0.75,0.805,0.2125
7,0.32,0.5,52,1.0,0.7575,0.1825
7,0.32,0.5,52,-0.5,0.83,0.3975
7,0.32,0.5,53,0.0,0.8725,0.35
7,0.32,0.5,53,0.25,0.8775,0.33
7,0.32,0.5,53,0.5,0.8575,0.285
7,0.32,0.5,53,0.75,0.805,0.27
7,0.32,0.5,53,1.0,0.7325,0.22
7,0.32,0.5,53,-0.5,0.8175,0.44
7,0.32,0.5,54,0.0,0.9175,0.3
7,0.32,0.5,54,0.25,0.925,0.265
7,0.32,0.5,54,0.5,0.8925,0.25
7,0.32,0.5,54,0.75,0.85,0.215
7,0.32,0.5,54,1.0,0.805,0.16
7,0.32,0.5,54,-0.5,0.845,0.435
7,0.32,0.5,55,0.0,0.905,0.31
7,0.32,0.5,55,0.25,0.9,0.27
7,0.32,0.5,55,0.5,0.8675,0.255
7,0.32,0.5,55,0.75,0.8325,0.215
7,0.32,0.5,55,1.0,0.715,0.15
7,0.32,0.5,55,-0.5,0.8525,0.4425
7,0.32,0.5,56,0.0,0.8825,0.315
7,0.32,0.5,56,0.25,0.87,0.295
7,0.32,0.5,56,0.5,0.8425,0.265
7,0.32,0.5,56,0.75,0.8025,0.2525
7,0.32,0.5,56,1.0,0.715,0.1875
7,0.32,0.5,56,-0.5,0.8225,0.42
7,0.32,0.5,57,0.0,0.87,0.2675
7,0.32,0.5,57,0.25,0.8575,0.2525
7,0.32,0.5,57,0.5,0.83,0.2175
7,0.32,0.5,57,0.75,0.795,0.2025
7,0.32,0.5,57,1.0,0.7375,0.1725
7,0.32,0.5,57,-0.5,0.8425,0.3775
7,0.32,0.5,58,0.0,0.885,0.3125
7,0.32,0.5,58,0.25,0.8775,0.2875
7,0.32,0.5,58,0.5,0.8575,0.2725
7,0.32,0.5,58,0.75,0.8225,0.265
7,0.32,0.5,58,1.0,0.715,0.21
7,0.32,0.5,58,-0.5,0.825,0.4475
7,0.32,0.5,59,0.0,0.87,0.3025
7,0.32,0.5,59,0.25,0.8725,0.2775
7,0.32,0.5,59,0.5,0.8675,0.2625
7,0.32,0.5,59,0.75,0.7975,0.2325
7,0.32,0.5,59,1.0,0.7475,0.205
7,0.32,0.5,59,-0.5,0.8125,0.4475
7,0.32,0.5,60,0.0,0.915,0.3475
7,0.32,0.5,60,0.25,0.91,0.3225
7,0.32,0.5,60,0.5,0.88,0.28
7,0.32,0.5,60,0.75,0.8175,0.24
7,0.32,0.5,60,1.0,0.7675,0.2
7,0.32,0.5,60,-0.5,0.89,0.4175
7,0.32,0.5,61,0.0,0.8475,0.32
7,0.32,0.5,61,0.25,0.8525,0.305
7,0.32,0.5,61,0.5,0.8225,0.29
7,0.32,0.5,61,0.75,0.785,0.26
7,0.32,0.5,61,1.0,0.7175,0.19
7,0.32,0.5,61,-0.5,0.79,0.425
7,0.32,0.5,62,0.0,0.895,0.2875
7,0.32,0.5,62,0.25,0.875,0.2575
7,0.32,0.5,62,0.5,0.8475,0.2325
7,0.32,0.5,62,0.75,0.815,0.2175
7,0.32,0.5,62,1.0,0.7625,0.1825
7,0.32,0.5,62,-0.5,0.82,0.4475
7,0.32,0.5,63,0.0,0.94,0.2875
7,0.32,0.5,63,0.25,0.925,0.2725
7,0.32,0.5,63,0.5,0.895,0.2375
7,0.32,0.5,63,0.75,0.8325,0.1975
7,0.32,0.5,63,1.0,0.7775,0.1675
7,0.32,0.5,63,-0.5,0.85,0.4275
7,0.32,0.5,64,0.0,0.9075,0.335
7,0.32,0.5,64,0.25,0.92,0.32
7,0.32,0.5,64,0.5,0.9025,0.295
7,0.32,0.5,64,0.75,0.84,0.2375
7,0.32,0.5,64,1.0,0.7875,0.1825
7,0.32,0.5,64,-0.5,0.8525,0.44
7,0.32,0.5,65,0.0,0.85,0.3025
7,0.32,0.5,65,0.25,0.8475,0.275
7,0.32,0.5,65,0.5,0.8025,0.245
7,0.32,0.5,65,0.75,0.7675,0.21
7,0.32,0.5,65,1.0,0.6975,0.155
7,0.32,0.5,65,-0.5,0.8075,0.3925
7,0.32,0.5,66,0.0,0.8875,0.3075
7,0.32,0.5,66,0.25,0.88,0.2875
7,0.32,0.5,66,0.5,0.87,0.2675
7,0.32,0.5,66,0.75,0.8225,0.22
7,0.32,0.5,66,1.0,0.7525,0.165
7,0.32,0.5,66,-0.5,0.8225,0.4225
7,0.32,0.5,67,0.0,0.8825,0.3225
7,0.32,0.5,67,0.25,0.8725,0.2975
7,0.32,0.5,67,0.5,0.85,0.2775
7,0.32,0.5,67,0.75,0.805,0.2275
7,0.32,0.5,67,1.0,0.7325,0.1775
7,0.32,0.5,67,-0.5,0.8175,0.4725
7,0.32,0.5,68,0.0,0.84,0.2975
7,0.32,0.5,68,0.25,0.83,0.2875
7,0.32,0.5,68,0.5,0.795,0.2525
7,0.32,0.5,68,0.75,0.7525,0.21
7,0.32,0.5,68,1.0,0.725,0.18
7,0.32,0.5,68,-0.5,0.8025,0.3775
7,0.32,0.5,69,0.0,0.85,0.27
7,0.32,0.5,69,0.25,0.865,0.235
7,0.32,0.5,69,0.5,0.855,0.235
7,0.32,0.5,69,0.75,0.8125,0.2
7,0.32,0.5,69,1.0,0.7475,0.14
7,0.32,0.5,69,-0.5,0.8,0.385
7,0.32,0.5,70,0.0,0.88,0.305
7,0.32,0.5,70,0.25,0.88,0.27
7,0.32,0.5,70,0.5,0.8675,0.265
7,0.32,0.5,70,0.75,0.81,0.23
7,0.32,0.5,70,1.0,0.7575,0.185
7,0.32,0.5,70,-0.5,0.8425,0.425
7,0.32,0.5,71,0.0,0.9,0.285
7,0.32,0.5,71,0.25,0.885,0.27
7,0.32,0.5,71,0.5,0.87,0.255
7,0.32,0.5,71,0.75,0.8125,0.215
7,0.32,0.5,71,1.0,0.7475,0.185
7,0.32,0.5,71,-0.5,0.8275,0.415
7,0.32,0.5,72,0.0,0.9075,0.28
7,0.32,0.5,72,0.25,0.9025,0.27
7,0.32,0.5,72,0.5,0.8875,0.255
7,0.32,0.5,72,0.75,0.8425,0.235
7,0.32,0.5,72,1.0,0.795,0.1875
7,0.32,0.5,72,-0.5,0.8625,0.39
7,0.32,0.5,73,0.0,0.8775,0.2925
7,0.32,0.5,73,0.25,0.8675,0.265
7,0.32,0.5,73,0.5,0.8525,0.25
7,0.32,0.5,73,0.75,0.8425,0.23
7,0.32,0.5,73,1.0,0.795,0.175
7,0.32,0.5,73,-0.5,0.84,0.4025
7,0.32,0.5,74,0.0,0.92,0.3425
7,0.32,0.5,74,0.25,0.9025,0.2975
7,0.32,0.5,74,0.5,0.8825,0.2775
7,0.32,0.5,74,0.75,0.8375,0.2275
7,0.32,0.5,74,1.0,0.76,0.1975
7,0.32,0.5,74,-0.5,0.87,0.4525
7,0.32,0.5,75,0.0,0.88,0.2975
7,0.32,0.5,75,0.25,0.875,0.2675
7,0.32,0.5,75,0.5,0.8625,0.2525
7,0.32,0.5,75,0.75,0.8125,0.2275
7,0.32,0.5,75,1.0,0.765,0.1875
7,0.32,0.5,75,-0.5,0.82,0.4175
7,0.32,0.5,76,0.0,0.865,0.33
7,0.32,0.5,76,0.25,0.845,0.29
7,0.32,0.5,76,0.5,0.82,0.275
7,0.32,0.5,76,0.75,0.75,0.215
7,0.32,0.5,76,1.0,0.72,0.19
7,0.32,0.5,76,-0.5,0.8225,0.4775
7,0.32,0.5,77,0.0,0.875,0.3025
7,0.32,0.5,77,0.25,0.885,0.2875
7,0.32,0.5,77,0.5,0.87,0.2725
7,0.32,0.5,77,0.75,0.8225,0.2325
7,0.32,0.5,77,1.0,0.77,0.2075
7,0.32,0.5,77,-0.5,0.835,0.3825
7,0.32,0.5,78,0.0,0.8875,0.3075
7,0.32,0.5,78,0.25,0.8725,0.2625
7,0.32,0.5,78,0.5,0.8325,0.2375
7,0.32,0.5,78,0.75,0.7925,0.1925
7,0.32,0.5,78,1.0,0.75,0.1475
7,0.32,0.5,78,-0.5,0.8075,0.4625
7,0.32,0.5,79,0.0,0.855,0.24
7,0.32,0.5,79,0.25,0.865,0.23
7,0.32,0.5,79,0.5,0.84,0.215
7,0.32,0.5,79,0.75,0.79,0.17
7,0.32,0.5,79,1.0,0.735,0.14
7,0.32,0.5,79,-0.5,0.83,0.355
7,0.32,0.5,80,0.0,0.8725,0.29
7,0.32,0.5,80,0.25,0.88,0.27
7,0.32,0.5,80,0.5,0.8475,0.255
7,0.32,0.5,80,0.75,0.7975,0.2225
7,0.32,0.5,80,1.0,0.7575,0.1675
7,0.32,0.5,80,-0.5,0.8075,0.445
7,0.32,0.5,81,0.0,0.91,0.275
7,0.32,0.5,81,0.25,0.9125,0.26
7,0.32,0.5,81,0.5,0.88,0.24
7,0.32,0.5,81,0.75,0.84,0.2
7,0.32,0.5,81,1.0,0.765,0.15
7,0.32,0.5,81,-0.5,0.8425,0.385
7,0.32,0.5,82,0.0,0.8575,0.305
7,0.32,0.5,82,0.25,0.85,0.3
7,0.32,0.5,82,0.5,0.835,0.285
7,0.32,0.5,82,0.75,0.7875,0.235
7,0.32,0.5,82,1.0,0.705,0.17
7,0.32,0.5,82,-0.5,0.8075,0.42
7,0.32,0.5,83,0.0,0.8825,0.325
7,0.32,0.5,83,0.25,0.8675,0.29
7,0.32,0.5,83,0.5,0.845,0.275
7,0.32,0.5,83,0.75,0.7875,0.235
7,0.32,0.5,83,1.0,0.7125,0.17
7,0.32,0.5,83,-0.5,0.8225,0.45
7,0.32,0.5,84,0.0,0.895,0.3325
7,0.32,0.5,84,0.25,0.88,0.305
7,0.32,0.5,84,0.5,0.8575,0.29
7,0.32,0.5,84,0.75,0.8125,0.2325
7,0.32,0.5,84,1.0,0.7425,0.1975
7,0.32,0.5,84,-0.5,0.8475,0.3975
7,0.32,0.5,85,0.0,0.8675,0.275
7,0.32,0.5,85,0.25,0.8675,0.26
7,0.32,0.5,85,0.5,0.8475,0.235
7,0.32,0.5,85,0.75,0.7975,0.22
7,0.32,0.5,85,1.0,0.765,0.165
7,0.32,0.5,85,-0.5,0.8075,0.41
7,0.32,0.5,86,0.0,0.8675,0.3275
7,0.32,0.5,86,0.25,0.8625,0.2975
7,0.32,0.5,86,0.5,0.835,0.2775
7,0.32,0.5,86,0.75,0.79,0.2375
7,0.32,0.5,86,1.0,0.71,0.1925
7,0.32,0.5,86,-0.5,0.8375,0.4325
7,0.32,0.5,87,0.0,0.855,0.29
7,0.32,0.5,87,0.25,0.85,0.26
7,0.32,0.5,87,0.5,0.8225,0.245
7,0.32,0.5,87,0.75,0.785,0.21
7,0.32,0.5,87,1.0,0.7375,0.17
7,0.32,0.5,87,-0.5,0.8025,0.405
7,0.32,0.5,88,0.0,0.8875,0.3275
7,0.32,0.5,88,0.25,0.88,0.2925
7,0.32,0.5,88,0.5,0.8575,0.2725
7,0.32,0.5,88,0.75,0.805,0.225
7,0.32,0.5,88,1.0,0.745,0.19
7,0.32,0.5,88,-0.5,0.845,0.4025
7,0.32,0.5,89,0.0,0.8025,0.2825
7,0.32,0.5,89,0.25,0.7975,0.2675
7,0.32,0.5,89,0.5,0.7875,0.2675
7,0.32,0.5,89,0.75,0.745,0.2275
7,0.32,0.5,89,1.0,0.7025,0.1875
7,0.32,0.5,89,-0.5,0.77,0.4175
7,0.32,0.5,90,0.0,0.915,0.3125
7,0.32,0.5,90,0.25,0.9125,0.3025
7,0.32,0.5,90,0.5,0.8875,0.2775
7,0.32,0.5,90,0.75,0.835,0.2375
7,0.32,0.5,90,1.0,0.7725,0.1725
7,0.32,0.5,90,-0.5,0.8675,0.3825
7,0.32,0.5,91,0.0,0.8825,0.3075
7,0.32,0.5,91,0.25,0.875,0.2775
7,0.32,0.5,91,0.5,0.8475,0.2475
7,0.32,0.5,91,0.75,0.8075,0.2075
7,0.32,0.5,91,1.0,0.7575,0.1625
7,0.32,0.5,91,-0.5,0.8125,0.4725
7,0.32,0.5,92,0.0,0.92,0.32
7,0.32,0.5,92,0.25,0.905,0.29
7,0.32,0.5,92,0.5,0.8525,0.23
7,0.32,0.5,92,0.75,0.82,0.21
7,0.32,0.5,92,1.0,0.7175,0.165
7,0.32,0.5,92,-0.5,0.8625,0.43
7,0.32,0.5,93,0.0,0.86,0.2825
7,0.32,0.5,93,0.25,0.8525,0.2675
7,0.32,0.5,93,0.5,0.8225,0.2325
7,0.32,0.5,93,0.75,0.78,0.1875
7,0.32,0.5,93,1.0,0.735,0.1525
7,0.32,0.5,93,-0.5,0.8225,0.3775
7,0.32,0.5,94,0.0,0.91,0.3225
7,0.32,0.5,94,0.25,0.8925,0.2875
7,0.32,0.5,94,0.5,0.86,0.2525
7,0.32,0.5,94,0.75,0.825,0.2325
7,0.32,0.5,94,1.0,0.75,0.1825
7,0.32,0.5,94,-0.5,0.8575,0.4075
7,0.32,0.5,95,0.0,0.92,0.3275
7,0.32,0.5,95,0.25,0.9075,0.2875
7,0.32,0.5,95,0.5,0.8875,0.2725
7,0.32,0.5,95,0.75,0.8325,0.2375
7,0.32,0.5,95,1.0,0.78,0.2025
7,0.32,0.5,95,-0.5,0.855,0.4325
7,0.32,0.5,96,0.0,0.9075,0.305
7,0.32,0.5,96,0.25,0.895,0.285
7,0.32,0.5,96,0.5,0.8975,0.27
7,0.32,0.5,96,0.75,0.84,0.245
7,0.32,0.5,96,1.0,0.7925,0.185
7,0.32,0.5,96,-0.5,0.85,0.43
7,0.32,0.5,97,0.0,0.845,0.2575
7,0.32,0.5,97,0.25,0.8325,0.2275
7,0.32,0.5,97,0.5,0.8075,0.2075
7,0.32,0.5,97,0.75,0.7625,0.1625
7,0.32,0.5,97,1.0,0.6825,0.1275
7,0.32,0.5,97,-0.5,0.7975,0.3675
7,0.32,0.5,98,0.0,0.8625,0.3025
7,0.32,0.5,98,0.25,0.8675,0.2825
7,0.32,0.5,98,0.5,0.85,0.2625
7,0.32,0.5,98,0.75,0.8075,0.235
7,0.32,0.5,98,1.0,0.7325,0.2
7,0.32,0.5,98,-0.5,0.8275,0.3825
7,0.32,0.5,99,0.0,0.8875,0.3075
7,0.32,0.5,99,0.25,0.8925,0.2825
7,0.32,0.5,99,0.5,0.865,0.2475
7,0.32,0.5,99,0.75,0.8275,0.1825
7,0.32,0.5,99,1.0,0.7875,0.1425
7,0.32,0.5,99,-0.5,0.8375,0.4225
8,0.32,1.0,0,0.0,0.805,0.3775
8,0.32,1.0,0,0.25,0.81,0.3275
8,0.32,1.0,0,0.5,0.7975,0.265
8,0.32,1.0,0,0.75,0.7775,0.225
8,0.32,1.0,0,1.0,0.7475,0.18
8,0.32,1.0,0,-0.5,0.74,0.53
8,0.32,1.0,1,0.0,0.8125,0.3275
8,0.32,1.0,1,0.25,0.8225,0.2775
8,0.32,1.0,1,0.5,0.79,0.2425
8,0.32,1.0,1,0.75,0.745,0.2025
8,0.32,1.0,1,1.0,0.7575,0.1625
8,0.32,1.0,1,-0.5,0.755,0.485
8,0.32,1.0,2,0.0,0.7775,0.345
8,0.32,1.0,2,0.25,0.78,0.3
8,0.32,1.0,2,0.5,0.7875,0.275
8,0.32,1.0,2,0.75,0.77,0.225
8,0.32,1.0,2,1.0,0.7375,0.185
8,0.32,1.0,2,-0.5,0.7275,0.475
8,0.32,1.0,3,0.0,0.7925,0.37
8,0.32,1.0,3,0.25,0.7975,0.305
8,0.32,1.0,3,0.5,0.8125,0.265
8,0.32,1.0,3,0.75,0.78,0.2275
8,0.32,1.0,3,1.0,0.7525,0.1925
8,0.32,1.0,3,-0.5,0.755,0.5
8,0.32,1.0,4,0.0,0.785,0.4075
8,0.32,1.0,4,0.25,0.7725,0.3575
8,0.32,1.0,4,0.5,0.7775,0.2825
8,0.32,1.0,4,0.75,0.7675,0.2475
8,0.32,1.0,4,1.0,0.7525,0.2075
8,0.32,1.0,4,-0.5,0.77,0.5525
8,0.32,1.0,5,0.0,0.8025,0.385
8,0.32,1.0,5,0.25,0.81,0.325
8,0.32,1.0,5,0.5,0.7875,0.27
8,0.32,1.0,5,0.75,0.73,0.21
8,0.32,1.0,5,1.0,0.715,0.175
8,0.32,1.0,5,-0.5,0.7725,0.495
8,0.32,1.0,6,0.0,0.78,0.35
8,0.32,1.0,6,0.25,0.7825,0.2975
8,0.32,1.0,6,0.5,0.785,0.2675
8,0.32,1.0,6,0.75,0.7725,0.2325
8,0.32,1.0,6,1.0,0.755,0.195
8,0.32,1.0,6,-0.5,0.755,0.5025
8,0.32,1.0,7,0.0,0.8025,0.3375
8,0.32,1.0,7,0.25,0.7975,0.2775
8,0.32,1.0,7,0.5,0.795,0.2525
8,0.32,1.0,7,0.75,0.7675,0.2325
8,0.32,1.0,7,1.0,0.7675,0.1825
8,0.32,1.0,7,-0.5,0.7425,0.4675
8,0.32,1.0,8,0.0,0.81,0.3775
8,0.32,1.0,8,0.25,0.83,0.3225
8,0.32,1.0,8,0.5,0.8225,0.2925
8,0.32,1.0,8,0.75,0.825,0.2275
8,0.32,1.0,8,1.0,0.8075,0.195
8,0.32,1.0,8,-0.5,0.745,0.53
8,0.32,1.0,9,0.0,0.8375,0.3825
8,0.32,1.0,9,0.25,0.8275,0.3425
8,0.32,1.0,9,0.5,0.815,0.3125
8,0.32,1.0,9,0.75,0.785,0.2675
8,0.32,1.0,9,1.0,0.73,0.2225
8,0.32,1.0,9,-0.5,0.785,0.4925
8,0.32,1.0,10,0.0,0.7625,0.4375
8,0.32,1.0,10,0.25,0.7725,0.3625
8,0.32,1.0,10,0.5,0.77,0.2825
8,0.32,1.0,10,0.75,0.76,0.2375
8,0.32,1.0,10,1.0,0.7425,0.1875
8,0.32,1.0,10,-0.5,0.7525,0.5525
8,0.32,1.0,11,0.0,0.8075,0.455
8,0.32,1.0,11,0.25,0.795,0.36
8,0.32,1.0,11,0.5,0.7725,0.305
8,0.32,1.0,11,0.75,0.7675,0.2725
8,0.32,1.0,11,1.0,0.73,0.2175
8,0.32,1.0,11,-0.5,0.745,0.59
8,0.32,1.0,12,0.0,0.7475,0.3925
8,0.32,1.0,12,0.25,0.735,0.3175
8,0.32,1.0,12,0.5,0.76,0.2825
8,0.32,1.0,12,0.75,0.75,0.2375
8,0.32,1.0,12,1.0,0.7525,0.2
8,0.32,1.0,12,-0.5,0.7425,0.5125
8,0.32,1.0,13,0.0,0.7725,0.395
8,0.32,1.0,13,0.25,0.7675,0.35
8,0.32,1.0,13,0.5,0.755,0.33
8,0.32,1.0,13,0.75,0.755,0.285
8,0.32,1.0,13,1.0,0.73,0.205
8,0.32,1.0,13,-0.5,0.7475,0.505
8,0.32,1.0,14,0.0,0.805,0.3375
8,0.32,1.0,14,0.25,0.81,0.2775
8,0.32,1.0,14,0.5,0.8,0.2575
8,0.32,1.0,14,0.75,0.7875,0.2125
8,0.32,1.0,14,1.0,0.75,0.1925
8,0.32,1.0,14,-0.5,0.7575,0.4875
8,0.32,1.0,15,0.0,0.745,0.385
8,0.32,1.0,15,0.25,0.78,0.31
8,0.32,1.0,15,0.5,0.7475,0.23
8,0.32,1.0,15,0.75,0.735,0.205
8,0.32,1.0,15,1.0,0.71,0.175
8,0.32,1.0,15,-0.5,0.725,0.5075
8,0.32,1.0,16,0.0,0.79,0.4125
8,0.32,1.0,16,0.25,0.7875,0.3575
8,0.32,1.0,16,0.5,0.78,0.3125
8,0.32,1.0,16,0.75,0.79,0.2575
8,0.32,1.0,16,1.0,0.77,0.2325
8,0.32,1.0,16,-0.5,0.745,0.51
8,0.32,1.0,17,0.0,0.82,0.34
8,0.32,1.0,17,0.25,0.805,0.3
8,0.32,1.0,17,0.5,0.785,0.27
8,0.32,1.0,17,0.75,0.81,0.22
8,0.32,1.0,17,1.0,0.7825,0.165
8,0.32,1.0,17,-0.5,0.7575,0.4875
8,0.32,1.0,18,0.0,0.775,0.385
8,0.32,1.0,18,0.25,0.7675,0.34
8,0.32,1.0,18,0.5,0.7625,0.28
8,0.32,1.0,18,0.75,0.765,0.245
8,0.32,1.0,18,1.0,0.7425,0.205
8,0.32,1.0,18,-0.5,0.75,0.505
8,0.32,1.0,19,0.0,0.78,0.4025
8,0.32,1.0,19,0.25,0.8,0.3275
8,0.32,1.0,19,0.5,0.78,0.2775
8,0.32,1.0,19,0.75,0.73,0.2275
8,0.32,1.0,19,1.0,0.6775,0.1825
8,0.32,1.0,19,-0.5,0.755,0.4725
8,0.32,1.0,20,0.0,0.7625,0.3725
8,0.32,1.0,20,0.25,0.775,0.3175
8,0.32,1.0,20,0.5,0.76,0.2675
8,0.32,1.0,20,0.75,0.76,0.2225
8,0.32,1.0,20,1.0,0.735,0.1875
8,0.32,1.0,20,-0.5,0.7275,0.5375
8,0.32,1.0,21,0.0,0.83,0.38
8,0.32,1.0,21,0.25,0.82,0.33
8,0.32,1.0,21,0.5,0.8075,0.285
8,0.32,1.0,21,0.75,0.7875,0.27
8,0.32,1.0,21,1.0,0.7675,0.205
8,0.32,1.0,21,-0.5,0.805,0.515
8,0.32,1.0,22,0.0,0.7875,0.3325
8,0.32,1.0,22,0.25,0.79,0.2775
8,0.32,1.0,22,0.5,0.79,0.2475
8,0.32,1.0,22,0.75,0.7725,0.2075
8,0.32,1.0,22,1.0,0.7425,0.1825
8,0.32,1.0,22,-0.5,0.745,0.4625
8,0.32,1.0,23,0.0,0.82,0.3725
8,0.32,1.0,23,0.25,0.8225,0.3125
8,0.32,1.0,23,0.5,0.8175,0.2675
8,0.32,1.0,23,0.75,0.775,0.2275
8,0.32,1.0,23,1.0,0.7625,0.19
8,0.32,1.0,23,-0.5,0.77,0.5125
8,0.32,1.0,24,0.0,0.77,0.35
8,0.32,1.0,24,0.25,0.7575,0.305
8,0.32,1.0,24,0.5,0.74,0.245
8,0.32,1.0,24,0.75,0.72,0.22
8,0.32,1.0,24,1.0,0.69,0.185
8,0.32,1.0,24,-0.5,0.715,0.51
8,0.32,1.0,25,0.0,0.765,0.375
8,0.32,1.0,25,0.25,0.7575,0.29
8,0.32,1.0,25,0.5,0.76,0.25
8,0.32,1.0,25,0.75,0.7425,0.22
8,0.32,1.0,25,1.0,0.7175,0.195
8,0.32,1.0,25,-0.5,0.705,0.54
8,0.32,1.0,26,0.0,0.7475,0.385
8,0.32,1.0,26,0.25,0.78,0.315
8,0.32,1.0,26,0.5,0.7725,0.295
8,0.32,1.0,26,0.75,0.7875,0.245
8,0.32,1.0,26,1.0,0.755,0.205
8,0.32,1.0,26,-0.5,0.72,0.51
8,0.32,1.0,27,0.0,0.795,0.3575
8,0.32,1.0,27,0.25,0.81,0.3175
8,0.32,1.0,27,0.5,0.8025,0.2825
8,0.32,1.0,27,0.75,0.78,0.2325
8,0.32,1.0,27,1.0,0.745,0.1925
8,0.32,1.0,27,-0.5,0.7925,0.4575
8,0.32,1.0,28,0.0,0.77,0.415
8,0.32,1.0,28,0.25,0.7725,0.34
8,0.32,1.0,28,0.5,0.76,0.3
8,0.32,1.0,28,0.75,0.765,0.23
8,0.32,1.0,28,1.0,0.7525,0.175
8,0.32,1.0,28,-0.5,0.725,0.52
8,0.32,1.0,29,0.0,0.7975,0.365
8,0.32,1.0,29,0.25,0.8075,0.32
8,0.32,1.0,29,0.5,0.8025,0.295
8,0.32,1.0,29,0.75,0.7825,0.2475
8,0.32,1.0,29,1.0,0.7475,0.1925
8,0.32,1.0,29,-0.5,0.77,0.515
8,0.32,1.0,30,0.0,0.81,0.3125
8,0.32,1.0,30,0.25,0.8125,0.2775
8,0.32,1.0,30,0.5,0.825,0.2475
8,0.32,1.0,30,0.75,0.7875,0.2125
8,0.32,1.0,30,1.0,0.7775,0.1725
8,0.32,1.0,30,-0.5,0.7725,0.4325
8,0.32,1.0,31,0.0,0.83,0.3975
8,0.32,1.0,31,0.25,0.84,0.3325
8,0.32,1.0,31,0.5,0.8425,0.3025
8,0.32,1.0,31,0.75,0.8325,0.2675
8,0.32,1.0,31,1.0,0.81,0.2275
8,0.32,1.0,31,-0.5,0.77,0.55
8,0.32,1.0,32,0.0,0.7625,0.38
8,0.32,1.0,32,0.25,0.765,0.32
8,0.32,1.0,32,0.5,0.7575,0.275
8,0.32,1.0,32,0.75,0.74,0.24
8,0.32,1.0,32,1.0,0.6925,0.205
8,0.32,1.0,32,-0.5,0.7175,0.495
8,0.32,1.0,33,0.0,0.785,0.3975
8,0.32,1.0,33,0.25,0.8,0.3475
8,0.32,1.0,33,0.5,0.8125,0.295
8,0.32,1.0,33,0.75,0.785,0.24
8,0.32,1.0,33,1.0,0.7625,0.19
8,0.32,1.0,33,-0.5,0.78,0.4975
8,0.32,1.0,34,0.0,0.8025,0.37
8,0.32,1.0,34,0.25,0.8075,0.34
8,0.32,1.0,34,0.5,0.8025,0.285
8,0.32,1.0,34,0.75,0.8075,0.23
8,0.32,1.0,34,1.0,0.765,0.205
8,0.32,1.0,34,-0.5,0.76,0.515
8,0.32,1.0,35,0.0,0.81,0.3125
8,0.32,1.0,35,0.25,0.8,0.2725
8,0.32,1.0,35,0.5,0.78,0.2175
8,0.32,1.0,35,0.75,0.78,0.1775
8,0.32,1.0,35,1.0,0.76,0.1625
8,0.32,1.0,35,-0.5,0.7725,0.5075
8,0.32,1.0,36,0.0,0.7725,0.41
8,0.32,1.0,36,0.25,0.78,0.36
8,0.32,1.0,36,0.5,0.765,0.32
8,0.32,1.0,36,0.75,0.7375,0.28
8,0.32,1.0,36,1.0,0.7025,0.23
8,0.32,1.0,36,-0.5,0.735,0.53
8,0.32,1.0,37,0.0,0.795,0.35
8,0.32,1.0,37,0.25,0.82,0.305
8,0.32,1.0,37,0.5,0.825,0.275
8,0.32,1.0,37,0.75,0.7975,0.235
8,0.32,1.0,37,1.0,0.7775,0.21
8,0.32,1.0,37,-0.5,0.7275,0.505
8,0.32,1.0,38,0.0,0.7525,0.4125
8,0.32,1.0,38,0.25,0.785,0.3575
8,0.32,1.0,38,0.5,0.78,0.3025
8,0.32,1.0,38,0.75,0.74,0.2475
8,0.32,1.0,38,1.0,0.7175,0.1825
8,0.32,1.0,38,-0.5,0.7225,0.5675
8,0.32,1.0,39,0.0,0.6825,0.3175
8,0.32,1.0,39,0.25,0.6775,0.2575
8,0.32,1.0,39,0.5,0.6875,0.225
8,0.32,1.0,39,0.75,0.6775,0.21
8,0.32,1.0,39,1.0,0.6475,0.175
8,0.32,1.0,39,-0.5,0.6725,0.48
8,0.32,1.0,40,0.0,0.74,0.4475
8,0.32,1.0,40,0.25,0.735,0.3825
8,0.32,1.0,40,0.5,0.72,0.2575
8,0.32,1.0,40,0.75,0.7125,0.21
8,0.32,1.0,40,1.0,0.72,0.185
8,0.32,1.0,40,-0.5,0.7075,0.5575
8,0.32,1.0,41,0.0,0.79,0.4475
8,0.32,1.0,41,0.25,0.82,0.3725
8,0.32,1.0,41,0.5,0.8075,0.3275
8,0.32,1.0,41,0.75,0.77,0.2875
8,0.32,1.0,41,1.0,0.7375,0.225
8,0.32,1.0,41,-0.5,0.73,0.5425
8,0.32,1.0,42,0.0,0.775,0.3575
8,0.32,1.0,42,0.25,0.775,0.2975
8,0.32,1.0,42,0.5,0.7675,0.2525
8,0.32,1.0,42,0.75,0.7625,0.2175
8,0.32,1.0,42,1.0,0.7425,0.1775
8,0.32,1.0,42,-0.5,0.755,0.4975
8,0.32,1.0,43,0.0,0.8375,0.395
8,0.32,1.0,43,0.25,0.845,0.36
8,0.32,1.0,43,0.5,0.86,0.3
8,0.32,1.0,43,0.75,0.81,0.26
8,0.32,1.0,43,1.0,0.76,0.21
8,0.32,1.0,43,-0.5,0.8,0.475
8,0.32,1.0,44,0.0,0.795,0.395
8,0.32,1.0,44,0.25,0.8025,0.335
8,0.32,1.0,44,0.5,0.805,0.28
8,0.32,1.0,44,0.75,0.7875,0.24
8,0.32,1.0,44,1.0,0.755,0.195
8,0.32,1.0,44,-0.5,0.7725,0.54
8,0.32,1.0,45,0.0,0.7325,0.355
8,0.32,1.0,45,0.25,0.7325,0.315
8,0.32,1.0,45,0.5,0.725,0.27
8,0.32,1.0,45,0.75,0.72,0.245
8,0.32,1.0,45,1.0,0.6775,0.215
8,0.32,1.0,45,-0.5,0.7,0.47
8,0.32,1.0,46,0.0,0.8225,0.3525
8,0.32,1.0,46,0.25,0.8225,0.2925
8,0.32,1.0,46,0.5,0.825,0.2675
8,0.32,1.0,46,0.75,0.815,0.2225
8,0.32,1.0,46,1.0,0.775,0.1675
8,0.32,1.0,46,-0.5,0.79,0.4875
8,0.32,1.0,47,0.0,0.8075,0.37
8,0.32,1.0,47,0.25,0.81,0.3
8,0.32,1.0,47,0.5,0.795,0.265
8,0.32,1.0,47,0.75,0.775,0.21
8,0.32,1.0,47,1.0,0.735,0.16
8,0.32,1.0,47,-0.5,0.7575,0.51
8,0.32,1.0,48,0.0,0.7825,0.41
8,0.32,1.0,48,0.25,0.785,0.355
8,0.32,1.0,48,0.5,0.775,0.31
8,0.32,1.0,48,0.75,0.7425,0.25
8,0.32,1.0,48,1.0,0.7575,0.205
8,0.32,1.0,48,-0.5,0.7425,0.51
8,0.32,1.0,49,0.0,0.795,0.3875
8,0.32,1.0,49,0.25,0.79,0.3425
8,0.32,1.0,49,0.5,0.7825,0.3025
8,0.32,1.0,49,0.75,0.755,0.255
8,0.32,1.0,49,1.0,0.7325,0.21
8,0.32,1.0,49,-0.5,0.7375,0.5275
8,0.32,1.0,50,0.0,0.775,0.365
8,0.32,1.0,50,0.25,0.7725,0.325
8,0.32,1.0,50,0.5,0.76,0.295
8,0.32,1.0,50,0.75,0.7575,0.225
8,0.32,1.0,50,1.0,0.715,0.2
8,0.32,1.0,50,-0.5,0.7275,0.545
8,0.32,1.0,51,0.0,0.7675,0.34
8,0.32,1.0,51,0.25,0.785,0.305
8,0.32,1.0,51,0.5,0.7875,0.255
8,0.32,1.0,51,0.75,0.7525,0.235
8,0.32,1.0,51,1.0,0.7075,0.205
8,0.32,1.0,51,-0.5,0.7175,0.5025
8,0.32,1.0,52,0.0,0.805,0.335
8,0.32,1.0,52,0.25,0.8125,0.29
8,0.32,1.0,52,0.5,0.8,0.265
8,0.32,1.0,52,0.75,0.7825,0.225
8,0.32,1.0,52,1.0,0.7475,0.19
8,0.32,1.0,52,-0.5,0.76,0.53
8,0.32,1.0,53,0.0,0.7925,0.385
8,0.32,1.0,53,0.25,0.78,0.315
8,0.32,1.0,53,0.5,0.7625,0.255
8,0.32,1.0,53,0.75,0.7475,0.205
8,0.32,1.0,53,1.0,0.74,0.19
8,0.32,1.0,53,-0.5,0.765,0.505
8,0.32,1.0,54,0.0,0.765,0.3775
8,0.32,1.0,54,0.25,0.7775,0.3225
8,0.32,1.0,54,0.5,0.7425,0.2525
8,0.32,1.0,54,0.75,0.7325,0.2125
8,0.32,1.0,54,1.0,0.69,0.1825
8,0.32,1.0,54,-0.5,0.74,0.4775
8,0.32,1.0,55,0.0,0.7925,0.385
8,0.32,1.0,55,0.25,0.7825,0.34
8,0.32,1.0,55,0.5,0.765,0.3
8,0.32,1.0,55,0.75,0.755,0.2525
8,0.32,1.0,55,1.0,0.725,0.2125
8,0.32,1.0,55,-0.5,0.775,0.49
8,0.32,1.0,56,0.0,0.8075,0.3675
8,0.32,1.0,56,0.25,0.7975,0.3025
8,0.32,1.0,56,0.5,0.7675,0.2625
8,0.32,1.0,56,0.75,0.7425,0.2175
8,0.32,1.0,56,1.0,0.725,0.1925
8,0.32,1.0,56,-0.5,0.755,0.4925
8,0.32,1.0,57,0.0,0.785,0.3725
8,0.32,1.0,57,0.25,0.7875,0.3175
8,0.32,1.0,57,0.5,0.775,0.2825
8,0.32,1.0,57,0.75,0.705,0.2425
8,0.32,1.0,57,1.0,0.7025,0.2025
8,0.32,1.0,57,-0.5,0.7775,0.5325
8,0.32,1.0,58,0.0,0.745,0.36
8,0.32,1.0,58,0.25,0.7475,0.31
8,0.32,1.0,58,0.5,0.735,0.265
8,0.32,1.0,58,0.75,0.725,0.21
8,0.32,1.0,58,1.0,0.71,0.175
8,0.32,1.0,58,-0.5,0.7425,0.485
8,0.32,1.0,59,0.0,0.7475,0.4025
8,0.32,1.0,59,0.25,0.7625,0.3425
8,0.32,1.0,59,0.5,0.7575,0.305
8,0.32,1.0,59,0.75,0.745,0.245
8,0.32,1.0,59,1.0,0.735,0.215
8,0.32,1.0,59,-0.5,0.725,0.54
8,0.32,1.0,60,0.0,0.815,0.375
8,0.32,1.0,60,0.25,0.8425,0.28
8,0.32,1.0,60,0.5,0.8375,0.245
8,0.32,1.0,60,0.75,0.8125,0.22
8,0.32,1.0,60,1.0,0.7925,0.18
8,0.32,1.0,60,-0.5,0.7925,0.485
8,0.32,1.0,61,0.0,0.7525,0.4075
8,0.32,1.0,61,0.25,0.7525,0.3325
8,0.32,1.0,61,0.5,0.7375,0.2725
8,0.32,1.0,61,0.75,0.725,0.2275
8,0.32,1.0,61,1.0,0.7225,0.1875
8,0.32,1.0,61,-0.5,0.7175,0.5325
8,0.32,1.0,62,0.0,0.79,0.39
8,0.32,1.0,62,0.25,0.7825,0.355
8,0.32,1.0,62,0.5,0.7825,0.3
8,0.32,1.0,62,0.75,0.77,0.265
8,0.32,1.0,62,1.0,0.755,0.215
8,0.32,1.0,62,-0.5,0.7675,0.5325
8,0.32,1.0,63,0.0,0.76,0.41
8,0.32,1.0,63,0.25,0.7525,0.355
8,0.32,1.0,63,0.5,0.75,0.295
8,0.32,1.0,63,0.75,0.7525,0.21
8,0.32,1.0,63,1.0,0.74,0.155
8,0.32,1.0,63,-0.5,0.69,0.5675
8,0.32,1.0,64,0.0,0.7825,0.3325
8,0.32,1.0,64,0.25,0.7975,0.2825
8,0.32,1.0,64,0.5,0.805,0.2425
8,0.32,1.0,64,0.75,0.7825,0.2225
8,0.32,1.0,64,1.0,0.77,0.2025
8,0.32,1.0,64,-0.5,0.7725,0.4275
8,0.32,1.0,65,0.0,0.7325,0.3625
8,0.32,1.0,65,0.25,0.7425,0.3025
8,0.32,1.0,65,0.5,0.7275,0.2775
8,0.32,1.0,65,0.75,0.7,0.2175
8,0.32,1.0,65,1.0,0.6575,0.17
8,0.32,1.0,65,-0.5,0.7325,0.465
8,0.32,1.0,66,0.0,0.7975,0.4
8,0.32,1.0,66,0.25,0.81,0.305
8,0.32,1.0,66,0.5,0.8125,0.265
8,0.32,1.0,66,0.75,0.8025,0.22
8,0.32,1.0,66,1.0,0.785,0.18
8,0.32,1.0,66,-0.5,0.7375,0.5275
8,0.32,1.0,67,0.0,0.755,0.395
8,0.32,1.0,67,0.25,0.78,0.335
8,0.32,1.0,67,0.5,0.7625,0.2725
8,0.32,1.0,67,0.75,0.7275,0.2475
8,0.32,1.0,67,1.0,0.685,0.1925
8,0.32,1.0,67,-0.5,0.715,0.4975
8,0.32,1.0,68,0.0,0.81,0.38
8,0.32,1.0,68,0.25,0.795,0.305
8,0.32,1.0,68,0.5,0.7825,0.26
8,0.32,1.0,68,0.75,0.7725,0.22
8,0.32,1.0,68,1.0,0.7575,0.1925
8,0.32,1.0,68,-0.5,0.7825,0.4625
8,0.32,1.0,69,0.0,0.7875,0.3475
8,0.32,1.0,69,0.25,0.7975,0.2875
8,0.32,1.0,69,0.5,0.78,0.2675
8,0.32,1.0,69,0.75,0.7675,0.2225
8,0.32,1.0,69,1.0,0.7475,0.2025
8,0.32,1.0,69,-0.5,0.735,0.5275
8,0.32,1.0,70,0.0,0.8025,0.3975
8,0.32,1.0,70,0.25,0.815,0.3475
8,0.32,1.0,70,0.5,0.805,0.2825
8,0.32,1.0,70,0.75,0.755,0.2375
8,0.32,1.0,70,1.0,0.725,0.1875
8,0.32,1.0,70,-0.5,0.7725,0.5125
8,0.32,1.0,71,0.0,0.8325,0.36
8,0.32,1.0,71,0.25,0.84,0.305
8,0.32,1.0,71,0.5,0.845,0.2775
8,0.32,1.0,71,0.75,0.8375,0.2475
8,0.32,1.0,71,1.0,0.7975,0.1925
8,0.32,1.0,71,-0.5,0.795,0.46
8,0.32,1.0,72,0.0,0.805,0.4125
8,0.32,1.0,72,0.25,0.7925,0.3525
8,0.32,1.0,72,0.5,0.785,0.3025
8,0.32,1.0,72,0.75,0.785,0.2525
8,0.32,1.0,72,1.0,0.7675,0.2175
8,0.32,1.0,72,-0.5,0.76,0.5275
8,0.32,1.0,73,0.0,0.795,0.365
8,0.32,1.0,73,0.25,0.8025,0.31
8,0.32,1.0,73,0.5,0.7975,0.27
8,0.32,1.0,73,0.75,0.785,0.215
8,0.32,1.0,73,1.0,0.7525,0.175
8,0.32,1.0,73,-0.5,0.775,0.495
8,0.32,1.0,74,0.0,0.7925,0.405
8,0.32,1.0,74,0.25,0.82,0.34
8,0.32,1.0,74,0.5,0.815,0.305
8,0.32,1.0,74,0.75,0.77,0.255
8,0.32,1.0,74,1.0,0.7525,0.23
8,0.32,1.0,74,-0.5,0.75,0.55
8,0.32,1.0,75,0.0,0.7425,0.415
8,0.32,1.0,75,0.25,0.76,0.3625
8,0.32,1.0,75,0.5,0.7375,0.3075
8,0.32,1.0,75,0.75,0.7175,0.2525
8,0.32,1.0,75,1.0,0.6875,0.2025
8,0.32,1.0,75,-0.5,0.6925,0.5225
8,0.32,1.0,76,0.0,0.7575,0.36
8,0.32,1.0,76,0.25,0.765,0.305
8,0.32,1.0,76,0.5,0.765,0.28
8,0.32,1.0,76,0.75,0.7275,0.22
8,0.32,1.0,76,1.0,0.745,0.205
8,0.32,1.0,76,-0.5,0.7275,0.515
8,0.32,1.0,77,0.0,0.7825,0.3875
8,0.32,1.0,77,0.25,0.815,0.3075
8,0.32,1.0,77,0.5,0.8275,0.2675
8,0.32,1.0,77,0.75,0.81,0.2475
8,0.32,1.0,77,1.0,0.7925,0.2325
8,0.32,1.0,77,-0.5,0.77,0.5075
8,0.32,1.0,78,0.0,0.83,0.3925
8,0.32,1.0,78,0.25,0.845,0.3525
8,0.32,1.0,78,0.5,0.845,0.3025
8,0.32,1.0,78,0.75,0.815,0.2625
8,0.32,1.0,78,1.0,0.7875,0.2225
8,0.32,1.0,78,-0.5,0.7975,0.5125
8,0.32,1.0,79,0.0,0.78,0.39
8,0.32,1.0,79,0.25,0.7825,0.31
8,0.32,1.0,79,0.5,0.765,0.265
8,0.32,1.0,79,0.75,0.73,0.225
8,0.32,1.0,79,1.0,0.69,0.185
8,0.32,1.0,79,-0.5,0.745,0.52
8,0.32,1.0,80,0.0,0.7875,0.41
8,0.32,1.0,80,0.25,0.7875,0.36
8,0.32,1.0,80,0.5,0.78,0.285
8,0.32,1.0,80,0.75,0.7675,0.245
8,0.32,1.0,80,1.0,0.73,0.205
8,0.32,1.0,80,-0.5,0.7575,0.535
8,0.32,1.0,81,0.0,0.8025,0.3825
8,0.32,1.0,81,0.25,0.795,0.3525
8,0.32,1.0,81,0.5,0.7725,0.3075
8,0.32,1.0,81,0.75,0.765,0.2825
8,0.32,1.0,81,1.0,0.735,0.2225
8,0.32,1.0,81,-0.5,0.775,0.51
8,0.32,1.0,82,0.0,0.815,0.4025
8,0.32,1.0,82,0.25,0.815,0.3575
8,0.32,1.0,82,0.5,0.82,0.2975
8,0.32,1.0,82,0.75,0.805,0.2675
8,0.32,1.0,82,1.0,0.785,0.2075
8,0.32,1.0,82,-0.5,0.775,0.5475
8,0.32,1.0,83,0.0,0.82,0.3975
8,0.32,1.0,83,0.25,0.825,0.3275
8,0.32,1.0,83,0.5,0.8225,0.2625
8,0.32,1.0,83,0.75,0.82,0.2375
8,0.32,1.0,83,1.0,0.795,0.1975
8,0.32,1.0,83,-0.5,0.7675,0.5275
8,0.32,1.0,84,0.0,0.8025,0.37
8,0.32,1.0,84,0.25,0.8125,0.295
8,0.32,1.0,84,0.5,0.8,0.25
8,0.32,1.0,84,0.75,0.7675,0.225
8,0.32,1.0,84,1.0,0.7725,0.195
8,0.32,1.0,84,-0.5,0.755,0.52
8,0.32,1.0,85,0.0,0.7525,0.35
8,0.32,1.0,85,0.25,0.7675,0.305
8,0.32,1.0,85,0.5,0.765,0.26
8,0.32,1.0,85,0.75,0.755,0.22
8,0.32,1.0,85,1.0,0.73,0.19
8,0.32,1.0,85,-0.5,0.735,0.48
8,0.32,1.0,86,0.0,0.7575,0.39
8,0.32,1.0,86,0.25,0.7525,0.33
8,0.32,1.0,86,0.5,0.76,0.29
8,0.32,1.0,86,0.75,0.7475,0.265
8,0.32,1.0,86,1.0,0.69,0.205
8,0.32,1.0,86,-0.5,0.745,0.505
8,0.32,1.0,87,0.0,0.8125,0.365
8,0.32,1.0,87,0.25,0.8,0.305
8,0.32,1.0,87,0.5,0.8025,0.245
8,0.32,1.0,87,0.75,0.7875,0.225
8,0.32,1.0,87,1.0,0.735,0.19
8,0.32,1.0,87,-0.5,0.785,0.525
8,0.32,1.0,88,0.0,0.7875,0.3425
8,0.32,1.0,88,0.25,0.7675,0.3025
8,0.32,1.0,88,0.5,0.77,0.2675
8,0.32,1.0,88,0.75,0.73,0.2225
8,0.32,1.0,88,1.0,0.7075,0.1775
8,0.32,1.0,88,-0.5,0.72,0.4975
8,0.32,1.0,89,0.0,0.8,0.3625
8,0.32,1.0,89,0.25,0.8,0.3325
8,0.32,1.0,89,0.5,0.78,0.29
8,0.32,1.0,89,0.75,0.765,0.26
8,0.32,1.0,89,1.0,0.73,0.235
8,0.32,1.0,89,-0.5,0.7675,0.5225
8,0.32,1.0,90,0.0,0.8225,0.385
8,0.32,1.0,90,0.25,0.83,0.345
8,0.32,1.0,90,0.5,0.825,0.27
8,0.32,1.0,90,0.75,0.7725,0.2475
8,0.32,1.0,90,1.0,0.7375,0.2025
8,0.32,1.0,90,-0.5,0.7775,0.515
8,0.32,1.0,91,0.0,0.795,0.4275
8,0.32,1.0,91,0.25,0.805,0.3675
8,0.32,1.0,91,0.5,0.8075,0.3275
8,0.32,1.0,91,0.75,0.8,0.2875
8,0.32,1.0,91,1.0,0.735,0.2225
8,0.32,1.0,91,-0.5,0.7475,0.5475
8,0.32,1.0,92,0.0,0.7825,0.365
8,0.32,1.0,92,0.25,0.785,0.32
8,0.32,1.0,92,0.5,0.7725,0.2925
8,0.32,1.0,92,0.75,0.74,0.255
8,0.32,1.0,92,1.0,0.725,0.21
8,0.32,1.0,92,-0.5,0.7575,0.56
8,0.32,1.0,93,0.0,0.8,0.3825
8,0.32,1.0,93,0.25,0.7975,0.3125
8,0.32,1.0,93,0.5,0.7725,0.2625
8,0.32,1.0,93,0.75,0.775,0.2075
8,0.32,1.0,93,1.0,0.74,0.1725
8,0.32,1.0,93,-0.5,0.755,0.5575
8,0.32,1.0,94,0.0,0.7925,0.3525
8,0.32,1.0,94,0.25,0.7875,0.2825
8,0.32,1.0,94,0.5,0.7825,0.2525
8,0.32,1.0,94,0.75,0.78,0.2125
8,0.32,1.0,94,1.0,0.765,0.1825
8,0.32,1.0,94,-0.5,0.755,0.4825
8,0.32,1.0,95,0.0,0.785,0.375
8,0.32,1.0,95,0.25,0.7825,0.34
8,0.32,1.0,95,0.5,0.7875,0.28
8,0.32,1.0,95,0.75,0.7675,0.27
8,0.32,1.0,95,1.0,0.7375,0.195
8,0.32,1.0,95,-0.5,0.7475,0.495
8,0.32,1.0,96,0.0,0.8375,0.39
8,0.32,1.0,96,0.25,0.84,0.355
8,0.32,1.0,96,0.5,0.82,0.325
8,0.32,1.0,96,0.75,0.8225,0.25
8,0.32,1.0,96,1.0,0.8,0.2075
8,0.32,1.0,96,-0.5,0.7925,0.52
8,0.32,1.0,97,0.0,0.7975,0.4075
8,0.32,1.0,97,0.25,0.805,0.3625
8,0.32,1.0,97,0.5,0.79,0.2925
8,0.32,1.0,97,0.75,0.7925,0.2575
8,0.32,1.0,97,1.0,0.7675,0.2025
8,0.32,1.0,97,-0.5,0.7725,0.5025
8,0.32,1.0,98,0.0,0.7625,0.3775
8,0.32,1.0,98,0.25,0.765,0.3275
8,0.32,1.0,98,0.5,0.76,0.2975
8,0.32,1.0,98,0.75,0.7375,0.2675
8,0.32,1.0,98,1.0,0.7025,0.2125
8,0.32,1.0,98,-0.5,0.745,0.4925
8,0.32,1.0,99,0.0,0.7975,0.375
8,0.32,1.0,99,0.25,0.81,0.32
8,0.32,1.0,99,0.5,0.81,0.27
8,0.32,1.0,99,0.75,0.795,0.235
8,0.32,1.0,99,1.0,0.765,0.18
8,0.32,1.0,99,-0.5,0.77,0.5175
9,0.32,1.5,0,0.0,0.74,0.3875
9,0.32,1.5,0,0.25,0.75,0.3525
9,0.32,1.5,0,0.5,0.7225,0.2975
9,0.32,1.5,0,0.75,0.72,0.2525
9,0.32,1.5,0,1.0,0.7225,0.2025
9,0.32,1.5,0,-0.5,0.7175,0.5025
9,0.32,1.5,1,0.0,0.7075,0.4625
9,0.32,1.5,1,0.25,0.72,0.4125
9,0.32,1.5,1,0.5,0.7275,0.3675
9,0.32,1.5,1,0.75,0.73,0.3275
9,0.32,1.5,1,1.0,0.7025,0.2675
9,0.32,1.5,1,-0.5,0.69,0.5675
9,0.32,1.5,2,0.0,0.665,0.4625
9,0.32,1.5,2,0.25,0.685,0.4075
9,0.32,1.5,2,0.5,0.6825,0.3675
9,0.32,1.5,2,0.75,0.685,0.3125
9,0.32,1.5,2,1.0,0.6775,0.2475
9,0.32,1.5,2,-0.5,0.6625,0.5425
9,0.32,1.5,3,0.0,0.6675,0.355
9,0.32,1.5,3,0.25,0.6875,0.315
9,0.32,1.5,3,0.5,0.6875,0.235
9,0.32,1.5,3,0.75,0.71,0.2
9,0.32,1.5,3,1.0,0.7075,0.17
9,0.32,1.5,3,-0.5,0.665,0.445
9,0.32,1.5,4,0.0,0.7025,0.4575
9,0.32,1.5,4,0.25,0.705,0.3975
9,0.32,1.5,4,0.5,0.725,0.3275
9,0.32,1.5,4,0.75,0.6925,0.2725
9,0.32,1.5,4,1.0,0.715,0.2225
9,0.32,1.5,4,-0.5,0.675,0.5575
9,0.32,1.5,5,0.0,0.7475,0.4025
9,0.32,1.5,5,0.25,0.77,0.3575
9,0.32,1.5,5,0.5,0.7525,0.3225
9,0.32,1.5,5,0.75,0.7425,0.2725
9,0.32,1.5,5,1.0,0.7225,0.2375
9,0.32,1.5,5,-0.5,0.7175,0.4975
9,0.32,1.5,6,0.0,0.7625,0.435
9,0.32,1.5,6,0.25,0.77,0.405
9,0.32,1.5,6,0.5,0.77,0.355
9,0.32,1.5,6,0.75,0.765,0.3075
9,0.32,1.5,6,1.0,0.735,0.265
9,0.32,1.5,6,-0.5,0.7275,0.535
9,0.32,1.5,7,0.0,0.685,0.4625
9,0.32,1.5,7,0.25,0.6825,0.4025
9,0.32,1.5,7,0.5,0.68,0.3525
9,0.32,1.5,7,0.75,0.675,0.2975
9,0.32,1.5,7,1.0,0.6725,0.235
9,0.32,1.5,7,-0.5,0.6575,0.5675
9,0.32,1.5,8,0.0,0.7475,0.435
9,0.32,1.5,8,0.25,0.7525,0.365
9,0.32,1.5,8,0.5,0.765,0.32
9,0.32,1.5,8,0.75,0.755,0.29
9,0.32,1.5,8,1.0,0.7325,0.28
9,0.32,1.5,8,-0.5,0.745,0.545
9,0.32,1.5,9,0.0,0.7325,0.4125
9,0.32,1.5,9,0.25,0.735,0.3625
9,0.32,1.5,9,0.5,0.725,0.3225
9,0.32,1.5,9,0.75,0.7125,0.2675
9,0.32,1.5,9,1.0,0.705,0.2225
9,0.32,1.5,9,-0.5,0.7275,0.5125
9,0.32,1.5,10,0.0,0.715,0.5075
9,0.32,1.5,10,0.25,0.71,0.4675
9,0.32,1.5,10,0.5,0.7125,0.4125
9,0.32,1.5,10,0.75,0.7125,0.3525
9,0.32,1.5,10,1.0,0.6825,0.3025
9,0.32,1.5,10,-0.5,0.69,0.5825
9,0.32,1.5,11,0.0,0.7075,0.42
9,0.32,1.5,11,0.25,0.715,0.37
9,0.32,1.5,11,0.5,0.725,0.335
9,0.32,1.5,11,0.75,0.71,0.285
9,0.32,1.5,11,1.0,0.695,0.2325
9,0.32,1.5,11,-0.5,0.695,0.5425
9,0.32,1.5,12,0.0,0.735,0.4025
9,0.32,1.5,12,0.25,0.7325,0.3575
9,0.32,1.5,12,0.5,0.7275,0.3275
9,0.32,1.5,12,0.75,0.7525,0.27
9,0.32,1.5,12,1.0,0.72,0.245
9,0.32,1.5,12,-0.5,0.7075,0.4975
9,0.32,1.5,13,0.0,0.7075,0.45
9,0.32,1.5,13,0.25,0.695,0.38
9,0.32,1.5,13,0.5,0.695,0.325
9,0.32,1.5,13,0.75,0.6725,0.28
9,0.32,1.5,13,1.0,0.665,0.245
9,0.32,1.5,13,-0.5,0.685,0.5825
9,0.32,1.5,14,0.0,0.685,0.375
9,0.32,1.5,14,0.25,0.695,0.335
9,0.32,1.5,14,0.5,0.71,0.3
9,0.32,1.5,14,0.75,0.705,0.26
9,0.32,1.5,14,1.0,0.7075,0.235
9,0.32,1.5,14,-0.5,0.665,0.48
9,0.32,1.5,15,0.0,0.715,0.41
9,0.32,1.5,15,0.25,0.7325,0.32
9,0.32,1.5,15,0.5,0.7225,0.295
9,0.32,1.5,15,0.75,0.725,0.26
9,0.32,1.5,15,1.0,0.72,0.22
9,0.32,1.5,15,-0.5,0.6975,0.485
9,0.32,1.5,16,0.0,0.7625,0.445
9,0.32,1.5,16,0.25,0.7575,0.4
9,0.32,1.5,16,0.5,0.74,0.36
9,0.32,1.5,16,0.75,0.7225,0.315
9,0.32,1.5,16,1.0,0.7,0.265
9,0.32,1.5,16,-0.5,0.7475,0.525
9,0.32,1.5,17,0.0,0.7175,0.3975
9,0.32,1.5,17,0.25,0.7175,0.3575
9,0.32,1.5,17,0.5,0.72,0.3025
9,0.32,1.5,17,0.75,0.7125,0.2475
9,0.32,1.5,17,1.0,0.7,0.2225
9,0.32,1.5,17,-0.5,0.695,0.5375
9,0.32,1.5,18,0.0,0.7075,0.445
9,0.32,1.5,18,0.25,0.7225,0.385
9,0.32,1.5,18,0.5,0.7375,0.325
9,0.32,1.5,18,0.75,0.7375,0.29
9,0.32,1.5,18,1.0,0.7275,0.25
9,0.32,1.5,18,-0.5,0.69,0.535
9,0.32,1.5,19,0.0,0.735,0.415
9,0.32,1.5,19,0.25,0.7225,0.38
9,0.32,1.5,19,0.5,0.7325,0.32
9,0.32,1.5,19,0.75,0.7225,0.29
9,0.32,1.5,19,1.0,0.7125,0.265
9,0.32,1.5,19,-0.5,0.7425,0.525
9,0.32,1.5,20,0.0,0.71,0.3975
9,0.32,1.5,20,0.25,0.71,0.3575
9,0.32,1.5,20,0.5,0.6925,0.3075
9,0.32,1.5,20,0.75,0.7,0.2675
9,0.32,1.5,20,1.0,0.685,0.2225
9,0.32,1.5,20,-0.5,0.675,0.5475
9,0.32,1.5,21,0.0,0.6975,0.455
9,0.32,1.5,21,0.25,0.6975,0.415
9,0.32,1.5,21,0.5,0.7,0.365
9,0.32,1.5,21,0.75,0.685,0.315
9,0.32,1.5,21,1.0,0.6675,0.285
9,0.32,1.5,21,-0.5,0.695,0.525
9,0.32,1.5,22,0.0,0.71,0.44
9,0.32,1.5,22,0.25,0.71,0.39
9,0.32,1.5,22,0.5,0.705,0.3375
9,0.32,1.5,22,0.75,0.7,0.2925
9,0.32,1.5,22,1.0,0.7075,0.2525
9,0.32,1.5,22,-0.5,0.685,0.56
9,0.32,1.5,23,0.0,0.675,0.43
9,0.32,1.5,23,0.25,0.685,0.4
9,0.32,1.5,23,0.5,0.68,0.365
9,0.32,1.5,23,0.75,0.6875,0.3075
9,0.32,1.5,23,1.0,0.675,0.2825
9,0.32,1.5,23,-0.5,0.645,0.57
9,0.32,1.5,24,0.0,0.74,0.425
9,0.32,1.5,24,0.25,0.745,0.39
9,0.32,1.5,24,0.5,0.7425,0.34
9,0.32,1.5,24,0.75,0.75,0.285
9,0.32,1.5,24,1.0,0.73,0.25
9,0.32,1.5,24,-0.5,0.7375,0.515
9,0.32,1.5,25,0.0,0.7125,0.4725
9,0.32,1.5,25,0.25,0.7375,0.3925
9,0.32,1.5,25,0.5,0.725,0.3425
9,0.32,1.5,25,0.75,0.7225,0.2775
9,0.32,1.5,25,1.0,0.71,0.2325
9,0.32,1.5,25,-0.5,0.6675,0.5575
9,0.32,1.5,26,0.0,0.7125,0.4375
9,0.32,1.5,26,0.25,0.7,0.3925
9,0.32,1.5,26,0.5,0.72,0.3425
9,0.32,1.5,26,0.75,0.705,0.3025
9,0.32,1.5,26,1.0,0.6725,0.2625
9,0.32,1.5,26,-0.5,0.7175,0.5075
9,0.32,1.5,27,0.0,0.755,0.415
9,0.32,1.5,27,0.25,0.755,0.365
9,0.32,1.5,27,0.5,0.7375,0.335
9,0.32,1.5,27,0.75,0.7225,0.29
9,0.32,1.5,27,1.0,0.7125,0.24
9,0.32,1.5,27,-0.5,0.73,0.515
9,0.32,1.5,28,0.0,0.7625,0.4275
9,0.32,1.5,28,0.25,0.7675,0.3975
9,0.32,1.5,28,0.5,0.7525,0.335
9,0.32,1.5,28,0.75,0.7425,0.2675
9,0.32,1.5,28,1.0,0.74,0.2225
9,0.32,1.5,28,-0.5,0.7325,0.4925
9,0.32,1.5,29,0.0,0.7075,0.41
9,0.32,1.5,29,0.25,0.7275,0.33
9,0.32,1.5,29,0.5,0.7275,0.275
9,0.32,1.5,29,0.75,0.7075,0.24
9,0.32,1.5,29,1.0,0.6925,0.21
9,0.32,1.5,29,-0.5,0.6975,0.53
9,0.32,1.5,30,0.0,0.715,0.43
9,0.32,1.5,30,0.25,0.72,0.39
9,0.32,1.5,30,0.5,0.7175,0.345
9,0.32,1.5,30,0.75,0.695,0.3
9,0.32,1.5,30,1.0,0.6875,0.25
9,0.32,1.5,30,-0.5,0.69,0.5625
9,0.32,1.5,31,0.0,0.7075,0.4275
9,0.32,1.5,31,0.25,0.695,0.3875
9,0.32,1.5,31,0.5,0.7,0.3425
9,0.32,1.5,31,0.75,0.6425,0.2625
9,0.32,1.5,31,1.0,0.64,0.2275
9,0.32,1.5,31,-0.5,0.7,0.5275
9,0.32,1.5,32,0.0,0.7025,0.4025
9,0.32,1.5,32,0.25,0.6925,0.3675
9,0.32,1.5,32,0.5,0.6775,0.3075
9,0.32,1.5,32,0.75,0.645,0.2675
9,0.32,1.5,32,1.0,0.66,0.1975
9,0.32,1.5,32,-0.5,0.645,0.5275
9,0.32,1.5,33,0.0,0.7475,0.425
9,0.32,1.5,33,0.25,0.7575,0.39
9,0.32,1.5,33,0.5,0.745,0.345
9,0.32,1.5,33,0.75,0.7475,0.32
9,0.32,1.5,33,1.0,0.7325,0.29
9,0.32,1.5,33,-0.5,0.7025,0.515
9,0.32,1.5,34,0.0,0.7625,0.44
9,0.32,1.5,34,0.25,0.775,0.405
9,0.32,1.5,34,0.5,0.74,0.335
9,0.32,1.5,34,0.75,0.7025,0.29
9,0.32,1.5,34,1.0,0.695,0.26
9,0.32,1.5,34,-0.5,0.7525,0.52
9,0.32,1.5,35,0.0,0.7425,0.48
9,0.32,1.5,35,0.25,0.7575,0.405
9,0.32,1.5,35,0.5,0.7625,0.37
9,0.32,1.5,35,0.75,0.76,0.295
9,0.32,1.5,35,1.0,0.7525,0.245
9,0.32,1.5,35,-0.5,0.7,0.575
9,0.32,1.5,36,0.0,0.7375,0.4125
9,0.32,1.5,36,0.25,0.74,0.3625
9,0.32,1.5,36,0.5,0.7375,0.3075
9,0.32,1.5,36,0.75,0.74,0.2625
9,0.32,1.5,36,1.0,0.74,0.2475
9,0.32,1.5,36,-0.5,0.74,0.4775
9,0.32,1.5,37,0.0,0.7525,0.435
9,0.32,1.5,37,0.25,0.7475,0.38
9,0.32,1.5,37,0.5,0.7425,0.34
9,0.32,1.5,37,0.75,0.735,0.305
9,0.32,1.5,37,1.0,0.735,0.265
9,0.32,1.5,37,-0.5,0.725,0.54
9,0.32,1.5,38,0.0,0.7225,0.4475
9,0.32,1.5,38,0.25,0.7125,0.3825
9,0.32,1.5,38,0.5,0.715,0.3175
9,0.32,1.5,38,0.75,0.7025,0.2725
9,0.32,1.5,38,1.0,0.695,0.2375
9,0.32,1.5,38,-0.5,0.6925,0.5375
9,0.32,1.5,39,0.0,0.6925,0.3925
9,0.32,1.5,39,0.25,0.6875,0.3525
9,0.32,1.5,39,0.5,0.6675,0.2975
9,0.32,1.5,39,0.75,0.6575,0.2675
9,0.32,1.5,39,1.0,0.6575,0.2125
9,0.32,1.5,39,-0.5,0.6725,0.5225
9,0.32,1.5,40,0.0,0.7575,0.4025
9,0.32,1.5,40,0.25,0.7475,0.3575
9,0.32,1.5,40,0.5,0.7475,0.3225
9,0.32,1.5,40,0.75,0.745,0.2675
9,0.32,1.5,40,1.0,0.7275,0.2275
9,0.32,1.5,40,-0.5,0.74,0.4875
9,0.32,1.5,41,0.0,0.7525,0.44
9,0.32,1.5,41,0.25,0.745,0.4
9,0.32,1.5,41,0.5,0.72,0.36
9,0.32,1.5,41,0.75,0.72,0.32
9,0.32,1.5,41,1.0,0.7225,0.28
9,0.32,1.5,41,-0.5,0.7,0.55
9,0.32,1.5,42,0.0,0.725,0.3825
9,0.32,1.5,42,0.25,0.7375,0.3425
9,0.32,1.5,42,0.5,0.735,0.3025
9,0.32,1.5,42,0.75,0.715,0.265
9,0.32,1.5,42,1.0,0.7125,0.245
9,0.32,1.5,42,-0.5,0.7225,0.5225
9,0.32,1.5,43,0.0,0.7175,0.4
9,0.32,1.5,43,0.25,0.72,0.365
9,0.32,1.5,43,0.5,0.715,0.32
9,0.32,1.5,43,0.75,0.71,0.28
9,0.32,1.5,43,1.0,0.7025,0.225
9,0.32,1.5,43,-0.5,0.7,0.49
9,0.32,1.5,44,0.0,0.68,0.3925
9,0.32,1.5,44,0.25,0.6825,0.3425
9,0.32,1.5,44,0.5,0.69,0.2975
9,0.32,1.5,44,0.75,0.6875,0.2525
9,0.32,1.5,44,1.0,0.69,0.2125
9,0.32,1.5,44,-0.5,0.675,0.5175
9,0.32,1.5,45,0.0,0.73,0.39
9,0.32,1.5,45,0.25,0.74,0.345
9,0.32,1.5,45,0.5,0.75,0.295
9,0.32,1.5,45,0.75,0.7275,0.24
9,0.32,1.5,45,1.0,0.7025,0.205
9,0.32,1.5,45,-0.5,0.6725,0.505
9,0.32,1.5,46,0.0,0.7075,0.42
9,0.32,1.5,46,0.25,0.6875,0.35
9,0.32,1.5,46,0.5,0.6875,0.3325
9,0.32,1.5,46,0.75,0.6825,0.2825
9,0.32,1.5,46,1.0,0.695,0.2425
9,0.32,1.5,46,-0.5,0.6875,0.5
9,0.32,1.5,47,0.0,0.72,0.445
9,0.32,1.5,47,0.25,0.7375,0.41
9,0.32,1.5,47,0.5,0.725,0.37
9,0.32,1.5,47,0.75,0.725,0.34
9,0.32,1.5,47,1.0,0.7325,0.315
9,0.32,1.5,47,-0.5,0.705,0.56
9,0.32,1.5,48,0.0,0.69,0.475
9,0.32,1.5,48,0.25,0.71,0.43
9,0.32,1.5,48,0.5,0.6975,0.3825
9,0.32,1.5,48,0.75,0.6925,0.3375
9,0.32,1.5,48,1.0,0.6875,0.2925
9,0.32,1.5,48,-0.5,0.6825,0.59
9,0.32,1.5,49,0.0,0.715,0.4225
9,0.32,1.5,49,0.25,0.7275,0.3425
9,0.32,1.5,49,0.5,0.7425,0.3075
9,0.32,1.5,49,0.75,0.735,0.25
9,0.32,1.5,49,1.0,0.7175,0.18
9,0.32,1.5,49,-0.5,0.68,0.54
9,0.32,1.5,50,0.0,0.705,0.4325
9,0.32,1.5,50,0.25,0.71,0.3925
9,0.32,1.5,50,0.5,0.71,0.3475
9,0.32,1.5,50,0.75,0.7075,0.2925
9,0.32,1.5,50,1.0,0.6975,0.255
9,0.32,1.5,50,-0.5,0.71,0.5425
9,0.32,1.5,51,0.0,0.6975,0.43
9,0.32,1.5,51,0.25,0.7,0.39
9,0.32,1.5,51,0.5,0.69,0.325
9,0.32,1.5,51,0.75,0.7,0.28
9,0.32,1.5,51,1.0,0.6975,0.205
9,0.32,1.5,51,-0.5,0.6675,0.55
9,0.32,1.5,52,0.0,0.675,0.425
9,0.32,1.5,52,0.25,0.6925,0.3375
9,0.32,1.5,52,0.5,0.7275,0.2825
9,0.32,1.5,52,0.75,0.7175,0.2225
9,0.32,1.5,52,1.0,0.7125,0.1925
9,0.32,1.5,52,-0.5,0.6725,0.54
9,0.32,1.5,53,0.0,0.73,0.41
9,0.32,1.5,53,0.25,0.73,0.35
9,0.32,1.5,53,0.5,0.7325,0.3
9,0.32,1.5,53,0.75,0.74,0.275
9,0.32,1.5,53,1.0,0.7275,0.23
9,0.32,1.5,53,-0.5,0.72,0.52
9,0.32,1.5,54,0.0,0.7125,0.4125
9,0.32,1.5,54,0.25,0.7175,0.3625
9,0.32,1.5,54,0.5,0.7225,0.3125
9,0.32,1.5,54,0.75,0.71,0.2675
9,0.32,1.5,54,1.0,0.6975,0.2275
9,0.32,1.5,54,-0.5,0.695,0.5225
9,0.32,1.5,55,0.0,0.7075,0.495
9,0.32,1.5,55,0.25,0.7225,0.445
9,0.32,1.5,55,0.5,0.6975,0.3775
9,0.32,1.5,55,0.75,0.6875,0.3325
9,0.32,1.5,55,1.0,0.6675,0.2775
9,0.32,1.5,55,-0.5,0.69,0.565
9,0.32,1.5,56,0.0,0.67,0.435
9,0.32,1.5,56,0.25,0.6675,0.375
9,0.32,1.5,56,0.5,0.6775,0.335
9,0.32,1.5,56,0.75,0.6875,0.29
9,0.32,1.5,56,1.0,0.6575,0.25
9,0.32,1.5,56,-0.5,0.6575,0.53
9,0.32,1.5,57,0.0,0.7675,0.3875
9,0.32,1.5,57,0.25,0.77,0.3475
9,0.32,1.5,57,0.5,0.7425,0.2925
9,0.32,1.5,57,0.75,0.7325,0.2725
9,0.32,1.5,57,1.0,0.735,0.2625
9,0.32,1.5,57,-0.5,0.7375,0.4925
9,0.32,1.5,58,0.0,0.7325,0.3775
9,0.32,1.5,58,0.25,0.7475,0.3375
9,0.32,1.5,58,0.5,0.7475,0.3275
9,0.32,1.5,58,0.75,0.74,0.2925
9,0.32,1.5,58,1.0,0.735,0.2625
9,0.32,1.5,58,-0.5,0.7125,0.525
9,0.32,1.5,59,0.0,0.7325,0.4175
9,0.32,1.5,59,0.25,0.74,0.3575
9,0.32,1.5,59,0.5,0.7475,0.3025
9,0.32,1.5,59,0.75,0.7375,0.2775
9,0.32,1.5,59,1.0,0.73,0.2475
9,0.32,1.5,59,-0.5,0.7125,0.53
9,0.32,1.5,60,0.0,0.7125,0.48
9,0.32,1.5,60,0.25,0.71,0.45
9,0.32,1.5,60,0.5,0.71,0.4
9,0.32,1.5,60,0.75,0.685,0.36
9,0.32,1.5,60,1.0,0.6875,0.32
9,0.32,1.5,60,-0.5,0.6925,0.59
9,0.32,1.5,61,0.0,0.71,0.46
9,0.32,1.5,61,0.25,0.7175,0.4
9,0.32,1.5,61,0.5,0.7075,0.355
9,0.32,1.5,61,0.75,0.7025,0.32
9,0.32,1.5,61,1.0,0.7025,0.27
9,0.32,1.5,61,-0.5,0.665,0.5825
9,0.32,1.5,62,0.0,0.6825,0.3925
9,0.32,1.5,62,0.25,0.67,0.3525
9,0.32,1.5,62,0.5,0.6775,0.3275
9,0.32,1.5,62,0.75,0.6675,0.2875
9,0.32,1.5,62,1.0,0.6825,0.2475
9,0.32,1.5,62,-0.5,0.6525,0.5025
9,0.32,1.5,63,0.0,0.72,0.4275
9,0.32,1.5,63,0.25,0.7275,0.375
9,0.32,1.5,63,0.5,0.745,0.33
9,0.32,1.5,63,0.75,0.74,0.32
9,0.32,1.5,63,1.0,0.6925,0.255
9,0.32,1.5,63,-0.5,0.675,0.5675
9,0.32,1.5,64,0.0,0.73,0.48
9,0.32,1.5,64,0.25,0.7175,0.41
9,0.32,1.5,64,0.5,0.735,0.355
9,0.32,1.5,64,0.75,0.7475,0.325
9,0.32,1.5,64,1.0,0.7375,0.2675
9,0.32,1.5,64,-0.5,0.69,0.575
9,0.32,1.5,65,0.0,0.7575,0.425
9,0.32,1.5,65,0.25,0.76,0.35
9,0.32,1.5,65,0.5,0.7375,0.315
9,0.32,1.5,65,0.75,0.725,0.29
9,0.32,1.5,65,1.0,0.745,0.255
9,0.32,1.5,65,-0.5,0.73,0.575
9,0.32,1.5,66,0.0,0.6925,0.385
9,0.32,1.5,66,0.25,0.7025,0.355
9,0.32,1.5,66,0.5,0.69,0.295
9,0.32,1.5,66,0.75,0.695,0.265
9,0.32,1.5,66,1.0,0.7025,0.245
9,0.32,1.5,66,-0.5,0.68,0.515
9,0.32,1.5,67,0.0,0.7,0.4325
9,0.32,1.5,67,0.25,0.7075,0.3475
9,0.32,1.5,67,0.5,0.7075,0.3075
9,0.32,1.5,67,0.75,0.6975,0.2625
9,0.32,1.5,67,1.0,0.7,0.1925
9,0.32,1.5,67,-0.5,0.6875,0.5275
9,0.32,1.5,68,0.0,0.7175,0.44
9,0.32,1.5,68,0.25,0.715,0.3975
9,0.32,1.5,68,0.5,0.7175,0.3525
9,0.32,1.5,68,0.75,0.7175,0.3025
9,0.32,1.5,68,1.0,0.725,0.2525
9,0.32,1.5,68,-0.5,0.6925,0.515
9,0.32,1.5,69,0.0,0.7075,0.3925
9,0.32,1.5,69,0.25,0.7,0.3425
9,0.32,1.5,69,0.5,0.6975,0.2975
9,0.32,1.5,69,0.75,0.68,0.2525
9,0.32,1.5,69,1.0,0.665,0.2225
9,0.32,1.5,69,-0.5,0.6975,0.5
9,0.32,1.5,70,0.0,0.695,0.405
9,0.32,1.5,70,0.25,0.7075,0.375
9,0.32,1.5,70,0.5,0.6975,0.34
9,0.32,1.5,70,0.75,0.7125,0.2825
9,0.32,1.5,70,1.0,0.6975,0.2475
9,0.32,1.5,70,-0.5,0.64,0.555
9,0.32,1.5,71,0.0,0.735,0.385
9,0.32,1.5,71,0.25,0.7375,0.3075
9,0.32,1.5,71,0.5,0.75,0.2775
9,0.32,1.5,71,0.75,0.775,0.2425
9,0.32,1.5,71,1.0,0.775,0.2175
9,0.32,1.5,71,-0.5,0.6875,0.545
9,0.32,1.5,72,0.0,0.75,0.43
9,0.32,1.5,72,0.25,0.7575,0.35
9,0.32,1.5,72,0.5,0.76,0.3
9,0.32,1.5,72,0.75,0.775,0.2475
9,0.32,1.5,72,1.0,0.7775,0.2125
9,0.32,1.5,72,-0.5,0.7275,0.54
9,0.32,1.5,73,0.0,0.7175,0.4525
9,0.32,1.5,73,0.25,0.725,0.3975
9,0.32,1.5,73,0.5,0.735,0.3375
9,0.32,1.5,73,0.75,0.735,0.2975
9,0.32,1.5,73,1.0,0.7125,0.2725
9,0.32,1.5,73,-0.5,0.705,0.5375
9,0.32,1.5,74,0.0,0.735,0.4125
9,0.32,1.5,74,0.25,0.7575,0.3625
9,0.32,1.5,74,0.5,0.7525,0.3375
9,0.32,1.5,74,0.75,0.7625,0.2925
9,0.32,1.5,74,1.0,0.75,0.2425
9,0.32,1.5,74,-0.5,0.7175,0.5125
9,0.32,1.5,75,0.0,0.71,0.43
9,0.32,1.5,75,0.25,0.7125,0.38
9,0.32,1.5,75,0.5,0.725,0.3275
9,0.32,1.5,75,0.75,0.725,0.2925
9,0.32,1.5,75,1.0,0.7075,0.2725
9,0.32,1.5,75,-0.5,0.69,0.525
9,0.32,1.5,76,0.0,0.765,0.4325
9,0.32,1.5,76,0.25,0.7625,0.3575
9,0.32,1.5,76,0.5,0.7775,0.3175
9,0.32,1.5,76,0.75,0.765,0.2825
9,0.32,1.5,76,1.0,0.7425,0.2325
9,0.32,1.5,76,-0.5,0.7125,0.5375
9,0.32,1.5,77,0.0,0.7025,0.45
9,0.32,1.5,77,0.25,0.7075,0.39
9,0.32,1.5,77,0.5,0.7,0.355
9,0.32,1.5,77,0.75,0.7125,0.325
9,0.32,1.5,77,1.0,0.7275,0.275
9,0.32,1.5,77,-0.5,0.68,0.55
9,0.32,1.5,78,0.0,0.69,0.4
9,0.32,1.5,78,0.25,0.6875,0.355
9,0.32,1.5,78,0.5,0.695,0.31
9,0.32,1.5,78,0.75,0.6975,0.26
9,0.32,1.5,78,1.0,0.6975,0.22
9,0.32,1.5,78,-0.5,0.6775,0.505
9,0.32,1.5,79,0.0,0.74,0.4525
9,0.32,1.5,79,0.25,0.7425,0.4225
9,0.32,1.5,79,0.5,0.7275,0.3575
9,0.32,1.5,79,0.75,0.73,0.3175
9,0.32,1.5,79,1.0,0.7,0.2525
9,0.32,1.5,79,-0.5,0.725,0.5725
9,0.32,1.5,80,0.0,0.7025,0.4025
9,0.32,1.5,80,0.25,0.7025,0.3625
9,0.32,1.5,80,0.5,0.72,0.2725
9,0.32,1.5,80,0.75,0.7125,0.2425
9,0.32,1.5,80,1.0,0.6875,0.2025
9,0.32,1.5,80,-0.5,0.67,0.5125
9,0.32,1.5,81,0.0,0.7075,0.4325
9,0.32,1.5,81,0.25,0.7175,0.3825
9,0.32,1.5,81,0.5,0.6975,0.3375
9,0.32,1.5,81,0.75,0.675,0.3325
9,0.32,1.5,81,1.0,0.6825,0.2925
9,0.32,1.5,81,-0.5,0.6975,0.5475
9,0.32,1.5,82,0.0,0.735,0.3925
9,0.32,1.5,82,0.25,0.7275,0.3575
9,0.32,1.5,82,0.5,0.72,0.3375
9,0.32,1.5,82,0.75,0.72,0.2875
9,0.32,1.5,82,1.0,0.7075,0.2525
9,0.32,1.5,82,-0.5,0.7025,0.5075
9,0.32,1.5,83,0.0,0.6975,0.415
9,0.32,1.5,83,0.25,0.6975,0.365
9,0.32,1.5,83,0.5,0.7075,0.32
9,0.32,1.5,83,0.75,0.7075,0.28
9,0.32,1.5,83,1.0,0.6975,0.24
9,0.32,1.5,83,-0.5,0.6925,0.53
9,0.32,1.5,84,0.0,0.745,0.445
9,0.32,1.5,84,0.25,0.75,0.3925
9,0.32,1.5,84,0.5,0.7425,0.3425
9,0.32,1.5,84,0.75,0.735,0.2975
9,0.32,1.5,84,1.0,0.7175,0.2675
9,0.32,1.5,84,-0.5,0.7175,0.5575
9,0.32,1.5,85,0.0,0.7325,0.45
9,0.32,1.5,85,0.25,0.74,0.37
9,0.32,1.5,85,0.5,0.7325,0.3
9,0.32,1.5,85,0.75,0.735,0.28
9,0.32,1.5,85,1.0,0.73,0.245
9,0.32,1.5,85,-0.5,0.735,0.52
9,0.32,1.5,86,0.0,0.7375,0.4425
9,0.32,1.5,86,0.25,0.745,0.3725
9,0.32,1.5,86,0.5,0.7425,0.3375
9,0.32,1.5,86,0.75,0.74,0.2875
9,0.32,1.5,86,1.0,0.725,0.2525
9,0.32,1.5,86,-0.5,0.705,0.5425
9,0.32,1.5,87,0.0,0.6975,0.425
9,0.32,1.5,87,0.25,0.7025,0.39
9,0.32,1.5,87,0.5,0.7225,0.33
9,0.32,1.5,87,0.75,0.73,0.265
9,0.32,1.5,87,1.0,0.695,0.2325
9,0.32,1.5,87,-0.5,0.665,0.505
9,0.32,1.5,88,0.0,0.7325,0.4575
9,0.32,1.5,88,0.25,0.7375,0.4025
9,0.32,1.5,88,0.5,0.735,0.365
9,0.32,1.5,88,0.75,0.7375,0.31
9,0.32,1.5,88,1.0,0.7225,0.28
9,0.32,1.5,88,-0.5,0.7,0.5925
9,0.32,1.5,89,0.0,0.7325,0.42
9,0.32,1.5,89,0.25,0.745,0.345
9,0.32,1.5,89,0.5,0.7525,0.295
9,0.32,1.5,89,0.75,0.745,0.26
9,0.32,1.5,89,1.0,0.7225,0.235
9,0.32,1.5,89,-0.5,0.7175,0.53
9,0.32,1.5,90,0.0,0.755,0.3975
9,0.32,1.5,90,0.25,0.75,0.3525
9,0.32,1.5,90,0.5,0.745,0.3125
9,0.32,1.5,90,0.75,0.7075,0.2625
9,0.32,1.5,90,1.0,0.6925,0.2125
9,0.32,1.5,90,-0.5,0.72,0.4975
9,0.32,1.5,91,0.0,0.725,0.375
9,0.32,1.5,91,0.25,0.7275,0.315
9,0.32,1.5,91,0.5,0.735,0.275
9,0.32,1.5,91,0.75,0.7475,0.24
9,0.32,1.5,91,1.0,0.72,0.22
9,0.32,1.5,91,-0.5,0.695,0.48
9,0.32,1.5,92,0.0,0.695,0.41
9,0.32,1.5,92,0.25,0.6925,0.34
9,0.32,1.5,92,0.5,0.71,0.28
9,0.32,1.5,92,0.75,0.69,0.245
9,0.32,1.5,92,1.0,0.6775,0.21
9,0.32,1.5,92,-0.5,0.6825,0.545
9,0.32,1.5,93,0.0,0.7425,0.4175
9,0.32,1.5,93,0.25,0.7275,0.3525
9,0.32,1.5,93,0.5,0.73,0.3075
9,0.32,1.5,93,0.75,0.71,0.2775
9,0.32,1.5,93,1.0,0.7075,0.2425
9,0.32,1.5,93,-0.5,0.705,0.5475
9,0.32,1.5,94,0.0,0.7275,0.42
9,0.32,1.5,94,0.25,0.7375,0.37
9,0.32,1.5,94,0.5,0.72,0.325
9,0.32,1.5,94,0.75,0.6975,0.29
9,0.32,1.5,94,1.0,0.6725,0.24
9,0.32,1.5,94,-0.5,0.7125,0.535
9,0.32,1.5,95,0.0,0.73,0.425
9,0.32,1.5,95,0.25,0.735,0.39
9,0.32,1.5,95,0.5,0.75,0.32
9,0.32,1.5,95,0.75,0.735,0.28
9,0.32,1.5,95,1.0,0.7225,0.2475
9,0.32,1.5,95,-0.5,0.69,0.515
9,0.32,1.5,96,0.0,0.7225,0.4525
9,0.32,1.5,96,0.25,0.725,0.4075
9,0.32,1.5,96,0.5,0.72,0.3075
9,0.32,1.5,96,0.75,0.7125,0.2625
9,0.32,1.5,96,1.0,0.695,0.2225
9,0.32,1.5,96,-0.5,0.7025,0.5775
9,0.32,1.5,97,0.0,0.67,0.4425
9,0.32,1.5,97,0.25,0.6575,0.3875
9,0.32,1.5,97,0.5,0.65,0.3275
9,0.32,1.5,97,0.75,0.6475,0.2875
9,0.32,1.5,97,1.0,0.635,0.2475
9,0.32,1.5,97,-0.5,0.6525,0.58
9,0.32,1.5,98,0.0,0.7275,0.4
9,0.32,1.5,98,0.25,0.7225,0.3575
9,0.32,1.5,98,0.5,0.71,0.3325
9,0.32,1.5,98,0.75,0.685,0.28
9,0.32,1.5,98,1.0,0.6825,0.255
9,0.32,1.5,98,-0.5,0.7125,0.505
9,0.32,1.5,99,0.0,0.7075,0.3825
9,0.32,1.5,99,0.25,0.73,0.3425
9,0.32,1.5,99,0.5,0.73,0.2925
9,0.32,1.5,99,0.75,0.7475,0.2675
9,0.32,1.5,99,1.0,0.7475,0.215
9,0.32,1.5,99,-0.5,0.6875,0.5025
