seed,delay,arm,training_labels_delivered,test_accuracy,test_cross_entropy
0,1,exact_replay,500,0.701,1.3593362085901899
0,1,eligibility_trace_raw,500,0.514,1.3368917020248792
0,1,eligibility_trace_norm_matched,500,0.51,1.3757802119755316
0,1,no_trace,500,0.393,1.3821329182050095
0,1,exact_replay,1000,0.704,1.3340270054755896
0,1,eligibility_trace_raw,1000,0.505,1.3069180739453017
0,1,eligibility_trace_norm_matched,1000,0.508,1.3697756808895314
0,1,no_trace,1000,0.368,1.3821738840128146
0,1,exact_replay,1500,0.717,1.3115415534637522
0,1,eligibility_trace_raw,1500,0.54,1.2858281306282202
0,1,eligibility_trace_norm_matched,1500,0.546,1.3650458677978694
0,1,no_trace,1500,0.354,1.3817745694740897
0,1,exact_replay,2000,0.713,1.288618636889113
0,1,eligibility_trace_raw,2000,0.582,1.2702153043263076
0,1,eligibility_trace_norm_matched,2000,0.582,1.361137338406129
0,1,no_trace,2000,0.337,1.3828650160097913
0,1,exact_replay,2500,0.713,1.2668530961991575
0,1,eligibility_trace_raw,2500,0.616,1.257168405177868
0,1,eligibility_trace_norm_matched,2500,0.61,1.3578356375799272
0,1,no_trace,2500,0.296,1.3844522964230923
0,1,exact_replay,3000,0.72,1.2470503213590878
0,1,eligibility_trace_raw,3000,0.628,1.2396222679848339
0,1,eligibility_trace_norm_matched,3000,0.625,1.3533883539301423
0,1,no_trace,3000,0.27,1.385681857753252
0,1,batch_logistic,3000,0.913,0.3321763358650992
0,4,exact_replay,500,0.701,1.3593325660344113
0,4,eligibility_trace_raw,500,0.517,1.336987541145154
0,4,eligibility_trace_norm_matched,500,0.515,1.3758824400550724
0,4,no_trace,500,0.314,1.385034898514133
0,4,exact_replay,1000,0.704,1.3340206373342076
0,4,eligibility_trace_raw,1000,0.505,1.3070187280841108
0,4,eligibility_trace_norm_matched,1000,0.496,1.3697852337097116
0,4,no_trace,1000,0.298,1.38483082584222
0,4,exact_replay,1500,0.718,1.3115320756326698
0,4,eligibility_trace_raw,1500,0.539,1.2884219103657861
0,4,eligibility_trace_norm_matched,1500,0.546,1.3656882713394967
0,4,no_trace,1500,0.258,1.3858111531349633
0,4,exact_replay,2000,0.713,1.288606337660735
0,4,eligibility_trace_raw,2000,0.577,1.273335721546302
0,4,eligibility_trace_norm_matched,2000,0.58,1.3619682151564958
0,4,no_trace,2000,0.263,1.3862356082017013
0,4,exact_replay,2500,0.713,1.2668384665368777
0,4,eligibility_trace_raw,2500,0.581,1.2622709546376292
0,4,eligibility_trace_norm_matched,2500,0.585,1.3591792107960918
0,4,no_trace,2500,0.228,1.3872073537745535
0,4,exact_replay,3000,0.72,1.2470340491552347
0,4,eligibility_trace_raw,3000,0.608,1.244929697818213
0,4,eligibility_trace_norm_matched,3000,0.599,1.3548873135425101
0,4,no_trace,3000,0.252,1.3872407575323427
0,4,batch_logistic,3000,0.913,0.3321763358650992
0,16,exact_replay,500,0.701,1.3593162005467287
0,16,eligibility_trace_raw,500,0.493,1.3419288679334713
0,16,eligibility_trace_norm_matched,500,0.498,1.37674411058432
0,16,no_trace,500,0.288,1.3854439637813456
0,16,exact_replay,1000,0.704,1.333990435878366
0,16,eligibility_trace_raw,1000,0.5,1.3146119383383652
0,16,eligibility_trace_norm_matched,1000,0.5,1.371026180688763
0,16,no_trace,1000,0.331,1.3845078492049157
0,16,exact_replay,1500,0.717,1.3114922715528528
0,16,eligibility_trace_raw,1500,0.522,1.2958200452735749
0,16,eligibility_trace_norm_matched,1500,0.526,1.3671754460371548
0,16,no_trace,1500,0.301,1.3843770939238063
0,16,exact_replay,2000,0.712,1.2885549187347163
0,16,eligibility_trace_raw,2000,0.57,1.2806012439100667
0,16,eligibility_trace_norm_matched,2000,0.57,1.3636500331135868
0,16,no_trace,2000,0.327,1.3822768202917142
0,16,exact_replay,2500,0.713,1.2667774638593896
0,16,eligibility_trace_raw,2500,0.562,1.2761222901291447
0,16,eligibility_trace_norm_matched,2500,0.567,1.362386715157568
0,16,no_trace,2500,0.341,1.382060832032655
0,16,exact_replay,3000,0.72,1.2469652811081429
0,16,eligibility_trace_raw,3000,0.582,1.2571538100596784
0,16,eligibility_trace_norm_matched,3000,0.599,1.3578466184180233
0,16,no_trace,3000,0.299,1.3821451126140378
0,16,batch_logistic,3000,0.913,0.3321763358650992
0,64,exact_replay,500,0.701,1.3592547796784415
0,64,eligibility_trace_raw,500,0.368,1.372553546254429
0,64,eligibility_trace_norm_matched,500,0.383,1.3827981247976422
0,64,no_trace,500,0.265,1.3860598931886334
0,64,exact_replay,1000,0.704,1.3338720335179697
0,64,eligibility_trace_raw,1000,0.417,1.3505588087372808
0,64,eligibility_trace_norm_matched,1000,0.438,1.3783947553722742
0,64,no_trace,1000,0.284,1.3850394706227551
0,64,exact_replay,1500,0.717,1.3113320131901978
0,64,eligibility_trace_raw,1500,0.455,1.342655356916384
0,64,eligibility_trace_norm_matched,1500,0.467,1.377038919685354
0,64,no_trace,1500,0.233,1.387011571584106
0,64,exact_replay,2000,0.711,1.2883548228231816
0,64,eligibility_trace_raw,2000,0.434,1.3455108306653825
0,64,eligibility_trace_norm_matched,2000,0.453,1.3775895517910963
0,64,no_trace,2000,0.261,1.3864455670055136
0,64,exact_replay,2500,0.713,1.2665400843912564
0,64,eligibility_trace_raw,2500,0.445,1.3427436048750405
0,64,eligibility_trace_norm_matched,2500,0.454,1.376867974885112
0,64,no_trace,2500,0.294,1.3843305616390862
0,64,exact_replay,3000,0.72,1.2466999098773215
0,64,eligibility_trace_raw,3000,0.462,1.3321632456815344
0,64,eligibility_trace_norm_matched,3000,0.476,1.3739241869304168
0,64,no_trace,3000,0.347,1.3828549434128
0,64,batch_logistic,3000,0.913,0.3321763358650992
1,1,exact_replay,500,0.733,1.3583579000250547
1,1,eligibility_trace_raw,500,0.45,1.3568962460701526
1,1,eligibility_trace_norm_matched,500,0.453,1.3799531890500185
1,1,no_trace,500,0.311,1.3846664871449812
1,1,exact_replay,1000,0.745,1.3316745485841295
1,1,eligibility_trace_raw,1000,0.503,1.3324479812467285
1,1,eligibility_trace_norm_matched,1000,0.503,1.3745343266214756
1,1,no_trace,1000,0.248,1.3866150631062202
1,1,exact_replay,1500,0.759,1.306265745896226
1,1,eligibility_trace_raw,1500,0.544,1.3112143603837336
1,1,eligibility_trace_norm_matched,1500,0.557,1.3696819627306354
1,1,no_trace,1500,0.288,1.384950363156475
1,1,exact_replay,2000,0.756,1.2819703594317042
1,1,eligibility_trace_raw,2000,0.587,1.2885376487388234
1,1,eligibility_trace_norm_matched,2000,0.572,1.3644912446691642
1,1,no_trace,2000,0.275,1.3855320683240813
1,1,exact_replay,2500,0.757,1.258658540955073
1,1,eligibility_trace_raw,2500,0.592,1.2680315440057757
1,1,eligibility_trace_norm_matched,2500,0.588,1.3599031614880945
1,1,no_trace,2500,0.235,1.3868112078513897
1,1,exact_replay,3000,0.762,1.2366604020593677
1,1,eligibility_trace_raw,3000,0.611,1.2453147713781356
1,1,eligibility_trace_norm_matched,3000,0.6,1.3548692100012807
1,1,no_trace,3000,0.236,1.3876916083564348
1,1,batch_logistic,3000,0.906,0.3259153383788066
1,4,exact_replay,500,0.733,1.3583547698579335
1,4,eligibility_trace_raw,500,0.435,1.358747259701572
1,4,eligibility_trace_norm_matched,500,0.454,1.3803662633764848
1,4,no_trace,500,0.224,1.3865936593119892
1,4,exact_replay,1000,0.745,1.3316671546058247
1,4,eligibility_trace_raw,1000,0.492,1.334868796091203
1,4,eligibility_trace_norm_matched,1000,0.507,1.3750751462319748
1,4,no_trace,1000,0.267,1.386403080988514
1,4,exact_replay,1500,0.759,1.306255467330768
1,4,eligibility_trace_raw,1500,0.549,1.3147735573881822
1,4,eligibility_trace_norm_matched,1500,0.568,1.3705285879770641
1,4,no_trace,1500,0.259,1.3861572978600156
1,4,exact_replay,2000,0.756,1.2819576131935095
1,4,eligibility_trace_raw,2000,0.562,1.2928441259302408
1,4,eligibility_trace_norm_matched,2000,0.571,1.3655197809162491
1,4,no_trace,2000,0.256,1.3859197421159988
1,4,exact_replay,2500,0.757,1.2586431689443944
1,4,eligibility_trace_raw,2500,0.584,1.2762615226425913
1,4,eligibility_trace_norm_matched,2500,0.583,1.3618641800506048
1,4,no_trace,2500,0.218,1.3876965019858503
1,4,exact_replay,3000,0.762,1.2366430496709178
1,4,eligibility_trace_raw,3000,0.593,1.2554279095299887
1,4,eligibility_trace_norm_matched,3000,0.593,1.3571302906292644
1,4,no_trace,3000,0.218,1.388707360380013
1,4,batch_logistic,3000,0.906,0.3259153383788066
1,16,exact_replay,500,0.733,1.3583392475580924
1,16,eligibility_trace_raw,500,0.421,1.358237842152949
1,16,eligibility_trace_norm_matched,500,0.431,1.3803925222668705
1,16,no_trace,500,0.223,1.3867963658592646
1,16,exact_replay,1000,0.745,1.3316370597004679
1,16,eligibility_trace_raw,1000,0.441,1.341460939542284
1,16,eligibility_trace_norm_matched,1000,0.442,1.3764901736447914
1,16,no_trace,1000,0.243,1.3865708098476086
1,16,exact_replay,1500,0.759,1.3062120615721269
1,16,eligibility_trace_raw,1500,0.476,1.3233895562899172
1,16,eligibility_trace_norm_matched,1500,0.489,1.3723072803644811
1,16,no_trace,1500,0.225,1.3875541130590683
1,16,exact_replay,2000,0.756,1.2819026959498934
1,16,eligibility_trace_raw,2000,0.505,1.3070317100207383
1,16,eligibility_trace_norm_matched,2000,0.509,1.3684283566196485
1,16,no_trace,2000,0.241,1.3882745054664483
1,16,exact_replay,2500,0.757,1.25857820770111
1,16,eligibility_trace_raw,2500,0.519,1.2936427102352173
1,16,eligibility_trace_norm_matched,2500,0.522,1.3656238738323259
1,16,no_trace,2500,0.22,1.3895426040754064
1,16,exact_replay,3000,0.762,1.2365682997211087
1,16,eligibility_trace_raw,3000,0.541,1.2795096790261755
1,16,eligibility_trace_norm_matched,3000,0.536,1.3619893107160324
1,16,no_trace,3000,0.215,1.3905518432262938
1,16,batch_logistic,3000,0.906,0.3259153383788066
1,64,exact_replay,500,0.733,1.3582827824209265
1,64,eligibility_trace_raw,500,0.341,1.375875725486322
1,64,eligibility_trace_norm_matched,500,0.346,1.384394723498964
1,64,no_trace,500,0.223,1.3873814955497996
1,64,exact_replay,1000,0.745,1.3315211903062563
1,64,eligibility_trace_raw,1000,0.317,1.3739735035461682
1,64,eligibility_trace_norm_matched,1000,0.327,1.3835732870376638
1,64,no_trace,1000,0.2,1.38875791100861
1,64,exact_replay,1500,0.759,1.3060439496542053
1,64,eligibility_trace_raw,1500,0.385,1.3598233523670855
1,64,eligibility_trace_norm_matched,1500,0.399,1.3806707798119258
1,64,no_trace,1500,0.218,1.3882123096482268
1,64,exact_replay,2000,0.756,1.281688503671403
1,64,eligibility_trace_raw,2000,0.426,1.354264961464685
1,64,eligibility_trace_norm_matched,2000,0.43,1.3795153127807993
1,64,no_trace,2000,0.247,1.3863527659303427
1,64,exact_replay,2500,0.757,1.258320856524847
1,64,eligibility_trace_raw,2500,0.433,1.3454261157858343
1,64,eligibility_trace_norm_matched,2500,0.428,1.377780659536873
1,64,no_trace,2500,0.247,1.3857516042237095
1,64,exact_replay,3000,0.762,1.236275752555316
1,64,eligibility_trace_raw,3000,0.444,1.3292837606637309
1,64,eligibility_trace_norm_matched,3000,0.442,1.3743051386902412
1,64,no_trace,3000,0.244,1.3860878251275008
1,64,batch_logistic,3000,0.906,0.3259153383788066
2,1,exact_replay,500,0.692,1.359104483641397
2,1,eligibility_trace_raw,500,0.331,1.3766687958360289
2,1,eligibility_trace_norm_matched,500,0.337,1.384127031171392
2,1,no_trace,500,0.138,1.3898105821042248
2,1,exact_replay,1000,0.72,1.3330071550156404
2,1,eligibility_trace_raw,1000,0.364,1.3597345345208431
2,1,eligibility_trace_norm_matched,1000,0.372,1.380719251250459
2,1,no_trace,1000,0.148,1.3904324914950699
2,1,exact_replay,1500,0.719,1.3072832744249059
2,1,eligibility_trace_raw,1500,0.468,1.3289573101155694
2,1,eligibility_trace_norm_matched,1500,0.46,1.3743555647322725
2,1,no_trace,1500,0.176,1.389620106624467
2,1,exact_replay,2000,0.737,1.283915125349762
2,1,eligibility_trace_raw,2000,0.48,1.3162355864916513
2,1,eligibility_trace_norm_matched,2000,0.473,1.3712661054866149
2,1,no_trace,2000,0.194,1.3894289532172852
2,1,exact_replay,2500,0.725,1.2622859334019416
2,1,eligibility_trace_raw,2500,0.484,1.3006087061978024
2,1,eligibility_trace_norm_matched,2500,0.48,1.3672302818516153
2,1,no_trace,2500,0.234,1.3875159708258125
2,1,exact_replay,3000,0.735,1.241380133310052
2,1,eligibility_trace_raw,3000,0.527,1.2765422325944282
2,1,eligibility_trace_norm_matched,3000,0.514,1.3618852839367872
2,1,no_trace,3000,0.206,1.389629201753333
2,1,batch_logistic,3000,0.913,0.33543615536847415
2,4,exact_replay,500,0.692,1.3591002465673756
2,4,eligibility_trace_raw,500,0.32,1.3783716358899532
2,4,eligibility_trace_norm_matched,500,0.326,1.3843169530003097
2,4,no_trace,500,0.23,1.3867671253186218
2,4,exact_replay,1000,0.72,1.3329994855528393
2,4,eligibility_trace_raw,1000,0.377,1.3621396306935345
2,4,eligibility_trace_norm_matched,1000,0.373,1.381246599899721
2,4,no_trace,1000,0.203,1.3879980388762456
2,4,exact_replay,1500,0.719,1.3072730909503976
2,4,eligibility_trace_raw,1500,0.457,1.331324943746788
2,4,eligibility_trace_norm_matched,1500,0.452,1.375044807268157
2,4,no_trace,1500,0.229,1.3870172335125874
2,4,exact_replay,2000,0.737,1.2839024718373249
2,4,eligibility_trace_raw,2000,0.48,1.3188415191403957
2,4,eligibility_trace_norm_matched,2000,0.472,1.3719173724565208
2,4,no_trace,2000,0.229,1.3869434618874377
2,4,exact_replay,2500,0.725,1.2622706138768562
2,4,eligibility_trace_raw,2500,0.471,1.3004239288920247
2,4,eligibility_trace_norm_matched,2500,0.471,1.3672068477024066
2,4,no_trace,2500,0.241,1.3864326875878614
2,4,exact_replay,3000,0.735,1.241362619372514
2,4,eligibility_trace_raw,3000,0.514,1.2778094513870373
2,4,eligibility_trace_norm_matched,3000,0.517,1.362210818222592
2,4,no_trace,3000,0.226,1.387105149287694
2,4,batch_logistic,3000,0.913,0.33543615536847415
2,16,exact_replay,500,0.692,1.359083034565935
2,16,eligibility_trace_raw,500,0.279,1.3852076287641066
2,16,eligibility_trace_norm_matched,500,0.291,1.3857681237124366
2,16,no_trace,500,0.21,1.3876740268445016
2,16,exact_replay,1000,0.72,1.3329679211479843
2,16,eligibility_trace_raw,1000,0.338,1.3694794856165755
2,16,eligibility_trace_norm_matched,1000,0.323,1.3831250131686514
2,16,no_trace,1000,0.25,1.3866155104124647
2,16,exact_replay,1500,0.719,1.3072276893195753
2,16,eligibility_trace_raw,1500,0.425,1.342420519249763
2,16,eligibility_trace_norm_matched,1500,0.422,1.3777555277912967
2,16,no_trace,1500,0.251,1.3866570923469046
2,16,exact_replay,2000,0.737,1.283847715667181
2,16,eligibility_trace_raw,2000,0.417,1.3394755082723817
2,16,eligibility_trace_norm_matched,2000,0.414,1.37682673801351
2,16,no_trace,2000,0.248,1.3866800780675843
2,16,exact_replay,2500,0.725,1.2622061402815212
2,16,eligibility_trace_raw,2500,0.443,1.3272960948161003
2,16,eligibility_trace_norm_matched,2500,0.432,1.3741065825490482
2,16,no_trace,2500,0.197,1.3890300667286708
2,16,exact_replay,3000,0.734,1.241289952008106
2,16,eligibility_trace_raw,3000,0.471,1.3083774093513507
2,16,eligibility_trace_norm_matched,3000,0.465,1.370016007543703
2,16,no_trace,3000,0.209,1.388480870459602
2,16,batch_logistic,3000,0.913,0.33543615536847415
2,64,exact_replay,500,0.692,1.3590214327189118
2,64,eligibility_trace_raw,500,0.178,1.4032101802771748
2,64,eligibility_trace_norm_matched,500,0.162,1.389864742394495
2,64,no_trace,500,0.213,1.3872076898801065
2,64,exact_replay,1000,0.72,1.3328477284102846
2,64,eligibility_trace_raw,1000,0.167,1.4110840840688206
2,64,eligibility_trace_norm_matched,1000,0.169,1.3911335033751553
2,64,no_trace,1000,0.227,1.386841189598063
2,64,exact_replay,1500,0.719,1.3070512823512588
2,64,eligibility_trace_raw,1500,0.22,1.4009565960359422
2,64,eligibility_trace_norm_matched,1500,0.214,1.3887066131720889
2,64,no_trace,1500,0.246,1.3863861605858705
2,64,exact_replay,2000,0.736,1.2836285046290672
2,64,eligibility_trace_raw,2000,0.241,1.39783000980596
2,64,eligibility_trace_norm_matched,2000,0.233,1.3878546916123964
2,64,no_trace,2000,0.233,1.387493580261474
2,64,exact_replay,2500,0.725,1.2619482695304125
2,64,eligibility_trace_raw,2500,0.245,1.3951284399908586
2,64,eligibility_trace_norm_matched,2500,0.253,1.3871742789678179
2,64,no_trace,2500,0.191,1.389337551235133
2,64,exact_replay,3000,0.734,1.240997810434946
2,64,eligibility_trace_raw,3000,0.294,1.3788526383288195
2,64,eligibility_trace_norm_matched,3000,0.291,1.383465047436528
2,64,no_trace,3000,0.173,1.3896959082077247
2,64,batch_logistic,3000,0.913,0.33543615536847415
3,1,exact_replay,500,0.76,1.3558692413040714
3,1,eligibility_trace_raw,500,0.455,1.3442220359085035
3,1,eligibility_trace_norm_matched,500,0.452,1.3778030661989555
3,1,no_trace,500,0.381,1.3836543235702143
3,1,exact_replay,1000,0.752,1.325463159753895
3,1,eligibility_trace_raw,1000,0.482,1.3249067592603496
3,1,eligibility_trace_norm_matched,1000,0.473,1.3738004413163065
3,1,no_trace,1000,0.338,1.3832695760769798
3,1,exact_replay,1500,0.747,1.297449228484746
3,1,eligibility_trace_raw,1500,0.539,1.2910287673743708
3,1,eligibility_trace_norm_matched,1500,0.528,1.3660640254488394
3,1,no_trace,1500,0.332,1.383602699591115
3,1,exact_replay,2000,0.757,1.2701840450045319
3,1,eligibility_trace_raw,2000,0.524,1.256985388985036
3,1,eligibility_trace_norm_matched,2000,0.519,1.3574411567457207
3,1,no_trace,2000,0.345,1.3825738605200786
3,1,exact_replay,2500,0.753,1.2447254751518244
3,1,eligibility_trace_raw,2500,0.564,1.2334853046456065
3,1,eligibility_trace_norm_matched,2500,0.551,1.3516978202323735
3,1,no_trace,2500,0.365,1.3819479940851274
3,1,exact_replay,3000,0.755,1.2217057708095782
3,1,eligibility_trace_raw,3000,0.572,1.2039586110105311
3,1,eligibility_trace_norm_matched,3000,0.567,1.3436326096926987
3,1,no_trace,3000,0.317,1.382916006009263
3,1,batch_logistic,3000,0.904,0.31254225031649846
3,4,exact_replay,500,0.76,1.3558652910487239
3,4,eligibility_trace_raw,500,0.457,1.3451475932500527
3,4,eligibility_trace_norm_matched,500,0.448,1.3780272329263896
3,4,no_trace,500,0.344,1.3847036644883164
3,4,exact_replay,1000,0.752,1.325454822076853
3,4,eligibility_trace_raw,1000,0.481,1.3263521884251124
3,4,eligibility_trace_norm_matched,1000,0.473,1.3741581758334391
3,4,no_trace,1000,0.387,1.3829050537377288
3,4,exact_replay,1500,0.747,1.2974375918347019
3,4,eligibility_trace_raw,1500,0.517,1.293780809424422
3,4,eligibility_trace_norm_matched,1500,0.513,1.3664547138464973
3,4,no_trace,1500,0.366,1.38227341183632
3,4,exact_replay,2000,0.757,1.2701688725896487
3,4,eligibility_trace_raw,2000,0.522,1.261505137403124
3,4,eligibility_trace_norm_matched,2000,0.514,1.358435620283381
3,4,no_trace,2000,0.331,1.383014584195791
3,4,exact_replay,2500,0.753,1.2447071083767856
3,4,eligibility_trace_raw,2500,0.558,1.2398740557333463
3,4,eligibility_trace_norm_matched,2500,0.547,1.3531843306498053
3,4,no_trace,2500,0.331,1.3826897753395009
3,4,exact_replay,3000,0.755,1.2216858895688043
3,4,eligibility_trace_raw,3000,0.567,1.2120634941681174
3,4,eligibility_trace_norm_matched,3000,0.552,1.3455559212569383
3,4,no_trace,3000,0.343,1.3814038505853556
3,4,batch_logistic,3000,0.904,0.31254225031649846
3,16,exact_replay,500,0.76,1.355846755153155
3,16,eligibility_trace_raw,500,0.444,1.348817180817875
3,16,eligibility_trace_norm_matched,500,0.428,1.3786210184628533
3,16,no_trace,500,0.201,1.387161785193032
3,16,exact_replay,1000,0.752,1.3254185090126007
3,16,eligibility_trace_raw,1000,0.474,1.331847343468912
3,16,eligibility_trace_norm_matched,1000,0.455,1.3753157722794567
3,16,no_trace,1000,0.234,1.3872217458483733
3,16,exact_replay,1500,0.746,1.297387014309478
3,16,eligibility_trace_raw,1500,0.521,1.3029115091990462
3,16,eligibility_trace_norm_matched,1500,0.507,1.3686648513854252
3,16,no_trace,1500,0.236,1.3874382206348326
3,16,exact_replay,2000,0.757,1.2701059810637185
3,16,eligibility_trace_raw,2000,0.511,1.272681111700368
3,16,eligibility_trace_norm_matched,2000,0.498,1.3611853446566888
3,16,no_trace,2000,0.278,1.385470102136105
3,16,exact_replay,2500,0.753,1.2446325625759969
3,16,eligibility_trace_raw,2500,0.528,1.2562907416236777
3,16,eligibility_trace_norm_matched,2500,0.517,1.3571493082439319
3,16,no_trace,2500,0.277,1.3850519259847538
3,16,exact_replay,3000,0.755,1.2216030391388972
3,16,eligibility_trace_raw,3000,0.55,1.2279455046806205
3,16,eligibility_trace_norm_matched,3000,0.54,1.3500075866108918
3,16,no_trace,3000,0.344,1.3818838896375942
3,16,batch_logistic,3000,0.904,0.31254225031649846
3,64,exact_replay,500,0.76,1.3557743025586504
3,64,eligibility_trace_raw,500,0.234,1.3865939104548368
3,64,eligibility_trace_norm_matched,500,0.246,1.385645574293753
3,64,no_trace,500,0.224,1.386390935881318
3,64,exact_replay,1000,0.752,1.3252751707466408
3,64,eligibility_trace_raw,1000,0.262,1.3836807073855557
3,64,eligibility_trace_norm_matched,1000,0.266,1.384892901588464
3,64,no_trace,1000,0.257,1.386126231674886
3,64,exact_replay,1500,0.746,1.297183878509959
3,64,eligibility_trace_raw,1500,0.308,1.371928029444479
3,64,eligibility_trace_norm_matched,1500,0.313,1.3820660291129974
3,64,no_trace,1500,0.304,1.3841700850872263
3,64,exact_replay,2000,0.756,1.2698459872336596
3,64,eligibility_trace_raw,2000,0.305,1.363892201552128
3,64,eligibility_trace_norm_matched,2000,0.319,1.3795855765817977
3,64,no_trace,2000,0.308,1.3844112088294127
3,64,exact_replay,2500,0.753,1.24432724235743
3,64,eligibility_trace_raw,2500,0.315,1.3586980433784615
3,64,eligibility_trace_norm_matched,2500,0.333,1.378010021136428
3,64,no_trace,2500,0.271,1.384770489154791
3,64,exact_replay,3000,0.754,1.221260007834182
3,64,eligibility_trace_raw,3000,0.353,1.3401303112006173
3,64,eligibility_trace_norm_matched,3000,0.357,1.3741170995503063
3,64,no_trace,3000,0.333,1.3821671698403386
3,64,batch_logistic,3000,0.904,0.31254225031649846
4,1,exact_replay,500,0.684,1.3608115301479824
4,1,eligibility_trace_raw,500,0.513,1.3528909654813874
4,1,eligibility_trace_norm_matched,500,0.494,1.379831405878197
4,1,no_trace,500,0.32,1.3847547470377248
4,1,exact_replay,1000,0.697,1.334515499460124
4,1,eligibility_trace_raw,1000,0.525,1.3245131927814988
4,1,eligibility_trace_norm_matched,1000,0.528,1.373462296192737
4,1,no_trace,1000,0.299,1.3838400344037456
4,1,exact_replay,1500,0.707,1.3096261982457806
4,1,eligibility_trace_raw,1500,0.57,1.3021368108391287
4,1,eligibility_trace_norm_matched,1500,0.576,1.3680920707229485
4,1,no_trace,1500,0.284,1.3831134426504696
4,1,exact_replay,2000,0.717,1.2840782521527587
4,1,eligibility_trace_raw,2000,0.574,1.2838785717880719
4,1,eligibility_trace_norm_matched,2000,0.569,1.3638023281087956
4,1,no_trace,2000,0.248,1.3849794822382657
4,1,exact_replay,2500,0.714,1.26113113738271
4,1,eligibility_trace_raw,2500,0.621,1.255699778275723
4,1,eligibility_trace_norm_matched,2500,0.604,1.3574189436630506
4,1,no_trace,2500,0.29,1.3830602452606173
4,1,exact_replay,3000,0.715,1.239103002010943
4,1,eligibility_trace_raw,3000,0.637,1.232260712558042
4,1,eligibility_trace_norm_matched,3000,0.625,1.3518585166281332
4,1,no_trace,3000,0.315,1.3813543094524403
4,1,batch_logistic,3000,0.906,0.3328429235752443
4,4,exact_replay,500,0.684,1.3608077470971847
4,4,eligibility_trace_raw,500,0.509,1.3539726801429743
4,4,eligibility_trace_norm_matched,500,0.491,1.379890662594592
4,4,no_trace,500,0.371,1.3840345811749686
4,4,exact_replay,1000,0.697,1.3345073525219073
4,4,eligibility_trace_raw,1000,0.509,1.3295325480332936
4,4,eligibility_trace_norm_matched,1000,0.513,1.3744207728222657
4,4,no_trace,1000,0.234,1.3871769304637158
4,4,exact_replay,1500,0.707,1.3096141252496334
4,4,eligibility_trace_raw,1500,0.558,1.305965330276768
4,4,eligibility_trace_norm_matched,1500,0.571,1.368928704898534
4,4,no_trace,1500,0.265,1.386130329434136
4,4,exact_replay,2000,0.717,1.2840631082830976
4,4,eligibility_trace_raw,2000,0.569,1.2850646510036554
4,4,eligibility_trace_norm_matched,2000,0.571,1.3639552686516931
4,4,no_trace,2000,0.333,1.3831427606036641
4,4,exact_replay,2500,0.714,1.2611138504014343
4,4,eligibility_trace_raw,2500,0.596,1.25624264142798
4,4,eligibility_trace_norm_matched,2500,0.594,1.3573054218241214
4,4,no_trace,2500,0.35,1.382343251858882
4,4,exact_replay,3000,0.716,1.2390834494331402
4,4,eligibility_trace_raw,3000,0.616,1.2367838739431969
4,4,eligibility_trace_norm_matched,3000,0.605,1.3526241876818585
4,4,no_trace,3000,0.327,1.383294334354246
4,4,batch_logistic,3000,0.906,0.3328429235752443
4,16,exact_replay,500,0.684,1.3607936020545905
4,16,eligibility_trace_raw,500,0.378,1.3674764836137634
4,16,eligibility_trace_norm_matched,500,0.382,1.38258205232825
4,16,no_trace,500,0.173,1.3884067598952106
4,16,exact_replay,1000,0.697,1.3344795645279937
4,16,eligibility_trace_raw,1000,0.484,1.3418612233099798
4,16,eligibility_trace_norm_matched,1000,0.482,1.377007977953858
4,16,no_trace,1000,0.223,1.3871649344273014
4,16,exact_replay,1500,0.707,1.3095727914741502
4,16,eligibility_trace_raw,1500,0.538,1.3171356796457052
4,16,eligibility_trace_norm_matched,1500,0.55,1.3713324171020012
4,16,no_trace,1500,0.223,1.387424735527202
4,16,exact_replay,2000,0.717,1.284006533315809
4,16,eligibility_trace_raw,2000,0.553,1.301513847529425
4,16,eligibility_trace_norm_matched,2000,0.554,1.3675997499234054
4,16,no_trace,2000,0.276,1.3857753237753596
4,16,exact_replay,2500,0.714,1.2610473252458427
4,16,eligibility_trace_raw,2500,0.571,1.2779551023398137
4,16,eligibility_trace_norm_matched,2500,0.561,1.3624370279675881
4,16,no_trace,2500,0.293,1.3841769146011649
4,16,exact_replay,3000,0.715,1.239007066319068
4,16,eligibility_trace_raw,3000,0.587,1.2621537665833051
4,16,eligibility_trace_norm_matched,3000,0.581,1.3586855578526469
4,16,no_trace,3000,0.246,1.3868958035579455
4,16,batch_logistic,3000,0.906,0.3328429235752443
4,64,exact_replay,500,0.684,1.3607405698949722
4,64,eligibility_trace_raw,500,0.225,1.3882062045220285
4,64,eligibility_trace_norm_matched,500,0.22,1.3867018231069177
4,64,no_trace,500,0.278,1.3858252320811253
4,64,exact_replay,1000,0.697,1.334369307488338
4,64,eligibility_trace_raw,1000,0.275,1.3806319806350016
4,64,eligibility_trace_norm_matched,1000,0.281,1.3850388062464762
4,64,no_trace,1000,0.263,1.3861256537171536
4,64,exact_replay,1500,0.707,1.3094110946285005
4,64,eligibility_trace_raw,1500,0.288,1.369172329632509
4,64,eligibility_trace_norm_matched,1500,0.295,1.3821134061252478
4,64,no_trace,1500,0.299,1.3848230284033516
4,64,exact_replay,2000,0.717,1.2837889873800654
4,64,eligibility_trace_raw,2000,0.272,1.3802525911927828
4,64,eligibility_trace_norm_matched,2000,0.271,1.3839009826675943
4,64,no_trace,2000,0.268,1.3862908631292095
4,64,exact_replay,2500,0.714,1.2607890943725657
4,64,eligibility_trace_raw,2500,0.314,1.3672521247363634
4,64,eligibility_trace_norm_matched,2500,0.322,1.3818118745424062
4,64,no_trace,2500,0.282,1.385483723842996
4,64,exact_replay,3000,0.715,1.2387118585552948
4,64,eligibility_trace_raw,3000,0.337,1.3557468699507744
4,64,eligibility_trace_norm_matched,3000,0.36,1.378716098381474
4,64,no_trace,3000,0.269,1.3864962834668118
4,64,batch_logistic,3000,0.906,0.3328429235752443
5,1,exact_replay,500,0.71,1.355700045331178
5,1,eligibility_trace_raw,500,0.449,1.3530937358167607
5,1,eligibility_trace_norm_matched,500,0.453,1.3790398321407937
5,1,no_trace,500,0.268,1.3860909310499676
5,1,exact_replay,1000,0.726,1.327504824121705
5,1,eligibility_trace_raw,1000,0.516,1.317006916720173
5,1,eligibility_trace_norm_matched,1000,0.523,1.3714326764563767
5,1,no_trace,1000,0.255,1.3866853695409114
5,1,exact_replay,1500,0.742,1.3011566445169165
5,1,eligibility_trace_raw,1500,0.555,1.284708610900827
5,1,eligibility_trace_norm_matched,1500,0.569,1.364386534798497
5,1,no_trace,1500,0.219,1.3876933206046669
5,1,exact_replay,2000,0.747,1.2762347673363688
5,1,eligibility_trace_raw,2000,0.6,1.257336923206702
5,1,eligibility_trace_norm_matched,2000,0.605,1.3583635246354946
5,1,no_trace,2000,0.26,1.3861766881317144
5,1,exact_replay,2500,0.754,1.250523794853377
5,1,eligibility_trace_raw,2500,0.621,1.2357675505602579
5,1,eligibility_trace_norm_matched,2500,0.626,1.3529120746606456
5,1,no_trace,2500,0.214,1.3887245119105724
5,1,exact_replay,3000,0.749,1.2259629379579386
5,1,eligibility_trace_raw,3000,0.617,1.2114177959039567
5,1,eligibility_trace_norm_matched,3000,0.614,1.3466415834374112
5,1,no_trace,3000,0.219,1.3887020113010353
5,1,batch_logistic,3000,0.91,0.3117989243218509
5,4,exact_replay,500,0.71,1.3556957839813109
5,4,eligibility_trace_raw,500,0.402,1.35884302110025
5,4,eligibility_trace_norm_matched,500,0.419,1.3803093196506313
5,4,no_trace,500,0.211,1.3873246453190977
5,4,exact_replay,1000,0.726,1.327496731541038
5,4,eligibility_trace_raw,1000,0.474,1.324616616692944
5,4,eligibility_trace_norm_matched,1000,0.481,1.3732416241719216
5,4,no_trace,1000,0.219,1.3873403147393024
5,4,exact_replay,1500,0.742,1.3011444799948457
5,4,eligibility_trace_raw,1500,0.53,1.2930282510672415
5,4,eligibility_trace_norm_matched,1500,0.527,1.3665317147399183
5,4,no_trace,1500,0.213,1.3873408760486166
5,4,exact_replay,2000,0.747,1.2762196253809692
5,4,eligibility_trace_raw,2000,0.583,1.2673401117481393
5,4,eligibility_trace_norm_matched,2000,0.585,1.3609768700316467
5,4,no_trace,2000,0.213,1.3881708253604357
5,4,exact_replay,2500,0.754,1.250505845064767
5,4,eligibility_trace_raw,2500,0.597,1.2482699836453677
5,4,eligibility_trace_norm_matched,2500,0.594,1.3563223855433595
5,4,no_trace,2500,0.2,1.3893097214715318
5,4,exact_replay,3000,0.749,1.2259418428075628
5,4,eligibility_trace_raw,3000,0.609,1.222849769267802
5,4,eligibility_trace_norm_matched,3000,0.605,1.3500035686787908
5,4,no_trace,3000,0.238,1.3890443642066188
5,4,batch_logistic,3000,0.91,0.3117989243218509
5,16,exact_replay,500,0.71,1.3556771202887337
5,16,eligibility_trace_raw,500,0.37,1.3671961417628609
5,16,eligibility_trace_norm_matched,500,0.37,1.3822831337566144
5,16,no_trace,500,0.163,1.3891087209325268
5,16,exact_replay,1000,0.726,1.3274618248784655
5,16,eligibility_trace_raw,1000,0.429,1.3379446804478112
5,16,eligibility_trace_norm_matched,1000,0.431,1.3760831280178558
5,16,no_trace,1000,0.141,1.3909292804211777
5,16,exact_replay,1500,0.742,1.3010962394627437
5,16,eligibility_trace_raw,1500,0.476,1.3095558456931953
5,16,eligibility_trace_norm_matched,1500,0.477,1.369999238732287
5,16,no_trace,1500,0.163,1.3904950378189351
5,16,exact_replay,2000,0.747,1.2761592716989967
5,16,eligibility_trace_raw,2000,0.509,1.2923188761465219
5,16,eligibility_trace_norm_matched,2000,0.511,1.366333746752448
5,16,no_trace,2000,0.193,1.3912727105741178
5,16,exact_replay,2500,0.754,1.2504346478127317
5,16,eligibility_trace_raw,2500,0.534,1.2795787689388796
5,16,eligibility_trace_norm_matched,2500,0.527,1.3632304397652037
5,16,no_trace,2500,0.181,1.3920143104157212
5,16,exact_replay,3000,0.749,1.2258606303473873
5,16,eligibility_trace_raw,3000,0.549,1.2584995698204493
5,16,eligibility_trace_norm_matched,3000,0.533,1.3582755460424094
5,16,no_trace,3000,0.178,1.3928907166646012
5,16,batch_logistic,3000,0.91,0.3117989243218509
5,64,exact_replay,500,0.71,1.3556055677741257
5,64,eligibility_trace_raw,500,0.382,1.3669482586521289
5,64,eligibility_trace_norm_matched,500,0.379,1.3824829845808515
5,64,no_trace,500,0.246,1.386788825118777
5,64,exact_replay,1000,0.726,1.3273270633411154
5,64,eligibility_trace_raw,1000,0.411,1.3449432503209537
5,64,eligibility_trace_norm_matched,1000,0.416,1.3776748631763607
5,64,no_trace,1000,0.201,1.3881331611692524
5,64,exact_replay,1500,0.742,1.300908848552642
5,64,eligibility_trace_raw,1500,0.423,1.3309207521308881
5,64,eligibility_trace_norm_matched,1500,0.421,1.3746245679550124
5,64,no_trace,1500,0.226,1.387623641387761
5,64,exact_replay,2000,0.747,1.2759262279950165
5,64,eligibility_trace_raw,2000,0.442,1.3245730901981954
5,64,eligibility_trace_norm_matched,2000,0.437,1.373455874793741
5,64,no_trace,2000,0.245,1.3864429492237351
5,64,exact_replay,2500,0.753,1.2501511258111646
5,64,eligibility_trace_raw,2500,0.445,1.3186158330235636
5,64,eligibility_trace_norm_matched,2500,0.445,1.37218598457241
5,64,no_trace,2500,0.239,1.3868674115822228
5,64,exact_replay,3000,0.75,1.225531122080977
5,64,eligibility_trace_raw,3000,0.461,1.2977104664613088
5,64,eligibility_trace_norm_matched,3000,0.455,1.3678277985321259
5,64,no_trace,3000,0.237,1.3871888886205057
5,64,batch_logistic,3000,0.91,0.3117989243218509
6,1,exact_replay,500,0.723,1.3549938687551275
6,1,eligibility_trace_raw,500,0.488,1.3559071869115529
6,1,eligibility_trace_norm_matched,500,0.484,1.3801648778849243
6,1,no_trace,500,0.193,1.3871287605036822
6,1,exact_replay,1000,0.754,1.3259422872131963
6,1,eligibility_trace_raw,1000,0.562,1.321535967887321
6,1,eligibility_trace_norm_matched,1000,0.56,1.372613593357487
6,1,no_trace,1000,0.273,1.3853312948475682
6,1,exact_replay,1500,0.762,1.2989725232400582
6,1,eligibility_trace_raw,1500,0.562,1.3018355454246087
6,1,eligibility_trace_norm_matched,1500,0.558,1.3685826118410322
6,1,no_trace,1500,0.272,1.3854432181710463
6,1,exact_replay,2000,0.767,1.2716478305815162
6,1,eligibility_trace_raw,2000,0.611,1.2639395850317567
6,1,eligibility_trace_norm_matched,2000,0.609,1.3596038294770454
6,1,no_trace,2000,0.261,1.3851838794046816
6,1,exact_replay,2500,0.765,1.2476016799243115
6,1,eligibility_trace_raw,2500,0.598,1.2395365031618566
6,1,eligibility_trace_norm_matched,2500,0.591,1.3528513150245813
6,1,no_trace,2500,0.286,1.3846767428540716
6,1,exact_replay,3000,0.767,1.2240638994660122
6,1,eligibility_trace_raw,3000,0.624,1.2064597101375323
6,1,eligibility_trace_norm_matched,3000,0.616,1.3443709399633734
6,1,no_trace,3000,0.291,1.3843031575241143
6,1,batch_logistic,3000,0.918,0.3125430217507582
6,4,exact_replay,500,0.722,1.3549881658220384
6,4,eligibility_trace_raw,500,0.467,1.358055060581074
6,4,eligibility_trace_norm_matched,500,0.466,1.380839561472795
6,4,no_trace,500,0.24,1.387047167043636
6,4,exact_replay,1000,0.754,1.3259324256105578
6,4,eligibility_trace_raw,1000,0.524,1.3244154475544228
6,4,eligibility_trace_norm_matched,1000,0.53,1.3732997994849083
6,4,no_trace,1000,0.293,1.3856685494503074
6,4,exact_replay,1500,0.762,1.2989588805261187
6,4,eligibility_trace_raw,1500,0.552,1.3069196004637038
6,4,eligibility_trace_norm_matched,1500,0.546,1.3697468361748624
6,4,no_trace,1500,0.26,1.3870324188075145
6,4,exact_replay,2000,0.767,1.2716305355117017
6,4,eligibility_trace_raw,2000,0.604,1.2712086928769455
6,4,eligibility_trace_norm_matched,2000,0.604,1.3612812372517182
6,4,no_trace,2000,0.224,1.388044914984725
6,4,exact_replay,2500,0.765,1.247581405533483
6,4,eligibility_trace_raw,2500,0.593,1.2472125476482918
6,4,eligibility_trace_norm_matched,2500,0.593,1.3548951482212699
6,4,no_trace,2500,0.235,1.387184208365221
6,4,exact_replay,3000,0.767,1.2240403996825353
6,4,eligibility_trace_raw,3000,0.621,1.2116070408214519
6,4,eligibility_trace_norm_matched,3000,0.623,1.3458383026080405
6,4,no_trace,3000,0.252,1.3857812678509112
6,4,batch_logistic,3000,0.918,0.3125430217507582
6,16,exact_replay,500,0.723,1.3549701004694144
6,16,eligibility_trace_raw,500,0.432,1.3624059692956043
6,16,eligibility_trace_norm_matched,500,0.433,1.3813490454893125
6,16,no_trace,500,0.255,1.3861903461107659
6,16,exact_replay,1000,0.754,1.3258982592552047
6,16,eligibility_trace_raw,1000,0.528,1.3324180280202818
6,16,eligibility_trace_norm_matched,1000,0.529,1.374701943827482
6,16,no_trace,1000,0.23,1.3869899290742769
6,16,exact_replay,1500,0.762,1.2989113207480956
6,16,eligibility_trace_raw,1500,0.556,1.3175787175566067
6,16,eligibility_trace_norm_matched,1500,0.552,1.3717114994625323
6,16,no_trace,1500,0.222,1.3878272711157926
6,16,exact_replay,2000,0.767,1.2715681343888237
6,16,eligibility_trace_raw,2000,0.597,1.2855385723592263
6,16,eligibility_trace_norm_matched,2000,0.601,1.3639197743507534
6,16,no_trace,2000,0.207,1.3879890595094222
6,16,exact_replay,2500,0.765,1.2475084282618643
6,16,eligibility_trace_raw,2500,0.596,1.262994812363709
6,16,eligibility_trace_norm_matched,2500,0.588,1.3581351737306564
6,16,no_trace,2500,0.233,1.387233733491853
6,16,exact_replay,3000,0.767,1.2239563621636427
6,16,eligibility_trace_raw,3000,0.6,1.2330737689453128
6,16,eligibility_trace_norm_matched,3000,0.605,1.3507696964481761
6,16,no_trace,3000,0.218,1.3880129556282723
6,16,batch_logistic,3000,0.918,0.3125430217507582
6,64,exact_replay,500,0.722,1.3548960488482107
6,64,eligibility_trace_raw,500,0.339,1.3745397543180653
6,64,eligibility_trace_norm_matched,500,0.353,1.3835932185016921
6,64,no_trace,500,0.244,1.386570299325767
6,64,exact_replay,1000,0.754,1.3257556048600063
6,64,eligibility_trace_raw,1000,0.32,1.3716303675260504
6,64,eligibility_trace_norm_matched,1000,0.319,1.3825341805118738
6,64,no_trace,1000,0.253,1.3853748580223688
6,64,exact_replay,1500,0.762,1.2987080106294646
6,64,eligibility_trace_raw,1500,0.29,1.3766591277160196
6,64,eligibility_trace_norm_matched,1500,0.31,1.3829801245495936
6,64,no_trace,1500,0.217,1.3869979060069526
6,64,exact_replay,2000,0.767,1.2712997313099255
6,64,eligibility_trace_raw,2000,0.375,1.347576587306935
6,64,eligibility_trace_norm_matched,2000,0.393,1.3767637449303742
6,64,no_trace,2000,0.245,1.3852638421829515
6,64,exact_replay,2500,0.765,1.247199943730769
6,64,eligibility_trace_raw,2500,0.401,1.3439654763528266
6,64,eligibility_trace_norm_matched,2500,0.408,1.3755313295011224
6,64,no_trace,2500,0.245,1.3864043415542096
6,64,exact_replay,3000,0.766,1.223607750815312
6,64,eligibility_trace_raw,3000,0.458,1.3172266073545602
6,64,eligibility_trace_norm_matched,3000,0.464,1.368899690283315
6,64,no_trace,3000,0.287,1.382699150392731
6,64,batch_logistic,3000,0.918,0.3125430217507582
7,1,exact_replay,500,0.744,1.356043358751541
7,1,eligibility_trace_raw,500,0.43,1.3589782422360703
7,1,eligibility_trace_norm_matched,500,0.43,1.3804094295084854
7,1,no_trace,500,0.372,1.3838236024971984
7,1,exact_replay,1000,0.743,1.3273229989034543
7,1,eligibility_trace_raw,1000,0.488,1.3433470125363682
7,1,eligibility_trace_norm_matched,1000,0.492,1.3771060387050107
7,1,no_trace,1000,0.283,1.3854116706973962
7,1,exact_replay,1500,0.767,1.2993537895163052
7,1,eligibility_trace_raw,1500,0.532,1.3018453680972175
7,1,eligibility_trace_norm_matched,1500,0.541,1.3679425610188174
7,1,no_trace,1500,0.364,1.3827707782993974
7,1,exact_replay,2000,0.77,1.2736995432626628
7,1,eligibility_trace_raw,2000,0.558,1.2820723179257505
7,1,eligibility_trace_norm_matched,2000,0.569,1.3632839538119716
7,1,no_trace,2000,0.328,1.3830163026919764
7,1,exact_replay,2500,0.77,1.2479136023382111
7,1,eligibility_trace_raw,2500,0.579,1.260291675151463
7,1,eligibility_trace_norm_matched,2500,0.58,1.3580474707119052
7,1,no_trace,2500,0.256,1.3860522168043594
7,1,exact_replay,3000,0.777,1.2236756687083985
7,1,eligibility_trace_raw,3000,0.638,1.2324164356020806
7,1,eligibility_trace_norm_matched,3000,0.624,1.3514494119501415
7,1,no_trace,3000,0.311,1.3830184661962717
7,1,batch_logistic,3000,0.913,0.30893715052718007
7,4,exact_replay,500,0.744,1.3560397010848046
7,4,eligibility_trace_raw,500,0.403,1.3618253172427361
7,4,eligibility_trace_norm_matched,500,0.393,1.380928055752092
7,4,no_trace,500,0.275,1.3860860280787612
7,4,exact_replay,1000,0.743,1.3273150750552718
7,4,eligibility_trace_raw,1000,0.433,1.347760216055834
7,4,eligibility_trace_norm_matched,1000,0.449,1.377853560607337
7,4,no_trace,1000,0.272,1.3862728894128307
7,4,exact_replay,1500,0.767,1.2993420720751905
7,4,eligibility_trace_raw,1500,0.498,1.3076945379387936
7,4,eligibility_trace_norm_matched,1500,0.506,1.3688948184107042
7,4,no_trace,1500,0.253,1.3866678029723525
7,4,exact_replay,2000,0.77,1.2736851493228645
7,4,eligibility_trace_raw,2000,0.547,1.290123662645266
7,4,eligibility_trace_norm_matched,2000,0.545,1.3647841217471137
7,4,no_trace,2000,0.233,1.3876175470295775
7,4,exact_replay,2500,0.77,1.2478960118994669
7,4,eligibility_trace_raw,2500,0.565,1.2692591581221313
7,4,eligibility_trace_norm_matched,2500,0.568,1.359724306756138
7,4,no_trace,2500,0.218,1.3878359141130208
7,4,exact_replay,3000,0.777,1.2236550984884274
7,4,eligibility_trace_raw,3000,0.626,1.2420080401649747
7,4,eligibility_trace_norm_matched,3000,0.615,1.353489055035816
7,4,no_trace,3000,0.23,1.387207856572681
7,4,batch_logistic,3000,0.913,0.30893715052718007
7,16,exact_replay,500,0.743,1.3560219573303776
7,16,eligibility_trace_raw,500,0.368,1.369847092694245
7,16,eligibility_trace_norm_matched,500,0.382,1.3825731273963657
7,16,no_trace,500,0.182,1.3878763430138232
7,16,exact_replay,1000,0.743,1.327281039089608
7,16,eligibility_trace_raw,1000,0.397,1.3582460564494236
7,16,eligibility_trace_norm_matched,1000,0.383,1.3802529703916167
7,16,no_trace,1000,0.146,1.390089574194206
7,16,exact_replay,1500,0.767,1.2992912901852014
7,16,eligibility_trace_raw,1500,0.461,1.319166581020798
7,16,eligibility_trace_norm_matched,1500,0.461,1.37203695179642
7,16,no_trace,1500,0.178,1.3890968285342788
7,16,exact_replay,2000,0.77,1.2736224306862636
7,16,eligibility_trace_raw,2000,0.489,1.3016925502090444
7,16,eligibility_trace_norm_matched,2000,0.491,1.367672515048212
7,16,no_trace,2000,0.216,1.3874613607988162
7,16,exact_replay,2500,0.77,1.2478229658677724
7,16,eligibility_trace_raw,2500,0.525,1.2842228981620514
7,16,eligibility_trace_norm_matched,2500,0.515,1.3637421913156769
7,16,no_trace,2500,0.176,1.3894288887131243
7,16,exact_replay,3000,0.777,1.2235720993131105
7,16,eligibility_trace_raw,3000,0.575,1.2657991228764525
7,16,eligibility_trace_norm_matched,3000,0.568,1.3594004520785683
7,16,no_trace,3000,0.185,1.3910273597455394
7,16,batch_logistic,3000,0.913,0.30893715052718007
7,64,exact_replay,500,0.743,1.3559577070426208
7,64,eligibility_trace_raw,500,0.338,1.3763747048988058
7,64,eligibility_trace_norm_matched,500,0.325,1.3845200454418223
7,64,no_trace,500,0.32,1.3849559027097025
7,64,exact_replay,1000,0.743,1.3271460504185952
7,64,eligibility_trace_raw,1000,0.254,1.3864467526384643
7,64,eligibility_trace_norm_matched,1000,0.253,1.386320743168416
7,64,no_trace,1000,0.266,1.3858218466028438
7,64,exact_replay,1500,0.767,1.2990960340145947
7,64,eligibility_trace_raw,1500,0.365,1.362478370011177
7,64,eligibility_trace_norm_matched,1500,0.362,1.381258572697478
7,64,no_trace,1500,0.251,1.385980400893958
7,64,exact_replay,2000,0.769,1.2733824323587506
7,64,eligibility_trace_raw,2000,0.386,1.3502822647568067
7,64,eligibility_trace_norm_matched,2000,0.391,1.3786265274148701
7,64,no_trace,2000,0.237,1.3863914628395555
7,64,exact_replay,2500,0.77,1.2475364604727996
7,64,eligibility_trace_raw,2500,0.383,1.3504216583617559
7,64,eligibility_trace_norm_matched,2500,0.367,1.3785270177231137
7,64,no_trace,2500,0.27,1.3852977809243894
7,64,exact_replay,3000,0.776,1.2232434017480427
7,64,eligibility_trace_raw,3000,0.406,1.3326765396235332
7,64,eligibility_trace_norm_matched,3000,0.414,1.3743841522263867
7,64,no_trace,3000,0.271,1.3855216204461014
7,64,batch_logistic,3000,0.913,0.30893715052718007
8,1,exact_replay,500,0.702,1.3582225027721657
8,1,eligibility_trace_raw,500,0.518,1.3526144253782098
8,1,eligibility_trace_norm_matched,500,0.502,1.3789804941681914
8,1,no_trace,500,0.288,1.3855489845734315
8,1,exact_replay,1000,0.705,1.3303584215494453
8,1,eligibility_trace_raw,1000,0.527,1.3130205177332723
8,1,eligibility_trace_norm_matched,1000,0.516,1.3708317004700337
8,1,no_trace,1000,0.282,1.3849520488945282
8,1,exact_replay,1500,0.715,1.3045494857310191
8,1,eligibility_trace_raw,1500,0.551,1.2705211727259516
8,1,eligibility_trace_norm_matched,1500,0.55,1.361394289558973
8,1,no_trace,1500,0.267,1.3845306159813162
8,1,exact_replay,2000,0.721,1.2803436560880226
8,1,eligibility_trace_raw,2000,0.573,1.2426867396137882
8,1,eligibility_trace_norm_matched,2000,0.57,1.3549556291182672
8,1,no_trace,2000,0.247,1.3858233246888494
8,1,exact_replay,2500,0.723,1.2579698216039688
8,1,eligibility_trace_raw,2500,0.605,1.2298950116586493
8,1,eligibility_trace_norm_matched,2500,0.595,1.3511737196836888
8,1,no_trace,2500,0.251,1.3853296415104093
8,1,exact_replay,3000,0.715,1.2372251035468431
8,1,eligibility_trace_raw,3000,0.594,1.210711033521254
8,1,eligibility_trace_norm_matched,3000,0.598,1.3457923663326996
8,1,no_trace,3000,0.287,1.3841952331249268
8,1,batch_logistic,3000,0.912,0.3225247089177825
8,4,exact_replay,500,0.702,1.3582186683600495
8,4,eligibility_trace_raw,500,0.494,1.354366165027295
8,4,eligibility_trace_norm_matched,500,0.497,1.3794463503617518
8,4,no_trace,500,0.227,1.3870208212397293
8,4,exact_replay,1000,0.705,1.330350165544624
8,4,eligibility_trace_raw,1000,0.531,1.3142931847514647
8,4,eligibility_trace_norm_matched,1000,0.518,1.371141209271667
8,4,no_trace,1000,0.239,1.387585814691199
8,4,exact_replay,1500,0.715,1.3045373589394236
8,4,eligibility_trace_raw,1500,0.546,1.274624476331427
8,4,eligibility_trace_norm_matched,1500,0.541,1.3625475021151137
8,4,no_trace,1500,0.232,1.3870799724436271
8,4,exact_replay,2000,0.721,1.2803280566411563
8,4,eligibility_trace_raw,2000,0.566,1.2471278857935746
8,4,eligibility_trace_norm_matched,2000,0.566,1.3560677869453774
8,4,no_trace,2000,0.268,1.3856703169237667
8,4,exact_replay,2500,0.723,1.2579518808210788
8,4,eligibility_trace_raw,2500,0.597,1.2348034898955542
8,4,eligibility_trace_norm_matched,2500,0.58,1.3525588372346322
8,4,no_trace,2500,0.255,1.3861534403787736
8,4,exact_replay,3000,0.715,1.2372056203615434
8,4,eligibility_trace_raw,3000,0.58,1.2157305026661416
8,4,eligibility_trace_norm_matched,3000,0.577,1.3471727248078937
8,4,no_trace,3000,0.243,1.385997661604951
8,4,batch_logistic,3000,0.912,0.3225247089177825
8,16,exact_replay,500,0.702,1.3582016617461876
8,16,eligibility_trace_raw,500,0.386,1.3668962488302887
8,16,eligibility_trace_norm_matched,500,0.381,1.3823185051966693
8,16,no_trace,500,0.292,1.3854066387643096
8,16,exact_replay,1000,0.705,1.3303155889120826
8,16,eligibility_trace_raw,1000,0.48,1.3367105739383554
8,16,eligibility_trace_norm_matched,1000,0.465,1.3760597332014048
8,16,no_trace,1000,0.276,1.3855290530547848
8,16,exact_replay,1500,0.715,1.3044890887290677
8,16,eligibility_trace_raw,1500,0.531,1.2968495530068669
8,16,eligibility_trace_norm_matched,1500,0.524,1.367527189693673
8,16,no_trace,1500,0.332,1.3831701187813679
8,16,exact_replay,2000,0.722,1.2802678072548865
8,16,eligibility_trace_raw,2000,0.555,1.2684469794540099
8,16,eligibility_trace_norm_matched,2000,0.559,1.3611251909740318
8,16,no_trace,2000,0.339,1.3826893630603672
8,16,exact_replay,2500,0.722,1.2578809713205188
8,16,eligibility_trace_raw,2500,0.553,1.2641969212085413
8,16,eligibility_trace_norm_matched,2500,0.548,1.3593418001912791
8,16,no_trace,2500,0.347,1.3822028019735002
8,16,exact_replay,3000,0.715,1.2371264771742891
8,16,eligibility_trace_raw,3000,0.547,1.2507002903676028
8,16,eligibility_trace_norm_matched,3000,0.552,1.355921083793553
8,16,no_trace,3000,0.29,1.3846717257119372
8,16,batch_logistic,3000,0.912,0.3225247089177825
8,64,exact_replay,500,0.701,1.3581388844301052
8,64,eligibility_trace_raw,500,0.338,1.3729753554166264
8,64,eligibility_trace_norm_matched,500,0.333,1.3836389416204893
8,64,no_trace,500,0.217,1.3868628590323016
8,64,exact_replay,1000,0.705,1.3301860263198475
8,64,eligibility_trace_raw,1000,0.357,1.360741547618925
8,64,eligibility_trace_norm_matched,1000,0.364,1.3802165994023121
8,64,no_trace,1000,0.175,1.3890595469903992
8,64,exact_replay,1500,0.715,1.304303704969972
8,64,eligibility_trace_raw,1500,0.431,1.3348018879728156
8,64,eligibility_trace_norm_matched,1500,0.435,1.375080536592735
8,64,no_trace,1500,0.197,1.3889897077163296
8,64,exact_replay,2000,0.722,1.2800331317714966
8,64,eligibility_trace_raw,2000,0.46,1.3154041896083237
8,64,eligibility_trace_norm_matched,2000,0.459,1.370833589770446
8,64,no_trace,2000,0.22,1.3880236291875803
8,64,exact_replay,2500,0.723,1.2576071298106746
8,64,eligibility_trace_raw,2500,0.459,1.3189234776329133
8,64,eligibility_trace_norm_matched,2500,0.46,1.3709910618088355
8,64,no_trace,2500,0.248,1.3875140326360684
8,64,exact_replay,3000,0.715,1.2368213387415876
8,64,eligibility_trace_raw,3000,0.443,1.3179045867294936
8,64,eligibility_trace_norm_matched,3000,0.447,1.370186724686891
8,64,no_trace,3000,0.22,1.3888439606876946
8,64,batch_logistic,3000,0.912,0.3225247089177825
9,1,exact_replay,500,0.752,1.3573322109549983
9,1,eligibility_trace_raw,500,0.459,1.3626020239696397
9,1,eligibility_trace_norm_matched,500,0.482,1.3806719355211858
9,1,no_trace,500,0.228,1.386965527242838
9,1,exact_replay,1000,0.783,1.3283016902209523
9,1,eligibility_trace_raw,1000,0.483,1.3355211604407542
9,1,eligibility_trace_norm_matched,1000,0.507,1.3747982459613695
9,1,no_trace,1000,0.196,1.3880584960554136
9,1,exact_replay,1500,0.79,1.3016057897779276
9,1,eligibility_trace_raw,1500,0.548,1.313258970370322
9,1,eligibility_trace_norm_matched,1500,0.552,1.3697533604586056
9,1,no_trace,1500,0.165,1.3904400264486687
9,1,exact_replay,2000,0.781,1.2751354017832355
9,1,eligibility_trace_raw,2000,0.518,1.3022195715509683
9,1,eligibility_trace_norm_matched,2000,0.532,1.366490330118715
9,1,no_trace,2000,0.139,1.3923232965841057
9,1,exact_replay,2500,0.781,1.2496783682229642
9,1,eligibility_trace_raw,2500,0.55,1.2838508564080198
9,1,eligibility_trace_norm_matched,2500,0.552,1.3624590109734913
9,1,no_trace,2500,0.194,1.3921781652521703
9,1,exact_replay,3000,0.789,1.226297502277449
9,1,eligibility_trace_raw,3000,0.556,1.270310879251153
9,1,eligibility_trace_norm_matched,3000,0.557,1.3584268253885394
9,1,no_trace,3000,0.222,1.3887125034325327
9,1,batch_logistic,3000,0.936,0.2838004174708816
9,4,exact_replay,500,0.752,1.3573279787791548
9,4,eligibility_trace_raw,500,0.467,1.3633920931490844
9,4,eligibility_trace_norm_matched,500,0.479,1.3809802256043158
9,4,no_trace,500,0.238,1.3864992086768229
9,4,exact_replay,1000,0.783,1.3282928917512362
9,4,eligibility_trace_raw,1000,0.473,1.3392856273507863
9,4,eligibility_trace_norm_matched,1000,0.477,1.375822511828817
9,4,no_trace,1000,0.275,1.3860860595446023
9,4,exact_replay,1500,0.79,1.301593377573749
9,4,eligibility_trace_raw,1500,0.533,1.3199763365116481
9,4,eligibility_trace_norm_matched,1500,0.535,1.371269527670564
9,4,no_trace,1500,0.25,1.3867215559885253
9,4,exact_replay,2000,0.781,1.2751195443459633
9,4,eligibility_trace_raw,2000,0.506,1.306088798101401
9,4,eligibility_trace_norm_matched,2000,0.516,1.3675984665880478
9,4,no_trace,2000,0.299,1.3844914960941896
9,4,exact_replay,2500,0.781,1.2496596978745482
9,4,eligibility_trace_raw,2500,0.544,1.2879992472530504
9,4,eligibility_trace_norm_matched,2500,0.541,1.363559524512791
9,4,no_trace,2500,0.285,1.3844205415868063
9,4,exact_replay,3000,0.789,1.2262765431409715
9,4,eligibility_trace_raw,3000,0.522,1.2783452289029646
9,4,eligibility_trace_norm_matched,3000,0.526,1.36057552645754
9,4,no_trace,3000,0.285,1.3841096300595834
9,4,batch_logistic,3000,0.936,0.2838004174708816
9,16,exact_replay,500,0.752,1.3573116138222567
9,16,eligibility_trace_raw,500,0.368,1.3705471232470199
9,16,eligibility_trace_norm_matched,500,0.366,1.3824610652464069
9,16,no_trace,500,0.185,1.3871937057579766
9,16,exact_replay,1000,0.782,1.3282609636076135
9,16,eligibility_trace_raw,1000,0.396,1.3547428671725348
9,16,eligibility_trace_norm_matched,1000,0.411,1.379089342101904
9,16,no_trace,1000,0.22,1.3877449658273178
9,16,exact_replay,1500,0.79,1.3015473443207404
9,16,eligibility_trace_raw,1500,0.43,1.3416314661901165
9,16,eligibility_trace_norm_matched,1500,0.435,1.376094230151125
9,16,no_trace,1500,0.214,1.3870798566975122
9,16,exact_replay,2000,0.781,1.275060158806085
9,16,eligibility_trace_raw,2000,0.435,1.3372962806220818
9,16,eligibility_trace_norm_matched,2000,0.452,1.3745546679265062
9,16,no_trace,2000,0.178,1.3896699159493537
9,16,exact_replay,2500,0.781,1.2495896137353066
9,16,eligibility_trace_raw,2500,0.453,1.3293498419767484
9,16,eligibility_trace_norm_matched,2500,0.451,1.3731630294118717
9,16,no_trace,2500,0.181,1.3905137813047037
9,16,exact_replay,3000,0.789,1.2261977342666004
9,16,eligibility_trace_raw,3000,0.449,1.321018982705859
9,16,eligibility_trace_norm_matched,3000,0.451,1.370767261418317
9,16,no_trace,3000,0.178,1.3906876003198023
9,16,batch_logistic,3000,0.936,0.2838004174708816
9,64,exact_replay,500,0.752,1.3572536048062511
9,64,eligibility_trace_raw,500,0.251,1.3852288929491747
9,64,eligibility_trace_norm_matched,500,0.278,1.3856523951781279
9,64,no_trace,500,0.195,1.3878345830916305
9,64,exact_replay,1000,0.782,1.328134004196184
9,64,eligibility_trace_raw,1000,0.27,1.3787637448047811
9,64,eligibility_trace_norm_matched,1000,0.275,1.3841427794763708
9,64,no_trace,1000,0.265,1.3859629415308554
9,64,exact_replay,1500,0.79,1.3013626689769788
9,64,eligibility_trace_raw,1500,0.26,1.3792127922481876
9,64,eligibility_trace_norm_matched,1500,0.255,1.384211596712256
9,64,no_trace,1500,0.231,1.3873550851779468
9,64,exact_replay,2000,0.781,1.2748189493258033
9,64,eligibility_trace_raw,2000,0.262,1.387502124255634
9,64,eligibility_trace_norm_matched,2000,0.254,1.385361788101868
9,64,no_trace,2000,0.218,1.3879919672693366
9,64,exact_replay,2500,0.781,1.2492999513165048
9,64,eligibility_trace_raw,2500,0.26,1.385150290405985
9,64,eligibility_trace_norm_matched,2500,0.267,1.384839556881723
9,64,no_trace,2500,0.217,1.3882847539934655
9,64,exact_replay,3000,0.789,1.22586702298934
9,64,eligibility_trace_raw,3000,0.247,1.3867386125627286
9,64,eligibility_trace_norm_matched,3000,0.238,1.3846978028882808
9,64,no_trace,3000,0.206,1.3893833081305327
9,64,batch_logistic,3000,0.936,0.2838004174708816
10,1,exact_replay,500,0.716,1.356815289678637
10,1,eligibility_trace_raw,500,0.491,1.3548519799009222
10,1,eligibility_trace_norm_matched,500,0.517,1.3796434020958945
10,1,no_trace,500,0.34,1.3838368644522645
10,1,exact_replay,1000,0.722,1.3290009327629733
10,1,eligibility_trace_raw,1000,0.489,1.3360822760060431
10,1,eligibility_trace_norm_matched,1000,0.501,1.3755316008880913
10,1,no_trace,1000,0.332,1.3828451741178027
10,1,exact_replay,1500,0.727,1.3024747844676021
10,1,eligibility_trace_raw,1500,0.493,1.3186958270690612
10,1,eligibility_trace_norm_matched,1500,0.495,1.3714689472133978
10,1,no_trace,1500,0.288,1.384227317030875
10,1,exact_replay,2000,0.728,1.2774173490795293
10,1,eligibility_trace_raw,2000,0.534,1.2929473403511096
10,1,eligibility_trace_norm_matched,2000,0.535,1.3653974579947759
10,1,no_trace,2000,0.304,1.3832263699651213
10,1,exact_replay,2500,0.731,1.2539112368446996
10,1,eligibility_trace_raw,2500,0.56,1.2778300662288593
10,1,eligibility_trace_norm_matched,2500,0.563,1.3620426606365932
10,1,no_trace,2500,0.296,1.3834373804186384
10,1,exact_replay,3000,0.729,1.2305097453759726
10,1,eligibility_trace_raw,3000,0.581,1.2623820041384024
10,1,eligibility_trace_norm_matched,3000,0.583,1.3585478726186362
10,1,no_trace,3000,0.255,1.3852910741266966
10,1,batch_logistic,3000,0.899,0.3270143488334845
10,4,exact_replay,500,0.716,1.3568111333162878
10,4,eligibility_trace_raw,500,0.452,1.3591258634017405
10,4,eligibility_trace_norm_matched,500,0.454,1.3808138053146608
10,4,no_trace,500,0.24,1.3866449727032524
10,4,exact_replay,1000,0.722,1.3289922552845082
10,4,eligibility_trace_raw,1000,0.473,1.3438229233632195
10,4,eligibility_trace_norm_matched,1000,0.472,1.3774922146500108
10,4,no_trace,1000,0.221,1.3875447432118695
10,4,exact_replay,1500,0.727,1.302462669980297
10,4,eligibility_trace_raw,1500,0.501,1.3245728773824494
10,4,eligibility_trace_norm_matched,1500,0.496,1.3732496558862572
10,4,no_trace,1500,0.255,1.386889246803588
10,4,exact_replay,2000,0.728,1.2774023898686473
10,4,eligibility_trace_raw,2000,0.545,1.2966808371789524
10,4,eligibility_trace_norm_matched,2000,0.547,1.3668395274248126
10,4,no_trace,2000,0.282,1.385242431342546
10,4,exact_replay,2500,0.731,1.2538935813208776
10,4,eligibility_trace_raw,2500,0.576,1.280004757694604
10,4,eligibility_trace_norm_matched,2500,0.564,1.3631396844327845
10,4,no_trace,2500,0.266,1.3853228710140595
10,4,exact_replay,3000,0.729,1.2304895464289083
10,4,eligibility_trace_raw,3000,0.606,1.2655871435833994
10,4,eligibility_trace_norm_matched,3000,0.599,1.3598510610948056
10,4,no_trace,3000,0.268,1.385637484551155
10,4,batch_logistic,3000,0.899,0.3270143488334845
10,16,exact_replay,500,0.716,1.356793257481369
10,16,eligibility_trace_raw,500,0.463,1.3541576588517865
10,16,eligibility_trace_norm_matched,500,0.454,1.3799275904324715
10,16,no_trace,500,0.302,1.3851708547955117
10,16,exact_replay,1000,0.722,1.3289571262722184
10,16,eligibility_trace_raw,1000,0.479,1.3466939348790339
10,16,eligibility_trace_norm_matched,1000,0.466,1.3781630787921413
10,16,no_trace,1000,0.263,1.3852105859568922
10,16,exact_replay,1500,0.727,1.302412596159456
10,16,eligibility_trace_raw,1500,0.466,1.342067109773353
10,16,eligibility_trace_norm_matched,1500,0.442,1.3772225985503015
10,16,no_trace,1500,0.244,1.3865172373589099
10,16,exact_replay,2000,0.728,1.2773392539498123
10,16,eligibility_trace_raw,2000,0.483,1.3231385651995737
10,16,eligibility_trace_norm_matched,2000,0.458,1.3727706399799386
10,16,no_trace,2000,0.227,1.3878455754716417
10,16,exact_replay,2500,0.731,1.2538200589931494
10,16,eligibility_trace_raw,2500,0.506,1.3105054075282556
10,16,eligibility_trace_norm_matched,2500,0.494,1.370137965835183
10,16,no_trace,2500,0.188,1.3910100891262436
10,16,exact_replay,3000,0.729,1.230405946098979
10,16,eligibility_trace_raw,3000,0.517,1.297091793969797
10,16,eligibility_trace_norm_matched,3000,0.51,1.3667998316421455
10,16,no_trace,3000,0.192,1.3905111445912666
10,16,batch_logistic,3000,0.899,0.3270143488334845
10,64,exact_replay,500,0.715,1.3567263557451374
10,64,eligibility_trace_raw,500,0.276,1.3787736492000506
10,64,eligibility_trace_norm_matched,500,0.262,1.384878024102919
10,64,no_trace,500,0.263,1.385769738284859
10,64,exact_replay,1000,0.722,1.3288178877636092
10,64,eligibility_trace_raw,1000,0.26,1.3850971353922983
10,64,eligibility_trace_norm_matched,1000,0.255,1.3857442037899985
10,64,no_trace,1000,0.266,1.385727366837571
10,64,exact_replay,1500,0.727,1.3022138331279784
10,64,eligibility_trace_raw,1500,0.269,1.3788186648455203
10,64,eligibility_trace_norm_matched,1500,0.264,1.3846284825811022
10,64,no_trace,1500,0.241,1.3864619756834031
10,64,exact_replay,2000,0.728,1.2770861781773957
10,64,eligibility_trace_raw,2000,0.344,1.361013952905217
10,64,eligibility_trace_norm_matched,2000,0.34,1.3807425928497783
10,64,no_trace,2000,0.3,1.383486668849908
10,64,exact_replay,2500,0.731,1.253525676207572
10,64,eligibility_trace_raw,2500,0.365,1.350135931575322
10,64,eligibility_trace_norm_matched,2500,0.36,1.3785205202184843
10,64,no_trace,2500,0.282,1.3835593934982202
10,64,exact_replay,3000,0.729,1.2300750748384583
10,64,eligibility_trace_raw,3000,0.396,1.3456238571519357
10,64,eligibility_trace_norm_matched,3000,0.388,1.3771196699072152
10,64,no_trace,3000,0.237,1.3870199959149125
10,64,batch_logistic,3000,0.899,0.3270143488334845
11,1,exact_replay,500,0.688,1.3574700969151081
11,1,eligibility_trace_raw,500,0.414,1.3649063223718771
11,1,eligibility_trace_norm_matched,500,0.431,1.3812236903761002
11,1,no_trace,500,0.206,1.387121375072885
11,1,exact_replay,1000,0.7,1.330343991438099
11,1,eligibility_trace_raw,1000,0.539,1.3301944599721822
11,1,eligibility_trace_norm_matched,1000,0.549,1.3738247761097728
11,1,no_trace,1000,0.255,1.3867844718885207
11,1,exact_replay,1500,0.718,1.304784834300974
11,1,eligibility_trace_raw,1500,0.55,1.313041945126251
11,1,eligibility_trace_norm_matched,1500,0.551,1.3695967708227794
11,1,no_trace,1500,0.231,1.3870502136549432
11,1,exact_replay,2000,0.717,1.2799706491755707
11,1,eligibility_trace_raw,2000,0.58,1.284225818663977
11,1,eligibility_trace_norm_matched,2000,0.579,1.363075188612905
11,1,no_trace,2000,0.239,1.3859061214417483
11,1,exact_replay,2500,0.731,1.2567913519810539
11,1,eligibility_trace_raw,2500,0.587,1.2648656237197606
11,1,eligibility_trace_norm_matched,2500,0.584,1.357550978868676
11,1,no_trace,2500,0.254,1.3858724465450833
11,1,exact_replay,3000,0.73,1.2345615440765851
11,1,eligibility_trace_raw,3000,0.613,1.2461861287039375
11,1,eligibility_trace_norm_matched,3000,0.612,1.3522422910883847
11,1,no_trace,3000,0.242,1.3867873919254599
11,1,batch_logistic,3000,0.929,0.29747480163331796
11,4,exact_replay,500,0.688,1.3574654448902166
11,4,eligibility_trace_raw,500,0.425,1.3664642882798745
11,4,eligibility_trace_norm_matched,500,0.423,1.381641096191773
11,4,no_trace,500,0.255,1.3864186894221908
11,4,exact_replay,1000,0.7,1.3303359403462287
11,4,eligibility_trace_raw,1000,0.539,1.3326681915736058
11,4,eligibility_trace_norm_matched,1000,0.548,1.3745077898621407
11,4,no_trace,1000,0.231,1.3869340729637711
11,4,exact_replay,1500,0.718,1.304773403843003
11,4,eligibility_trace_raw,1500,0.558,1.3170537675216305
11,4,eligibility_trace_norm_matched,1500,0.564,1.3706369062427444
11,4,no_trace,1500,0.232,1.387726014912887
11,4,exact_replay,2000,0.717,1.2799561988962
11,4,eligibility_trace_raw,2000,0.593,1.2912127044671835
11,4,eligibility_trace_norm_matched,2000,0.579,1.3647472873751814
11,4,no_trace,2000,0.237,1.3876120121664564
11,4,exact_replay,2500,0.731,1.2567741525545393
11,4,eligibility_trace_raw,2500,0.583,1.2726548400829898
11,4,eligibility_trace_norm_matched,2500,0.583,1.359353853342568
11,4,no_trace,2500,0.243,1.3868850225491343
11,4,exact_replay,3000,0.73,1.2345423205669377
11,4,eligibility_trace_raw,3000,0.611,1.2559155577458865
11,4,eligibility_trace_norm_matched,3000,0.601,1.3545855506212061
11,4,no_trace,3000,0.232,1.3874686346338039
11,4,batch_logistic,3000,0.929,0.29747480163331796
11,16,exact_replay,500,0.688,1.3574478985992384
11,16,eligibility_trace_raw,500,0.34,1.3724861035921363
11,16,eligibility_trace_norm_matched,500,0.356,1.3831013543731652
11,16,no_trace,500,0.307,1.385224875535452
11,16,exact_replay,1000,0.7,1.3303022795425279
11,16,eligibility_trace_raw,1000,0.497,1.3440247389630835
11,16,eligibility_trace_norm_matched,1000,0.47,1.377021982191786
11,16,no_trace,1000,0.328,1.383730513629492
11,16,exact_replay,1500,0.718,1.3047277783352382
11,16,eligibility_trace_raw,1500,0.519,1.3282991925376981
11,16,eligibility_trace_norm_matched,1500,0.524,1.373091450274244
11,16,no_trace,1500,0.287,1.3842334908153449
11,16,exact_replay,2000,0.717,1.2798971628506832
11,16,eligibility_trace_raw,2000,0.565,1.3064679620845054
11,16,eligibility_trace_norm_matched,2000,0.567,1.368158125651926
11,16,no_trace,2000,0.303,1.3838325956255322
11,16,exact_replay,2500,0.731,1.2567035812789298
11,16,eligibility_trace_raw,2500,0.575,1.2905799937044016
11,16,eligibility_trace_norm_matched,2500,0.588,1.3640018276084007
11,16,no_trace,2500,0.262,1.3853459976091458
11,16,exact_replay,3000,0.73,1.2344622793382027
11,16,eligibility_trace_raw,3000,0.579,1.2797043214299972
11,16,eligibility_trace_norm_matched,3000,0.584,1.3608587279048214
11,16,no_trace,3000,0.281,1.38426669347409
11,16,batch_logistic,3000,0.929,0.29747480163331796
11,64,exact_replay,500,0.687,1.357375940940724
11,64,eligibility_trace_raw,500,0.29,1.380003279896576
11,64,eligibility_trace_norm_matched,500,0.272,1.3850330586773518
11,64,no_trace,500,0.224,1.3866406170649734
11,64,exact_replay,1000,0.7,1.3301659754884922
11,64,eligibility_trace_raw,1000,0.24,1.394000647966399
11,64,eligibility_trace_norm_matched,1000,0.244,1.3875719149377173
11,64,no_trace,1000,0.231,1.3876250301737518
11,64,exact_replay,1500,0.718,1.3045382354589032
11,64,eligibility_trace_raw,1500,0.207,1.4049978581146487
11,64,eligibility_trace_norm_matched,1500,0.207,1.3889377841851602
11,64,no_trace,1500,0.253,1.3874170224187392
11,64,exact_replay,2000,0.717,1.2796577297177374
11,64,eligibility_trace_raw,2000,0.234,1.4092089722902568
11,64,eligibility_trace_norm_matched,2000,0.239,1.3891332487276153
11,64,no_trace,2000,0.196,1.3901341247685342
11,64,exact_replay,2500,0.73,1.2564188902243474
11,64,eligibility_trace_raw,2500,0.247,1.4024811585582386
11,64,eligibility_trace_norm_matched,2500,0.26,1.3873095202218875
11,64,no_trace,2500,0.2,1.3911156734201808
11,64,exact_replay,3000,0.73,1.2341438671448985
11,64,eligibility_trace_raw,3000,0.258,1.4043323925715978
11,64,eligibility_trace_norm_matched,3000,0.263,1.3874402323246917
11,64,no_trace,3000,0.194,1.3919021535297142
11,64,batch_logistic,3000,0.929,0.29747480163331796
12,1,exact_replay,500,0.742,1.3576097867998507
12,1,eligibility_trace_raw,500,0.529,1.3437825348588772
12,1,eligibility_trace_norm_matched,500,0.525,1.3773967584385256
12,1,no_trace,500,0.284,1.3852925333794364
12,1,exact_replay,1000,0.749,1.330148055689361
12,1,eligibility_trace_raw,1000,0.538,1.3176228203753118
12,1,eligibility_trace_norm_matched,1000,0.526,1.3721588485778302
12,1,no_trace,1000,0.254,1.3854967862361527
12,1,exact_replay,1500,0.756,1.3032538637904665
12,1,eligibility_trace_raw,1500,0.534,1.3025960976135398
12,1,eligibility_trace_norm_matched,1500,0.53,1.3686908700747717
12,1,no_trace,1500,0.271,1.3849047116647843
12,1,exact_replay,2000,0.76,1.2792601205205887
12,1,eligibility_trace_raw,2000,0.557,1.2748376526833087
12,1,eligibility_trace_norm_matched,2000,0.557,1.3615044810254098
12,1,no_trace,2000,0.26,1.3855421409298834
12,1,exact_replay,2500,0.765,1.2560443742549336
12,1,eligibility_trace_raw,2500,0.565,1.252006691167412
12,1,eligibility_trace_norm_matched,2500,0.553,1.3557815253416856
12,1,no_trace,2500,0.285,1.3847824094910515
12,1,exact_replay,3000,0.764,1.233096473215763
12,1,eligibility_trace_raw,3000,0.605,1.2241201497483483
12,1,eligibility_trace_norm_matched,3000,0.607,1.3488215218907422
12,1,no_trace,3000,0.314,1.38281842220238
12,1,batch_logistic,3000,0.899,0.3313631853389389
12,4,exact_replay,500,0.742,1.357605570598329
12,4,eligibility_trace_raw,500,0.533,1.3435262275800655
12,4,eligibility_trace_norm_matched,500,0.525,1.3774475880795345
12,4,no_trace,500,0.245,1.3862478668486125
12,4,exact_replay,1000,0.749,1.3301402545739993
12,4,eligibility_trace_raw,1000,0.522,1.3200876382367317
12,4,eligibility_trace_norm_matched,1000,0.53,1.3726164734010626
12,4,no_trace,1000,0.248,1.3861839931365223
12,4,exact_replay,1500,0.755,1.3032426177165517
12,4,eligibility_trace_raw,1500,0.523,1.3043000634063155
12,4,eligibility_trace_norm_matched,1500,0.521,1.3690134975242352
12,4,no_trace,1500,0.305,1.3838483635982197
12,4,exact_replay,2000,0.76,1.2792461738520013
12,4,eligibility_trace_raw,2000,0.549,1.2776895337638237
12,4,eligibility_trace_norm_matched,2000,0.544,1.3624510223821302
12,4,no_trace,2000,0.312,1.3834502692992452
12,4,exact_replay,2500,0.765,1.256027844486916
12,4,eligibility_trace_raw,2500,0.559,1.2537319397521693
12,4,eligibility_trace_norm_matched,2500,0.563,1.3563595207504795
12,4,no_trace,2500,0.333,1.3815501962235508
12,4,exact_replay,3000,0.764,1.2330774561612747
12,4,eligibility_trace_raw,3000,0.596,1.229582737783838
12,4,eligibility_trace_norm_matched,3000,0.596,1.3502695777500888
12,4,no_trace,3000,0.309,1.3828509382440592
12,4,batch_logistic,3000,0.899,0.3313631853389389
12,16,exact_replay,500,0.742,1.357588968880266
12,16,eligibility_trace_raw,500,0.431,1.356268144066412
12,16,eligibility_trace_norm_matched,500,0.429,1.3801842819787558
12,16,no_trace,500,0.2,1.387431767971812
12,16,exact_replay,1000,0.749,1.3301084264829035
12,16,eligibility_trace_raw,1000,0.461,1.342966792899883
12,16,eligibility_trace_norm_matched,1000,0.47,1.3772070717670077
12,16,no_trace,1000,0.257,1.3859914333269485
12,16,exact_replay,1500,0.754,1.3031969165191126
12,16,eligibility_trace_raw,1500,0.436,1.3328986992325254
12,16,eligibility_trace_norm_matched,1500,0.441,1.3743324305782816
12,16,no_trace,1500,0.248,1.3867714487944987
12,16,exact_replay,2000,0.76,1.2791892944745646
12,16,eligibility_trace_raw,2000,0.489,1.3098067668200222
12,16,eligibility_trace_norm_matched,2000,0.493,1.3689426516647718
12,16,no_trace,2000,0.261,1.3858417855167764
12,16,exact_replay,2500,0.765,1.2559597598131633
12,16,eligibility_trace_raw,2500,0.515,1.2927079928282077
12,16,eligibility_trace_norm_matched,2500,0.513,1.3645766980430567
12,16,no_trace,2500,0.249,1.3856581814880182
12,16,exact_replay,3000,0.764,1.2329997198359874
12,16,eligibility_trace_raw,3000,0.564,1.2658311398545066
12,16,eligibility_trace_norm_matched,3000,0.563,1.3585866489148588
12,16,no_trace,3000,0.297,1.384100484362191
12,16,batch_logistic,3000,0.899,0.3313631853389389
12,64,exact_replay,500,0.742,1.3575257460203285
12,64,eligibility_trace_raw,500,0.358,1.3670522474352769
12,64,eligibility_trace_norm_matched,500,0.347,1.3825923945147303
12,64,no_trace,500,0.243,1.386616777600145
12,64,exact_replay,1000,0.749,1.3299836566249268
12,64,eligibility_trace_raw,1000,0.389,1.3626407555854745
12,64,eligibility_trace_norm_matched,1000,0.382,1.3817363259170492
12,64,no_trace,1000,0.231,1.3868108146697047
12,64,exact_replay,1500,0.754,1.3030120773312168
12,64,eligibility_trace_raw,1500,0.405,1.3505353268116573
12,64,eligibility_trace_norm_matched,1500,0.4,1.3786951634575422
12,64,no_trace,1500,0.213,1.3884135156941235
12,64,exact_replay,2000,0.76,1.2789582193170395
12,64,eligibility_trace_raw,2000,0.412,1.333713295277652
12,64,eligibility_trace_norm_matched,2000,0.432,1.3748483324659544
12,64,no_trace,2000,0.158,1.3911189365301926
12,64,exact_replay,2500,0.765,1.25569044215278
12,64,eligibility_trace_raw,2500,0.431,1.3292890440272331
12,64,eligibility_trace_norm_matched,2500,0.42,1.3737087794320755
12,64,no_trace,2500,0.161,1.3914817141397253
12,64,exact_replay,3000,0.764,1.2326894557030887
12,64,eligibility_trace_raw,3000,0.47,1.3148383241110775
12,64,eligibility_trace_norm_matched,3000,0.473,1.3702853754082267
12,64,no_trace,3000,0.162,1.391371770824943
12,64,batch_logistic,3000,0.899,0.3313631853389389
13,1,exact_replay,500,0.745,1.3560086427109417
13,1,eligibility_trace_raw,500,0.455,1.3596188738056132
13,1,eligibility_trace_norm_matched,500,0.455,1.3803343941307653
13,1,no_trace,500,0.319,1.384765394388174
13,1,exact_replay,1000,0.759,1.3285878341334547
13,1,eligibility_trace_raw,1000,0.517,1.328759620654413
13,1,eligibility_trace_norm_matched,1000,0.538,1.3731376661566392
13,1,no_trace,1000,0.343,1.3838147983461444
13,1,exact_replay,1500,0.769,1.3030800843681578
13,1,eligibility_trace_raw,1500,0.591,1.2980321395221635
13,1,eligibility_trace_norm_matched,1500,0.613,1.3660031375641155
13,1,no_trace,1500,0.339,1.3822713428664852
13,1,exact_replay,2000,0.771,1.2762759093144387
13,1,eligibility_trace_raw,2000,0.591,1.2769814700137272
13,1,eligibility_trace_norm_matched,2000,0.608,1.360440126773512
13,1,no_trace,2000,0.35,1.3817022205784437
13,1,exact_replay,2500,0.772,1.2508857127595803
13,1,eligibility_trace_raw,2500,0.617,1.248281741240595
13,1,eligibility_trace_norm_matched,2500,0.614,1.3536986901191725
13,1,no_trace,2500,0.328,1.382142805532622
13,1,exact_replay,3000,0.782,1.2277121351491407
13,1,eligibility_trace_raw,3000,0.643,1.2316351749339807
13,1,eligibility_trace_norm_matched,3000,0.639,1.349617851333176
13,1,no_trace,3000,0.311,1.3814650934743256
13,1,batch_logistic,3000,0.913,0.3009599810854188
13,4,exact_replay,500,0.745,1.3560042280384537
13,4,eligibility_trace_raw,500,0.47,1.3580741359225454
13,4,eligibility_trace_norm_matched,500,0.461,1.3802345480094598
13,4,no_trace,500,0.312,1.3846772812982777
13,4,exact_replay,1000,0.759,1.3285796037813027
13,4,eligibility_trace_raw,1000,0.519,1.332017983579548
13,4,eligibility_trace_norm_matched,1000,0.543,1.3741972888192422
13,4,no_trace,1000,0.255,1.3863966410764006
13,4,exact_replay,1500,0.769,1.3030688647968298
13,4,eligibility_trace_raw,1500,0.573,1.3063591593265949
13,4,eligibility_trace_norm_matched,1500,0.581,1.3680459875729283
13,4,no_trace,1500,0.236,1.387296431745124
13,4,exact_replay,2000,0.771,1.2762614509058186
13,4,eligibility_trace_raw,2000,0.584,1.2896080408799162
13,4,eligibility_trace_norm_matched,2000,0.588,1.363569156428643
13,4,no_trace,2000,0.21,1.3885338845659072
13,4,exact_replay,2500,0.772,1.2508686540875644
13,4,eligibility_trace_raw,2500,0.598,1.2605905735923715
13,4,eligibility_trace_norm_matched,2500,0.61,1.3568017579071765
13,4,no_trace,2500,0.236,1.3874034229992416
13,4,exact_replay,3000,0.782,1.227692924151215
13,4,eligibility_trace_raw,3000,0.623,1.2481337048913792
13,4,eligibility_trace_norm_matched,3000,0.621,1.3536001427754363
13,4,no_trace,3000,0.201,1.3897320294821962
13,4,batch_logistic,3000,0.913,0.3009599810854188
13,16,exact_replay,500,0.745,1.3559866981310371
13,16,eligibility_trace_raw,500,0.437,1.359173205993533
13,16,eligibility_trace_norm_matched,500,0.431,1.380656472325258
13,16,no_trace,500,0.346,1.3846305665532086
13,16,exact_replay,1000,0.759,1.328546882043248
13,16,eligibility_trace_raw,1000,0.516,1.332741682934118
13,16,eligibility_trace_norm_matched,1000,0.512,1.3747732222341138
13,16,no_trace,1000,0.309,1.3847836836043141
13,16,exact_replay,1500,0.769,1.3030238384753454
13,16,eligibility_trace_raw,1500,0.536,1.3103289949033934
13,16,eligibility_trace_norm_matched,1500,0.56,1.3694140516901425
13,16,no_trace,1500,0.261,1.3860378302436995
13,16,exact_replay,2000,0.771,1.2762021638942074
13,16,eligibility_trace_raw,2000,0.522,1.3013872157934792
13,16,eligibility_trace_norm_matched,2000,0.533,1.3667731820913045
13,16,no_trace,2000,0.215,1.3879671738072603
13,16,exact_replay,2500,0.772,1.2507971788807977
13,16,eligibility_trace_raw,2500,0.546,1.2793084811242397
13,16,eligibility_trace_norm_matched,2500,0.555,1.361820718607535
13,16,no_trace,2500,0.214,1.388649159279149
13,16,exact_replay,3000,0.782,1.2276119310036069
13,16,eligibility_trace_raw,3000,0.559,1.2675475345347516
13,16,eligibility_trace_norm_matched,3000,0.555,1.3585135936581065
13,16,no_trace,3000,0.232,1.3867466836553464
13,16,batch_logistic,3000,0.913,0.3009599810854188
13,64,exact_replay,500,0.745,1.3559211427650089
13,64,eligibility_trace_raw,500,0.378,1.3713952338946798
13,64,eligibility_trace_norm_matched,500,0.376,1.3830566853921578
13,64,no_trace,500,0.261,1.386018328617324
13,64,exact_replay,1000,0.759,1.3284240337722804
13,64,eligibility_trace_raw,1000,0.395,1.3558650671177217
13,64,eligibility_trace_norm_matched,1000,0.394,1.3796699325460757
13,64,no_trace,1000,0.23,1.3864714928727166
13,64,exact_replay,1500,0.768,1.302849635749188
13,64,eligibility_trace_raw,1500,0.425,1.335917989895865
13,64,eligibility_trace_norm_matched,1500,0.436,1.3749716821486777
13,64,no_trace,1500,0.261,1.3859568552049377
13,64,exact_replay,2000,0.771,1.2759697478803032
13,64,eligibility_trace_raw,2000,0.416,1.3336100420054235
13,64,eligibility_trace_norm_matched,2000,0.42,1.3740678200993994
13,64,no_trace,2000,0.289,1.3838139735371051
13,64,exact_replay,2500,0.771,1.250517547520731
13,64,eligibility_trace_raw,2500,0.435,1.326162053206996
13,64,eligibility_trace_norm_matched,2500,0.432,1.3719445577363831
13,64,no_trace,2500,0.293,1.383865710665561
13,64,exact_replay,3000,0.782,1.227294296312047
13,64,eligibility_trace_raw,3000,0.412,1.3302877158991677
13,64,eligibility_trace_norm_matched,3000,0.42,1.3724216962711349
13,64,no_trace,3000,0.304,1.3830667695477528
13,64,batch_logistic,3000,0.913,0.3009599810854188
14,1,exact_replay,500,0.679,1.3560946092747177
14,1,eligibility_trace_raw,500,0.461,1.3573498550816205
14,1,eligibility_trace_norm_matched,500,0.46,1.3799761958661356
14,1,no_trace,500,0.228,1.3865742982810274
14,1,exact_replay,1000,0.724,1.3271085510500884
14,1,eligibility_trace_raw,1000,0.509,1.3357345489651402
14,1,eligibility_trace_norm_matched,1000,0.517,1.3751295467898035
14,1,no_trace,1000,0.226,1.3874956664458178
14,1,exact_replay,1500,0.726,1.2988426146806837
14,1,eligibility_trace_raw,1500,0.562,1.306460310989997
14,1,eligibility_trace_norm_matched,1500,0.572,1.3687214993347727
14,1,no_trace,1500,0.22,1.3890311031406377
14,1,exact_replay,2000,0.742,1.2731767444953388
14,1,eligibility_trace_raw,2000,0.569,1.2702627449947357
14,1,eligibility_trace_norm_matched,2000,0.576,1.360048888157791
14,1,no_trace,2000,0.205,1.3901045939676322
14,1,exact_replay,2500,0.754,1.2491467009635306
14,1,eligibility_trace_raw,2500,0.615,1.246069642385508
14,1,eligibility_trace_norm_matched,2500,0.623,1.3539065382316358
14,1,no_trace,2500,0.208,1.3901155108754646
14,1,exact_replay,3000,0.757,1.225715809960483
14,1,eligibility_trace_raw,3000,0.624,1.2197362408991672
14,1,eligibility_trace_norm_matched,3000,0.636,1.3471632042020063
14,1,no_trace,3000,0.187,1.3914769061129864
14,1,batch_logistic,3000,0.928,0.2898763509380277
14,4,exact_replay,500,0.679,1.356089899692467
14,4,eligibility_trace_raw,500,0.433,1.360134919995214
14,4,eligibility_trace_norm_matched,500,0.437,1.3804379686337112
14,4,no_trace,500,0.283,1.3852673198802508
14,4,exact_replay,1000,0.724,1.3270996897397813
14,4,eligibility_trace_raw,1000,0.473,1.3419894368752954
14,4,eligibility_trace_norm_matched,1000,0.484,1.376365218092054
14,4,no_trace,1000,0.254,1.386024879238969
14,4,exact_replay,1500,0.726,1.2988302398226577
14,4,eligibility_trace_raw,1500,0.53,1.3135549556819937
14,4,eligibility_trace_norm_matched,1500,0.533,1.3703723857194186
14,4,no_trace,1500,0.258,1.386822314339836
14,4,exact_replay,2000,0.742,1.2731612545529192
14,4,eligibility_trace_raw,2000,0.551,1.2786763764209885
14,4,eligibility_trace_norm_matched,2000,0.546,1.3620260350553262
14,4,no_trace,2000,0.24,1.387809426773752
14,4,exact_replay,2500,0.754,1.2491290015792338
14,4,eligibility_trace_raw,2500,0.585,1.2562476171756833
14,4,eligibility_trace_norm_matched,2500,0.584,1.356320538079484
14,4,no_trace,2500,0.224,1.3889006368053962
14,4,exact_replay,3000,0.757,1.225695553893609
14,4,eligibility_trace_raw,3000,0.598,1.2273125793643038
14,4,eligibility_trace_norm_matched,3000,0.607,1.3489615026717976
14,4,no_trace,3000,0.257,1.3866898152844074
14,4,batch_logistic,3000,0.928,0.2898763509380277
14,16,exact_replay,500,0.678,1.3560705106352657
14,16,eligibility_trace_raw,500,0.41,1.3632566076050223
14,16,eligibility_trace_norm_matched,500,0.417,1.381555054646628
14,16,no_trace,500,0.242,1.386766044551774
14,16,exact_replay,1000,0.724,1.3270612826655306
14,16,eligibility_trace_raw,1000,0.431,1.351176866719813
14,16,eligibility_trace_norm_matched,1000,0.431,1.3789528529489914
14,16,no_trace,1000,0.229,1.3874452120084009
14,16,exact_replay,1500,0.726,1.298775515823455
14,16,eligibility_trace_raw,1500,0.481,1.3300839284819408
14,16,eligibility_trace_norm_matched,1500,0.476,1.374358937263182
14,16,no_trace,1500,0.237,1.387806842188709
14,16,exact_replay,2000,0.742,1.2730953136169314
14,16,eligibility_trace_raw,2000,0.503,1.3014855700476764
14,16,eligibility_trace_norm_matched,2000,0.495,1.3675624925006356
14,16,no_trace,2000,0.264,1.3861070850279866
14,16,exact_replay,2500,0.754,1.249052567866554
14,16,eligibility_trace_raw,2500,0.517,1.2909468897465846
14,16,eligibility_trace_norm_matched,2500,0.515,1.3646882588116878
14,16,no_trace,2500,0.207,1.3890394343450332
14,16,exact_replay,3000,0.758,1.2256096762013762
14,16,eligibility_trace_raw,3000,0.541,1.2647935444972227
14,16,eligibility_trace_norm_matched,3000,0.534,1.3584372437508554
14,16,no_trace,3000,0.219,1.3878919167772679
14,16,batch_logistic,3000,0.928,0.2898763509380277
14,64,exact_replay,500,0.678,1.3560013714591654
14,64,eligibility_trace_raw,500,0.364,1.3746412686734244
14,64,eligibility_trace_norm_matched,500,0.37,1.3836617872173205
14,64,no_trace,500,0.262,1.3859272989443658
14,64,exact_replay,1000,0.723,1.3269191457464977
14,64,eligibility_trace_raw,1000,0.36,1.3699577255877156
14,64,eligibility_trace_norm_matched,1000,0.364,1.3825445521761635
14,64,no_trace,1000,0.27,1.3851120411217845
14,64,exact_replay,1500,0.726,1.2985674065984354
14,64,eligibility_trace_raw,1500,0.361,1.3644706886655376
14,64,eligibility_trace_norm_matched,1500,0.364,1.381228824064106
14,64,no_trace,1500,0.312,1.3828582898721808
14,64,exact_replay,2000,0.741,1.2728341637527574
14,64,eligibility_trace_raw,2000,0.394,1.340928814088742
14,64,eligibility_trace_norm_matched,2000,0.4,1.3761584274837277
14,64,no_trace,2000,0.336,1.3823673282724984
14,64,exact_replay,2500,0.754,1.248746828879387
14,64,eligibility_trace_raw,2500,0.383,1.3356414858203385
14,64,eligibility_trace_norm_matched,2500,0.393,1.374555467172904
14,64,no_trace,2500,0.332,1.3823161221742983
14,64,exact_replay,3000,0.758,1.2252688227866593
14,64,eligibility_trace_raw,3000,0.41,1.3286443334712816
14,64,eligibility_trace_norm_matched,3000,0.407,1.3725052614817206
14,64,no_trace,3000,0.342,1.3810298163018342
14,64,batch_logistic,3000,0.928,0.2898763509380277
15,1,exact_replay,500,0.718,1.3614319303994606
15,1,eligibility_trace_raw,500,0.41,1.3688337618206357
15,1,eligibility_trace_norm_matched,500,0.413,1.3821868941455815
15,1,no_trace,500,0.222,1.387101628031354
15,1,exact_replay,1000,0.721,1.3384886145627544
15,1,eligibility_trace_raw,1000,0.536,1.3358990632092738
15,1,eligibility_trace_norm_matched,1000,0.53,1.3758666758784694
15,1,no_trace,1000,0.263,1.3860719782165405
15,1,exact_replay,1500,0.718,1.3171525610847088
15,1,eligibility_trace_raw,1500,0.586,1.3183165903315457
15,1,eligibility_trace_norm_matched,1500,0.562,1.37184885270765
15,1,no_trace,1500,0.283,1.385645048785393
15,1,exact_replay,2000,0.731,1.2964209176016543
15,1,eligibility_trace_raw,2000,0.571,1.2972518472749375
15,1,eligibility_trace_norm_matched,2000,0.563,1.366815563687565
15,1,no_trace,2000,0.277,1.3844889469258346
15,1,exact_replay,2500,0.735,1.276329748341578
15,1,eligibility_trace_raw,2500,0.623,1.2659936332064858
15,1,eligibility_trace_norm_matched,2500,0.636,1.3602040566531992
15,1,no_trace,2500,0.288,1.3842864883815487
15,1,exact_replay,3000,0.731,1.2570639009555684
15,1,eligibility_trace_raw,3000,0.635,1.2492553889018085
15,1,eligibility_trace_norm_matched,3000,0.639,1.355910865456471
15,1,no_trace,3000,0.291,1.3836951789309215
15,1,batch_logistic,3000,0.901,0.3482948161625977
15,4,exact_replay,500,0.718,1.3614287938609133
15,4,eligibility_trace_raw,500,0.379,1.3715904304321964
15,4,eligibility_trace_norm_matched,500,0.397,1.3828822597153794
15,4,no_trace,500,0.264,1.38546553719342
15,4,exact_replay,1000,0.721,1.3384828164747327
15,4,eligibility_trace_raw,1000,0.51,1.341506369376387
15,4,eligibility_trace_norm_matched,1000,0.505,1.3769987020892844
15,4,no_trace,1000,0.243,1.3857554739814828
15,4,exact_replay,1500,0.718,1.3171445535495305
15,4,eligibility_trace_raw,1500,0.544,1.325343814244909
15,4,eligibility_trace_norm_matched,1500,0.535,1.3731224736538215
15,4,no_trace,1500,0.258,1.3856032706296446
15,4,exact_replay,2000,0.731,1.2964106869976673
15,4,eligibility_trace_raw,2000,0.585,1.3040958402375944
15,4,eligibility_trace_norm_matched,2000,0.588,1.368175189727952
15,4,no_trace,2000,0.244,1.3856200518536466
15,4,exact_replay,2500,0.735,1.2763175556768709
15,4,eligibility_trace_raw,2500,0.615,1.2731407904583993
15,4,eligibility_trace_norm_matched,2500,0.622,1.3616881445822384
15,4,no_trace,2500,0.263,1.3852500088499275
15,4,exact_replay,3000,0.731,1.2570502708001212
15,4,eligibility_trace_raw,3000,0.628,1.2586645349270134
15,4,eligibility_trace_norm_matched,3000,0.636,1.3582139681129592
15,4,no_trace,3000,0.221,1.3875952752999656
15,4,batch_logistic,3000,0.901,0.3482948161625977
15,16,exact_replay,500,0.717,1.361416115101736
15,16,eligibility_trace_raw,500,0.356,1.3778844124158278
15,16,eligibility_trace_norm_matched,500,0.361,1.3840402905649698
15,16,no_trace,500,0.211,1.3871260677780566
15,16,exact_replay,1000,0.72,1.3384599112861386
15,16,eligibility_trace_raw,1000,0.445,1.3524197434268934
15,16,eligibility_trace_norm_matched,1000,0.444,1.379261682585409
15,16,no_trace,1000,0.245,1.3863016078896953
15,16,exact_replay,1500,0.718,1.3171130086888267
15,16,eligibility_trace_raw,1500,0.454,1.3484095637621343
15,16,eligibility_trace_norm_matched,1500,0.454,1.3782868623210822
15,16,no_trace,1500,0.204,1.3883526356237275
15,16,exact_replay,2000,0.731,1.2963699003788256
15,16,eligibility_trace_raw,2000,0.511,1.3237608536412426
15,16,eligibility_trace_norm_matched,2000,0.516,1.3730115593073724
15,16,no_trace,2000,0.203,1.388946198300758
15,16,exact_replay,2500,0.735,1.2762686098106368
15,16,eligibility_trace_raw,2500,0.578,1.2988190400381572
15,16,eligibility_trace_norm_matched,2500,0.576,1.3677586635805992
15,16,no_trace,2500,0.216,1.3879484081432967
15,16,exact_replay,3000,0.731,1.256993188568334
15,16,eligibility_trace_raw,3000,0.596,1.2848263537222655
15,16,eligibility_trace_norm_matched,3000,0.593,1.3646149383361175
15,16,no_trace,3000,0.235,1.387294337260317
15,16,batch_logistic,3000,0.901,0.3482948161625977
15,64,exact_replay,500,0.717,1.3613690052372072
15,64,eligibility_trace_raw,500,0.361,1.3769571330912909
15,64,eligibility_trace_norm_matched,500,0.35,1.3841591760778815
15,64,no_trace,500,0.32,1.3851743921420698
15,64,exact_replay,1000,0.72,1.3383686399731627
15,64,eligibility_trace_raw,1000,0.342,1.3695800575699195
15,64,eligibility_trace_norm_matched,1000,0.345,1.383092995795979
15,64,no_trace,1000,0.256,1.3867140000598166
15,64,exact_replay,1500,0.718,1.3169858294806782
15,64,eligibility_trace_raw,1500,0.329,1.3708998347951953
15,64,eligibility_trace_norm_matched,1500,0.33,1.3834923344056167
15,64,no_trace,1500,0.263,1.386846218959323
15,64,exact_replay,2000,0.732,1.2962098960550392
15,64,eligibility_trace_raw,2000,0.336,1.3650683284421243
15,64,eligibility_trace_norm_matched,2000,0.329,1.3820934216313363
15,64,no_trace,2000,0.277,1.3851975057199293
15,64,exact_replay,2500,0.735,1.2760769782213823
15,64,eligibility_trace_raw,2500,0.361,1.3554460512860473
15,64,eligibility_trace_norm_matched,2500,0.353,1.3799613100566088
15,64,no_trace,2500,0.282,1.3842372478465321
15,64,exact_replay,3000,0.731,1.256774202669991
15,64,eligibility_trace_raw,3000,0.394,1.346305798591105
15,64,eligibility_trace_norm_matched,3000,0.395,1.3776924413895535
15,64,no_trace,3000,0.296,1.3834979690483162
15,64,batch_logistic,3000,0.901,0.3482948161625977
16,1,exact_replay,500,0.666,1.361914630574781
16,1,eligibility_trace_raw,500,0.47,1.36398979876169
16,1,eligibility_trace_norm_matched,500,0.461,1.3809219140103097
16,1,no_trace,500,0.29,1.3859642964929377
16,1,exact_replay,1000,0.682,1.338208910720502
16,1,eligibility_trace_raw,1000,0.486,1.3480414149981597
16,1,eligibility_trace_norm_matched,1000,0.482,1.37747583228513
16,1,no_trace,1000,0.234,1.387318530767898
16,1,exact_replay,1500,0.704,1.316055778538905
16,1,eligibility_trace_raw,1500,0.533,1.3276234376353677
16,1,eligibility_trace_norm_matched,1500,0.53,1.372799222198608
16,1,no_trace,1500,0.226,1.3878415817773506
16,1,exact_replay,2000,0.694,1.2946020134991245
16,1,eligibility_trace_raw,2000,0.562,1.2968687194994737
16,1,eligibility_trace_norm_matched,2000,0.562,1.3652702466254545
16,1,no_trace,2000,0.262,1.3871560914037138
16,1,exact_replay,2500,0.711,1.2745563515749974
16,1,eligibility_trace_raw,2500,0.586,1.2751925186518829
16,1,eligibility_trace_norm_matched,2500,0.593,1.3600882631634374
16,1,no_trace,2500,0.229,1.3875265542018989
16,1,exact_replay,3000,0.713,1.2552749121358184
16,1,eligibility_trace_raw,3000,0.603,1.2643306597520203
16,1,eligibility_trace_norm_matched,3000,0.594,1.3572349906473615
16,1,no_trace,3000,0.215,1.3878944724096518
16,1,batch_logistic,3000,0.886,0.3675277600608329
16,4,exact_replay,500,0.666,1.361911464117945
16,4,eligibility_trace_raw,500,0.454,1.3624911655164529
16,4,eligibility_trace_norm_matched,500,0.455,1.3805688856413667
16,4,no_trace,500,0.341,1.3844449956358185
16,4,exact_replay,1000,0.682,1.3382023420383888
16,4,eligibility_trace_raw,1000,0.515,1.3434600720353351
16,4,eligibility_trace_norm_matched,1000,0.506,1.3764100410812403
16,4,no_trace,1000,0.349,1.3832967083104828
16,4,exact_replay,1500,0.704,1.3160465087903406
16,4,eligibility_trace_raw,1500,0.534,1.3263226973175106
16,4,eligibility_trace_norm_matched,1500,0.538,1.3722979856598498
16,4,no_trace,1500,0.332,1.3839269020605858
16,4,exact_replay,2000,0.694,1.2945907489434312
16,4,eligibility_trace_raw,2000,0.578,1.2964809145992438
16,4,eligibility_trace_norm_matched,2000,0.576,1.3650365525644206
16,4,no_trace,2000,0.324,1.3836146174162895
16,4,exact_replay,2500,0.711,1.2745430442402061
16,4,eligibility_trace_raw,2500,0.591,1.2774527378299996
16,4,eligibility_trace_norm_matched,2500,0.588,1.3603222804310044
16,4,no_trace,2500,0.287,1.3846570501330457
16,4,exact_replay,3000,0.713,1.2552597830916625
16,4,eligibility_trace_raw,3000,0.608,1.2681117437854126
16,4,eligibility_trace_norm_matched,3000,0.607,1.3577222672000113
16,4,no_trace,3000,0.262,1.3849992990723854
16,4,batch_logistic,3000,0.886,0.3675277600608329
16,16,exact_replay,500,0.666,1.3618973277886135
16,16,eligibility_trace_raw,500,0.418,1.3675779690972227
16,16,eligibility_trace_norm_matched,500,0.412,1.3819236647649344
16,16,no_trace,500,0.238,1.386616851626135
16,16,exact_replay,1000,0.682,1.338174330994766
16,16,eligibility_trace_raw,1000,0.432,1.350586130610513
16,16,eligibility_trace_norm_matched,1000,0.43,1.378240083921838
16,16,no_trace,1000,0.207,1.3874899725826677
16,16,exact_replay,1500,0.704,1.316007772672006
16,16,eligibility_trace_raw,1500,0.47,1.336489207936804
16,16,eligibility_trace_norm_matched,1500,0.483,1.374987312510067
16,16,no_trace,1500,0.228,1.386946599916364
16,16,exact_replay,2000,0.694,1.2945428161095014
16,16,eligibility_trace_raw,2000,0.554,1.3087425623027704
16,16,eligibility_trace_norm_matched,2000,0.553,1.3681339194260786
16,16,no_trace,2000,0.188,1.3890264361946574
16,16,exact_replay,2500,0.711,1.274486446100658
16,16,eligibility_trace_raw,2500,0.547,1.291317840211645
16,16,eligibility_trace_norm_matched,2500,0.555,1.363889431411828
16,16,no_trace,2500,0.224,1.3879634478194602
16,16,exact_replay,3000,0.713,1.2551952050972202
16,16,eligibility_trace_raw,3000,0.539,1.2834915866550545
16,16,eligibility_trace_norm_matched,3000,0.541,1.3617126813435612
16,16,no_trace,3000,0.212,1.3880298777340256
16,16,batch_logistic,3000,0.886,0.3675277600608329
16,64,exact_replay,500,0.666,1.361844989201793
16,64,eligibility_trace_raw,500,0.332,1.378995646076111
16,64,eligibility_trace_norm_matched,500,0.338,1.3844253405530094
16,64,no_trace,500,0.241,1.3864528129301197
16,64,exact_replay,1000,0.681,1.3380686072213364
16,64,eligibility_trace_raw,1000,0.347,1.372169796468867
16,64,eligibility_trace_norm_matched,1000,0.357,1.3831627785052882
16,64,no_trace,1000,0.279,1.3853515773440095
16,64,exact_replay,1500,0.704,1.3158568664463237
16,64,eligibility_trace_raw,1500,0.396,1.365707139851513
16,64,eligibility_trace_norm_matched,1500,0.393,1.3818871676972384
16,64,no_trace,1500,0.273,1.385213672174385
16,64,exact_replay,2000,0.695,1.2943551353220333
16,64,eligibility_trace_raw,2000,0.453,1.349540654092021
16,64,eligibility_trace_norm_matched,2000,0.451,1.37825489556744
16,64,no_trace,2000,0.288,1.3841397396047235
16,64,exact_replay,2500,0.711,1.2742641833892647
16,64,eligibility_trace_raw,2500,0.459,1.3391885684422742
16,64,eligibility_trace_norm_matched,2500,0.455,1.3756915216085812
16,64,no_trace,2500,0.254,1.3851122793294748
16,64,exact_replay,3000,0.713,1.2549421689697307
16,64,eligibility_trace_raw,3000,0.461,1.3357627808113746
16,64,eligibility_trace_norm_matched,3000,0.471,1.3744065394426406
16,64,no_trace,3000,0.242,1.386479910642454
16,64,batch_logistic,3000,0.886,0.3675277600608329
17,1,exact_replay,500,0.665,1.3609144076139361
17,1,eligibility_trace_raw,500,0.434,1.3637968777514469
17,1,eligibility_trace_norm_matched,500,0.445,1.3816039628268477
17,1,no_trace,500,0.29,1.3855635812713627
17,1,exact_replay,1000,0.683,1.3357131267004256
17,1,eligibility_trace_raw,1000,0.453,1.339399199298437
17,1,eligibility_trace_norm_matched,1000,0.458,1.3760021652312853
17,1,no_trace,1000,0.203,1.387515531087853
17,1,exact_replay,1500,0.698,1.3126727767255877
17,1,eligibility_trace_raw,1500,0.498,1.3219224505872436
17,1,eligibility_trace_norm_matched,1500,0.496,1.372072176828804
17,1,no_trace,1500,0.194,1.3880664269299297
17,1,exact_replay,2000,0.704,1.2917116166792366
17,1,eligibility_trace_raw,2000,0.483,1.299868807850618
17,1,eligibility_trace_norm_matched,2000,0.487,1.3669752209067738
17,1,no_trace,2000,0.176,1.389675313012552
17,1,exact_replay,2500,0.705,1.2709081660418808
17,1,eligibility_trace_raw,2500,0.493,1.287950450913055
17,1,eligibility_trace_norm_matched,2500,0.509,1.3635875548694698
17,1,no_trace,2500,0.201,1.3886296785369705
17,1,exact_replay,3000,0.697,1.2510402375795588
17,1,eligibility_trace_raw,3000,0.521,1.265171936509454
17,1,eligibility_trace_norm_matched,3000,0.528,1.3574656222664816
17,1,no_trace,3000,0.187,1.3895171462821692
17,1,batch_logistic,3000,0.906,0.32850171121197935
17,4,exact_replay,500,0.665,1.360911329722057
17,4,eligibility_trace_raw,500,0.453,1.362044036467952
17,4,eligibility_trace_norm_matched,500,0.453,1.3813458564183794
17,4,no_trace,500,0.227,1.3868618796151952
17,4,exact_replay,1000,0.683,1.3357067610448934
17,4,eligibility_trace_raw,1000,0.462,1.3387153478306941
17,4,eligibility_trace_norm_matched,1000,0.464,1.3757987522161856
17,4,no_trace,1000,0.258,1.3863914623396472
17,4,exact_replay,1500,0.698,1.3126634111362692
17,4,eligibility_trace_raw,1500,0.491,1.3209707307858751
17,4,eligibility_trace_norm_matched,1500,0.48,1.371742037677894
17,4,no_trace,1500,0.277,1.3855905894875329
17,4,exact_replay,2000,0.704,1.2916998598386367
17,4,eligibility_trace_raw,2000,0.474,1.3023572221127786
17,4,eligibility_trace_norm_matched,2000,0.473,1.3673159332187397
17,4,no_trace,2000,0.27,1.385392163012925
17,4,exact_replay,2500,0.705,1.2708940123664803
17,4,eligibility_trace_raw,2500,0.503,1.2901487050917895
17,4,eligibility_trace_norm_matched,2500,0.506,1.3640546484253566
17,4,no_trace,2500,0.303,1.384500631053713
17,4,exact_replay,3000,0.697,1.2510243175979225
17,4,eligibility_trace_raw,3000,0.508,1.270878853392142
17,4,eligibility_trace_norm_matched,3000,0.516,1.3590087306627892
17,4,no_trace,3000,0.252,1.387040424373371
17,4,batch_logistic,3000,0.906,0.32850171121197935
17,16,exact_replay,500,0.665,1.3608954661457737
17,16,eligibility_trace_raw,500,0.385,1.3728889999787177
17,16,eligibility_trace_norm_matched,500,0.391,1.3834409860859231
17,16,no_trace,500,0.163,1.388591857654768
17,16,exact_replay,1000,0.683,1.3356760995584451
17,16,eligibility_trace_raw,1000,0.388,1.3545426798257576
17,16,eligibility_trace_norm_matched,1000,0.381,1.3790067506604973
17,16,no_trace,1000,0.172,1.390016661781158
17,16,exact_replay,1500,0.698,1.3126205956920023
17,16,eligibility_trace_raw,1500,0.428,1.3396559924410893
17,16,eligibility_trace_norm_matched,1500,0.426,1.3754640617754308
17,16,no_trace,1500,0.168,1.3906344454459434
17,16,exact_replay,2000,0.703,1.2916485188664149
17,16,eligibility_trace_raw,2000,0.428,1.3190095417250045
17,16,eligibility_trace_norm_matched,2000,0.435,1.371036793845392
17,16,no_trace,2000,0.145,1.3912039708943489
17,16,exact_replay,2500,0.705,1.2708332509333595
17,16,eligibility_trace_raw,2500,0.426,1.3138454521521044
17,16,eligibility_trace_norm_matched,2500,0.413,1.369488209876236
17,16,no_trace,2500,0.152,1.3918913705096911
17,16,exact_replay,3000,0.697,1.2509546942312404
17,16,eligibility_trace_raw,3000,0.455,1.2966840148714678
17,16,eligibility_trace_norm_matched,3000,0.463,1.3653439677371328
17,16,no_trace,3000,0.152,1.3943575467485203
17,16,batch_logistic,3000,0.906,0.32850171121197935
17,64,exact_replay,500,0.665,1.360844374409381
17,64,eligibility_trace_raw,500,0.296,1.3799185509584386
17,64,eligibility_trace_norm_matched,500,0.294,1.385055446818882
17,64,no_trace,500,0.3,1.38519336995882
17,64,exact_replay,1000,0.683,1.3355655338501453
17,64,eligibility_trace_raw,1000,0.323,1.3721198645186135
17,64,eligibility_trace_norm_matched,1000,0.315,1.3830030133965712
17,64,no_trace,1000,0.297,1.3848869053066095
17,64,exact_replay,1500,0.697,1.3124647566604717
17,64,eligibility_trace_raw,1500,0.317,1.370542514214517
17,64,eligibility_trace_norm_matched,1500,0.318,1.382543170944448
17,64,no_trace,1500,0.254,1.3864962860123322
17,64,exact_replay,2000,0.703,1.2914587614790125
17,64,eligibility_trace_raw,2000,0.332,1.364560759981477
17,64,eligibility_trace_norm_matched,2000,0.336,1.3808019829960032
17,64,no_trace,2000,0.3,1.384678886505656
17,64,exact_replay,2500,0.705,1.2706077821341155
17,64,eligibility_trace_raw,2500,0.316,1.3682328987522128
17,64,eligibility_trace_norm_matched,2500,0.329,1.3813933543726038
17,64,no_trace,2500,0.261,1.3866140977418513
17,64,exact_replay,3000,0.696,1.2506963103576578
17,64,eligibility_trace_raw,3000,0.301,1.371000865048905
17,64,eligibility_trace_norm_matched,3000,0.3,1.3817810490713005
17,64,no_trace,3000,0.234,1.3882743542023526
17,64,batch_logistic,3000,0.906,0.32850171121197935
18,1,exact_replay,500,0.681,1.357075672046507
18,1,eligibility_trace_raw,500,0.39,1.3656295562289797
18,1,eligibility_trace_norm_matched,500,0.386,1.3818345545674868
18,1,no_trace,500,0.347,1.3838412112195368
18,1,exact_replay,1000,0.697,1.3300078221200973
18,1,eligibility_trace_raw,1000,0.488,1.3354369420346035
18,1,eligibility_trace_norm_matched,1000,0.49,1.3758561375318021
18,1,no_trace,1000,0.406,1.3818112593286738
18,1,exact_replay,1500,0.715,1.3036592249904346
18,1,eligibility_trace_raw,1500,0.476,1.316272792226011
18,1,eligibility_trace_norm_matched,1500,0.489,1.371151877381732
18,1,no_trace,1500,0.309,1.3836365917618132
18,1,exact_replay,2000,0.729,1.2791637153510673
18,1,eligibility_trace_raw,2000,0.499,1.2892678136913547
18,1,eligibility_trace_norm_matched,2000,0.516,1.3647247571351857
18,1,no_trace,2000,0.396,1.378549700741702
18,1,exact_replay,2500,0.738,1.2552559104488585
18,1,eligibility_trace_raw,2500,0.532,1.2735891947642701
18,1,eligibility_trace_norm_matched,2500,0.545,1.360336323864594
18,1,no_trace,2500,0.349,1.3797247358812121
18,1,exact_replay,3000,0.74,1.2328650825835858
18,1,eligibility_trace_raw,3000,0.578,1.2559700078827853
18,1,eligibility_trace_norm_matched,3000,0.582,1.3555219452227456
18,1,no_trace,3000,0.342,1.3807367699927418
18,1,batch_logistic,3000,0.891,0.3367238681946565
18,4,exact_replay,500,0.681,1.3570707023272488
18,4,eligibility_trace_raw,500,0.408,1.3641937294112134
18,4,eligibility_trace_norm_matched,500,0.408,1.3814952264940983
18,4,no_trace,500,0.253,1.3862224199848943
18,4,exact_replay,1000,0.697,1.3299986222098081
18,4,eligibility_trace_raw,1000,0.483,1.3344791023168245
18,4,eligibility_trace_norm_matched,1000,0.465,1.375476710816175
18,4,no_trace,1000,0.269,1.3857014811448551
18,4,exact_replay,1500,0.715,1.303646211675695
18,4,eligibility_trace_raw,1500,0.478,1.3141082232656804
18,4,eligibility_trace_norm_matched,1500,0.48,1.3704995904873938
18,4,no_trace,1500,0.241,1.3857625097587336
18,4,exact_replay,2000,0.729,1.2791481722100093
18,4,eligibility_trace_raw,2000,0.514,1.289144486542028
18,4,eligibility_trace_norm_matched,2000,0.517,1.3643994564634003
18,4,no_trace,2000,0.237,1.3861977075896192
18,4,exact_replay,2500,0.738,1.2552379423212956
18,4,eligibility_trace_raw,2500,0.538,1.2761147798156125
18,4,eligibility_trace_norm_matched,2500,0.537,1.3610178020229173
18,4,no_trace,2500,0.212,1.3873677476000035
18,4,exact_replay,3000,0.74,1.232844422953089
18,4,eligibility_trace_raw,3000,0.566,1.2590359150485726
18,4,eligibility_trace_norm_matched,3000,0.573,1.3564993492399289
18,4,no_trace,3000,0.202,1.387896134481578
18,4,batch_logistic,3000,0.891,0.3367238681946565
18,16,exact_replay,500,0.681,1.357053085789249
18,16,eligibility_trace_raw,500,0.383,1.3673679012036
18,16,eligibility_trace_norm_matched,500,0.376,1.3824389687438763
18,16,no_trace,500,0.327,1.3846126584814087
18,16,exact_replay,1000,0.695,1.3299662370349083
18,16,eligibility_trace_raw,1000,0.438,1.3396188667844153
18,16,eligibility_trace_norm_matched,1000,0.43,1.3767083870420374
18,16,no_trace,1000,0.301,1.384117533138952
18,16,exact_replay,1500,0.714,1.3035997233242322
18,16,eligibility_trace_raw,1500,0.479,1.3192448134378751
18,16,eligibility_trace_norm_matched,1500,0.48,1.3720917623221627
18,16,no_trace,1500,0.279,1.3832197363275431
18,16,exact_replay,2000,0.729,1.2790899414369006
18,16,eligibility_trace_raw,2000,0.513,1.2988936671093716
18,16,eligibility_trace_norm_matched,2000,0.513,1.3671940933530713
18,16,no_trace,2000,0.304,1.382351846190844
18,16,exact_replay,2500,0.738,1.2551682628581247
18,16,eligibility_trace_raw,2500,0.534,1.2877534969168325
18,16,eligibility_trace_norm_matched,2500,0.521,1.3641988434281458
18,16,no_trace,2500,0.303,1.3822945635937622
18,16,exact_replay,3000,0.74,1.2327651889625895
18,16,eligibility_trace_raw,3000,0.533,1.277629910426912
18,16,eligibility_trace_norm_matched,3000,0.53,1.3615694923069055
18,16,no_trace,3000,0.246,1.3852780269256877
18,16,batch_logistic,3000,0.891,0.3367238681946565
18,64,exact_replay,500,0.681,1.3569900227719662
18,64,eligibility_trace_raw,500,0.265,1.3882301048973986
18,64,eligibility_trace_norm_matched,500,0.262,1.3867647346343808
18,64,no_trace,500,0.277,1.3855277683344105
18,64,exact_replay,1000,0.695,1.3298372453428577
18,64,eligibility_trace_raw,1000,0.247,1.392880945495971
18,64,eligibility_trace_norm_matched,1000,0.248,1.3873475708205418
18,64,no_trace,1000,0.235,1.3874883978840442
18,64,exact_replay,1500,0.714,1.3034135378766956
18,64,eligibility_trace_raw,1500,0.273,1.3910588884946131
18,64,eligibility_trace_norm_matched,1500,0.268,1.3866871427098817
18,64,no_trace,1500,0.213,1.3888126147399544
18,64,exact_replay,2000,0.729,1.2788581106739705
18,64,eligibility_trace_raw,2000,0.298,1.384241652119763
18,64,eligibility_trace_norm_matched,2000,0.284,1.3849864755478463
18,64,no_trace,2000,0.229,1.3881633753133686
18,64,exact_replay,2500,0.738,1.2548928048414405
18,64,eligibility_trace_raw,2500,0.31,1.372780545465857
18,64,eligibility_trace_norm_matched,2500,0.3,1.3822269804250162
18,64,no_trace,2500,0.287,1.3857742822707921
18,64,exact_replay,3000,0.739,1.2324504242199286
18,64,eligibility_trace_raw,3000,0.341,1.3588108025693502
18,64,eligibility_trace_norm_matched,3000,0.342,1.37932298897829
18,64,no_trace,3000,0.275,1.3847228573656143
18,64,batch_logistic,3000,0.891,0.3367238681946565
19,1,exact_replay,500,0.702,1.357918028822469
19,1,eligibility_trace_raw,500,0.464,1.3586657113611842
19,1,eligibility_trace_norm_matched,500,0.45,1.3809500696567214
19,1,no_trace,500,0.16,1.389160686290965
19,1,exact_replay,1000,0.729,1.330566728493682
19,1,eligibility_trace_raw,1000,0.532,1.3340794719640716
19,1,eligibility_trace_norm_matched,1000,0.532,1.3755821787712503
19,1,no_trace,1000,0.135,1.3914994380578856
19,1,exact_replay,1500,0.739,1.3037163389183726
19,1,eligibility_trace_raw,1500,0.548,1.315866594409313
19,1,eligibility_trace_norm_matched,1500,0.54,1.3716151201138336
19,1,no_trace,1500,0.136,1.3935142058606589
19,1,exact_replay,2000,0.739,1.2776502532735272
19,1,eligibility_trace_raw,2000,0.6,1.295764379553715
19,1,eligibility_trace_norm_matched,2000,0.596,1.366801059703794
19,1,no_trace,2000,0.121,1.3925161101281283
19,1,exact_replay,2500,0.749,1.2547097139452659
19,1,eligibility_trace_raw,2500,0.634,1.279611168919467
19,1,eligibility_trace_norm_matched,2500,0.634,1.3630846022020051
19,1,no_trace,2500,0.16,1.3918570267903407
19,1,exact_replay,3000,0.753,1.2330970478257604
19,1,eligibility_trace_raw,3000,0.651,1.2700117440631726
19,1,eligibility_trace_norm_matched,3000,0.64,1.3607917959824307
19,1,no_trace,3000,0.153,1.3926661455995804
19,1,batch_logistic,3000,0.905,0.32749768547580443
19,4,exact_replay,500,0.702,1.3579131634867758
19,4,eligibility_trace_raw,500,0.453,1.3601801671981764
19,4,eligibility_trace_norm_matched,500,0.431,1.3813206775070626
19,4,no_trace,500,0.334,1.3839836436581203
19,4,exact_replay,1000,0.729,1.3305584415268867
19,4,eligibility_trace_raw,1000,0.5,1.33707700574329
19,4,eligibility_trace_norm_matched,1000,0.512,1.3763592530394602
19,4,no_trace,1000,0.29,1.3847712612336962
19,4,exact_replay,1500,0.739,1.3037044084532687
19,4,eligibility_trace_raw,1500,0.543,1.3181017297238231
19,4,eligibility_trace_norm_matched,1500,0.542,1.3721842232486487
19,4,no_trace,1500,0.345,1.3818717678968497
19,4,exact_replay,2000,0.739,1.2776351976235722
19,4,eligibility_trace_raw,2000,0.593,1.3001926606247394
19,4,eligibility_trace_norm_matched,2000,0.593,1.3679910344607562
19,4,no_trace,2000,0.353,1.3810221271801797
19,4,exact_replay,2500,0.749,1.2546918570347958
19,4,eligibility_trace_raw,2500,0.633,1.283605285668845
19,4,eligibility_trace_norm_matched,2500,0.63,1.3643655140145243
19,4,no_trace,2500,0.355,1.380486604527024
19,4,exact_replay,3000,0.753,1.2330768667750402
19,4,eligibility_trace_raw,3000,0.639,1.2748886068336596
19,4,eligibility_trace_norm_matched,3000,0.636,1.3622348851759307
19,4,no_trace,3000,0.355,1.3807542130987922
19,4,batch_logistic,3000,0.905,0.32749768547580443
19,16,exact_replay,500,0.702,1.3578965897838122
19,16,eligibility_trace_raw,500,0.388,1.3680591632434957
19,16,eligibility_trace_norm_matched,500,0.38,1.3829252573456392
19,16,no_trace,500,0.183,1.3876239223701476
19,16,exact_replay,1000,0.728,1.330526036639658
19,16,eligibility_trace_raw,1000,0.42,1.3507727379284358
19,16,eligibility_trace_norm_matched,1000,0.427,1.3792349850608399
19,16,no_trace,1000,0.159,1.3893758910132208
19,16,exact_replay,1500,0.739,1.3036569475069533
19,16,eligibility_trace_raw,1500,0.481,1.3346998401850791
19,16,eligibility_trace_norm_matched,1500,0.483,1.3759499009175162
19,16,no_trace,1500,0.186,1.390063160615439
19,16,exact_replay,2000,0.739,1.2775740818615564
19,16,eligibility_trace_raw,2000,0.522,1.3240012918394661
19,16,eligibility_trace_norm_matched,2000,0.533,1.373462159979697
19,16,no_trace,2000,0.173,1.390335568323198
19,16,exact_replay,2500,0.749,1.2546232504289678
19,16,eligibility_trace_raw,2500,0.498,1.3159033195076
19,16,eligibility_trace_norm_matched,2500,0.509,1.3717670528824033
19,16,no_trace,2500,0.17,1.3919122672379758
19,16,exact_replay,3000,0.753,1.2329998931962063
19,16,eligibility_trace_raw,3000,0.508,1.3101338582064659
19,16,eligibility_trace_norm_matched,3000,0.491,1.3703782808559914
19,16,no_trace,3000,0.155,1.3933870804913442
19,16,batch_logistic,3000,0.905,0.32749768547580443
19,64,exact_replay,500,0.701,1.3578361172303621
19,64,eligibility_trace_raw,500,0.338,1.3741132319043246
19,64,eligibility_trace_norm_matched,500,0.321,1.3842858360709618
19,64,no_trace,500,0.288,1.384890239112829
19,64,exact_replay,1000,0.728,1.3304046059484695
19,64,eligibility_trace_raw,1000,0.363,1.363082582058053
19,64,eligibility_trace_norm_matched,1000,0.367,1.381701983888626
19,64,no_trace,1000,0.237,1.3864413735389285
19,64,exact_replay,1500,0.739,1.3034784757500388
19,64,eligibility_trace_raw,1500,0.34,1.3644813731340664
19,64,eligibility_trace_norm_matched,1500,0.347,1.3816123386057302
19,64,no_trace,1500,0.247,1.3865859005747545
19,64,exact_replay,2000,0.739,1.277341665541081
19,64,eligibility_trace_raw,2000,0.364,1.362763210117611
19,64,eligibility_trace_norm_matched,2000,0.356,1.3816005356371752
19,64,no_trace,2000,0.235,1.386654985832678
19,64,exact_replay,2500,0.749,1.2543519330979813
19,64,eligibility_trace_raw,2500,0.365,1.3617676449202263
19,64,eligibility_trace_norm_matched,2500,0.357,1.3812615276831062
19,64,no_trace,2500,0.253,1.3860077352048974
19,64,exact_replay,3000,0.753,1.2326939993989219
19,64,eligibility_trace_raw,3000,0.346,1.363588551797231
19,64,eligibility_trace_norm_matched,3000,0.347,1.381578621980244
19,64,no_trace,3000,0.238,1.3875349275136688
19,64,batch_logistic,3000,0.905,0.32749768547580443
20,1,exact_replay,500,0.705,1.359063357724975
20,1,eligibility_trace_raw,500,0.471,1.3495521020591374
20,1,eligibility_trace_norm_matched,500,0.472,1.3789276775966721
20,1,no_trace,500,0.232,1.387090237110741
20,1,exact_replay,1000,0.721,1.3326673158711315
20,1,eligibility_trace_raw,1000,0.499,1.3286396686671476
20,1,eligibility_trace_norm_matched,1000,0.509,1.3740866376717813
20,1,no_trace,1000,0.225,1.3870144988980415
20,1,exact_replay,1500,0.74,1.3087524325201776
20,1,eligibility_trace_raw,1500,0.532,1.3095059746688111
20,1,eligibility_trace_norm_matched,1500,0.534,1.369814573451153
20,1,no_trace,1500,0.181,1.3893130653103776
20,1,exact_replay,2000,0.742,1.2862661390264831
20,1,eligibility_trace_raw,2000,0.563,1.2960236261125788
20,1,eligibility_trace_norm_matched,2000,0.57,1.3663567877066294
20,1,no_trace,2000,0.198,1.3897599954400048
20,1,exact_replay,2500,0.749,1.2651463518071486
20,1,eligibility_trace_raw,2500,0.562,1.274131119961168
20,1,eligibility_trace_norm_matched,2500,0.565,1.361416164181191
20,1,no_trace,2500,0.182,1.3902372992104475
20,1,exact_replay,3000,0.741,1.2437781842246018
20,1,eligibility_trace_raw,3000,0.58,1.2590256560978241
20,1,eligibility_trace_norm_matched,3000,0.573,1.357650814840424
20,1,no_trace,3000,0.204,1.389214508910054
20,1,batch_logistic,3000,0.913,0.31270928815180277
20,4,exact_replay,500,0.705,1.3590591835534283
20,4,eligibility_trace_raw,500,0.459,1.3517175247314617
20,4,eligibility_trace_norm_matched,500,0.458,1.3793678474029003
20,4,no_trace,500,0.217,1.3870254267468003
20,4,exact_replay,1000,0.721,1.3326590557538833
20,4,eligibility_trace_raw,1000,0.487,1.33419912934383
20,4,eligibility_trace_norm_matched,1000,0.497,1.3753212640055057
20,4,no_trace,1000,0.225,1.387129243967519
20,4,exact_replay,1500,0.74,1.3087418963358
20,4,eligibility_trace_raw,1500,0.522,1.3179813544067525
20,4,eligibility_trace_norm_matched,1500,0.52,1.3716890104546815
20,4,no_trace,1500,0.196,1.3888343626233977
20,4,exact_replay,2000,0.742,1.2862532128075768
20,4,eligibility_trace_raw,2000,0.541,1.305918888767069
20,4,eligibility_trace_norm_matched,2000,0.546,1.3685010338043813
20,4,no_trace,2000,0.173,1.3906193864528378
20,4,exact_replay,2500,0.749,1.2651315361296371
20,4,eligibility_trace_raw,2500,0.54,1.2862678415175397
20,4,eligibility_trace_norm_matched,2500,0.551,1.3641445518493542
20,4,no_trace,2500,0.161,1.3907775333196237
20,4,exact_replay,3000,0.741,1.2437614251247933
20,4,eligibility_trace_raw,3000,0.549,1.2724255642464368
20,4,eligibility_trace_norm_matched,3000,0.547,1.360656382344037
20,4,no_trace,3000,0.178,1.3906440822740607
20,4,batch_logistic,3000,0.913,0.31270928815180277
20,16,exact_replay,500,0.704,1.359043187013027
20,16,eligibility_trace_raw,500,0.447,1.3562276962125215
20,16,eligibility_trace_norm_matched,500,0.441,1.3802490628417519
20,16,no_trace,500,0.28,1.3857201827382692
20,16,exact_replay,1000,0.721,1.3326283864510353
20,16,eligibility_trace_raw,1000,0.457,1.3495303194443196
20,16,eligibility_trace_norm_matched,1000,0.45,1.3784394276129515
20,16,no_trace,1000,0.228,1.3872053392959527
20,16,exact_replay,1500,0.74,1.308701324493277
20,16,eligibility_trace_raw,1500,0.492,1.3330544966016586
20,16,eligibility_trace_norm_matched,1500,0.495,1.3748221696421001
20,16,no_trace,1500,0.255,1.3866945429351787
20,16,exact_replay,2000,0.742,1.2862042551599118
20,16,eligibility_trace_raw,2000,0.497,1.3252844465954614
20,16,eligibility_trace_norm_matched,2000,0.493,1.3730059678617983
20,16,no_trace,2000,0.257,1.3878094640955339
20,16,exact_replay,2500,0.749,1.2650748356989736
20,16,eligibility_trace_raw,2500,0.511,1.3078209139172037
20,16,eligibility_trace_norm_matched,2500,0.506,1.3691431906804559
20,16,no_trace,2500,0.245,1.3876230459065046
20,16,exact_replay,3000,0.741,1.2436959149301017
20,16,eligibility_trace_raw,3000,0.507,1.2985047279775308
20,16,eligibility_trace_norm_matched,3000,0.508,1.3666164870394117
20,16,no_trace,3000,0.272,1.3850997753886845
20,16,batch_logistic,3000,0.913,0.31270928815180277
20,64,exact_replay,500,0.704,1.3589826994814809
20,64,eligibility_trace_raw,500,0.372,1.3700597989907841
20,64,eligibility_trace_norm_matched,500,0.362,1.383122983148642
20,64,no_trace,500,0.319,1.3845299426520536
20,64,exact_replay,1000,0.721,1.3325124203930063
20,64,eligibility_trace_raw,1000,0.312,1.3692542701411952
20,64,eligibility_trace_norm_matched,1000,0.302,1.3831073083895362
20,64,no_trace,1000,0.296,1.3852564388464084
20,64,exact_replay,1500,0.74,1.308543207263639
20,64,eligibility_trace_raw,1500,0.29,1.3714567206889665
20,64,eligibility_trace_norm_matched,1500,0.295,1.3832281547748406
20,64,no_trace,1500,0.239,1.387343822798517
20,64,exact_replay,2000,0.742,1.286007883307214
20,64,eligibility_trace_raw,2000,0.295,1.3759015232678804
20,64,eligibility_trace_norm_matched,2000,0.287,1.3839515710073438
20,64,no_trace,2000,0.214,1.3886109044465251
20,64,exact_replay,2500,0.749,1.2648461723369673
20,64,eligibility_trace_raw,2500,0.321,1.366323198024781
20,64,eligibility_trace_norm_matched,2500,0.317,1.3819380663185716
20,64,no_trace,2500,0.217,1.3879022278921966
20,64,exact_replay,3000,0.741,1.2434324846050495
20,64,eligibility_trace_raw,3000,0.355,1.3608175281522368
20,64,eligibility_trace_norm_matched,3000,0.352,1.3805040627598788
20,64,no_trace,3000,0.219,1.3891093411065998
20,64,batch_logistic,3000,0.913,0.31270928815180277
21,1,exact_replay,500,0.732,1.3559695524119892
21,1,eligibility_trace_raw,500,0.43,1.3587753802452172
21,1,eligibility_trace_norm_matched,500,0.447,1.3802440420857174
21,1,no_trace,500,0.246,1.3860840865483393
21,1,exact_replay,1000,0.736,1.326033613863503
21,1,eligibility_trace_raw,1000,0.508,1.333614569265696
21,1,eligibility_trace_norm_matched,1000,0.518,1.3749791405437033
21,1,no_trace,1000,0.274,1.3854126500384059
21,1,exact_replay,1500,0.733,1.2969545528673747
21,1,eligibility_trace_raw,1500,0.567,1.313519359752144
21,1,eligibility_trace_norm_matched,1500,0.566,1.3699867107106956
21,1,no_trace,1500,0.228,1.3870631551848036
21,1,exact_replay,2000,0.737,1.2696439033961606
21,1,eligibility_trace_raw,2000,0.602,1.291549773801167
21,1,eligibility_trace_norm_matched,2000,0.606,1.3649061187241054
21,1,no_trace,2000,0.253,1.386460112268956
21,1,exact_replay,2500,0.737,1.24415203370452
21,1,eligibility_trace_raw,2500,0.621,1.2619614429373642
21,1,eligibility_trace_norm_matched,2500,0.614,1.3586379170843672
21,1,no_trace,2500,0.237,1.3863222688275667
21,1,exact_replay,3000,0.742,1.2206111559029305
21,1,eligibility_trace_raw,3000,0.639,1.2381224011596306
21,1,eligibility_trace_norm_matched,3000,0.641,1.352054303563693
21,1,no_trace,3000,0.226,1.38681832747765
21,1,batch_logistic,3000,0.925,0.30439054574209107
21,4,exact_replay,500,0.732,1.3559651307336273
21,4,eligibility_trace_raw,500,0.426,1.358930125691522
21,4,eligibility_trace_norm_matched,500,0.43,1.3802615320649925
21,4,no_trace,500,0.216,1.3869701087268194
21,4,exact_replay,1000,0.736,1.3260250569387377
21,4,eligibility_trace_raw,1000,0.505,1.3326514801618228
21,4,eligibility_trace_norm_matched,1000,0.507,1.3750416428395564
21,4,no_trace,1000,0.295,1.3842872169837714
21,4,exact_replay,1500,0.733,1.2969414520251359
21,4,eligibility_trace_raw,1500,0.542,1.3135871473573666
21,4,eligibility_trace_norm_matched,1500,0.542,1.3704516094115797
21,4,no_trace,1500,0.295,1.3836016794849495
21,4,exact_replay,2000,0.737,1.2696268784705298
21,4,eligibility_trace_raw,2000,0.588,1.292467516874405
21,4,eligibility_trace_norm_matched,2000,0.591,1.3655715950521148
21,4,no_trace,2000,0.303,1.3831085517305381
21,4,exact_replay,2500,0.737,1.244132320807792
21,4,eligibility_trace_raw,2500,0.583,1.267713667438436
21,4,eligibility_trace_norm_matched,2500,0.587,1.3601283445004333
21,4,no_trace,2500,0.255,1.3853757459892062
21,4,exact_replay,3000,0.742,1.220588814321568
21,4,eligibility_trace_raw,3000,0.625,1.243470585135019
21,4,eligibility_trace_norm_matched,3000,0.624,1.3535015748023655
21,4,no_trace,3000,0.278,1.3840667568038438
21,4,batch_logistic,3000,0.925,0.30439054574209107
21,16,exact_replay,500,0.732,1.3559451629973784
21,16,eligibility_trace_raw,500,0.432,1.359174246110133
21,16,eligibility_trace_norm_matched,500,0.433,1.3804114843708306
21,16,no_trace,500,0.231,1.386949533626518
21,16,exact_replay,1000,0.736,1.32598478891787
21,16,eligibility_trace_raw,1000,0.451,1.344900189360636
21,16,eligibility_trace_norm_matched,1000,0.458,1.3773604743183425
21,16,no_trace,1000,0.192,1.3885943700540584
21,16,exact_replay,1500,0.732,1.2968846090230945
21,16,eligibility_trace_raw,1500,0.533,1.322974133198077
21,16,eligibility_trace_norm_matched,1500,0.532,1.3724192336696774
21,16,no_trace,1500,0.203,1.3883906253921718
21,16,exact_replay,2000,0.737,1.2695566866035275
21,16,eligibility_trace_raw,2000,0.56,1.306217217414813
21,16,eligibility_trace_norm_matched,2000,0.555,1.3683484588796786
21,16,no_trace,2000,0.217,1.3883535021486564
21,16,exact_replay,2500,0.737,1.2440505313939871
21,16,eligibility_trace_raw,2500,0.565,1.280317110272178
21,16,eligibility_trace_norm_matched,2500,0.562,1.3626794085820273
21,16,no_trace,2500,0.232,1.3869514824019753
21,16,exact_replay,3000,0.742,1.2204966476502546
21,16,eligibility_trace_raw,3000,0.61,1.254888862154573
21,16,eligibility_trace_norm_matched,3000,0.611,1.3565479667701976
21,16,no_trace,3000,0.266,1.3843295893765422
21,16,batch_logistic,3000,0.925,0.30439054574209107
21,64,exact_replay,500,0.732,1.3558737238832863
21,64,eligibility_trace_raw,500,0.353,1.3703894887402093
21,64,eligibility_trace_norm_matched,500,0.356,1.382843481276654
21,64,no_trace,500,0.26,1.3864522008170999
21,64,exact_replay,1000,0.736,1.3258392552983056
21,64,eligibility_trace_raw,1000,0.39,1.3606037402360476
21,64,eligibility_trace_norm_matched,1000,0.386,1.3807735780377604
21,64,no_trace,1000,0.233,1.3873809205362766
21,64,exact_replay,1500,0.732,1.2966717025149386
21,64,eligibility_trace_raw,1500,0.364,1.357537521256228
21,64,eligibility_trace_norm_matched,1500,0.373,1.3798616732083278
21,64,no_trace,1500,0.222,1.387984790196816
21,64,exact_replay,2000,0.737,1.2692795681095204
21,64,eligibility_trace_raw,2000,0.376,1.3551314960989715
21,64,eligibility_trace_norm_matched,2000,0.379,1.3793035728417555
21,64,no_trace,2000,0.225,1.3880770862237926
21,64,exact_replay,2500,0.736,1.2437236231448519
21,64,eligibility_trace_raw,2500,0.418,1.3447010700974333
21,64,eligibility_trace_norm_matched,2500,0.407,1.3772922811254047
21,64,no_trace,2500,0.248,1.387023731835072
21,64,exact_replay,3000,0.742,1.220129440097104
21,64,eligibility_trace_raw,3000,0.444,1.326442446554411
21,64,eligibility_trace_norm_matched,3000,0.443,1.372816718216916
21,64,no_trace,3000,0.241,1.3868767605444814
21,64,batch_logistic,3000,0.925,0.30439054574209107
22,1,exact_replay,500,0.755,1.358606165124966
22,1,eligibility_trace_raw,500,0.368,1.370134001464402
22,1,eligibility_trace_norm_matched,500,0.38,1.382384238852818
22,1,no_trace,500,0.205,1.3873729393331324
22,1,exact_replay,1000,0.774,1.3307490053423559
22,1,eligibility_trace_raw,1000,0.466,1.346554727920035
22,1,eligibility_trace_norm_matched,1000,0.468,1.377360374955985
22,1,no_trace,1000,0.171,1.3890584463504305
22,1,exact_replay,1500,0.784,1.3056270481292775
22,1,eligibility_trace_raw,1500,0.481,1.3307725767816758
22,1,eligibility_trace_norm_matched,1500,0.498,1.3736665544710849
22,1,no_trace,1500,0.195,1.3891104860822046
22,1,exact_replay,2000,0.801,1.280891740206517
22,1,eligibility_trace_raw,2000,0.545,1.3032268607108954
22,1,eligibility_trace_norm_matched,2000,0.55,1.3680539182006155
22,1,no_trace,2000,0.228,1.3870382376269685
22,1,exact_replay,2500,0.797,1.2588130343086341
22,1,eligibility_trace_raw,2500,0.567,1.2774654399084413
22,1,eligibility_trace_norm_matched,2500,0.577,1.3624601352853947
22,1,no_trace,2500,0.257,1.3862503391778929
22,1,exact_replay,3000,0.796,1.2370064621184855
22,1,eligibility_trace_raw,3000,0.569,1.2580141669184046
22,1,eligibility_trace_norm_matched,3000,0.573,1.3575960194618437
22,1,no_trace,3000,0.248,1.38680948879186
22,1,batch_logistic,3000,0.929,0.28761174976517473
22,4,exact_replay,500,0.755,1.35860299081304
22,4,eligibility_trace_raw,500,0.36,1.3716518925550982
22,4,eligibility_trace_norm_matched,500,0.361,1.3829848353216605
22,4,no_trace,500,0.273,1.3859847517461734
22,4,exact_replay,1000,0.774,1.3307418791566001
22,4,eligibility_trace_raw,1000,0.434,1.3511565696412462
22,4,eligibility_trace_norm_matched,1000,0.441,1.3787950633493204
22,4,no_trace,1000,0.27,1.385831127445917
22,4,exact_replay,1500,0.784,1.3056168574301104
22,4,eligibility_trace_raw,1500,0.503,1.3331625622359784
22,4,eligibility_trace_norm_matched,1500,0.497,1.374831642038618
22,4,no_trace,1500,0.295,1.3852827714055183
22,4,exact_replay,2000,0.801,1.2808789909340408
22,4,eligibility_trace_raw,2000,0.551,1.3049310095860769
22,4,eligibility_trace_norm_matched,2000,0.558,1.3691296473982486
22,4,no_trace,2000,0.295,1.3843372311466102
22,4,exact_replay,2500,0.797,1.2587984155167942
22,4,eligibility_trace_raw,2500,0.58,1.2788964872221804
22,4,eligibility_trace_norm_matched,2500,0.588,1.3635370511634866
22,4,no_trace,2500,0.346,1.3824362904268397
22,4,exact_replay,3000,0.795,1.2369896953571728
22,4,eligibility_trace_raw,3000,0.558,1.2630984459414203
22,4,eligibility_trace_norm_matched,3000,0.56,1.3594911069285962
22,4,no_trace,3000,0.323,1.3830072456882592
22,4,batch_logistic,3000,0.929,0.28761174976517473
22,16,exact_replay,500,0.755,1.3585896338741905
22,16,eligibility_trace_raw,500,0.34,1.371620820403353
22,16,eligibility_trace_norm_matched,500,0.341,1.383071323938343
22,16,no_trace,500,0.264,1.3859496541580907
22,16,exact_replay,1000,0.774,1.3307137909040303
22,16,eligibility_trace_raw,1000,0.394,1.3596623833835089
22,16,eligibility_trace_norm_matched,1000,0.388,1.380629180523123
22,16,no_trace,1000,0.23,1.3865196458029934
22,16,exact_replay,1500,0.784,1.305575973041986
22,16,eligibility_trace_raw,1500,0.441,1.34932794784831
22,16,eligibility_trace_norm_matched,1500,0.427,1.3784874928193906
22,16,no_trace,1500,0.176,1.3892077576253463
22,16,exact_replay,2000,0.801,1.2808270433175266
22,16,eligibility_trace_raw,2000,0.479,1.3261990919172157
22,16,eligibility_trace_norm_matched,2000,0.487,1.3738036034673138
22,16,no_trace,2000,0.195,1.3888373193980406
22,16,exact_replay,2500,0.797,1.2587379438287412
22,16,eligibility_trace_raw,2500,0.527,1.303764177114052
22,16,eligibility_trace_norm_matched,2500,0.53,1.3691897472872423
22,16,no_trace,2500,0.233,1.387098890552782
22,16,exact_replay,3000,0.795,1.236921148593381
22,16,eligibility_trace_raw,3000,0.504,1.2931169240931852
22,16,eligibility_trace_norm_matched,3000,0.509,1.3661529537300716
22,16,no_trace,3000,0.256,1.386256532586438
22,16,batch_logistic,3000,0.929,0.28761174976517473
22,64,exact_replay,500,0.755,1.3585355087762392
22,64,eligibility_trace_raw,500,0.24,1.3858949996853929
22,64,eligibility_trace_norm_matched,500,0.242,1.3861396057927837
22,64,no_trace,500,0.369,1.3837305813796275
22,64,exact_replay,1000,0.772,1.330601350644414
22,64,eligibility_trace_raw,1000,0.314,1.3756144482919699
22,64,eligibility_trace_norm_matched,1000,0.308,1.3841581218328731
22,64,no_trace,1000,0.388,1.3818608574075746
22,64,exact_replay,1500,0.784,1.3054173041524222
22,64,eligibility_trace_raw,1500,0.301,1.3776326328740867
22,64,eligibility_trace_norm_matched,1500,0.307,1.3842464453146621
22,64,no_trace,1500,0.335,1.3815900196970061
22,64,exact_replay,2000,0.801,1.2806226827356846
22,64,eligibility_trace_raw,2000,0.32,1.3745657394258746
22,64,eligibility_trace_norm_matched,2000,0.32,1.3834095943640667
22,64,no_trace,2000,0.371,1.3804534163334208
22,64,exact_replay,2500,0.796,1.2584968965059695
22,64,eligibility_trace_raw,2500,0.344,1.3615945692413993
22,64,eligibility_trace_norm_matched,2500,0.35,1.380469342043889
22,64,no_trace,2500,0.385,1.3785269904178081
22,64,exact_replay,3000,0.795,1.2366464264401915
22,64,eligibility_trace_raw,3000,0.344,1.356833548943578
22,64,eligibility_trace_norm_matched,3000,0.344,1.3794748605987839
22,64,no_trace,3000,0.414,1.3769643147841129
22,64,batch_logistic,3000,0.929,0.28761174976517473
23,1,exact_replay,500,0.707,1.3606794290219082
23,1,eligibility_trace_raw,500,0.431,1.3644987096645864
23,1,eligibility_trace_norm_matched,500,0.437,1.3813802405370488
23,1,no_trace,500,0.281,1.385833987121343
23,1,exact_replay,1000,0.715,1.336096725851844
23,1,eligibility_trace_raw,1000,0.543,1.3389576465408268
23,1,eligibility_trace_norm_matched,1000,0.547,1.3757446394414492
23,1,no_trace,1000,0.29,1.3858769819719237
23,1,exact_replay,1500,0.726,1.3119907665094523
23,1,eligibility_trace_raw,1500,0.586,1.3153362194385532
23,1,eligibility_trace_norm_matched,1500,0.586,1.3702507587389645
23,1,no_trace,1500,0.301,1.3847444924527923
23,1,exact_replay,2000,0.732,1.2900006743005248
23,1,eligibility_trace_raw,2000,0.597,1.2951313688176251
23,1,eligibility_trace_norm_matched,2000,0.593,1.3656170022348617
23,1,no_trace,2000,0.31,1.383801105205208
23,1,exact_replay,2500,0.739,1.2695692384965662
23,1,eligibility_trace_raw,2500,0.617,1.2608969197492081
23,1,eligibility_trace_norm_matched,2500,0.615,1.3574676199838058
23,1,no_trace,2500,0.341,1.3816854455752177
23,1,exact_replay,3000,0.738,1.2489816091488588
23,1,eligibility_trace_raw,3000,0.652,1.2368120845516373
23,1,eligibility_trace_norm_matched,3000,0.65,1.3515199893059517
23,1,no_trace,3000,0.336,1.3821303148302468
23,1,batch_logistic,3000,0.908,0.33058550633946576
23,4,exact_replay,500,0.707,1.3606759336048908
23,4,eligibility_trace_raw,500,0.44,1.363352412169155
23,4,eligibility_trace_norm_matched,500,0.441,1.3812632809565706
23,4,no_trace,500,0.285,1.3852329599841204
23,4,exact_replay,1000,0.715,1.3360898557136855
23,4,eligibility_trace_raw,1000,0.523,1.3416099780769877
23,4,eligibility_trace_norm_matched,1000,0.52,1.3765681051069918
23,4,no_trace,1000,0.273,1.385866456251426
23,4,exact_replay,1500,0.726,1.3119808637270398
23,4,eligibility_trace_raw,1500,0.589,1.318459501620449
23,4,eligibility_trace_norm_matched,1500,0.592,1.3712146065782567
23,4,no_trace,1500,0.299,1.384087675942957
23,4,exact_replay,2000,0.732,1.28998841899343
23,4,eligibility_trace_raw,2000,0.609,1.3017414990437401
23,4,eligibility_trace_norm_matched,2000,0.609,1.3673594642787865
23,4,no_trace,2000,0.303,1.3840083085145614
23,4,exact_replay,2500,0.739,1.2695554307721422
23,4,eligibility_trace_raw,2500,0.628,1.2673914073897308
23,4,eligibility_trace_norm_matched,2500,0.63,1.3592682019135605
23,4,no_trace,2500,0.299,1.3839394728954686
23,4,exact_replay,3000,0.738,1.248965763836976
23,4,eligibility_trace_raw,3000,0.65,1.2438004486774088
23,4,eligibility_trace_norm_matched,3000,0.648,1.3535278656626197
23,4,no_trace,3000,0.291,1.3840900394875546
23,4,batch_logistic,3000,0.908,0.33058550633946576
23,16,exact_replay,500,0.707,1.360662854620662
23,16,eligibility_trace_raw,500,0.412,1.366392342026734
23,16,eligibility_trace_norm_matched,500,0.412,1.382034168806002
23,16,no_trace,500,0.264,1.3858724055188767
23,16,exact_replay,1000,0.715,1.336063317850995
23,16,eligibility_trace_raw,1000,0.508,1.3489734683055612
23,16,eligibility_trace_norm_matched,1000,0.501,1.378158971993746
23,16,no_trace,1000,0.258,1.3860663945282317
23,16,exact_replay,1500,0.726,1.3119424145783367
23,16,eligibility_trace_raw,1500,0.52,1.3325291900491816
23,16,eligibility_trace_norm_matched,1500,0.517,1.374413723828895
23,16,no_trace,1500,0.224,1.3873745911143
23,16,exact_replay,2000,0.732,1.2899399363321478
23,16,eligibility_trace_raw,2000,0.549,1.3241089155867476
23,16,eligibility_trace_norm_matched,2000,0.547,1.372558421839102
23,16,no_trace,2000,0.191,1.3894194116395702
23,16,exact_replay,2500,0.739,1.269499280663542
23,16,eligibility_trace_raw,2500,0.594,1.2937539758027026
23,16,eligibility_trace_norm_matched,2500,0.594,1.3652112006320682
23,16,no_trace,2500,0.176,1.3909517080296518
23,16,exact_replay,3000,0.738,1.2489014925186492
23,16,eligibility_trace_raw,3000,0.609,1.272254912195557
23,16,eligibility_trace_norm_matched,3000,0.605,1.360051203228711
23,16,no_trace,3000,0.159,1.391980711045856
23,16,batch_logistic,3000,0.908,0.33058550633946576
23,64,exact_replay,500,0.706,1.360609779512085
23,64,eligibility_trace_raw,500,0.297,1.3789939993331353
23,64,eligibility_trace_norm_matched,500,0.288,1.3846995293024806
23,64,no_trace,500,0.278,1.3858041882534047
23,64,exact_replay,1000,0.715,1.3359605771889855
23,64,eligibility_trace_raw,1000,0.335,1.3730430795620154
23,64,eligibility_trace_norm_matched,1000,0.348,1.383505747496175
23,64,no_trace,1000,0.227,1.3876131218198835
23,64,exact_replay,1500,0.726,1.31179273198385
23,64,eligibility_trace_raw,1500,0.308,1.3732031089089458
23,64,eligibility_trace_norm_matched,1500,0.309,1.383179307715438
23,64,no_trace,1500,0.198,1.3886697460197333
23,64,exact_replay,2000,0.731,1.2897515627168752
23,64,eligibility_trace_raw,2000,0.337,1.3672253306297981
23,64,eligibility_trace_norm_matched,2000,0.337,1.3819430601443972
23,64,no_trace,2000,0.177,1.3900657430775136
23,64,exact_replay,2500,0.739,1.2692799817543146
23,64,eligibility_trace_raw,2500,0.432,1.348771411865564
23,64,eligibility_trace_norm_matched,2500,0.436,1.3778017476211115
23,64,no_trace,2500,0.165,1.3909129562530134
23,64,exact_replay,3000,0.738,1.2486505053070307
23,64,eligibility_trace_raw,3000,0.477,1.3344939064822112
23,64,eligibility_trace_norm_matched,3000,0.468,1.3747796204365867
23,64,no_trace,3000,0.178,1.3893620346815763
23,64,batch_logistic,3000,0.908,0.33058550633946576
24,1,exact_replay,500,0.648,1.3638481987851547
24,1,eligibility_trace_raw,500,0.433,1.368750813313426
24,1,eligibility_trace_norm_matched,500,0.405,1.3826514848285696
24,1,no_trace,500,0.223,1.3867270372797225
24,1,exact_replay,1000,0.673,1.3411010606593212
24,1,eligibility_trace_raw,1000,0.515,1.34725980100223
24,1,eligibility_trace_norm_matched,1000,0.508,1.3780472677307947
24,1,no_trace,1000,0.232,1.3866869149649077
24,1,exact_replay,1500,0.715,1.3200641517508866
24,1,eligibility_trace_raw,1500,0.514,1.3323801888340332
24,1,eligibility_trace_norm_matched,1500,0.522,1.374892730207335
24,1,no_trace,1500,0.259,1.3853383715056484
24,1,exact_replay,2000,0.714,1.2984638780597888
24,1,eligibility_trace_raw,2000,0.581,1.306960712640821
24,1,eligibility_trace_norm_matched,2000,0.57,1.3694910520409618
24,1,no_trace,2000,0.267,1.3857262197673905
24,1,exact_replay,2500,0.715,1.2787948593887566
24,1,eligibility_trace_raw,2500,0.605,1.2800857490998583
24,1,eligibility_trace_norm_matched,2500,0.597,1.3634437690214587
24,1,no_trace,2500,0.24,1.386209784467679
24,1,exact_replay,3000,0.708,1.2604766578786915
24,1,eligibility_trace_raw,3000,0.616,1.265166103757705
24,1,eligibility_trace_norm_matched,3000,0.61,1.3596723659586953
24,1,no_trace,3000,0.245,1.3866173140385216
24,1,batch_logistic,3000,0.915,0.3255014613785803
24,4,exact_replay,500,0.648,1.3638452611226557
24,4,eligibility_trace_raw,500,0.44,1.366916643627633
24,4,eligibility_trace_norm_matched,500,0.436,1.3819653470574853
24,4,no_trace,500,0.267,1.3858128844077757
24,4,exact_replay,1000,0.673,1.3410955026729077
24,4,eligibility_trace_raw,1000,0.509,1.3452868247106424
24,4,eligibility_trace_norm_matched,1000,0.505,1.377365030020419
24,4,no_trace,1000,0.321,1.3839172825868453
24,4,exact_replay,1500,0.715,1.3200563106365073
24,4,eligibility_trace_raw,1500,0.532,1.330023291446253
24,4,eligibility_trace_norm_matched,1500,0.535,1.3741587369147996
24,4,no_trace,1500,0.335,1.383334371121788
24,4,exact_replay,2000,0.714,1.2984538558494743
24,4,eligibility_trace_raw,2000,0.562,1.304527777467069
24,4,eligibility_trace_norm_matched,2000,0.564,1.368751113023012
24,4,no_trace,2000,0.313,1.3832677227257664
24,4,exact_replay,2500,0.715,1.2787832565715953
24,4,eligibility_trace_raw,2500,0.592,1.278613501779771
24,4,eligibility_trace_norm_matched,2500,0.592,1.3630079701444062
24,4,no_trace,2500,0.27,1.3845428831901003
24,4,exact_replay,3000,0.708,1.2604633749004635
24,4,eligibility_trace_raw,3000,0.617,1.2664463956686796
24,4,eligibility_trace_norm_matched,3000,0.608,1.359783341446491
24,4,no_trace,3000,0.24,1.3855862506518002
24,4,batch_logistic,3000,0.915,0.3255014613785803
24,16,exact_replay,500,0.648,1.36383429112391
24,16,eligibility_trace_raw,500,0.357,1.3720634511185863
24,16,eligibility_trace_norm_matched,500,0.358,1.3830855580204666
24,16,no_trace,500,0.274,1.385839386400116
24,16,exact_replay,1000,0.673,1.3410727862865428
24,16,eligibility_trace_raw,1000,0.461,1.353487715545766
24,16,eligibility_trace_norm_matched,1000,0.445,1.3792834106068568
24,16,no_trace,1000,0.312,1.3842774689042596
24,16,exact_replay,1500,0.715,1.320024837352165
24,16,eligibility_trace_raw,1500,0.458,1.342256148406555
24,16,eligibility_trace_norm_matched,1500,0.457,1.3768687909467012
24,16,no_trace,1500,0.308,1.3841397244329454
24,16,exact_replay,2000,0.714,1.2984122300145295
24,16,eligibility_trace_raw,2000,0.525,1.3210328747217208
24,16,eligibility_trace_norm_matched,2000,0.517,1.3722031561180967
24,16,no_trace,2000,0.331,1.3825683794425454
24,16,exact_replay,2500,0.715,1.2787332751412708
24,16,eligibility_trace_raw,2500,0.543,1.3000364225971512
24,16,eligibility_trace_norm_matched,2500,0.543,1.3673597473346049
24,16,no_trace,2500,0.349,1.3817839080424483
24,16,exact_replay,3000,0.708,1.2604077109537226
24,16,eligibility_trace_raw,3000,0.551,1.2910715874981038
24,16,eligibility_trace_norm_matched,3000,0.546,1.3649796775137832
24,16,no_trace,3000,0.331,1.3818764405034303
24,16,batch_logistic,3000,0.915,0.3255014613785803
24,64,exact_replay,500,0.648,1.363796622027291
24,64,eligibility_trace_raw,500,0.294,1.3849095619077703
24,64,eligibility_trace_norm_matched,500,0.302,1.3857384172464748
24,64,no_trace,500,0.301,1.385391852687534
24,64,exact_replay,1000,0.673,1.340989661903755
24,64,eligibility_trace_raw,1000,0.316,1.3771653659313914
24,64,eligibility_trace_norm_matched,1000,0.309,1.3844722754461223
24,64,no_trace,1000,0.256,1.3861953607146766
24,64,exact_replay,1500,0.715,1.319905438363102
24,64,eligibility_trace_raw,1500,0.305,1.377903041389459
24,64,eligibility_trace_norm_matched,1500,0.292,1.3846499604543503
24,64,no_trace,1500,0.271,1.385175793977096
24,64,exact_replay,2000,0.713,1.2982549519393218
24,64,eligibility_trace_raw,2000,0.344,1.370261859568811
24,64,eligibility_trace_norm_matched,2000,0.331,1.383147340474715
24,64,no_trace,2000,0.29,1.3853149776831974
24,64,exact_replay,2500,0.713,1.2785463804612518
24,64,eligibility_trace_raw,2500,0.398,1.3540115286319638
24,64,eligibility_trace_norm_matched,2500,0.387,1.37955584726326
24,64,no_trace,2500,0.274,1.3852232673489626
24,64,exact_replay,3000,0.708,1.2601959503375388
24,64,eligibility_trace_raw,3000,0.391,1.352903587598393
24,64,eligibility_trace_norm_matched,3000,0.376,1.379337171608847
24,64,no_trace,3000,0.278,1.384529051013313
24,64,batch_logistic,3000,0.915,0.3255014613785803
25,1,exact_replay,500,0.718,1.3594468146543155
25,1,eligibility_trace_raw,500,0.499,1.3574753496887413
25,1,eligibility_trace_norm_matched,500,0.493,1.3796766263260056
25,1,no_trace,500,0.246,1.3872848714663117
25,1,exact_replay,1000,0.739,1.335330610992516
25,1,eligibility_trace_raw,1000,0.547,1.333527584323584
25,1,eligibility_trace_norm_matched,1000,0.546,1.374289662815681
25,1,no_trace,1000,0.229,1.3877241067726103
25,1,exact_replay,1500,0.738,1.3116048191688479
25,1,eligibility_trace_raw,1500,0.607,1.3101713238170216
25,1,eligibility_trace_norm_matched,1500,0.597,1.3692521616914892
25,1,no_trace,1500,0.201,1.3892025389856972
25,1,exact_replay,2000,0.741,1.2906497623970725
25,1,eligibility_trace_raw,2000,0.632,1.2912295674916088
25,1,eligibility_trace_norm_matched,2000,0.639,1.3646513522279011
25,1,no_trace,2000,0.23,1.3880224730417465
25,1,exact_replay,2500,0.738,1.2697081753880979
25,1,eligibility_trace_raw,2500,0.619,1.2643615194664048
25,1,eligibility_trace_norm_matched,2500,0.62,1.3582213526712001
25,1,no_trace,2500,0.238,1.386680387345683
25,1,exact_replay,3000,0.746,1.2493759711605197
25,1,eligibility_trace_raw,3000,0.62,1.2429635150897793
25,1,eligibility_trace_norm_matched,3000,0.622,1.3532999467957867
25,1,no_trace,3000,0.232,1.3874106026349788
25,1,batch_logistic,3000,0.92,0.32508144738225475
25,4,exact_replay,500,0.718,1.359442783998768
25,4,eligibility_trace_raw,500,0.488,1.3622709787210583
25,4,eligibility_trace_norm_matched,500,0.489,1.3806775279342587
25,4,no_trace,500,0.215,1.386672462814373
25,4,exact_replay,1000,0.739,1.3353237471046426
25,4,eligibility_trace_raw,1000,0.547,1.3352316701783404
25,4,eligibility_trace_norm_matched,1000,0.552,1.3745710105786415
25,4,no_trace,1000,0.297,1.3841538477264825
25,4,exact_replay,1500,0.738,1.311595195080478
25,4,eligibility_trace_raw,1500,0.6,1.3134114501818963
25,4,eligibility_trace_norm_matched,1500,0.596,1.3699591319724804
25,4,no_trace,1500,0.311,1.383874481950529
25,4,exact_replay,2000,0.741,1.2906378061712045
25,4,eligibility_trace_raw,2000,0.628,1.2968256231387028
25,4,eligibility_trace_norm_matched,2000,0.625,1.3658577380755559
25,4,no_trace,2000,0.289,1.3836565530887304
25,4,exact_replay,2500,0.738,1.2696937884718544
25,4,eligibility_trace_raw,2500,0.616,1.2694478957517734
25,4,eligibility_trace_norm_matched,2500,0.621,1.359474157630741
25,4,no_trace,2500,0.271,1.383876014096424
25,4,exact_replay,3000,0.746,1.249359271436305
25,4,eligibility_trace_raw,3000,0.627,1.2481031139354855
25,4,eligibility_trace_norm_matched,3000,0.629,1.3546013661609049
25,4,no_trace,3000,0.309,1.3822996282034083
25,4,batch_logistic,3000,0.92,0.32508144738225475
25,16,exact_replay,500,0.718,1.3594263928111396
25,16,eligibility_trace_raw,500,0.436,1.3639495730179834
25,16,eligibility_trace_norm_matched,500,0.462,1.3813225628389851
25,16,no_trace,500,0.242,1.3861084386692824
25,16,exact_replay,1000,0.739,1.3352951030901372
25,16,eligibility_trace_raw,1000,0.503,1.3403756409149303
25,16,eligibility_trace_norm_matched,1000,0.505,1.3762434283873286
25,16,no_trace,1000,0.251,1.3862355768297747
25,16,exact_replay,1500,0.737,1.311555293531745
25,16,eligibility_trace_raw,1500,0.579,1.3174058807252715
25,16,eligibility_trace_norm_matched,1500,0.585,1.3713168259672381
25,16,no_trace,1500,0.293,1.3835152866256313
25,16,exact_replay,2000,0.741,1.2905897102970476
25,16,eligibility_trace_raw,2000,0.572,1.305520353192651
25,16,eligibility_trace_norm_matched,2000,0.573,1.3681926895335443
25,16,no_trace,2000,0.309,1.3833002689329092
25,16,exact_replay,2500,0.738,1.2696373133017982
25,16,eligibility_trace_raw,2500,0.595,1.277500491793843
25,16,eligibility_trace_norm_matched,2500,0.592,1.3618532402995203
25,16,no_trace,2500,0.3,1.382927633856027
25,16,exact_replay,3000,0.746,1.2492945509666433
25,16,eligibility_trace_raw,3000,0.594,1.2644260333953545
25,16,eligibility_trace_norm_matched,3000,0.595,1.3587104303439514
25,16,no_trace,3000,0.274,1.384474033927986
25,16,batch_logistic,3000,0.92,0.32508144738225475
25,64,exact_replay,500,0.718,1.3593673678481974
25,64,eligibility_trace_raw,500,0.24,1.384066492697863
25,64,eligibility_trace_norm_matched,500,0.245,1.3858284041802227
25,64,no_trace,500,0.273,1.385677977779488
25,64,exact_replay,1000,0.738,1.3351860531924509
25,64,eligibility_trace_raw,1000,0.389,1.3619128228705182
25,64,eligibility_trace_norm_matched,1000,0.394,1.3810171601108678
25,64,no_trace,1000,0.298,1.384670516164585
25,64,exact_replay,1500,0.737,1.3114025069367667
25,64,eligibility_trace_raw,1500,0.399,1.3563891803644026
25,64,eligibility_trace_norm_matched,1500,0.41,1.3795272135911956
25,64,no_trace,1500,0.297,1.3845119843312519
25,64,exact_replay,2000,0.741,1.2904026568558737
25,64,eligibility_trace_raw,2000,0.396,1.3540994526589838
25,64,eligibility_trace_norm_matched,2000,0.41,1.378671775473278
25,64,no_trace,2000,0.281,1.384900393409899
25,64,exact_replay,2500,0.738,1.2694161965985682
25,64,eligibility_trace_raw,2500,0.438,1.3429898415771713
25,64,eligibility_trace_norm_matched,2500,0.441,1.3762598286319103
25,64,no_trace,2500,0.279,1.3856742339108883
25,64,exact_replay,3000,0.746,1.2490408788105603
25,64,eligibility_trace_raw,3000,0.43,1.3406631745234694
25,64,eligibility_trace_norm_matched,3000,0.447,1.3751081994668506
25,64,no_trace,3000,0.278,1.3861560877681771
25,64,batch_logistic,3000,0.92,0.32508144738225475
26,1,exact_replay,500,0.687,1.3613196602852977
26,1,eligibility_trace_raw,500,0.46,1.3631554205645497
26,1,eligibility_trace_norm_matched,500,0.472,1.3814871983756447
26,1,no_trace,500,0.238,1.3863382041369259
26,1,exact_replay,1000,0.7,1.3369106641877098
26,1,eligibility_trace_raw,1000,0.561,1.3356638720596141
26,1,eligibility_trace_norm_matched,1000,0.561,1.3755337370118814
26,1,no_trace,1000,0.209,1.387802719682821
26,1,exact_replay,1500,0.716,1.3141791854288896
26,1,eligibility_trace_raw,1500,0.572,1.3132361578419023
26,1,eligibility_trace_norm_matched,1500,0.568,1.3701877000395282
26,1,no_trace,1500,0.174,1.3890609847262076
26,1,exact_replay,2000,0.712,1.2940625440420768
26,1,eligibility_trace_raw,2000,0.609,1.2925203856423582
26,1,eligibility_trace_norm_matched,2000,0.611,1.3655943991519222
26,1,no_trace,2000,0.182,1.3900415787721379
26,1,exact_replay,2500,0.735,1.2740955796994349
26,1,eligibility_trace_raw,2500,0.642,1.276034375315868
26,1,eligibility_trace_norm_matched,2500,0.64,1.3612742799736246
26,1,no_trace,2500,0.164,1.390809676905324
26,1,exact_replay,3000,0.741,1.2535606403078885
26,1,eligibility_trace_raw,3000,0.65,1.252038867711804
26,1,eligibility_trace_norm_matched,3000,0.643,1.3557453787419909
26,1,no_trace,3000,0.168,1.3908154210793626
26,1,batch_logistic,3000,0.924,0.32516691845043816
26,4,exact_replay,500,0.687,1.3613158745393885
26,4,eligibility_trace_raw,500,0.464,1.3635767352164558
26,4,eligibility_trace_norm_matched,500,0.469,1.3815580212063616
26,4,no_trace,500,0.306,1.385484663589686
26,4,exact_replay,1000,0.7,1.3369039654766708
26,4,eligibility_trace_raw,1000,0.559,1.3387926500003524
26,4,eligibility_trace_norm_matched,1000,0.556,1.3761775013110733
26,4,no_trace,1000,0.301,1.384948083465544
26,4,exact_replay,1500,0.716,1.3141698461025992
26,4,eligibility_trace_raw,1500,0.558,1.3166891083010523
26,4,eligibility_trace_norm_matched,1500,0.558,1.3707962641196045
26,4,no_trace,1500,0.298,1.384996381232696
26,4,exact_replay,2000,0.712,1.294050504621857
26,4,eligibility_trace_raw,2000,0.592,1.3001645414344816
26,4,eligibility_trace_norm_matched,2000,0.601,1.3671495251982464
26,4,no_trace,2000,0.264,1.3879034255989837
26,4,exact_replay,2500,0.735,1.2740817756783063
26,4,eligibility_trace_raw,2500,0.618,1.2862960456597885
26,4,eligibility_trace_norm_matched,2500,0.621,1.3635087731547046
26,4,no_trace,2500,0.238,1.388655361532424
26,4,exact_replay,3000,0.741,1.2535451954634
26,4,eligibility_trace_raw,3000,0.629,1.2642550805727215
26,4,eligibility_trace_norm_matched,3000,0.619,1.3584624885509102
26,4,no_trace,3000,0.241,1.389079794521059
26,4,batch_logistic,3000,0.924,0.32516691845043816
26,16,exact_replay,500,0.687,1.3613034601409066
26,16,eligibility_trace_raw,500,0.366,1.3746805862106106
26,16,eligibility_trace_norm_matched,500,0.361,1.383616357032865
26,16,no_trace,500,0.223,1.3869431538216845
26,16,exact_replay,1000,0.699,1.3368785774078784
26,16,eligibility_trace_raw,1000,0.463,1.3530674373129934
26,16,eligibility_trace_norm_matched,1000,0.467,1.3788861701268598
26,16,no_trace,1000,0.191,1.3876561414547224
26,16,exact_replay,1500,0.716,1.3141332346449903
26,16,eligibility_trace_raw,1500,0.493,1.330952003489104
26,16,eligibility_trace_norm_matched,1500,0.5,1.3737636390630352
26,16,no_trace,1500,0.228,1.3876423804398783
26,16,exact_replay,2000,0.712,1.294005808692165
26,16,eligibility_trace_raw,2000,0.523,1.316486018819132
26,16,eligibility_trace_norm_matched,2000,0.537,1.370489841723066
26,16,no_trace,2000,0.23,1.3877092272209397
26,16,exact_replay,2500,0.735,1.2740286755213366
26,16,eligibility_trace_raw,2500,0.542,1.3075036792842183
26,16,eligibility_trace_norm_matched,2500,0.546,1.3679793685971045
26,16,no_trace,2500,0.214,1.3885557684604741
26,16,exact_replay,3000,0.741,1.253483900893382
26,16,eligibility_trace_raw,3000,0.585,1.2885898628523789
26,16,eligibility_trace_norm_matched,3000,0.591,1.3638820672433285
26,16,no_trace,3000,0.201,1.3898877315889413
26,16,batch_logistic,3000,0.924,0.32516691845043816
26,64,exact_replay,500,0.687,1.3612575215581373
26,64,eligibility_trace_raw,500,0.25,1.3861689832283388
26,64,eligibility_trace_norm_matched,500,0.272,1.3858113124879319
26,64,no_trace,500,0.167,1.3880348495335362
26,64,exact_replay,1000,0.699,1.3367801606020457
26,64,eligibility_trace_raw,1000,0.336,1.3730275804059775
26,64,eligibility_trace_norm_matched,1000,0.349,1.3830375815687128
26,64,no_trace,1000,0.209,1.387338935897052
26,64,exact_replay,1500,0.716,1.3139936942949246
26,64,eligibility_trace_raw,1500,0.401,1.358680997366379
26,64,eligibility_trace_norm_matched,1500,0.417,1.3798870530876903
26,64,no_trace,1500,0.211,1.3876717333231232
26,64,exact_replay,2000,0.712,1.2938358368297271
26,64,eligibility_trace_raw,2000,0.396,1.3529346502002315
26,64,eligibility_trace_norm_matched,2000,0.396,1.3785313314599175
26,64,no_trace,2000,0.259,1.3868943722474425
26,64,exact_replay,2500,0.735,1.2738266377297232
26,64,eligibility_trace_raw,2500,0.43,1.34023382275721
26,64,eligibility_trace_norm_matched,2500,0.433,1.3754521783586067
26,64,no_trace,2500,0.257,1.3863712330188105
26,64,exact_replay,3000,0.74,1.2532515449234498
26,64,eligibility_trace_raw,3000,0.459,1.3327814363498867
26,64,eligibility_trace_norm_matched,3000,0.468,1.373706936833204
26,64,no_trace,3000,0.282,1.3847624038654578
26,64,batch_logistic,3000,0.924,0.32516691845043816
27,1,exact_replay,500,0.747,1.3573581582182923
27,1,eligibility_trace_raw,500,0.49,1.3530861361566713
27,1,eligibility_trace_norm_matched,500,0.488,1.3788200521036023
27,1,no_trace,500,0.254,1.3864290056607151
27,1,exact_replay,1000,0.755,1.327575948819474
27,1,eligibility_trace_raw,1000,0.522,1.3239556066143185
27,1,eligibility_trace_norm_matched,1000,0.521,1.3728997807293535
27,1,no_trace,1000,0.279,1.3852489277367217
27,1,exact_replay,1500,0.787,1.3007770383008697
27,1,eligibility_trace_raw,1500,0.602,1.2929325498923137
27,1,eligibility_trace_norm_matched,1500,0.597,1.366454784100883
27,1,no_trace,1500,0.299,1.3851003211359327
27,1,exact_replay,2000,0.783,1.2756991916276608
27,1,eligibility_trace_raw,2000,0.63,1.2697325981590852
27,1,eligibility_trace_norm_matched,2000,0.618,1.3609198599654673
27,1,no_trace,2000,0.288,1.3850680672704738
27,1,exact_replay,2500,0.796,1.2528173135701426
27,1,eligibility_trace_raw,2500,0.636,1.2471812159922164
27,1,eligibility_trace_norm_matched,2500,0.639,1.3553723952707388
27,1,no_trace,2500,0.255,1.3866117513104912
27,1,exact_replay,3000,0.797,1.2288384111813722
27,1,eligibility_trace_raw,3000,0.662,1.2255115841937414
27,1,eligibility_trace_norm_matched,3000,0.667,1.3492750720971003
27,1,no_trace,3000,0.241,1.3869385172249402
27,1,batch_logistic,3000,0.932,0.28643048479436317
27,4,exact_replay,500,0.747,1.3573538575075728
27,4,eligibility_trace_raw,500,0.486,1.3543432038015113
27,4,eligibility_trace_norm_matched,500,0.476,1.3791947003307827
27,4,no_trace,500,0.209,1.3877684437831672
27,4,exact_replay,1000,0.755,1.3275669817006865
27,4,eligibility_trace_raw,1000,0.517,1.3246386219807853
27,4,eligibility_trace_norm_matched,1000,0.522,1.373099106935193
27,4,no_trace,1000,0.2,1.3885077187686414
27,4,exact_replay,1500,0.787,1.3007640516255041
27,4,eligibility_trace_raw,1500,0.587,1.2976271433612114
27,4,eligibility_trace_norm_matched,1500,0.578,1.3675550522278899
27,4,no_trace,1500,0.199,1.3880653443743824
27,4,exact_replay,2000,0.783,1.2756836910453604
27,4,eligibility_trace_raw,2000,0.592,1.2766467680773115
27,4,eligibility_trace_norm_matched,2000,0.588,1.3625891243680543
27,4,no_trace,2000,0.221,1.3872576735027793
27,4,exact_replay,2500,0.796,1.2527999472605449
27,4,eligibility_trace_raw,2500,0.61,1.2530747965239726
27,4,eligibility_trace_norm_matched,2500,0.608,1.3569701872912079
27,4,no_trace,2500,0.226,1.3870761648459005
27,4,exact_replay,3000,0.797,1.2288179665894199
27,4,eligibility_trace_raw,3000,0.641,1.2302482256862657
27,4,eligibility_trace_norm_matched,3000,0.631,1.3507603228977496
27,4,no_trace,3000,0.239,1.386300957052516
27,4,batch_logistic,3000,0.932,0.28643048479436317
27,16,exact_replay,500,0.747,1.3573365479120783
27,16,eligibility_trace_raw,500,0.467,1.35820506553702
27,16,eligibility_trace_norm_matched,500,0.462,1.3801635178997205
27,16,no_trace,500,0.292,1.3851904095651362
27,16,exact_replay,1000,0.756,1.3275316572831217
27,16,eligibility_trace_raw,1000,0.545,1.3287385773068998
27,16,eligibility_trace_norm_matched,1000,0.54,1.3745549674792847
27,16,no_trace,1000,0.288,1.3842758987073471
27,16,exact_replay,1500,0.786,1.3007155867069453
27,16,eligibility_trace_raw,1500,0.602,1.306667321392455
27,16,eligibility_trace_norm_matched,1500,0.595,1.3698111788450946
27,16,no_trace,1500,0.339,1.383240150520597
27,16,exact_replay,2000,0.783,1.2756236227161988
27,16,eligibility_trace_raw,2000,0.59,1.2880313061604234
27,16,eligibility_trace_norm_matched,2000,0.588,1.3654532038815355
27,16,no_trace,2000,0.307,1.3835944414392987
27,16,exact_replay,2500,0.796,1.2527291792464652
27,16,eligibility_trace_raw,2500,0.599,1.2695160580415177
27,16,eligibility_trace_norm_matched,2500,0.602,1.3611106505914763
27,16,no_trace,2500,0.305,1.3832748936620574
27,16,exact_replay,3000,0.797,1.2287380684416112
27,16,eligibility_trace_raw,3000,0.617,1.2534022707112922
27,16,eligibility_trace_norm_matched,3000,0.62,1.356736451086263
27,16,no_trace,3000,0.29,1.383465596618127
27,16,batch_logistic,3000,0.932,0.28643048479436317
27,64,exact_replay,500,0.746,1.3572773831153317
27,64,eligibility_trace_raw,500,0.309,1.37718986769329
27,64,eligibility_trace_norm_matched,500,0.333,1.3840010382749033
27,64,no_trace,500,0.223,1.387532450692802
27,64,exact_replay,1000,0.755,1.3273985981931617
27,64,eligibility_trace_raw,1000,0.353,1.3600698431449751
27,64,eligibility_trace_norm_matched,1000,0.361,1.3806006684478622
27,64,no_trace,1000,0.301,1.384534492502312
27,64,exact_replay,1500,0.786,1.30052908514319
27,64,eligibility_trace_raw,1500,0.394,1.3493355220460175
27,64,eligibility_trace_norm_matched,1500,0.391,1.3782857627098406
27,64,no_trace,1500,0.288,1.3836659355074443
27,64,exact_replay,2000,0.783,1.275389684727542
27,64,eligibility_trace_raw,2000,0.394,1.3464679603999286
27,64,eligibility_trace_norm_matched,2000,0.395,1.3776432351596455
27,64,no_trace,2000,0.272,1.3851272597883046
27,64,exact_replay,2500,0.795,1.2524583554938902
27,64,eligibility_trace_raw,2500,0.385,1.3383193472508332
27,64,eligibility_trace_norm_matched,2500,0.397,1.3760016395886592
27,64,no_trace,2500,0.278,1.3842632619227047
27,64,exact_replay,3000,0.797,1.2284246176089137
27,64,eligibility_trace_raw,3000,0.357,1.3464470281865561
27,64,eligibility_trace_norm_matched,3000,0.357,1.377601158515916
27,64,no_trace,3000,0.284,1.3843974059151856
27,64,batch_logistic,3000,0.932,0.28643048479436317
28,1,exact_replay,500,0.75,1.3586574006545833
28,1,eligibility_trace_raw,500,0.441,1.3642391761477715
28,1,eligibility_trace_norm_matched,500,0.444,1.3817348034681263
28,1,no_trace,500,0.176,1.3886940885447125
28,1,exact_replay,1000,0.776,1.3333152319800796
28,1,eligibility_trace_raw,1000,0.452,1.337649217395671
28,1,eligibility_trace_norm_matched,1000,0.464,1.3763816148013537
28,1,no_trace,1000,0.158,1.389746870933479
28,1,exact_replay,1500,0.771,1.3081494257005777
28,1,eligibility_trace_raw,1500,0.554,1.311449468058307
28,1,eligibility_trace_norm_matched,1500,0.553,1.3704959730610624
28,1,no_trace,1500,0.199,1.389737924835093
28,1,exact_replay,2000,0.786,1.2839683394080021
28,1,eligibility_trace_raw,2000,0.515,1.3051774743032911
28,1,eligibility_trace_norm_matched,2000,0.513,1.368261866172012
28,1,no_trace,2000,0.224,1.3879885879619782
28,1,exact_replay,2500,0.785,1.2606558518774174
28,1,eligibility_trace_raw,2500,0.567,1.286412805744641
28,1,eligibility_trace_norm_matched,2500,0.557,1.364067332799754
28,1,no_trace,2500,0.21,1.3893573715963685
28,1,exact_replay,3000,0.788,1.2388414461318926
28,1,eligibility_trace_raw,3000,0.601,1.271944849056968
28,1,eligibility_trace_norm_matched,3000,0.602,1.3606924816822592
28,1,no_trace,3000,0.207,1.3910248144985111
28,1,batch_logistic,3000,0.914,0.31347663892206046
28,4,exact_replay,500,0.75,1.3586531932358799
28,4,eligibility_trace_raw,500,0.387,1.368863365150548
28,4,eligibility_trace_norm_matched,500,0.376,1.3829291872044462
28,4,no_trace,500,0.192,1.3878441794216978
28,4,exact_replay,1000,0.776,1.3333082420403601
28,4,eligibility_trace_raw,1000,0.446,1.3431943958089088
28,4,eligibility_trace_norm_matched,1000,0.46,1.3778278428959583
28,4,no_trace,1000,0.159,1.3895185031662347
28,4,exact_replay,1500,0.771,1.3081402222559684
28,4,eligibility_trace_raw,1500,0.505,1.3196758616389537
28,4,eligibility_trace_norm_matched,1500,0.513,1.3724400565154884
28,4,no_trace,1500,0.162,1.390639054858085
28,4,exact_replay,2000,0.786,1.2839561318426744
28,4,eligibility_trace_raw,2000,0.49,1.313890548180104
28,4,eligibility_trace_norm_matched,2000,0.495,1.3702828414935853
28,4,no_trace,2000,0.133,1.391581527907517
28,4,exact_replay,2500,0.785,1.2606410981274303
28,4,eligibility_trace_raw,2500,0.509,1.2990554852617633
28,4,eligibility_trace_norm_matched,2500,0.509,1.3669464991907183
28,4,no_trace,2500,0.161,1.3904889432380045
28,4,exact_replay,3000,0.787,1.238824542031299
28,4,eligibility_trace_raw,3000,0.556,1.2882453534705216
28,4,eligibility_trace_norm_matched,3000,0.555,1.3646611265894244
28,4,no_trace,3000,0.182,1.3906432682354166
28,4,batch_logistic,3000,0.914,0.31347663892206046
28,16,exact_replay,500,0.75,1.3586387794333306
28,16,eligibility_trace_raw,500,0.374,1.3714184963964609
28,16,eligibility_trace_norm_matched,500,0.364,1.3832701262567815
28,16,no_trace,500,0.218,1.3868830220184276
28,16,exact_replay,1000,0.776,1.3332825739520373
28,16,eligibility_trace_raw,1000,0.461,1.3458510927546798
28,16,eligibility_trace_norm_matched,1000,0.462,1.3783670695543038
28,16,no_trace,1000,0.211,1.3878627835861672
28,16,exact_replay,1500,0.771,1.3081015352614604
28,16,eligibility_trace_raw,1500,0.503,1.3271140536798984
28,16,eligibility_trace_norm_matched,1500,0.503,1.374103684107206
28,16,no_trace,1500,0.263,1.3862156505731018
28,16,exact_replay,2000,0.786,1.2839056200470422
28,16,eligibility_trace_raw,2000,0.475,1.3205154833673847
28,16,eligibility_trace_norm_matched,2000,0.486,1.3723972073033097
28,16,no_trace,2000,0.269,1.3862626530203344
28,16,exact_replay,2500,0.785,1.2605804030172334
28,16,eligibility_trace_raw,2500,0.486,1.3105435473550442
28,16,eligibility_trace_norm_matched,2500,0.488,1.3697933934150337
28,16,no_trace,2500,0.231,1.387826260611811
28,16,exact_replay,3000,0.787,1.2387538880995563
28,16,eligibility_trace_raw,3000,0.522,1.2987757854614856
28,16,eligibility_trace_norm_matched,3000,0.521,1.3670360357650362
28,16,no_trace,3000,0.248,1.3870822585898623
28,16,batch_logistic,3000,0.914,0.31347663892206046
28,64,exact_replay,500,0.75,1.3585820916807048
28,64,eligibility_trace_raw,500,0.283,1.382795233756169
28,64,eligibility_trace_norm_matched,500,0.296,1.3853683352568018
28,64,no_trace,500,0.206,1.3868109328112628
28,64,exact_replay,1000,0.776,1.3331731407477514
28,64,eligibility_trace_raw,1000,0.34,1.373049026773298
28,64,eligibility_trace_norm_matched,1000,0.344,1.38348939652952
28,64,no_trace,1000,0.186,1.3878765180013393
28,64,exact_replay,1500,0.77,1.3079417718556174
28,64,eligibility_trace_raw,1500,0.383,1.3605454741538183
28,64,eligibility_trace_norm_matched,1500,0.381,1.3809850958799652
28,64,no_trace,1500,0.198,1.3881188436990688
28,64,exact_replay,2000,0.786,1.2837012019910754
28,64,eligibility_trace_raw,2000,0.364,1.360943387290657
28,64,eligibility_trace_norm_matched,2000,0.371,1.380950731044387
28,64,no_trace,2000,0.196,1.3881002471800166
28,64,exact_replay,2500,0.785,1.2603317347834269
28,64,eligibility_trace_raw,2500,0.371,1.3609491188631802
28,64,eligibility_trace_norm_matched,2500,0.369,1.380730096261909
28,64,no_trace,2500,0.183,1.3891044043866967
28,64,exact_replay,3000,0.787,1.2384714405477442
28,64,eligibility_trace_raw,3000,0.377,1.3571752708460134
28,64,eligibility_trace_norm_matched,3000,0.379,1.3799719765621747
28,64,no_trace,3000,0.19,1.3897206221898164
28,64,batch_logistic,3000,0.914,0.31347663892206046
29,1,exact_replay,500,0.703,1.3565345899348018
29,1,eligibility_trace_raw,500,0.519,1.3529329265540173
29,1,eligibility_trace_norm_matched,500,0.525,1.379408692646162
29,1,no_trace,500,0.32,1.3847916766786232
29,1,exact_replay,1000,0.736,1.3291065092488719
29,1,eligibility_trace_raw,1000,0.558,1.32275306949306
29,1,eligibility_trace_norm_matched,1000,0.562,1.3728215681866534
29,1,no_trace,1000,0.322,1.384050978428901
29,1,exact_replay,1500,0.731,1.3032721116918609
29,1,eligibility_trace_raw,1500,0.599,1.3020131066825735
29,1,eligibility_trace_norm_matched,1500,0.596,1.3682461744899574
29,1,no_trace,1500,0.274,1.3857062718145257
29,1,exact_replay,2000,0.736,1.2787474726748242
29,1,eligibility_trace_raw,2000,0.611,1.271082662630283
29,1,eligibility_trace_norm_matched,2000,0.611,1.3609362018264834
29,1,no_trace,2000,0.286,1.3843128437032999
29,1,exact_replay,2500,0.734,1.2563742734622645
29,1,eligibility_trace_raw,2500,0.618,1.2491670944660673
29,1,eligibility_trace_norm_matched,2500,0.609,1.355694064564049
29,1,no_trace,2500,0.294,1.384192263169149
29,1,exact_replay,3000,0.748,1.2349088018990304
29,1,eligibility_trace_raw,3000,0.634,1.2232983745801551
29,1,eligibility_trace_norm_matched,3000,0.626,1.3498386293687703
29,1,no_trace,3000,0.296,1.3847176417074438
29,1,batch_logistic,3000,0.899,0.3091085252187352
29,4,exact_replay,500,0.703,1.3565308049794715
29,4,eligibility_trace_raw,500,0.496,1.3537594737140135
29,4,eligibility_trace_norm_matched,500,0.522,1.3795372958449161
29,4,no_trace,500,0.238,1.3863936661384915
29,4,exact_replay,1000,0.736,1.3290990987060785
29,4,eligibility_trace_raw,1000,0.54,1.3242712524921822
29,4,eligibility_trace_norm_matched,1000,0.539,1.3731456711286312
29,4,no_trace,1000,0.261,1.3859544573935398
29,4,exact_replay,1500,0.731,1.3032614120344574
29,4,eligibility_trace_raw,1500,0.578,1.3052149602621128
29,4,eligibility_trace_norm_matched,1500,0.579,1.3689970266710203
29,4,no_trace,1500,0.238,1.3862669375616956
29,4,exact_replay,2000,0.736,1.2787341743727694
29,4,eligibility_trace_raw,2000,0.623,1.2736930908708455
29,4,eligibility_trace_norm_matched,2000,0.617,1.3616214806201874
29,4,no_trace,2000,0.242,1.3857480200944357
29,4,exact_replay,2500,0.734,1.2563585786324656
29,4,eligibility_trace_raw,2500,0.622,1.2507946703095731
29,4,eligibility_trace_norm_matched,2500,0.619,1.3562020227445846
29,4,no_trace,2500,0.273,1.3855972815013953
29,4,exact_replay,3000,0.748,1.2348909877379148
29,4,eligibility_trace_raw,3000,0.656,1.2245164490001899
29,4,eligibility_trace_norm_matched,3000,0.65,1.3502780121143585
29,4,no_trace,3000,0.279,1.3837774741656212
29,4,batch_logistic,3000,0.899,0.3091085252187352
29,16,exact_replay,500,0.703,1.3565124901265966
29,16,eligibility_trace_raw,500,0.394,1.3632561242045267
29,16,eligibility_trace_norm_matched,500,0.417,1.3813130907746034
29,16,no_trace,500,0.202,1.387469153116261
29,16,exact_replay,1000,0.736,1.3290662318261752
29,16,eligibility_trace_raw,1000,0.493,1.3351368174896665
29,16,eligibility_trace_norm_matched,1000,0.496,1.3753039996563856
29,16,no_trace,1000,0.219,1.3872758005523897
29,16,exact_replay,1500,0.731,1.3032169360887789
29,16,eligibility_trace_raw,1500,0.541,1.3165082554967233
29,16,eligibility_trace_norm_matched,1500,0.543,1.3713589437951264
29,16,no_trace,1500,0.247,1.386166465709067
29,16,exact_replay,2000,0.736,1.2786781030794683
29,16,eligibility_trace_raw,2000,0.553,1.2931696566019677
29,16,eligibility_trace_norm_matched,2000,0.551,1.3659553702173914
29,16,no_trace,2000,0.234,1.3862350475786442
29,16,exact_replay,2500,0.734,1.256294062342186
29,16,eligibility_trace_raw,2500,0.543,1.278231630107297
29,16,eligibility_trace_norm_matched,2500,0.542,1.3624987019048576
29,16,no_trace,2500,0.235,1.386176895356461
29,16,exact_replay,3000,0.748,1.234818370250299
29,16,eligibility_trace_raw,3000,0.565,1.2599747648723452
29,16,eligibility_trace_norm_matched,3000,0.567,1.358389055235419
29,16,no_trace,3000,0.273,1.3853646981033998
29,16,batch_logistic,3000,0.899,0.3091085252187352
29,64,exact_replay,500,0.702,1.356442857165951
29,64,eligibility_trace_raw,500,0.333,1.3703543448525155
29,64,eligibility_trace_norm_matched,500,0.322,1.383096741366978
29,64,no_trace,500,0.196,1.387706149671808
29,64,exact_replay,1000,0.736,1.3289363591167276
29,64,eligibility_trace_raw,1000,0.286,1.3704177434774583
29,64,eligibility_trace_norm_matched,1000,0.267,1.3831171352340532
29,64,no_trace,1000,0.205,1.3883086454715368
29,64,exact_replay,1500,0.731,1.3030339176579824
29,64,eligibility_trace_raw,1500,0.381,1.3535359501314743
29,64,eligibility_trace_norm_matched,1500,0.375,1.3794117260634589
29,64,no_trace,1500,0.191,1.3898428550331419
29,64,exact_replay,2000,0.736,1.27844736930069
29,64,eligibility_trace_raw,2000,0.388,1.3425126929748303
29,64,eligibility_trace_norm_matched,2000,0.387,1.3764380099261397
29,64,no_trace,2000,0.192,1.3897633401121803
29,64,exact_replay,2500,0.734,1.2560259454277347
29,64,eligibility_trace_raw,2500,0.413,1.3324323145256003
29,64,eligibility_trace_norm_matched,2500,0.401,1.3747350773812406
29,64,no_trace,2500,0.204,1.3894853460871812
29,64,exact_replay,3000,0.748,1.234518561858365
29,64,eligibility_trace_raw,3000,0.417,1.3241454125849346
29,64,eligibility_trace_norm_matched,3000,0.425,1.3728307091547558
29,64,no_trace,3000,0.198,1.3903670030676776
29,64,batch_logistic,3000,0.899,0.3091085252187352
